[0.105s] DEBUG:colcon:Command line arguments: ['/usr/bin/colcon', 'build', '--merge-install']
[0.105s] DEBUG:colcon:Parsed command line arguments: Namespace(log_base=None, log_level=None, verb_name='build', build_base='build', install_base='install', merge_install=True, symlink_install=False, test_result_base=None, continue_on_error=False, executor='parallel', parallel_workers=22, event_handlers=None, ignore_user_meta=False, metas=['./colcon.meta'], base_paths=['.'], packages_ignore=None, packages_ignore_regex=None, paths=None, packages_up_to=None, packages_up_to_regex=None, packages_above=None, packages_above_and_dependencies=None, packages_above_depth=None, packages_select_by_dep=None, packages_skip_by_dep=None, packages_skip_up_to=None, packages_select_build_failed=False, packages_skip_build_finished=False, packages_select_test_failures=False, packages_skip_test_passed=False, packages_select=None, packages_skip=None, packages_select_regex=None, packages_skip_regex=None, packages_start=None, packages_end=None, allow_overriding=[], cmake_args=None, cmake_target=None, cmake_target_skip_unavailable=False, cmake_clean_cache=False, cmake_clean_first=False, cmake_force_configure=False, ament_cmake_args=None, catkin_cmake_args=None, catkin_skip_building_tests=False, mixin_files=None, mixin=None, verb_parser=<colcon_mixin.mixin.mixin_argument.MixinArgumentDecorator object at 0x737e1094eab0>, verb_extension=<colcon_core.verb.build.BuildVerb object at 0x737e116a6780>, main=<bound method BuildVerb.main of <colcon_core.verb.build.BuildVerb object at 0x737e116a6780>>, mixin_verb=('build',))
[0.129s] Level 1:colcon.colcon_core.package_discovery:discover_packages(colcon_meta) check parameters
[0.129s] Level 1:colcon.colcon_core.package_discovery:discover_packages(recursive) check parameters
[0.129s] Level 1:colcon.colcon_core.package_discovery:discover_packages(ignore) check parameters
[0.129s] Level 1:colcon.colcon_core.package_discovery:discover_packages(path) check parameters
[0.129s] Level 1:colcon.colcon_core.package_discovery:discover_packages(colcon_meta) discover
[0.129s] Level 1:colcon.colcon_core.package_discovery:discover_packages(recursive) discover
[0.129s] INFO:colcon.colcon_core.package_discovery:Crawling recursively for packages in '/home/derek-dietz/MSAI/ComputerVision/Final_Project/ws/interbotix'
[0.129s] Level 1:colcon.colcon_core.package_identification:_identify(.) by extensions ['ignore', 'ignore_ament_install']
[0.129s] Level 1:colcon.colcon_core.package_identification:_identify(.) by extension 'ignore'
[0.129s] Level 1:colcon.colcon_core.package_identification:_identify(.) by extension 'ignore_ament_install'
[0.129s] Level 1:colcon.colcon_core.package_identification:_identify(.) by extensions ['colcon_pkg']
[0.129s] Level 1:colcon.colcon_core.package_identification:_identify(.) by extension 'colcon_pkg'
[0.129s] Level 1:colcon.colcon_core.package_identification:_identify(.) by extensions ['colcon_meta']
[0.129s] Level 1:colcon.colcon_core.package_identification:_identify(.) by extension 'colcon_meta'
[0.129s] Level 1:colcon.colcon_core.package_identification:_identify(.) by extensions ['ros']
[0.129s] Level 1:colcon.colcon_core.package_identification:_identify(.) by extension 'ros'
[0.145s] Level 1:colcon.colcon_core.package_identification:_identify(.) by extensions ['cmake', 'python']
[0.145s] Level 1:colcon.colcon_core.package_identification:_identify(.) by extension 'cmake'
[0.145s] Level 1:colcon.colcon_core.package_identification:_identify(.) by extension 'python'
[0.146s] Level 1:colcon.colcon_core.package_identification:_identify(.) by extensions ['python_setup_py']
[0.146s] Level 1:colcon.colcon_core.package_identification:_identify(.) by extension 'python_setup_py'
[0.146s] Level 1:colcon.colcon_core.package_identification:_identify(build) by extensions ['ignore', 'ignore_ament_install']
[0.146s] Level 1:colcon.colcon_core.package_identification:_identify(build) by extension 'ignore'
[0.146s] Level 1:colcon.colcon_core.package_identification:_identify(build) ignored
[0.146s] Level 1:colcon.colcon_core.package_identification:_identify(install) by extensions ['ignore', 'ignore_ament_install']
[0.146s] Level 1:colcon.colcon_core.package_identification:_identify(install) by extension 'ignore'
[0.146s] Level 1:colcon.colcon_core.package_identification:_identify(install) ignored
[0.146s] Level 1:colcon.colcon_core.package_identification:_identify(log) by extensions ['ignore', 'ignore_ament_install']
[0.146s] Level 1:colcon.colcon_core.package_identification:_identify(log) by extension 'ignore'
[0.146s] Level 1:colcon.colcon_core.package_identification:_identify(log) ignored
[0.146s] Level 1:colcon.colcon_core.package_identification:_identify(src) by extensions ['ignore', 'ignore_ament_install']
[0.146s] Level 1:colcon.colcon_core.package_identification:_identify(src) by extension 'ignore'
[0.146s] Level 1:colcon.colcon_core.package_identification:_identify(src) by extension 'ignore_ament_install'
[0.146s] Level 1:colcon.colcon_core.package_identification:_identify(src) by extensions ['colcon_pkg']
[0.146s] Level 1:colcon.colcon_core.package_identification:_identify(src) by extension 'colcon_pkg'
[0.146s] Level 1:colcon.colcon_core.package_identification:_identify(src) by extensions ['colcon_meta']
[0.146s] Level 1:colcon.colcon_core.package_identification:_identify(src) by extension 'colcon_meta'
[0.146s] Level 1:colcon.colcon_core.package_identification:_identify(src) by extensions ['ros']
[0.146s] Level 1:colcon.colcon_core.package_identification:_identify(src) by extension 'ros'
[0.146s] Level 1:colcon.colcon_core.package_identification:_identify(src) by extensions ['cmake', 'python']
[0.146s] Level 1:colcon.colcon_core.package_identification:_identify(src) by extension 'cmake'
[0.146s] Level 1:colcon.colcon_core.package_identification:_identify(src) by extension 'python'
[0.146s] Level 1:colcon.colcon_core.package_identification:_identify(src) by extensions ['python_setup_py']
[0.146s] Level 1:colcon.colcon_core.package_identification:_identify(src) by extension 'python_setup_py'
[0.146s] Level 1:colcon.colcon_core.package_identification:_identify(src/ModernRobotics) by extensions ['ignore', 'ignore_ament_install']
[0.146s] Level 1:colcon.colcon_core.package_identification:_identify(src/ModernRobotics) by extension 'ignore'
[0.146s] Level 1:colcon.colcon_core.package_identification:_identify(src/ModernRobotics) by extension 'ignore_ament_install'
[0.147s] Level 1:colcon.colcon_core.package_identification:_identify(src/ModernRobotics) by extensions ['colcon_pkg']
[0.147s] Level 1:colcon.colcon_core.package_identification:_identify(src/ModernRobotics) by extension 'colcon_pkg'
[0.147s] Level 1:colcon.colcon_core.package_identification:_identify(src/ModernRobotics) by extensions ['colcon_meta']
[0.147s] Level 1:colcon.colcon_core.package_identification:_identify(src/ModernRobotics) by extension 'colcon_meta'
[0.147s] Level 1:colcon.colcon_core.package_identification:_identify(src/ModernRobotics) by extensions ['ros']
[0.147s] Level 1:colcon.colcon_core.package_identification:_identify(src/ModernRobotics) by extension 'ros'
[0.147s] Level 1:colcon.colcon_core.package_identification:_identify(src/ModernRobotics) by extensions ['cmake', 'python']
[0.147s] Level 1:colcon.colcon_core.package_identification:_identify(src/ModernRobotics) by extension 'cmake'
[0.147s] Level 1:colcon.colcon_core.package_identification:_identify(src/ModernRobotics) by extension 'python'
[0.147s] Level 1:colcon.colcon_core.package_identification:_identify(src/ModernRobotics) by extensions ['python_setup_py']
[0.147s] Level 1:colcon.colcon_core.package_identification:_identify(src/ModernRobotics) by extension 'python_setup_py'
[0.147s] Level 1:colcon.colcon_core.package_identification:_identify(src/ModernRobotics/doc) by extensions ['ignore', 'ignore_ament_install']
[0.147s] Level 1:colcon.colcon_core.package_identification:_identify(src/ModernRobotics/doc) by extension 'ignore'
[0.147s] Level 1:colcon.colcon_core.package_identification:_identify(src/ModernRobotics/doc) by extension 'ignore_ament_install'
[0.147s] Level 1:colcon.colcon_core.package_identification:_identify(src/ModernRobotics/doc) by extensions ['colcon_pkg']
[0.147s] Level 1:colcon.colcon_core.package_identification:_identify(src/ModernRobotics/doc) by extension 'colcon_pkg'
[0.147s] Level 1:colcon.colcon_core.package_identification:_identify(src/ModernRobotics/doc) by extensions ['colcon_meta']
[0.147s] Level 1:colcon.colcon_core.package_identification:_identify(src/ModernRobotics/doc) by extension 'colcon_meta'
[0.147s] Level 1:colcon.colcon_core.package_identification:_identify(src/ModernRobotics/doc) by extensions ['ros']
[0.147s] Level 1:colcon.colcon_core.package_identification:_identify(src/ModernRobotics/doc) by extension 'ros'
[0.147s] Level 1:colcon.colcon_core.package_identification:_identify(src/ModernRobotics/doc) by extensions ['cmake', 'python']
[0.147s] Level 1:colcon.colcon_core.package_identification:_identify(src/ModernRobotics/doc) by extension 'cmake'
[0.147s] Level 1:colcon.colcon_core.package_identification:_identify(src/ModernRobotics/doc) by extension 'python'
[0.147s] Level 1:colcon.colcon_core.package_identification:_identify(src/ModernRobotics/doc) by extensions ['python_setup_py']
[0.147s] Level 1:colcon.colcon_core.package_identification:_identify(src/ModernRobotics/doc) by extension 'python_setup_py'
[0.147s] Level 1:colcon.colcon_core.package_identification:_identify(src/ModernRobotics/packages) by extensions ['ignore', 'ignore_ament_install']
[0.147s] Level 1:colcon.colcon_core.package_identification:_identify(src/ModernRobotics/packages) by extension 'ignore'
[0.147s] Level 1:colcon.colcon_core.package_identification:_identify(src/ModernRobotics/packages) by extension 'ignore_ament_install'
[0.147s] Level 1:colcon.colcon_core.package_identification:_identify(src/ModernRobotics/packages) by extensions ['colcon_pkg']
[0.147s] Level 1:colcon.colcon_core.package_identification:_identify(src/ModernRobotics/packages) by extension 'colcon_pkg'
[0.147s] Level 1:colcon.colcon_core.package_identification:_identify(src/ModernRobotics/packages) by extensions ['colcon_meta']
[0.147s] Level 1:colcon.colcon_core.package_identification:_identify(src/ModernRobotics/packages) by extension 'colcon_meta'
[0.147s] Level 1:colcon.colcon_core.package_identification:_identify(src/ModernRobotics/packages) by extensions ['ros']
[0.147s] Level 1:colcon.colcon_core.package_identification:_identify(src/ModernRobotics/packages) by extension 'ros'
[0.147s] Level 1:colcon.colcon_core.package_identification:_identify(src/ModernRobotics/packages) by extensions ['cmake', 'python']
[0.147s] Level 1:colcon.colcon_core.package_identification:_identify(src/ModernRobotics/packages) by extension 'cmake'
[0.147s] Level 1:colcon.colcon_core.package_identification:_identify(src/ModernRobotics/packages) by extension 'python'
[0.147s] Level 1:colcon.colcon_core.package_identification:_identify(src/ModernRobotics/packages) by extensions ['python_setup_py']
[0.147s] Level 1:colcon.colcon_core.package_identification:_identify(src/ModernRobotics/packages) by extension 'python_setup_py'
[0.148s] Level 1:colcon.colcon_core.package_identification:_identify(src/ModernRobotics/packages/MATLAB) by extensions ['ignore', 'ignore_ament_install']
[0.148s] Level 1:colcon.colcon_core.package_identification:_identify(src/ModernRobotics/packages/MATLAB) by extension 'ignore'
[0.148s] Level 1:colcon.colcon_core.package_identification:_identify(src/ModernRobotics/packages/MATLAB) by extension 'ignore_ament_install'
[0.148s] Level 1:colcon.colcon_core.package_identification:_identify(src/ModernRobotics/packages/MATLAB) by extensions ['colcon_pkg']
[0.148s] Level 1:colcon.colcon_core.package_identification:_identify(src/ModernRobotics/packages/MATLAB) by extension 'colcon_pkg'
[0.148s] Level 1:colcon.colcon_core.package_identification:_identify(src/ModernRobotics/packages/MATLAB) by extensions ['colcon_meta']
[0.148s] Level 1:colcon.colcon_core.package_identification:_identify(src/ModernRobotics/packages/MATLAB) by extension 'colcon_meta'
[0.148s] Level 1:colcon.colcon_core.package_identification:_identify(src/ModernRobotics/packages/MATLAB) by extensions ['ros']
[0.148s] Level 1:colcon.colcon_core.package_identification:_identify(src/ModernRobotics/packages/MATLAB) by extension 'ros'
[0.148s] Level 1:colcon.colcon_core.package_identification:_identify(src/ModernRobotics/packages/MATLAB) by extensions ['cmake', 'python']
[0.148s] Level 1:colcon.colcon_core.package_identification:_identify(src/ModernRobotics/packages/MATLAB) by extension 'cmake'
[0.148s] Level 1:colcon.colcon_core.package_identification:_identify(src/ModernRobotics/packages/MATLAB) by extension 'python'
[0.148s] Level 1:colcon.colcon_core.package_identification:_identify(src/ModernRobotics/packages/MATLAB) by extensions ['python_setup_py']
[0.148s] Level 1:colcon.colcon_core.package_identification:_identify(src/ModernRobotics/packages/MATLAB) by extension 'python_setup_py'
[0.148s] Level 1:colcon.colcon_core.package_identification:_identify(src/ModernRobotics/packages/MATLAB/mr) by extensions ['ignore', 'ignore_ament_install']
[0.148s] Level 1:colcon.colcon_core.package_identification:_identify(src/ModernRobotics/packages/MATLAB/mr) by extension 'ignore'
[0.148s] Level 1:colcon.colcon_core.package_identification:_identify(src/ModernRobotics/packages/MATLAB/mr) by extension 'ignore_ament_install'
[0.148s] Level 1:colcon.colcon_core.package_identification:_identify(src/ModernRobotics/packages/MATLAB/mr) by extensions ['colcon_pkg']
[0.148s] Level 1:colcon.colcon_core.package_identification:_identify(src/ModernRobotics/packages/MATLAB/mr) by extension 'colcon_pkg'
[0.148s] Level 1:colcon.colcon_core.package_identification:_identify(src/ModernRobotics/packages/MATLAB/mr) by extensions ['colcon_meta']
[0.148s] Level 1:colcon.colcon_core.package_identification:_identify(src/ModernRobotics/packages/MATLAB/mr) by extension 'colcon_meta'
[0.148s] Level 1:colcon.colcon_core.package_identification:_identify(src/ModernRobotics/packages/MATLAB/mr) by extensions ['ros']
[0.148s] Level 1:colcon.colcon_core.package_identification:_identify(src/ModernRobotics/packages/MATLAB/mr) by extension 'ros'
[0.148s] Level 1:colcon.colcon_core.package_identification:_identify(src/ModernRobotics/packages/MATLAB/mr) by extensions ['cmake', 'python']
[0.148s] Level 1:colcon.colcon_core.package_identification:_identify(src/ModernRobotics/packages/MATLAB/mr) by extension 'cmake'
[0.148s] Level 1:colcon.colcon_core.package_identification:_identify(src/ModernRobotics/packages/MATLAB/mr) by extension 'python'
[0.148s] Level 1:colcon.colcon_core.package_identification:_identify(src/ModernRobotics/packages/MATLAB/mr) by extensions ['python_setup_py']
[0.148s] Level 1:colcon.colcon_core.package_identification:_identify(src/ModernRobotics/packages/MATLAB/mr) by extension 'python_setup_py'
[0.148s] Level 1:colcon.colcon_core.package_identification:_identify(src/ModernRobotics/packages/Mathematica) by extensions ['ignore', 'ignore_ament_install']
[0.148s] Level 1:colcon.colcon_core.package_identification:_identify(src/ModernRobotics/packages/Mathematica) by extension 'ignore'
[0.148s] Level 1:colcon.colcon_core.package_identification:_identify(src/ModernRobotics/packages/Mathematica) by extension 'ignore_ament_install'
[0.148s] Level 1:colcon.colcon_core.package_identification:_identify(src/ModernRobotics/packages/Mathematica) by extensions ['colcon_pkg']
[0.148s] Level 1:colcon.colcon_core.package_identification:_identify(src/ModernRobotics/packages/Mathematica) by extension 'colcon_pkg'
[0.148s] Level 1:colcon.colcon_core.package_identification:_identify(src/ModernRobotics/packages/Mathematica) by extensions ['colcon_meta']
[0.148s] Level 1:colcon.colcon_core.package_identification:_identify(src/ModernRobotics/packages/Mathematica) by extension 'colcon_meta'
[0.148s] Level 1:colcon.colcon_core.package_identification:_identify(src/ModernRobotics/packages/Mathematica) by extensions ['ros']
[0.148s] Level 1:colcon.colcon_core.package_identification:_identify(src/ModernRobotics/packages/Mathematica) by extension 'ros'
[0.149s] Level 1:colcon.colcon_core.package_identification:_identify(src/ModernRobotics/packages/Mathematica) by extensions ['cmake', 'python']
[0.149s] Level 1:colcon.colcon_core.package_identification:_identify(src/ModernRobotics/packages/Mathematica) by extension 'cmake'
[0.149s] Level 1:colcon.colcon_core.package_identification:_identify(src/ModernRobotics/packages/Mathematica) by extension 'python'
[0.149s] Level 1:colcon.colcon_core.package_identification:_identify(src/ModernRobotics/packages/Mathematica) by extensions ['python_setup_py']
[0.149s] Level 1:colcon.colcon_core.package_identification:_identify(src/ModernRobotics/packages/Mathematica) by extension 'python_setup_py'
[0.149s] Level 1:colcon.colcon_core.package_identification:_identify(src/ModernRobotics/packages/Python) by extensions ['ignore', 'ignore_ament_install']
[0.149s] Level 1:colcon.colcon_core.package_identification:_identify(src/ModernRobotics/packages/Python) by extension 'ignore'
[0.149s] Level 1:colcon.colcon_core.package_identification:_identify(src/ModernRobotics/packages/Python) by extension 'ignore_ament_install'
[0.149s] Level 1:colcon.colcon_core.package_identification:_identify(src/ModernRobotics/packages/Python) by extensions ['colcon_pkg']
[0.149s] Level 1:colcon.colcon_core.package_identification:_identify(src/ModernRobotics/packages/Python) by extension 'colcon_pkg'
[0.149s] Level 1:colcon.colcon_core.package_identification:_identify(src/ModernRobotics/packages/Python) by extensions ['colcon_meta']
[0.149s] Level 1:colcon.colcon_core.package_identification:_identify(src/ModernRobotics/packages/Python) by extension 'colcon_meta'
[0.149s] Level 1:colcon.colcon_core.package_identification:_identify(src/ModernRobotics/packages/Python) by extensions ['ros']
[0.149s] Level 1:colcon.colcon_core.package_identification:_identify(src/ModernRobotics/packages/Python) by extension 'ros'
[0.149s] Level 1:colcon.colcon_core.package_identification:_identify(src/ModernRobotics/packages/Python) by extensions ['cmake', 'python']
[0.149s] Level 1:colcon.colcon_core.package_identification:_identify(src/ModernRobotics/packages/Python) by extension 'cmake'
[0.149s] Level 1:colcon.colcon_core.package_identification:_identify(src/ModernRobotics/packages/Python) by extension 'python'
[0.149s] Level 1:colcon.colcon_core.package_identification:_identify(src/ModernRobotics/packages/Python) by extensions ['python_setup_py']
[0.149s] Level 1:colcon.colcon_core.package_identification:_identify(src/ModernRobotics/packages/Python) by extension 'python_setup_py'
[0.316s] DEBUG:colcon.colcon_core.package_identification:Package 'src/ModernRobotics/packages/Python' with type 'python' and name 'modern_robotics'
[0.316s] Level 1:colcon.colcon_core.package_identification:_identify(src/arm) by extensions ['ignore', 'ignore_ament_install']
[0.316s] Level 1:colcon.colcon_core.package_identification:_identify(src/arm) by extension 'ignore'
[0.316s] Level 1:colcon.colcon_core.package_identification:_identify(src/arm) by extension 'ignore_ament_install'
[0.316s] Level 1:colcon.colcon_core.package_identification:_identify(src/arm) by extensions ['colcon_pkg']
[0.316s] Level 1:colcon.colcon_core.package_identification:_identify(src/arm) by extension 'colcon_pkg'
[0.316s] Level 1:colcon.colcon_core.package_identification:_identify(src/arm) by extensions ['colcon_meta']
[0.316s] Level 1:colcon.colcon_core.package_identification:_identify(src/arm) by extension 'colcon_meta'
[0.316s] Level 1:colcon.colcon_core.package_identification:_identify(src/arm) by extensions ['ros']
[0.316s] Level 1:colcon.colcon_core.package_identification:_identify(src/arm) by extension 'ros'
[0.317s] DEBUG:colcon.colcon_core.package_identification:Failed to parse potential ROS package manifest in'src/arm': Error(s) in package 'src/arm/package.xml':
The manifest contains invalid XML:
mismatched tag: line 28, column 2
[0.317s] Level 1:colcon.colcon_core.package_identification:_identify(src/arm) by extensions ['cmake', 'python']
[0.317s] Level 1:colcon.colcon_core.package_identification:_identify(src/arm) by extension 'cmake'
[0.317s] Level 1:colcon.colcon_core.package_identification:_identify(src/arm) by extension 'python'
[0.317s] DEBUG:colcon.colcon_core.package_identification:Python package in 'src/arm' passes arguments to the setup() function which requires a different identification extension than 'python'
[0.317s] Level 1:colcon.colcon_core.package_identification:_identify(src/arm) by extensions ['python_setup_py']
[0.317s] Level 1:colcon.colcon_core.package_identification:_identify(src/arm) by extension 'python_setup_py'
[0.500s] DEBUG:colcon.colcon_core.package_identification:Package 'src/arm' with type 'python' and name 'arm'
[0.501s] Level 1:colcon.colcon_core.package_identification:_identify(src/interbotix_ros_core) by extensions ['ignore', 'ignore_ament_install']
[0.501s] Level 1:colcon.colcon_core.package_identification:_identify(src/interbotix_ros_core) by extension 'ignore'
[0.501s] Level 1:colcon.colcon_core.package_identification:_identify(src/interbotix_ros_core) by extension 'ignore_ament_install'
[0.501s] Level 1:colcon.colcon_core.package_identification:_identify(src/interbotix_ros_core) by extensions ['colcon_pkg']
[0.501s] Level 1:colcon.colcon_core.package_identification:_identify(src/interbotix_ros_core) by extension 'colcon_pkg'
[0.501s] Level 1:colcon.colcon_core.package_identification:_identify(src/interbotix_ros_core) by extensions ['colcon_meta']
[0.501s] Level 1:colcon.colcon_core.package_identification:_identify(src/interbotix_ros_core) by extension 'colcon_meta'
[0.501s] Level 1:colcon.colcon_core.package_identification:_identify(src/interbotix_ros_core) by extensions ['ros']
[0.501s] Level 1:colcon.colcon_core.package_identification:_identify(src/interbotix_ros_core) by extension 'ros'
[0.501s] Level 1:colcon.colcon_core.package_identification:_identify(src/interbotix_ros_core) by extensions ['cmake', 'python']
[0.501s] Level 1:colcon.colcon_core.package_identification:_identify(src/interbotix_ros_core) by extension 'cmake'
[0.501s] Level 1:colcon.colcon_core.package_identification:_identify(src/interbotix_ros_core) by extension 'python'
[0.501s] Level 1:colcon.colcon_core.package_identification:_identify(src/interbotix_ros_core) by extensions ['python_setup_py']
[0.501s] Level 1:colcon.colcon_core.package_identification:_identify(src/interbotix_ros_core) by extension 'python_setup_py'
[0.502s] Level 1:colcon.colcon_core.package_identification:_identify(src/interbotix_ros_core/images) by extensions ['ignore', 'ignore_ament_install']
[0.502s] Level 1:colcon.colcon_core.package_identification:_identify(src/interbotix_ros_core/images) by extension 'ignore'
[0.502s] Level 1:colcon.colcon_core.package_identification:_identify(src/interbotix_ros_core/images) by extension 'ignore_ament_install'
[0.502s] Level 1:colcon.colcon_core.package_identification:_identify(src/interbotix_ros_core/images) by extensions ['colcon_pkg']
[0.502s] Level 1:colcon.colcon_core.package_identification:_identify(src/interbotix_ros_core/images) by extension 'colcon_pkg'
[0.502s] Level 1:colcon.colcon_core.package_identification:_identify(src/interbotix_ros_core/images) by extensions ['colcon_meta']
[0.502s] Level 1:colcon.colcon_core.package_identification:_identify(src/interbotix_ros_core/images) by extension 'colcon_meta'
[0.502s] Level 1:colcon.colcon_core.package_identification:_identify(src/interbotix_ros_core/images) by extensions ['ros']
[0.502s] Level 1:colcon.colcon_core.package_identification:_identify(src/interbotix_ros_core/images) by extension 'ros'
[0.502s] Level 1:colcon.colcon_core.package_identification:_identify(src/interbotix_ros_core/images) by extensions ['cmake', 'python']
[0.502s] Level 1:colcon.colcon_core.package_identification:_identify(src/interbotix_ros_core/images) by extension 'cmake'
[0.502s] Level 1:colcon.colcon_core.package_identification:_identify(src/interbotix_ros_core/images) by extension 'python'
[0.502s] Level 1:colcon.colcon_core.package_identification:_identify(src/interbotix_ros_core/images) by extensions ['python_setup_py']
[0.502s] Level 1:colcon.colcon_core.package_identification:_identify(src/interbotix_ros_core/images) by extension 'python_setup_py'
[0.503s] Level 1:colcon.colcon_core.package_identification:_identify(src/interbotix_ros_core/interbotix_ros_common_drivers) by extensions ['ignore', 'ignore_ament_install']
[0.503s] Level 1:colcon.colcon_core.package_identification:_identify(src/interbotix_ros_core/interbotix_ros_common_drivers) by extension 'ignore'
[0.503s] Level 1:colcon.colcon_core.package_identification:_identify(src/interbotix_ros_core/interbotix_ros_common_drivers) ignored
[0.503s] Level 1:colcon.colcon_core.package_identification:_identify(src/interbotix_ros_core/interbotix_ros_slate) by extensions ['ignore', 'ignore_ament_install']
[0.503s] Level 1:colcon.colcon_core.package_identification:_identify(src/interbotix_ros_core/interbotix_ros_slate) by extension 'ignore'
[0.503s] Level 1:colcon.colcon_core.package_identification:_identify(src/interbotix_ros_core/interbotix_ros_slate) ignored
[0.503s] Level 1:colcon.colcon_core.package_identification:_identify(src/interbotix_ros_core/interbotix_ros_xseries) by extensions ['ignore', 'ignore_ament_install']
[0.503s] Level 1:colcon.colcon_core.package_identification:_identify(src/interbotix_ros_core/interbotix_ros_xseries) by extension 'ignore'
[0.503s] Level 1:colcon.colcon_core.package_identification:_identify(src/interbotix_ros_core/interbotix_ros_xseries) by extension 'ignore_ament_install'
[0.503s] Level 1:colcon.colcon_core.package_identification:_identify(src/interbotix_ros_core/interbotix_ros_xseries) by extensions ['colcon_pkg']
[0.503s] Level 1:colcon.colcon_core.package_identification:_identify(src/interbotix_ros_core/interbotix_ros_xseries) by extension 'colcon_pkg'
[0.504s] Level 1:colcon.colcon_core.package_identification:_identify(src/interbotix_ros_core/interbotix_ros_xseries) by extensions ['colcon_meta']
[0.504s] Level 1:colcon.colcon_core.package_identification:_identify(src/interbotix_ros_core/interbotix_ros_xseries) by extension 'colcon_meta'
[0.504s] Level 1:colcon.colcon_core.package_identification:_identify(src/interbotix_ros_core/interbotix_ros_xseries) by extensions ['ros']
[0.504s] Level 1:colcon.colcon_core.package_identification:_identify(src/interbotix_ros_core/interbotix_ros_xseries) by extension 'ros'
[0.504s] Level 1:colcon.colcon_core.package_identification:_identify(src/interbotix_ros_core/interbotix_ros_xseries) by extensions ['cmake', 'python']
[0.504s] Level 1:colcon.colcon_core.package_identification:_identify(src/interbotix_ros_core/interbotix_ros_xseries) by extension 'cmake'
[0.504s] Level 1:colcon.colcon_core.package_identification:_identify(src/interbotix_ros_core/interbotix_ros_xseries) by extension 'python'
[0.504s] Level 1:colcon.colcon_core.package_identification:_identify(src/interbotix_ros_core/interbotix_ros_xseries) by extensions ['python_setup_py']
[0.504s] Level 1:colcon.colcon_core.package_identification:_identify(src/interbotix_ros_core/interbotix_ros_xseries) by extension 'python_setup_py'
[0.504s] Level 1:colcon.colcon_core.package_identification:_identify(src/interbotix_ros_core/interbotix_ros_xseries/dynamixel_workbench_toolbox) by extensions ['ignore', 'ignore_ament_install']
[0.504s] Level 1:colcon.colcon_core.package_identification:_identify(src/interbotix_ros_core/interbotix_ros_xseries/dynamixel_workbench_toolbox) by extension 'ignore'
[0.504s] Level 1:colcon.colcon_core.package_identification:_identify(src/interbotix_ros_core/interbotix_ros_xseries/dynamixel_workbench_toolbox) by extension 'ignore_ament_install'
[0.504s] Level 1:colcon.colcon_core.package_identification:_identify(src/interbotix_ros_core/interbotix_ros_xseries/dynamixel_workbench_toolbox) by extensions ['colcon_pkg']
[0.504s] Level 1:colcon.colcon_core.package_identification:_identify(src/interbotix_ros_core/interbotix_ros_xseries/dynamixel_workbench_toolbox) by extension 'colcon_pkg'
[0.504s] Level 1:colcon.colcon_core.package_identification:_identify(src/interbotix_ros_core/interbotix_ros_xseries/dynamixel_workbench_toolbox) by extensions ['colcon_meta']
[0.504s] Level 1:colcon.colcon_core.package_identification:_identify(src/interbotix_ros_core/interbotix_ros_xseries/dynamixel_workbench_toolbox) by extension 'colcon_meta'
[0.504s] Level 1:colcon.colcon_core.package_identification:_identify(src/interbotix_ros_core/interbotix_ros_xseries/dynamixel_workbench_toolbox) by extensions ['ros']
[0.504s] Level 1:colcon.colcon_core.package_identification:_identify(src/interbotix_ros_core/interbotix_ros_xseries/dynamixel_workbench_toolbox) by extension 'ros'
[0.505s] Level 1:colcon.colcon_core.package_identification:_identify(src/interbotix_ros_core/interbotix_ros_xseries/dynamixel_workbench_toolbox) by extensions ['cmake', 'python']
[0.505s] Level 1:colcon.colcon_core.package_identification:_identify(src/interbotix_ros_core/interbotix_ros_xseries/dynamixel_workbench_toolbox) by extension 'cmake'
[0.505s] Level 1:colcon.colcon_core.package_identification:_identify(src/interbotix_ros_core/interbotix_ros_xseries/dynamixel_workbench_toolbox) by extension 'python'
[0.505s] Level 1:colcon.colcon_core.package_identification:_identify(src/interbotix_ros_core/interbotix_ros_xseries/dynamixel_workbench_toolbox) by extensions ['python_setup_py']
[0.505s] Level 1:colcon.colcon_core.package_identification:_identify(src/interbotix_ros_core/interbotix_ros_xseries/dynamixel_workbench_toolbox) by extension 'python_setup_py'
[0.505s] Level 1:colcon.colcon_core.package_identification:_identify(src/interbotix_ros_core/interbotix_ros_xseries/interbotix_ros_xseries) by extensions ['ignore', 'ignore_ament_install']
[0.505s] Level 1:colcon.colcon_core.package_identification:_identify(src/interbotix_ros_core/interbotix_ros_xseries/interbotix_ros_xseries) by extension 'ignore'
[0.505s] Level 1:colcon.colcon_core.package_identification:_identify(src/interbotix_ros_core/interbotix_ros_xseries/interbotix_ros_xseries) by extension 'ignore_ament_install'
[0.505s] Level 1:colcon.colcon_core.package_identification:_identify(src/interbotix_ros_core/interbotix_ros_xseries/interbotix_ros_xseries) by extensions ['colcon_pkg']
[0.505s] Level 1:colcon.colcon_core.package_identification:_identify(src/interbotix_ros_core/interbotix_ros_xseries/interbotix_ros_xseries) by extension 'colcon_pkg'
[0.505s] Level 1:colcon.colcon_core.package_identification:_identify(src/interbotix_ros_core/interbotix_ros_xseries/interbotix_ros_xseries) by extensions ['colcon_meta']
[0.505s] Level 1:colcon.colcon_core.package_identification:_identify(src/interbotix_ros_core/interbotix_ros_xseries/interbotix_ros_xseries) by extension 'colcon_meta'
[0.505s] Level 1:colcon.colcon_core.package_identification:_identify(src/interbotix_ros_core/interbotix_ros_xseries/interbotix_ros_xseries) by extensions ['ros']
[0.505s] Level 1:colcon.colcon_core.package_identification:_identify(src/interbotix_ros_core/interbotix_ros_xseries/interbotix_ros_xseries) by extension 'ros'
[0.507s] DEBUG:colcon.colcon_core.package_identification:Package 'src/interbotix_ros_core/interbotix_ros_xseries/interbotix_ros_xseries' with type 'ros.ament_cmake' and name 'interbotix_ros_xseries'
[0.507s] Level 1:colcon.colcon_core.package_identification:_identify(src/interbotix_ros_core/interbotix_ros_xseries/interbotix_xs_driver) by extensions ['ignore', 'ignore_ament_install']
[0.508s] Level 1:colcon.colcon_core.package_identification:_identify(src/interbotix_ros_core/interbotix_ros_xseries/interbotix_xs_driver) by extension 'ignore'
[0.508s] Level 1:colcon.colcon_core.package_identification:_identify(src/interbotix_ros_core/interbotix_ros_xseries/interbotix_xs_driver) by extension 'ignore_ament_install'
[0.508s] Level 1:colcon.colcon_core.package_identification:_identify(src/interbotix_ros_core/interbotix_ros_xseries/interbotix_xs_driver) by extensions ['colcon_pkg']
[0.508s] Level 1:colcon.colcon_core.package_identification:_identify(src/interbotix_ros_core/interbotix_ros_xseries/interbotix_xs_driver) by extension 'colcon_pkg'
[0.508s] Level 1:colcon.colcon_core.package_identification:_identify(src/interbotix_ros_core/interbotix_ros_xseries/interbotix_xs_driver) by extensions ['colcon_meta']
[0.508s] Level 1:colcon.colcon_core.package_identification:_identify(src/interbotix_ros_core/interbotix_ros_xseries/interbotix_xs_driver) by extension 'colcon_meta'
[0.508s] Level 1:colcon.colcon_core.package_identification:_identify(src/interbotix_ros_core/interbotix_ros_xseries/interbotix_xs_driver) by extensions ['ros']
[0.508s] Level 1:colcon.colcon_core.package_identification:_identify(src/interbotix_ros_core/interbotix_ros_xseries/interbotix_xs_driver) by extension 'ros'
[0.508s] Level 1:colcon.colcon_core.package_identification:_identify(src/interbotix_ros_core/interbotix_ros_xseries/interbotix_xs_driver) by extensions ['cmake', 'python']
[0.508s] Level 1:colcon.colcon_core.package_identification:_identify(src/interbotix_ros_core/interbotix_ros_xseries/interbotix_xs_driver) by extension 'cmake'
[0.508s] Level 1:colcon.colcon_core.package_identification:_identify(src/interbotix_ros_core/interbotix_ros_xseries/interbotix_xs_driver) by extension 'python'
[0.508s] Level 1:colcon.colcon_core.package_identification:_identify(src/interbotix_ros_core/interbotix_ros_xseries/interbotix_xs_driver) by extensions ['python_setup_py']
[0.508s] Level 1:colcon.colcon_core.package_identification:_identify(src/interbotix_ros_core/interbotix_ros_xseries/interbotix_xs_driver) by extension 'python_setup_py'
[0.508s] Level 1:colcon.colcon_core.package_identification:_identify(src/interbotix_ros_core/interbotix_ros_xseries/interbotix_xs_msgs) by extensions ['ignore', 'ignore_ament_install']
[0.508s] Level 1:colcon.colcon_core.package_identification:_identify(src/interbotix_ros_core/interbotix_ros_xseries/interbotix_xs_msgs) by extension 'ignore'
[0.509s] Level 1:colcon.colcon_core.package_identification:_identify(src/interbotix_ros_core/interbotix_ros_xseries/interbotix_xs_msgs) by extension 'ignore_ament_install'
[0.509s] Level 1:colcon.colcon_core.package_identification:_identify(src/interbotix_ros_core/interbotix_ros_xseries/interbotix_xs_msgs) by extensions ['colcon_pkg']
[0.509s] Level 1:colcon.colcon_core.package_identification:_identify(src/interbotix_ros_core/interbotix_ros_xseries/interbotix_xs_msgs) by extension 'colcon_pkg'
[0.509s] Level 1:colcon.colcon_core.package_identification:_identify(src/interbotix_ros_core/interbotix_ros_xseries/interbotix_xs_msgs) by extensions ['colcon_meta']
[0.509s] Level 1:colcon.colcon_core.package_identification:_identify(src/interbotix_ros_core/interbotix_ros_xseries/interbotix_xs_msgs) by extension 'colcon_meta'
[0.509s] Level 1:colcon.colcon_core.package_identification:_identify(src/interbotix_ros_core/interbotix_ros_xseries/interbotix_xs_msgs) by extensions ['ros']
[0.509s] Level 1:colcon.colcon_core.package_identification:_identify(src/interbotix_ros_core/interbotix_ros_xseries/interbotix_xs_msgs) by extension 'ros'
[0.510s] DEBUG:colcon.colcon_core.package_identification:Package 'src/interbotix_ros_core/interbotix_ros_xseries/interbotix_xs_msgs' with type 'ros.ament_cmake' and name 'interbotix_xs_msgs'
[0.510s] Level 1:colcon.colcon_core.package_identification:_identify(src/interbotix_ros_core/interbotix_ros_xseries/interbotix_xs_sdk) by extensions ['ignore', 'ignore_ament_install']
[0.510s] Level 1:colcon.colcon_core.package_identification:_identify(src/interbotix_ros_core/interbotix_ros_xseries/interbotix_xs_sdk) by extension 'ignore'
[0.510s] Level 1:colcon.colcon_core.package_identification:_identify(src/interbotix_ros_core/interbotix_ros_xseries/interbotix_xs_sdk) by extension 'ignore_ament_install'
[0.510s] Level 1:colcon.colcon_core.package_identification:_identify(src/interbotix_ros_core/interbotix_ros_xseries/interbotix_xs_sdk) by extensions ['colcon_pkg']
[0.510s] Level 1:colcon.colcon_core.package_identification:_identify(src/interbotix_ros_core/interbotix_ros_xseries/interbotix_xs_sdk) by extension 'colcon_pkg'
[0.510s] Level 1:colcon.colcon_core.package_identification:_identify(src/interbotix_ros_core/interbotix_ros_xseries/interbotix_xs_sdk) by extensions ['colcon_meta']
[0.510s] Level 1:colcon.colcon_core.package_identification:_identify(src/interbotix_ros_core/interbotix_ros_xseries/interbotix_xs_sdk) by extension 'colcon_meta'
[0.510s] Level 1:colcon.colcon_core.package_identification:_identify(src/interbotix_ros_core/interbotix_ros_xseries/interbotix_xs_sdk) by extensions ['ros']
[0.510s] Level 1:colcon.colcon_core.package_identification:_identify(src/interbotix_ros_core/interbotix_ros_xseries/interbotix_xs_sdk) by extension 'ros'
[0.511s] DEBUG:colcon.colcon_core.package_identification:Package 'src/interbotix_ros_core/interbotix_ros_xseries/interbotix_xs_sdk' with type 'ros.ament_cmake' and name 'interbotix_xs_sdk'
[0.511s] Level 1:colcon.colcon_core.package_identification:_identify(src/interbotix_ros_manipulators) by extensions ['ignore', 'ignore_ament_install']
[0.511s] Level 1:colcon.colcon_core.package_identification:_identify(src/interbotix_ros_manipulators) by extension 'ignore'
[0.511s] Level 1:colcon.colcon_core.package_identification:_identify(src/interbotix_ros_manipulators) by extension 'ignore_ament_install'
[0.511s] Level 1:colcon.colcon_core.package_identification:_identify(src/interbotix_ros_manipulators) by extensions ['colcon_pkg']
[0.512s] Level 1:colcon.colcon_core.package_identification:_identify(src/interbotix_ros_manipulators) by extension 'colcon_pkg'
[0.512s] Level 1:colcon.colcon_core.package_identification:_identify(src/interbotix_ros_manipulators) by extensions ['colcon_meta']
[0.512s] Level 1:colcon.colcon_core.package_identification:_identify(src/interbotix_ros_manipulators) by extension 'colcon_meta'
[0.512s] Level 1:colcon.colcon_core.package_identification:_identify(src/interbotix_ros_manipulators) by extensions ['ros']
[0.512s] Level 1:colcon.colcon_core.package_identification:_identify(src/interbotix_ros_manipulators) by extension 'ros'
[0.512s] Level 1:colcon.colcon_core.package_identification:_identify(src/interbotix_ros_manipulators) by extensions ['cmake', 'python']
[0.512s] Level 1:colcon.colcon_core.package_identification:_identify(src/interbotix_ros_manipulators) by extension 'cmake'
[0.512s] Level 1:colcon.colcon_core.package_identification:_identify(src/interbotix_ros_manipulators) by extension 'python'
[0.512s] Level 1:colcon.colcon_core.package_identification:_identify(src/interbotix_ros_manipulators) by extensions ['python_setup_py']
[0.512s] Level 1:colcon.colcon_core.package_identification:_identify(src/interbotix_ros_manipulators) by extension 'python_setup_py'
[0.512s] Level 1:colcon.colcon_core.package_identification:_identify(src/interbotix_ros_manipulators/images) by extensions ['ignore', 'ignore_ament_install']
[0.512s] Level 1:colcon.colcon_core.package_identification:_identify(src/interbotix_ros_manipulators/images) by extension 'ignore'
[0.512s] Level 1:colcon.colcon_core.package_identification:_identify(src/interbotix_ros_manipulators/images) by extension 'ignore_ament_install'
[0.512s] Level 1:colcon.colcon_core.package_identification:_identify(src/interbotix_ros_manipulators/images) by extensions ['colcon_pkg']
[0.512s] Level 1:colcon.colcon_core.package_identification:_identify(src/interbotix_ros_manipulators/images) by extension 'colcon_pkg'
[0.512s] Level 1:colcon.colcon_core.package_identification:_identify(src/interbotix_ros_manipulators/images) by extensions ['colcon_meta']
[0.512s] Level 1:colcon.colcon_core.package_identification:_identify(src/interbotix_ros_manipulators/images) by extension 'colcon_meta'
[0.512s] Level 1:colcon.colcon_core.package_identification:_identify(src/interbotix_ros_manipulators/images) by extensions ['ros']
[0.512s] Level 1:colcon.colcon_core.package_identification:_identify(src/interbotix_ros_manipulators/images) by extension 'ros'
[0.512s] Level 1:colcon.colcon_core.package_identification:_identify(src/interbotix_ros_manipulators/images) by extensions ['cmake', 'python']
[0.513s] Level 1:colcon.colcon_core.package_identification:_identify(src/interbotix_ros_manipulators/images) by extension 'cmake'
[0.513s] Level 1:colcon.colcon_core.package_identification:_identify(src/interbotix_ros_manipulators/images) by extension 'python'
[0.513s] Level 1:colcon.colcon_core.package_identification:_identify(src/interbotix_ros_manipulators/images) by extensions ['python_setup_py']
[0.513s] Level 1:colcon.colcon_core.package_identification:_identify(src/interbotix_ros_manipulators/images) by extension 'python_setup_py'
[0.513s] Level 1:colcon.colcon_core.package_identification:_identify(src/interbotix_ros_manipulators/interbotix_ros_xsarms) by extensions ['ignore', 'ignore_ament_install']
[0.513s] Level 1:colcon.colcon_core.package_identification:_identify(src/interbotix_ros_manipulators/interbotix_ros_xsarms) by extension 'ignore'
[0.513s] Level 1:colcon.colcon_core.package_identification:_identify(src/interbotix_ros_manipulators/interbotix_ros_xsarms) by extension 'ignore_ament_install'
[0.513s] Level 1:colcon.colcon_core.package_identification:_identify(src/interbotix_ros_manipulators/interbotix_ros_xsarms) by extensions ['colcon_pkg']
[0.513s] Level 1:colcon.colcon_core.package_identification:_identify(src/interbotix_ros_manipulators/interbotix_ros_xsarms) by extension 'colcon_pkg'
[0.513s] Level 1:colcon.colcon_core.package_identification:_identify(src/interbotix_ros_manipulators/interbotix_ros_xsarms) by extensions ['colcon_meta']
[0.513s] Level 1:colcon.colcon_core.package_identification:_identify(src/interbotix_ros_manipulators/interbotix_ros_xsarms) by extension 'colcon_meta'
[0.513s] Level 1:colcon.colcon_core.package_identification:_identify(src/interbotix_ros_manipulators/interbotix_ros_xsarms) by extensions ['ros']
[0.513s] Level 1:colcon.colcon_core.package_identification:_identify(src/interbotix_ros_manipulators/interbotix_ros_xsarms) by extension 'ros'
[0.513s] Level 1:colcon.colcon_core.package_identification:_identify(src/interbotix_ros_manipulators/interbotix_ros_xsarms) by extensions ['cmake', 'python']
[0.513s] Level 1:colcon.colcon_core.package_identification:_identify(src/interbotix_ros_manipulators/interbotix_ros_xsarms) by extension 'cmake'
[0.513s] Level 1:colcon.colcon_core.package_identification:_identify(src/interbotix_ros_manipulators/interbotix_ros_xsarms) by extension 'python'
[0.513s] Level 1:colcon.colcon_core.package_identification:_identify(src/interbotix_ros_manipulators/interbotix_ros_xsarms) by extensions ['python_setup_py']
[0.513s] Level 1:colcon.colcon_core.package_identification:_identify(src/interbotix_ros_manipulators/interbotix_ros_xsarms) by extension 'python_setup_py'
[0.513s] Level 1:colcon.colcon_core.package_identification:_identify(src/interbotix_ros_manipulators/interbotix_ros_xsarms/examples) by extensions ['ignore', 'ignore_ament_install']
[0.514s] Level 1:colcon.colcon_core.package_identification:_identify(src/interbotix_ros_manipulators/interbotix_ros_xsarms/examples) by extension 'ignore'
[0.514s] Level 1:colcon.colcon_core.package_identification:_identify(src/interbotix_ros_manipulators/interbotix_ros_xsarms/examples) by extension 'ignore_ament_install'
[0.514s] Level 1:colcon.colcon_core.package_identification:_identify(src/interbotix_ros_manipulators/interbotix_ros_xsarms/examples) by extensions ['colcon_pkg']
[0.514s] Level 1:colcon.colcon_core.package_identification:_identify(src/interbotix_ros_manipulators/interbotix_ros_xsarms/examples) by extension 'colcon_pkg'
[0.514s] Level 1:colcon.colcon_core.package_identification:_identify(src/interbotix_ros_manipulators/interbotix_ros_xsarms/examples) by extensions ['colcon_meta']
[0.514s] Level 1:colcon.colcon_core.package_identification:_identify(src/interbotix_ros_manipulators/interbotix_ros_xsarms/examples) by extension 'colcon_meta'
[0.514s] Level 1:colcon.colcon_core.package_identification:_identify(src/interbotix_ros_manipulators/interbotix_ros_xsarms/examples) by extensions ['ros']
[0.514s] Level 1:colcon.colcon_core.package_identification:_identify(src/interbotix_ros_manipulators/interbotix_ros_xsarms/examples) by extension 'ros'
[0.514s] Level 1:colcon.colcon_core.package_identification:_identify(src/interbotix_ros_manipulators/interbotix_ros_xsarms/examples) by extensions ['cmake', 'python']
[0.514s] Level 1:colcon.colcon_core.package_identification:_identify(src/interbotix_ros_manipulators/interbotix_ros_xsarms/examples) by extension 'cmake'
[0.514s] Level 1:colcon.colcon_core.package_identification:_identify(src/interbotix_ros_manipulators/interbotix_ros_xsarms/examples) by extension 'python'
[0.514s] Level 1:colcon.colcon_core.package_identification:_identify(src/interbotix_ros_manipulators/interbotix_ros_xsarms/examples) by extensions ['python_setup_py']
[0.514s] Level 1:colcon.colcon_core.package_identification:_identify(src/interbotix_ros_manipulators/interbotix_ros_xsarms/examples) by extension 'python_setup_py'
[0.514s] Level 1:colcon.colcon_core.package_identification:_identify(src/interbotix_ros_manipulators/interbotix_ros_xsarms/examples/interbotix_ros_xsarms_examples) by extensions ['ignore', 'ignore_ament_install']
[0.514s] Level 1:colcon.colcon_core.package_identification:_identify(src/interbotix_ros_manipulators/interbotix_ros_xsarms/examples/interbotix_ros_xsarms_examples) by extension 'ignore'
[0.514s] Level 1:colcon.colcon_core.package_identification:_identify(src/interbotix_ros_manipulators/interbotix_ros_xsarms/examples/interbotix_ros_xsarms_examples) by extension 'ignore_ament_install'
[0.514s] Level 1:colcon.colcon_core.package_identification:_identify(src/interbotix_ros_manipulators/interbotix_ros_xsarms/examples/interbotix_ros_xsarms_examples) by extensions ['colcon_pkg']
[0.514s] Level 1:colcon.colcon_core.package_identification:_identify(src/interbotix_ros_manipulators/interbotix_ros_xsarms/examples/interbotix_ros_xsarms_examples) by extension 'colcon_pkg'
[0.515s] Level 1:colcon.colcon_core.package_identification:_identify(src/interbotix_ros_manipulators/interbotix_ros_xsarms/examples/interbotix_ros_xsarms_examples) by extensions ['colcon_meta']
[0.515s] Level 1:colcon.colcon_core.package_identification:_identify(src/interbotix_ros_manipulators/interbotix_ros_xsarms/examples/interbotix_ros_xsarms_examples) by extension 'colcon_meta'
[0.515s] Level 1:colcon.colcon_core.package_identification:_identify(src/interbotix_ros_manipulators/interbotix_ros_xsarms/examples/interbotix_ros_xsarms_examples) by extensions ['ros']
[0.515s] Level 1:colcon.colcon_core.package_identification:_identify(src/interbotix_ros_manipulators/interbotix_ros_xsarms/examples/interbotix_ros_xsarms_examples) by extension 'ros'
[0.515s] DEBUG:colcon.colcon_core.package_identification:Package 'src/interbotix_ros_manipulators/interbotix_ros_xsarms/examples/interbotix_ros_xsarms_examples' with type 'ros.ament_cmake' and name 'interbotix_ros_xsarms_examples'
[0.516s] Level 1:colcon.colcon_core.package_identification:_identify(src/interbotix_ros_manipulators/interbotix_ros_xsarms/examples/interbotix_xsarm_diagnostic_tool) by extensions ['ignore', 'ignore_ament_install']
[0.516s] Level 1:colcon.colcon_core.package_identification:_identify(src/interbotix_ros_manipulators/interbotix_ros_xsarms/examples/interbotix_xsarm_diagnostic_tool) by extension 'ignore'
[0.516s] Level 1:colcon.colcon_core.package_identification:_identify(src/interbotix_ros_manipulators/interbotix_ros_xsarms/examples/interbotix_xsarm_diagnostic_tool) ignored
[0.516s] Level 1:colcon.colcon_core.package_identification:_identify(src/interbotix_ros_manipulators/interbotix_ros_xsarms/examples/interbotix_xsarm_dual) by extensions ['ignore', 'ignore_ament_install']
[0.516s] Level 1:colcon.colcon_core.package_identification:_identify(src/interbotix_ros_manipulators/interbotix_ros_xsarms/examples/interbotix_xsarm_dual) by extension 'ignore'
[0.516s] Level 1:colcon.colcon_core.package_identification:_identify(src/interbotix_ros_manipulators/interbotix_ros_xsarms/examples/interbotix_xsarm_dual) by extension 'ignore_ament_install'
[0.516s] Level 1:colcon.colcon_core.package_identification:_identify(src/interbotix_ros_manipulators/interbotix_ros_xsarms/examples/interbotix_xsarm_dual) by extensions ['colcon_pkg']
[0.516s] Level 1:colcon.colcon_core.package_identification:_identify(src/interbotix_ros_manipulators/interbotix_ros_xsarms/examples/interbotix_xsarm_dual) by extension 'colcon_pkg'
[0.516s] Level 1:colcon.colcon_core.package_identification:_identify(src/interbotix_ros_manipulators/interbotix_ros_xsarms/examples/interbotix_xsarm_dual) by extensions ['colcon_meta']
[0.516s] Level 1:colcon.colcon_core.package_identification:_identify(src/interbotix_ros_manipulators/interbotix_ros_xsarms/examples/interbotix_xsarm_dual) by extension 'colcon_meta'
[0.516s] Level 1:colcon.colcon_core.package_identification:_identify(src/interbotix_ros_manipulators/interbotix_ros_xsarms/examples/interbotix_xsarm_dual) by extensions ['ros']
[0.516s] Level 1:colcon.colcon_core.package_identification:_identify(src/interbotix_ros_manipulators/interbotix_ros_xsarms/examples/interbotix_xsarm_dual) by extension 'ros'
[0.517s] DEBUG:colcon.colcon_core.package_identification:Package 'src/interbotix_ros_manipulators/interbotix_ros_xsarms/examples/interbotix_xsarm_dual' with type 'ros.ament_cmake' and name 'interbotix_xsarm_dual'
[0.517s] Level 1:colcon.colcon_core.package_identification:_identify(src/interbotix_ros_manipulators/interbotix_ros_xsarms/examples/interbotix_xsarm_dual_joy) by extensions ['ignore', 'ignore_ament_install']
[0.517s] Level 1:colcon.colcon_core.package_identification:_identify(src/interbotix_ros_manipulators/interbotix_ros_xsarms/examples/interbotix_xsarm_dual_joy) by extension 'ignore'
[0.517s] Level 1:colcon.colcon_core.package_identification:_identify(src/interbotix_ros_manipulators/interbotix_ros_xsarms/examples/interbotix_xsarm_dual_joy) ignored
[0.518s] Level 1:colcon.colcon_core.package_identification:_identify(src/interbotix_ros_manipulators/interbotix_ros_xsarms/examples/interbotix_xsarm_joy) by extensions ['ignore', 'ignore_ament_install']
[0.518s] Level 1:colcon.colcon_core.package_identification:_identify(src/interbotix_ros_manipulators/interbotix_ros_xsarms/examples/interbotix_xsarm_joy) by extension 'ignore'
[0.518s] Level 1:colcon.colcon_core.package_identification:_identify(src/interbotix_ros_manipulators/interbotix_ros_xsarms/examples/interbotix_xsarm_joy) by extension 'ignore_ament_install'
[0.518s] Level 1:colcon.colcon_core.package_identification:_identify(src/interbotix_ros_manipulators/interbotix_ros_xsarms/examples/interbotix_xsarm_joy) by extensions ['colcon_pkg']
[0.518s] Level 1:colcon.colcon_core.package_identification:_identify(src/interbotix_ros_manipulators/interbotix_ros_xsarms/examples/interbotix_xsarm_joy) by extension 'colcon_pkg'
[0.518s] Level 1:colcon.colcon_core.package_identification:_identify(src/interbotix_ros_manipulators/interbotix_ros_xsarms/examples/interbotix_xsarm_joy) by extensions ['colcon_meta']
[0.518s] Level 1:colcon.colcon_core.package_identification:_identify(src/interbotix_ros_manipulators/interbotix_ros_xsarms/examples/interbotix_xsarm_joy) by extension 'colcon_meta'
[0.518s] Level 1:colcon.colcon_core.package_identification:_identify(src/interbotix_ros_manipulators/interbotix_ros_xsarms/examples/interbotix_xsarm_joy) by extensions ['ros']
[0.518s] Level 1:colcon.colcon_core.package_identification:_identify(src/interbotix_ros_manipulators/interbotix_ros_xsarms/examples/interbotix_xsarm_joy) by extension 'ros'
[0.519s] DEBUG:colcon.colcon_core.package_identification:Package 'src/interbotix_ros_manipulators/interbotix_ros_xsarms/examples/interbotix_xsarm_joy' with type 'ros.ament_cmake' and name 'interbotix_xsarm_joy'
[0.519s] Level 1:colcon.colcon_core.package_identification:_identify(src/interbotix_ros_manipulators/interbotix_ros_xsarms/examples/interbotix_xsarm_moveit_interface) by extensions ['ignore', 'ignore_ament_install']
[0.519s] Level 1:colcon.colcon_core.package_identification:_identify(src/interbotix_ros_manipulators/interbotix_ros_xsarms/examples/interbotix_xsarm_moveit_interface) by extension 'ignore'
[0.519s] Level 1:colcon.colcon_core.package_identification:_identify(src/interbotix_ros_manipulators/interbotix_ros_xsarms/examples/interbotix_xsarm_moveit_interface) by extension 'ignore_ament_install'
[0.519s] Level 1:colcon.colcon_core.package_identification:_identify(src/interbotix_ros_manipulators/interbotix_ros_xsarms/examples/interbotix_xsarm_moveit_interface) by extensions ['colcon_pkg']
[0.519s] Level 1:colcon.colcon_core.package_identification:_identify(src/interbotix_ros_manipulators/interbotix_ros_xsarms/examples/interbotix_xsarm_moveit_interface) by extension 'colcon_pkg'
[0.519s] Level 1:colcon.colcon_core.package_identification:_identify(src/interbotix_ros_manipulators/interbotix_ros_xsarms/examples/interbotix_xsarm_moveit_interface) by extensions ['colcon_meta']
[0.519s] Level 1:colcon.colcon_core.package_identification:_identify(src/interbotix_ros_manipulators/interbotix_ros_xsarms/examples/interbotix_xsarm_moveit_interface) by extension 'colcon_meta'
[0.519s] Level 1:colcon.colcon_core.package_identification:_identify(src/interbotix_ros_manipulators/interbotix_ros_xsarms/examples/interbotix_xsarm_moveit_interface) by extensions ['ros']
[0.519s] Level 1:colcon.colcon_core.package_identification:_identify(src/interbotix_ros_manipulators/interbotix_ros_xsarms/examples/interbotix_xsarm_moveit_interface) by extension 'ros'
[0.520s] DEBUG:colcon.colcon_core.package_identification:Package 'src/interbotix_ros_manipulators/interbotix_ros_xsarms/examples/interbotix_xsarm_moveit_interface' with type 'ros.ament_cmake' and name 'interbotix_xsarm_moveit_interface'
[0.520s] Level 1:colcon.colcon_core.package_identification:_identify(src/interbotix_ros_manipulators/interbotix_ros_xsarms/examples/interbotix_xsarm_pid) by extensions ['ignore', 'ignore_ament_install']
[0.520s] Level 1:colcon.colcon_core.package_identification:_identify(src/interbotix_ros_manipulators/interbotix_ros_xsarms/examples/interbotix_xsarm_pid) by extension 'ignore'
[0.520s] Level 1:colcon.colcon_core.package_identification:_identify(src/interbotix_ros_manipulators/interbotix_ros_xsarms/examples/interbotix_xsarm_pid) ignored
[0.520s] Level 1:colcon.colcon_core.package_identification:_identify(src/interbotix_ros_manipulators/interbotix_ros_xsarms/examples/interbotix_xsarm_puppet) by extensions ['ignore', 'ignore_ament_install']
[0.520s] Level 1:colcon.colcon_core.package_identification:_identify(src/interbotix_ros_manipulators/interbotix_ros_xsarms/examples/interbotix_xsarm_puppet) by extension 'ignore'
[0.520s] Level 1:colcon.colcon_core.package_identification:_identify(src/interbotix_ros_manipulators/interbotix_ros_xsarms/examples/interbotix_xsarm_puppet) by extension 'ignore_ament_install'
[0.520s] Level 1:colcon.colcon_core.package_identification:_identify(src/interbotix_ros_manipulators/interbotix_ros_xsarms/examples/interbotix_xsarm_puppet) by extensions ['colcon_pkg']
[0.520s] Level 1:colcon.colcon_core.package_identification:_identify(src/interbotix_ros_manipulators/interbotix_ros_xsarms/examples/interbotix_xsarm_puppet) by extension 'colcon_pkg'
[0.520s] Level 1:colcon.colcon_core.package_identification:_identify(src/interbotix_ros_manipulators/interbotix_ros_xsarms/examples/interbotix_xsarm_puppet) by extensions ['colcon_meta']
[0.520s] Level 1:colcon.colcon_core.package_identification:_identify(src/interbotix_ros_manipulators/interbotix_ros_xsarms/examples/interbotix_xsarm_puppet) by extension 'colcon_meta'
[0.520s] Level 1:colcon.colcon_core.package_identification:_identify(src/interbotix_ros_manipulators/interbotix_ros_xsarms/examples/interbotix_xsarm_puppet) by extensions ['ros']
[0.520s] Level 1:colcon.colcon_core.package_identification:_identify(src/interbotix_ros_manipulators/interbotix_ros_xsarms/examples/interbotix_xsarm_puppet) by extension 'ros'
[0.521s] DEBUG:colcon.colcon_core.package_identification:Package 'src/interbotix_ros_manipulators/interbotix_ros_xsarms/examples/interbotix_xsarm_puppet' with type 'ros.ament_cmake' and name 'interbotix_xsarm_puppet'
[0.521s] Level 1:colcon.colcon_core.package_identification:_identify(src/interbotix_ros_manipulators/interbotix_ros_xsarms/images) by extensions ['ignore', 'ignore_ament_install']
[0.521s] Level 1:colcon.colcon_core.package_identification:_identify(src/interbotix_ros_manipulators/interbotix_ros_xsarms/images) by extension 'ignore'
[0.521s] Level 1:colcon.colcon_core.package_identification:_identify(src/interbotix_ros_manipulators/interbotix_ros_xsarms/images) by extension 'ignore_ament_install'
[0.521s] Level 1:colcon.colcon_core.package_identification:_identify(src/interbotix_ros_manipulators/interbotix_ros_xsarms/images) by extensions ['colcon_pkg']
[0.521s] Level 1:colcon.colcon_core.package_identification:_identify(src/interbotix_ros_manipulators/interbotix_ros_xsarms/images) by extension 'colcon_pkg'
[0.521s] Level 1:colcon.colcon_core.package_identification:_identify(src/interbotix_ros_manipulators/interbotix_ros_xsarms/images) by extensions ['colcon_meta']
[0.521s] Level 1:colcon.colcon_core.package_identification:_identify(src/interbotix_ros_manipulators/interbotix_ros_xsarms/images) by extension 'colcon_meta'
[0.521s] Level 1:colcon.colcon_core.package_identification:_identify(src/interbotix_ros_manipulators/interbotix_ros_xsarms/images) by extensions ['ros']
[0.521s] Level 1:colcon.colcon_core.package_identification:_identify(src/interbotix_ros_manipulators/interbotix_ros_xsarms/images) by extension 'ros'
[0.521s] Level 1:colcon.colcon_core.package_identification:_identify(src/interbotix_ros_manipulators/interbotix_ros_xsarms/images) by extensions ['cmake', 'python']
[0.521s] Level 1:colcon.colcon_core.package_identification:_identify(src/interbotix_ros_manipulators/interbotix_ros_xsarms/images) by extension 'cmake'
[0.521s] Level 1:colcon.colcon_core.package_identification:_identify(src/interbotix_ros_manipulators/interbotix_ros_xsarms/images) by extension 'python'
[0.521s] Level 1:colcon.colcon_core.package_identification:_identify(src/interbotix_ros_manipulators/interbotix_ros_xsarms/images) by extensions ['python_setup_py']
[0.521s] Level 1:colcon.colcon_core.package_identification:_identify(src/interbotix_ros_manipulators/interbotix_ros_xsarms/images) by extension 'python_setup_py'
[0.521s] Level 1:colcon.colcon_core.package_identification:_identify(src/interbotix_ros_manipulators/interbotix_ros_xsarms/install) by extensions ['ignore', 'ignore_ament_install']
[0.522s] Level 1:colcon.colcon_core.package_identification:_identify(src/interbotix_ros_manipulators/interbotix_ros_xsarms/install) by extension 'ignore'
[0.522s] Level 1:colcon.colcon_core.package_identification:_identify(src/interbotix_ros_manipulators/interbotix_ros_xsarms/install) by extension 'ignore_ament_install'
[0.522s] Level 1:colcon.colcon_core.package_identification:_identify(src/interbotix_ros_manipulators/interbotix_ros_xsarms/install) by extensions ['colcon_pkg']
[0.522s] Level 1:colcon.colcon_core.package_identification:_identify(src/interbotix_ros_manipulators/interbotix_ros_xsarms/install) by extension 'colcon_pkg'
[0.522s] Level 1:colcon.colcon_core.package_identification:_identify(src/interbotix_ros_manipulators/interbotix_ros_xsarms/install) by extensions ['colcon_meta']
[0.522s] Level 1:colcon.colcon_core.package_identification:_identify(src/interbotix_ros_manipulators/interbotix_ros_xsarms/install) by extension 'colcon_meta'
[0.522s] Level 1:colcon.colcon_core.package_identification:_identify(src/interbotix_ros_manipulators/interbotix_ros_xsarms/install) by extensions ['ros']
[0.522s] Level 1:colcon.colcon_core.package_identification:_identify(src/interbotix_ros_manipulators/interbotix_ros_xsarms/install) by extension 'ros'
[0.522s] Level 1:colcon.colcon_core.package_identification:_identify(src/interbotix_ros_manipulators/interbotix_ros_xsarms/install) by extensions ['cmake', 'python']
[0.522s] Level 1:colcon.colcon_core.package_identification:_identify(src/interbotix_ros_manipulators/interbotix_ros_xsarms/install) by extension 'cmake'
[0.522s] Level 1:colcon.colcon_core.package_identification:_identify(src/interbotix_ros_manipulators/interbotix_ros_xsarms/install) by extension 'python'
[0.522s] Level 1:colcon.colcon_core.package_identification:_identify(src/interbotix_ros_manipulators/interbotix_ros_xsarms/install) by extensions ['python_setup_py']
[0.522s] Level 1:colcon.colcon_core.package_identification:_identify(src/interbotix_ros_manipulators/interbotix_ros_xsarms/install) by extension 'python_setup_py'
[0.522s] Level 1:colcon.colcon_core.package_identification:_identify(src/interbotix_ros_manipulators/interbotix_ros_xsarms/install/amd64) by extensions ['ignore', 'ignore_ament_install']
[0.522s] Level 1:colcon.colcon_core.package_identification:_identify(src/interbotix_ros_manipulators/interbotix_ros_xsarms/install/amd64) by extension 'ignore'
[0.522s] Level 1:colcon.colcon_core.package_identification:_identify(src/interbotix_ros_manipulators/interbotix_ros_xsarms/install/amd64) by extension 'ignore_ament_install'
[0.522s] Level 1:colcon.colcon_core.package_identification:_identify(src/interbotix_ros_manipulators/interbotix_ros_xsarms/install/amd64) by extensions ['colcon_pkg']
[0.522s] Level 1:colcon.colcon_core.package_identification:_identify(src/interbotix_ros_manipulators/interbotix_ros_xsarms/install/amd64) by extension 'colcon_pkg'
[0.522s] Level 1:colcon.colcon_core.package_identification:_identify(src/interbotix_ros_manipulators/interbotix_ros_xsarms/install/amd64) by extensions ['colcon_meta']
[0.522s] Level 1:colcon.colcon_core.package_identification:_identify(src/interbotix_ros_manipulators/interbotix_ros_xsarms/install/amd64) by extension 'colcon_meta'
[0.522s] Level 1:colcon.colcon_core.package_identification:_identify(src/interbotix_ros_manipulators/interbotix_ros_xsarms/install/amd64) by extensions ['ros']
[0.522s] Level 1:colcon.colcon_core.package_identification:_identify(src/interbotix_ros_manipulators/interbotix_ros_xsarms/install/amd64) by extension 'ros'
[0.522s] Level 1:colcon.colcon_core.package_identification:_identify(src/interbotix_ros_manipulators/interbotix_ros_xsarms/install/amd64) by extensions ['cmake', 'python']
[0.522s] Level 1:colcon.colcon_core.package_identification:_identify(src/interbotix_ros_manipulators/interbotix_ros_xsarms/install/amd64) by extension 'cmake'
[0.522s] Level 1:colcon.colcon_core.package_identification:_identify(src/interbotix_ros_manipulators/interbotix_ros_xsarms/install/amd64) by extension 'python'
[0.522s] Level 1:colcon.colcon_core.package_identification:_identify(src/interbotix_ros_manipulators/interbotix_ros_xsarms/install/amd64) by extensions ['python_setup_py']
[0.522s] Level 1:colcon.colcon_core.package_identification:_identify(src/interbotix_ros_manipulators/interbotix_ros_xsarms/install/amd64) by extension 'python_setup_py'
[0.522s] Level 1:colcon.colcon_core.package_identification:_identify(src/interbotix_ros_manipulators/interbotix_ros_xsarms/install/rpi4) by extensions ['ignore', 'ignore_ament_install']
[0.522s] Level 1:colcon.colcon_core.package_identification:_identify(src/interbotix_ros_manipulators/interbotix_ros_xsarms/install/rpi4) by extension 'ignore'
[0.522s] Level 1:colcon.colcon_core.package_identification:_identify(src/interbotix_ros_manipulators/interbotix_ros_xsarms/install/rpi4) by extension 'ignore_ament_install'
[0.522s] Level 1:colcon.colcon_core.package_identification:_identify(src/interbotix_ros_manipulators/interbotix_ros_xsarms/install/rpi4) by extensions ['colcon_pkg']
[0.522s] Level 1:colcon.colcon_core.package_identification:_identify(src/interbotix_ros_manipulators/interbotix_ros_xsarms/install/rpi4) by extension 'colcon_pkg'
[0.522s] Level 1:colcon.colcon_core.package_identification:_identify(src/interbotix_ros_manipulators/interbotix_ros_xsarms/install/rpi4) by extensions ['colcon_meta']
[0.522s] Level 1:colcon.colcon_core.package_identification:_identify(src/interbotix_ros_manipulators/interbotix_ros_xsarms/install/rpi4) by extension 'colcon_meta'
[0.523s] Level 1:colcon.colcon_core.package_identification:_identify(src/interbotix_ros_manipulators/interbotix_ros_xsarms/install/rpi4) by extensions ['ros']
[0.523s] Level 1:colcon.colcon_core.package_identification:_identify(src/interbotix_ros_manipulators/interbotix_ros_xsarms/install/rpi4) by extension 'ros'
[0.523s] Level 1:colcon.colcon_core.package_identification:_identify(src/interbotix_ros_manipulators/interbotix_ros_xsarms/install/rpi4) by extensions ['cmake', 'python']
[0.523s] Level 1:colcon.colcon_core.package_identification:_identify(src/interbotix_ros_manipulators/interbotix_ros_xsarms/install/rpi4) by extension 'cmake'
[0.523s] Level 1:colcon.colcon_core.package_identification:_identify(src/interbotix_ros_manipulators/interbotix_ros_xsarms/install/rpi4) by extension 'python'
[0.523s] Level 1:colcon.colcon_core.package_identification:_identify(src/interbotix_ros_manipulators/interbotix_ros_xsarms/install/rpi4) by extensions ['python_setup_py']
[0.523s] Level 1:colcon.colcon_core.package_identification:_identify(src/interbotix_ros_manipulators/interbotix_ros_xsarms/install/rpi4) by extension 'python_setup_py'
[0.523s] Level 1:colcon.colcon_core.package_identification:_identify(src/interbotix_ros_manipulators/interbotix_ros_xsarms/interbotix_ros_xsarms) by extensions ['ignore', 'ignore_ament_install']
[0.523s] Level 1:colcon.colcon_core.package_identification:_identify(src/interbotix_ros_manipulators/interbotix_ros_xsarms/interbotix_ros_xsarms) by extension 'ignore'
[0.523s] Level 1:colcon.colcon_core.package_identification:_identify(src/interbotix_ros_manipulators/interbotix_ros_xsarms/interbotix_ros_xsarms) by extension 'ignore_ament_install'
[0.523s] Level 1:colcon.colcon_core.package_identification:_identify(src/interbotix_ros_manipulators/interbotix_ros_xsarms/interbotix_ros_xsarms) by extensions ['colcon_pkg']
[0.523s] Level 1:colcon.colcon_core.package_identification:_identify(src/interbotix_ros_manipulators/interbotix_ros_xsarms/interbotix_ros_xsarms) by extension 'colcon_pkg'
[0.523s] Level 1:colcon.colcon_core.package_identification:_identify(src/interbotix_ros_manipulators/interbotix_ros_xsarms/interbotix_ros_xsarms) by extensions ['colcon_meta']
[0.523s] Level 1:colcon.colcon_core.package_identification:_identify(src/interbotix_ros_manipulators/interbotix_ros_xsarms/interbotix_ros_xsarms) by extension 'colcon_meta'
[0.523s] Level 1:colcon.colcon_core.package_identification:_identify(src/interbotix_ros_manipulators/interbotix_ros_xsarms/interbotix_ros_xsarms) by extensions ['ros']
[0.523s] Level 1:colcon.colcon_core.package_identification:_identify(src/interbotix_ros_manipulators/interbotix_ros_xsarms/interbotix_ros_xsarms) by extension 'ros'
[0.524s] DEBUG:colcon.colcon_core.package_identification:Package 'src/interbotix_ros_manipulators/interbotix_ros_xsarms/interbotix_ros_xsarms' with type 'ros.ament_cmake' and name 'interbotix_ros_xsarms'
[0.524s] Level 1:colcon.colcon_core.package_identification:_identify(src/interbotix_ros_manipulators/interbotix_ros_xsarms/interbotix_xsarm_control) by extensions ['ignore', 'ignore_ament_install']
[0.524s] Level 1:colcon.colcon_core.package_identification:_identify(src/interbotix_ros_manipulators/interbotix_ros_xsarms/interbotix_xsarm_control) by extension 'ignore'
[0.524s] Level 1:colcon.colcon_core.package_identification:_identify(src/interbotix_ros_manipulators/interbotix_ros_xsarms/interbotix_xsarm_control) by extension 'ignore_ament_install'
[0.524s] Level 1:colcon.colcon_core.package_identification:_identify(src/interbotix_ros_manipulators/interbotix_ros_xsarms/interbotix_xsarm_control) by extensions ['colcon_pkg']
[0.524s] Level 1:colcon.colcon_core.package_identification:_identify(src/interbotix_ros_manipulators/interbotix_ros_xsarms/interbotix_xsarm_control) by extension 'colcon_pkg'
[0.524s] Level 1:colcon.colcon_core.package_identification:_identify(src/interbotix_ros_manipulators/interbotix_ros_xsarms/interbotix_xsarm_control) by extensions ['colcon_meta']
[0.524s] Level 1:colcon.colcon_core.package_identification:_identify(src/interbotix_ros_manipulators/interbotix_ros_xsarms/interbotix_xsarm_control) by extension 'colcon_meta'
[0.524s] Level 1:colcon.colcon_core.package_identification:_identify(src/interbotix_ros_manipulators/interbotix_ros_xsarms/interbotix_xsarm_control) by extensions ['ros']
[0.524s] Level 1:colcon.colcon_core.package_identification:_identify(src/interbotix_ros_manipulators/interbotix_ros_xsarms/interbotix_xsarm_control) by extension 'ros'
[0.524s] DEBUG:colcon.colcon_core.package_identification:Package 'src/interbotix_ros_manipulators/interbotix_ros_xsarms/interbotix_xsarm_control' with type 'ros.ament_cmake' and name 'interbotix_xsarm_control'
[0.524s] Level 1:colcon.colcon_core.package_identification:_identify(src/interbotix_ros_manipulators/interbotix_ros_xsarms/interbotix_xsarm_descriptions) by extensions ['ignore', 'ignore_ament_install']
[0.524s] Level 1:colcon.colcon_core.package_identification:_identify(src/interbotix_ros_manipulators/interbotix_ros_xsarms/interbotix_xsarm_descriptions) by extension 'ignore'
[0.524s] Level 1:colcon.colcon_core.package_identification:_identify(src/interbotix_ros_manipulators/interbotix_ros_xsarms/interbotix_xsarm_descriptions) by extension 'ignore_ament_install'
[0.524s] Level 1:colcon.colcon_core.package_identification:_identify(src/interbotix_ros_manipulators/interbotix_ros_xsarms/interbotix_xsarm_descriptions) by extensions ['colcon_pkg']
[0.524s] Level 1:colcon.colcon_core.package_identification:_identify(src/interbotix_ros_manipulators/interbotix_ros_xsarms/interbotix_xsarm_descriptions) by extension 'colcon_pkg'
[0.524s] Level 1:colcon.colcon_core.package_identification:_identify(src/interbotix_ros_manipulators/interbotix_ros_xsarms/interbotix_xsarm_descriptions) by extensions ['colcon_meta']
[0.524s] Level 1:colcon.colcon_core.package_identification:_identify(src/interbotix_ros_manipulators/interbotix_ros_xsarms/interbotix_xsarm_descriptions) by extension 'colcon_meta'
[0.524s] Level 1:colcon.colcon_core.package_identification:_identify(src/interbotix_ros_manipulators/interbotix_ros_xsarms/interbotix_xsarm_descriptions) by extensions ['ros']
[0.524s] Level 1:colcon.colcon_core.package_identification:_identify(src/interbotix_ros_manipulators/interbotix_ros_xsarms/interbotix_xsarm_descriptions) by extension 'ros'
[0.525s] DEBUG:colcon.colcon_core.package_identification:Package 'src/interbotix_ros_manipulators/interbotix_ros_xsarms/interbotix_xsarm_descriptions' with type 'ros.ament_cmake' and name 'interbotix_xsarm_descriptions'
[0.525s] Level 1:colcon.colcon_core.package_identification:_identify(src/interbotix_ros_manipulators/interbotix_ros_xsarms/interbotix_xsarm_moveit) by extensions ['ignore', 'ignore_ament_install']
[0.525s] Level 1:colcon.colcon_core.package_identification:_identify(src/interbotix_ros_manipulators/interbotix_ros_xsarms/interbotix_xsarm_moveit) by extension 'ignore'
[0.525s] Level 1:colcon.colcon_core.package_identification:_identify(src/interbotix_ros_manipulators/interbotix_ros_xsarms/interbotix_xsarm_moveit) by extension 'ignore_ament_install'
[0.525s] Level 1:colcon.colcon_core.package_identification:_identify(src/interbotix_ros_manipulators/interbotix_ros_xsarms/interbotix_xsarm_moveit) by extensions ['colcon_pkg']
[0.525s] Level 1:colcon.colcon_core.package_identification:_identify(src/interbotix_ros_manipulators/interbotix_ros_xsarms/interbotix_xsarm_moveit) by extension 'colcon_pkg'
[0.525s] Level 1:colcon.colcon_core.package_identification:_identify(src/interbotix_ros_manipulators/interbotix_ros_xsarms/interbotix_xsarm_moveit) by extensions ['colcon_meta']
[0.525s] Level 1:colcon.colcon_core.package_identification:_identify(src/interbotix_ros_manipulators/interbotix_ros_xsarms/interbotix_xsarm_moveit) by extension 'colcon_meta'
[0.525s] Level 1:colcon.colcon_core.package_identification:_identify(src/interbotix_ros_manipulators/interbotix_ros_xsarms/interbotix_xsarm_moveit) by extensions ['ros']
[0.525s] Level 1:colcon.colcon_core.package_identification:_identify(src/interbotix_ros_manipulators/interbotix_ros_xsarms/interbotix_xsarm_moveit) by extension 'ros'
[0.526s] DEBUG:colcon.colcon_core.package_identification:Package 'src/interbotix_ros_manipulators/interbotix_ros_xsarms/interbotix_xsarm_moveit' with type 'ros.ament_cmake' and name 'interbotix_xsarm_moveit'
[0.526s] Level 1:colcon.colcon_core.package_identification:_identify(src/interbotix_ros_manipulators/interbotix_ros_xsarms/interbotix_xsarm_perception) by extensions ['ignore', 'ignore_ament_install']
[0.526s] Level 1:colcon.colcon_core.package_identification:_identify(src/interbotix_ros_manipulators/interbotix_ros_xsarms/interbotix_xsarm_perception) by extension 'ignore'
[0.526s] Level 1:colcon.colcon_core.package_identification:_identify(src/interbotix_ros_manipulators/interbotix_ros_xsarms/interbotix_xsarm_perception) ignored
[0.526s] Level 1:colcon.colcon_core.package_identification:_identify(src/interbotix_ros_manipulators/interbotix_ros_xsarms/interbotix_xsarm_ros_control) by extensions ['ignore', 'ignore_ament_install']
[0.526s] Level 1:colcon.colcon_core.package_identification:_identify(src/interbotix_ros_manipulators/interbotix_ros_xsarms/interbotix_xsarm_ros_control) by extension 'ignore'
[0.526s] Level 1:colcon.colcon_core.package_identification:_identify(src/interbotix_ros_manipulators/interbotix_ros_xsarms/interbotix_xsarm_ros_control) by extension 'ignore_ament_install'
[0.526s] Level 1:colcon.colcon_core.package_identification:_identify(src/interbotix_ros_manipulators/interbotix_ros_xsarms/interbotix_xsarm_ros_control) by extensions ['colcon_pkg']
[0.526s] Level 1:colcon.colcon_core.package_identification:_identify(src/interbotix_ros_manipulators/interbotix_ros_xsarms/interbotix_xsarm_ros_control) by extension 'colcon_pkg'
[0.526s] Level 1:colcon.colcon_core.package_identification:_identify(src/interbotix_ros_manipulators/interbotix_ros_xsarms/interbotix_xsarm_ros_control) by extensions ['colcon_meta']
[0.526s] Level 1:colcon.colcon_core.package_identification:_identify(src/interbotix_ros_manipulators/interbotix_ros_xsarms/interbotix_xsarm_ros_control) by extension 'colcon_meta'
[0.526s] Level 1:colcon.colcon_core.package_identification:_identify(src/interbotix_ros_manipulators/interbotix_ros_xsarms/interbotix_xsarm_ros_control) by extensions ['ros']
[0.526s] Level 1:colcon.colcon_core.package_identification:_identify(src/interbotix_ros_manipulators/interbotix_ros_xsarms/interbotix_xsarm_ros_control) by extension 'ros'
[0.526s] DEBUG:colcon.colcon_core.package_identification:Package 'src/interbotix_ros_manipulators/interbotix_ros_xsarms/interbotix_xsarm_ros_control' with type 'ros.ament_cmake' and name 'interbotix_xsarm_ros_control'
[0.526s] Level 1:colcon.colcon_core.package_identification:_identify(src/interbotix_ros_manipulators/interbotix_ros_xsarms/interbotix_xsarm_sim) by extensions ['ignore', 'ignore_ament_install']
[0.526s] Level 1:colcon.colcon_core.package_identification:_identify(src/interbotix_ros_manipulators/interbotix_ros_xsarms/interbotix_xsarm_sim) by extension 'ignore'
[0.527s] Level 1:colcon.colcon_core.package_identification:_identify(src/interbotix_ros_manipulators/interbotix_ros_xsarms/interbotix_xsarm_sim) by extension 'ignore_ament_install'
[0.527s] Level 1:colcon.colcon_core.package_identification:_identify(src/interbotix_ros_manipulators/interbotix_ros_xsarms/interbotix_xsarm_sim) by extensions ['colcon_pkg']
[0.527s] Level 1:colcon.colcon_core.package_identification:_identify(src/interbotix_ros_manipulators/interbotix_ros_xsarms/interbotix_xsarm_sim) by extension 'colcon_pkg'
[0.527s] Level 1:colcon.colcon_core.package_identification:_identify(src/interbotix_ros_manipulators/interbotix_ros_xsarms/interbotix_xsarm_sim) by extensions ['colcon_meta']
[0.527s] Level 1:colcon.colcon_core.package_identification:_identify(src/interbotix_ros_manipulators/interbotix_ros_xsarms/interbotix_xsarm_sim) by extension 'colcon_meta'
[0.527s] Level 1:colcon.colcon_core.package_identification:_identify(src/interbotix_ros_manipulators/interbotix_ros_xsarms/interbotix_xsarm_sim) by extensions ['ros']
[0.527s] Level 1:colcon.colcon_core.package_identification:_identify(src/interbotix_ros_manipulators/interbotix_ros_xsarms/interbotix_xsarm_sim) by extension 'ros'
[0.527s] DEBUG:colcon.colcon_core.package_identification:Package 'src/interbotix_ros_manipulators/interbotix_ros_xsarms/interbotix_xsarm_sim' with type 'ros.ament_cmake' and name 'interbotix_xsarm_sim'
[0.527s] Level 1:colcon.colcon_core.package_identification:_identify(src/interbotix_ros_toolboxes) by extensions ['ignore', 'ignore_ament_install']
[0.527s] Level 1:colcon.colcon_core.package_identification:_identify(src/interbotix_ros_toolboxes) by extension 'ignore'
[0.527s] Level 1:colcon.colcon_core.package_identification:_identify(src/interbotix_ros_toolboxes) by extension 'ignore_ament_install'
[0.527s] Level 1:colcon.colcon_core.package_identification:_identify(src/interbotix_ros_toolboxes) by extensions ['colcon_pkg']
[0.527s] Level 1:colcon.colcon_core.package_identification:_identify(src/interbotix_ros_toolboxes) by extension 'colcon_pkg'
[0.527s] Level 1:colcon.colcon_core.package_identification:_identify(src/interbotix_ros_toolboxes) by extensions ['colcon_meta']
[0.527s] Level 1:colcon.colcon_core.package_identification:_identify(src/interbotix_ros_toolboxes) by extension 'colcon_meta'
[0.527s] Level 1:colcon.colcon_core.package_identification:_identify(src/interbotix_ros_toolboxes) by extensions ['ros']
[0.527s] Level 1:colcon.colcon_core.package_identification:_identify(src/interbotix_ros_toolboxes) by extension 'ros'
[0.527s] Level 1:colcon.colcon_core.package_identification:_identify(src/interbotix_ros_toolboxes) by extensions ['cmake', 'python']
[0.527s] Level 1:colcon.colcon_core.package_identification:_identify(src/interbotix_ros_toolboxes) by extension 'cmake'
[0.527s] Level 1:colcon.colcon_core.package_identification:_identify(src/interbotix_ros_toolboxes) by extension 'python'
[0.527s] Level 1:colcon.colcon_core.package_identification:_identify(src/interbotix_ros_toolboxes) by extensions ['python_setup_py']
[0.527s] Level 1:colcon.colcon_core.package_identification:_identify(src/interbotix_ros_toolboxes) by extension 'python_setup_py'
[0.528s] Level 1:colcon.colcon_core.package_identification:_identify(src/interbotix_ros_toolboxes/images) by extensions ['ignore', 'ignore_ament_install']
[0.528s] Level 1:colcon.colcon_core.package_identification:_identify(src/interbotix_ros_toolboxes/images) by extension 'ignore'
[0.528s] Level 1:colcon.colcon_core.package_identification:_identify(src/interbotix_ros_toolboxes/images) by extension 'ignore_ament_install'
[0.528s] Level 1:colcon.colcon_core.package_identification:_identify(src/interbotix_ros_toolboxes/images) by extensions ['colcon_pkg']
[0.528s] Level 1:colcon.colcon_core.package_identification:_identify(src/interbotix_ros_toolboxes/images) by extension 'colcon_pkg'
[0.528s] Level 1:colcon.colcon_core.package_identification:_identify(src/interbotix_ros_toolboxes/images) by extensions ['colcon_meta']
[0.528s] Level 1:colcon.colcon_core.package_identification:_identify(src/interbotix_ros_toolboxes/images) by extension 'colcon_meta'
[0.528s] Level 1:colcon.colcon_core.package_identification:_identify(src/interbotix_ros_toolboxes/images) by extensions ['ros']
[0.528s] Level 1:colcon.colcon_core.package_identification:_identify(src/interbotix_ros_toolboxes/images) by extension 'ros'
[0.528s] Level 1:colcon.colcon_core.package_identification:_identify(src/interbotix_ros_toolboxes/images) by extensions ['cmake', 'python']
[0.528s] Level 1:colcon.colcon_core.package_identification:_identify(src/interbotix_ros_toolboxes/images) by extension 'cmake'
[0.528s] Level 1:colcon.colcon_core.package_identification:_identify(src/interbotix_ros_toolboxes/images) by extension 'python'
[0.528s] Level 1:colcon.colcon_core.package_identification:_identify(src/interbotix_ros_toolboxes/images) by extensions ['python_setup_py']
[0.528s] Level 1:colcon.colcon_core.package_identification:_identify(src/interbotix_ros_toolboxes/images) by extension 'python_setup_py'
[0.528s] Level 1:colcon.colcon_core.package_identification:_identify(src/interbotix_ros_toolboxes/interbotix_common_toolbox) by extensions ['ignore', 'ignore_ament_install']
[0.528s] Level 1:colcon.colcon_core.package_identification:_identify(src/interbotix_ros_toolboxes/interbotix_common_toolbox) by extension 'ignore'
[0.528s] Level 1:colcon.colcon_core.package_identification:_identify(src/interbotix_ros_toolboxes/interbotix_common_toolbox) by extension 'ignore_ament_install'
[0.528s] Level 1:colcon.colcon_core.package_identification:_identify(src/interbotix_ros_toolboxes/interbotix_common_toolbox) by extensions ['colcon_pkg']
[0.528s] Level 1:colcon.colcon_core.package_identification:_identify(src/interbotix_ros_toolboxes/interbotix_common_toolbox) by extension 'colcon_pkg'
[0.528s] Level 1:colcon.colcon_core.package_identification:_identify(src/interbotix_ros_toolboxes/interbotix_common_toolbox) by extensions ['colcon_meta']
[0.528s] Level 1:colcon.colcon_core.package_identification:_identify(src/interbotix_ros_toolboxes/interbotix_common_toolbox) by extension 'colcon_meta'
[0.528s] Level 1:colcon.colcon_core.package_identification:_identify(src/interbotix_ros_toolboxes/interbotix_common_toolbox) by extensions ['ros']
[0.528s] Level 1:colcon.colcon_core.package_identification:_identify(src/interbotix_ros_toolboxes/interbotix_common_toolbox) by extension 'ros'
[0.528s] Level 1:colcon.colcon_core.package_identification:_identify(src/interbotix_ros_toolboxes/interbotix_common_toolbox) by extensions ['cmake', 'python']
[0.528s] Level 1:colcon.colcon_core.package_identification:_identify(src/interbotix_ros_toolboxes/interbotix_common_toolbox) by extension 'cmake'
[0.528s] Level 1:colcon.colcon_core.package_identification:_identify(src/interbotix_ros_toolboxes/interbotix_common_toolbox) by extension 'python'
[0.528s] Level 1:colcon.colcon_core.package_identification:_identify(src/interbotix_ros_toolboxes/interbotix_common_toolbox) by extensions ['python_setup_py']
[0.528s] Level 1:colcon.colcon_core.package_identification:_identify(src/interbotix_ros_toolboxes/interbotix_common_toolbox) by extension 'python_setup_py'
[0.528s] Level 1:colcon.colcon_core.package_identification:_identify(src/interbotix_ros_toolboxes/interbotix_common_toolbox/interbotix_common_modules) by extensions ['ignore', 'ignore_ament_install']
[0.528s] Level 1:colcon.colcon_core.package_identification:_identify(src/interbotix_ros_toolboxes/interbotix_common_toolbox/interbotix_common_modules) by extension 'ignore'
[0.528s] Level 1:colcon.colcon_core.package_identification:_identify(src/interbotix_ros_toolboxes/interbotix_common_toolbox/interbotix_common_modules) by extension 'ignore_ament_install'
[0.528s] Level 1:colcon.colcon_core.package_identification:_identify(src/interbotix_ros_toolboxes/interbotix_common_toolbox/interbotix_common_modules) by extensions ['colcon_pkg']
[0.528s] Level 1:colcon.colcon_core.package_identification:_identify(src/interbotix_ros_toolboxes/interbotix_common_toolbox/interbotix_common_modules) by extension 'colcon_pkg'
[0.528s] Level 1:colcon.colcon_core.package_identification:_identify(src/interbotix_ros_toolboxes/interbotix_common_toolbox/interbotix_common_modules) by extensions ['colcon_meta']
[0.528s] Level 1:colcon.colcon_core.package_identification:_identify(src/interbotix_ros_toolboxes/interbotix_common_toolbox/interbotix_common_modules) by extension 'colcon_meta'
[0.528s] Level 1:colcon.colcon_core.package_identification:_identify(src/interbotix_ros_toolboxes/interbotix_common_toolbox/interbotix_common_modules) by extensions ['ros']
[0.528s] Level 1:colcon.colcon_core.package_identification:_identify(src/interbotix_ros_toolboxes/interbotix_common_toolbox/interbotix_common_modules) by extension 'ros'
[0.529s] DEBUG:colcon.colcon_core.package_identification:Package 'src/interbotix_ros_toolboxes/interbotix_common_toolbox/interbotix_common_modules' with type 'ros.ament_python' and name 'interbotix_common_modules'
[0.529s] Level 1:colcon.colcon_core.package_identification:_identify(src/interbotix_ros_toolboxes/interbotix_common_toolbox/interbotix_common_sim) by extensions ['ignore', 'ignore_ament_install']
[0.529s] Level 1:colcon.colcon_core.package_identification:_identify(src/interbotix_ros_toolboxes/interbotix_common_toolbox/interbotix_common_sim) by extension 'ignore'
[0.529s] Level 1:colcon.colcon_core.package_identification:_identify(src/interbotix_ros_toolboxes/interbotix_common_toolbox/interbotix_common_sim) by extension 'ignore_ament_install'
[0.529s] Level 1:colcon.colcon_core.package_identification:_identify(src/interbotix_ros_toolboxes/interbotix_common_toolbox/interbotix_common_sim) by extensions ['colcon_pkg']
[0.529s] Level 1:colcon.colcon_core.package_identification:_identify(src/interbotix_ros_toolboxes/interbotix_common_toolbox/interbotix_common_sim) by extension 'colcon_pkg'
[0.529s] Level 1:colcon.colcon_core.package_identification:_identify(src/interbotix_ros_toolboxes/interbotix_common_toolbox/interbotix_common_sim) by extensions ['colcon_meta']
[0.529s] Level 1:colcon.colcon_core.package_identification:_identify(src/interbotix_ros_toolboxes/interbotix_common_toolbox/interbotix_common_sim) by extension 'colcon_meta'
[0.529s] Level 1:colcon.colcon_core.package_identification:_identify(src/interbotix_ros_toolboxes/interbotix_common_toolbox/interbotix_common_sim) by extensions ['ros']
[0.529s] Level 1:colcon.colcon_core.package_identification:_identify(src/interbotix_ros_toolboxes/interbotix_common_toolbox/interbotix_common_sim) by extension 'ros'
[0.529s] DEBUG:colcon.colcon_core.package_identification:Package 'src/interbotix_ros_toolboxes/interbotix_common_toolbox/interbotix_common_sim' with type 'ros.ament_cmake' and name 'interbotix_common_sim'
[0.529s] Level 1:colcon.colcon_core.package_identification:_identify(src/interbotix_ros_toolboxes/interbotix_common_toolbox/interbotix_common_toolbox) by extensions ['ignore', 'ignore_ament_install']
[0.529s] Level 1:colcon.colcon_core.package_identification:_identify(src/interbotix_ros_toolboxes/interbotix_common_toolbox/interbotix_common_toolbox) by extension 'ignore'
[0.529s] Level 1:colcon.colcon_core.package_identification:_identify(src/interbotix_ros_toolboxes/interbotix_common_toolbox/interbotix_common_toolbox) by extension 'ignore_ament_install'
[0.529s] Level 1:colcon.colcon_core.package_identification:_identify(src/interbotix_ros_toolboxes/interbotix_common_toolbox/interbotix_common_toolbox) by extensions ['colcon_pkg']
[0.529s] Level 1:colcon.colcon_core.package_identification:_identify(src/interbotix_ros_toolboxes/interbotix_common_toolbox/interbotix_common_toolbox) by extension 'colcon_pkg'
[0.529s] Level 1:colcon.colcon_core.package_identification:_identify(src/interbotix_ros_toolboxes/interbotix_common_toolbox/interbotix_common_toolbox) by extensions ['colcon_meta']
[0.529s] Level 1:colcon.colcon_core.package_identification:_identify(src/interbotix_ros_toolboxes/interbotix_common_toolbox/interbotix_common_toolbox) by extension 'colcon_meta'
[0.529s] Level 1:colcon.colcon_core.package_identification:_identify(src/interbotix_ros_toolboxes/interbotix_common_toolbox/interbotix_common_toolbox) by extensions ['ros']
[0.529s] Level 1:colcon.colcon_core.package_identification:_identify(src/interbotix_ros_toolboxes/interbotix_common_toolbox/interbotix_common_toolbox) by extension 'ros'
[0.529s] DEBUG:colcon.colcon_core.package_identification:Package 'src/interbotix_ros_toolboxes/interbotix_common_toolbox/interbotix_common_toolbox' with type 'ros.ament_cmake' and name 'interbotix_common_toolbox'
[0.530s] Level 1:colcon.colcon_core.package_identification:_identify(src/interbotix_ros_toolboxes/interbotix_common_toolbox/interbotix_landmark_modules) by extensions ['ignore', 'ignore_ament_install']
[0.530s] Level 1:colcon.colcon_core.package_identification:_identify(src/interbotix_ros_toolboxes/interbotix_common_toolbox/interbotix_landmark_modules) by extension 'ignore'
[0.530s] Level 1:colcon.colcon_core.package_identification:_identify(src/interbotix_ros_toolboxes/interbotix_common_toolbox/interbotix_landmark_modules) ignored
[0.530s] Level 1:colcon.colcon_core.package_identification:_identify(src/interbotix_ros_toolboxes/interbotix_common_toolbox/interbotix_moveit_interface) by extensions ['ignore', 'ignore_ament_install']
[0.530s] Level 1:colcon.colcon_core.package_identification:_identify(src/interbotix_ros_toolboxes/interbotix_common_toolbox/interbotix_moveit_interface) by extension 'ignore'
[0.530s] Level 1:colcon.colcon_core.package_identification:_identify(src/interbotix_ros_toolboxes/interbotix_common_toolbox/interbotix_moveit_interface) by extension 'ignore_ament_install'
[0.530s] Level 1:colcon.colcon_core.package_identification:_identify(src/interbotix_ros_toolboxes/interbotix_common_toolbox/interbotix_moveit_interface) by extensions ['colcon_pkg']
[0.530s] Level 1:colcon.colcon_core.package_identification:_identify(src/interbotix_ros_toolboxes/interbotix_common_toolbox/interbotix_moveit_interface) by extension 'colcon_pkg'
[0.530s] Level 1:colcon.colcon_core.package_identification:_identify(src/interbotix_ros_toolboxes/interbotix_common_toolbox/interbotix_moveit_interface) by extensions ['colcon_meta']
[0.530s] Level 1:colcon.colcon_core.package_identification:_identify(src/interbotix_ros_toolboxes/interbotix_common_toolbox/interbotix_moveit_interface) by extension 'colcon_meta'
[0.530s] Level 1:colcon.colcon_core.package_identification:_identify(src/interbotix_ros_toolboxes/interbotix_common_toolbox/interbotix_moveit_interface) by extensions ['ros']
[0.530s] Level 1:colcon.colcon_core.package_identification:_identify(src/interbotix_ros_toolboxes/interbotix_common_toolbox/interbotix_moveit_interface) by extension 'ros'
[0.530s] DEBUG:colcon.colcon_core.package_identification:Package 'src/interbotix_ros_toolboxes/interbotix_common_toolbox/interbotix_moveit_interface' with type 'ros.ament_cmake' and name 'interbotix_moveit_interface'
[0.530s] Level 1:colcon.colcon_core.package_identification:_identify(src/interbotix_ros_toolboxes/interbotix_common_toolbox/interbotix_moveit_interface_msgs) by extensions ['ignore', 'ignore_ament_install']
[0.530s] Level 1:colcon.colcon_core.package_identification:_identify(src/interbotix_ros_toolboxes/interbotix_common_toolbox/interbotix_moveit_interface_msgs) by extension 'ignore'
[0.531s] Level 1:colcon.colcon_core.package_identification:_identify(src/interbotix_ros_toolboxes/interbotix_common_toolbox/interbotix_moveit_interface_msgs) by extension 'ignore_ament_install'
[0.531s] Level 1:colcon.colcon_core.package_identification:_identify(src/interbotix_ros_toolboxes/interbotix_common_toolbox/interbotix_moveit_interface_msgs) by extensions ['colcon_pkg']
[0.531s] Level 1:colcon.colcon_core.package_identification:_identify(src/interbotix_ros_toolboxes/interbotix_common_toolbox/interbotix_moveit_interface_msgs) by extension 'colcon_pkg'
[0.531s] Level 1:colcon.colcon_core.package_identification:_identify(src/interbotix_ros_toolboxes/interbotix_common_toolbox/interbotix_moveit_interface_msgs) by extensions ['colcon_meta']
[0.531s] Level 1:colcon.colcon_core.package_identification:_identify(src/interbotix_ros_toolboxes/interbotix_common_toolbox/interbotix_moveit_interface_msgs) by extension 'colcon_meta'
[0.531s] Level 1:colcon.colcon_core.package_identification:_identify(src/interbotix_ros_toolboxes/interbotix_common_toolbox/interbotix_moveit_interface_msgs) by extensions ['ros']
[0.531s] Level 1:colcon.colcon_core.package_identification:_identify(src/interbotix_ros_toolboxes/interbotix_common_toolbox/interbotix_moveit_interface_msgs) by extension 'ros'
[0.531s] DEBUG:colcon.colcon_core.package_identification:Package 'src/interbotix_ros_toolboxes/interbotix_common_toolbox/interbotix_moveit_interface_msgs' with type 'ros.ament_cmake' and name 'interbotix_moveit_interface_msgs'
[0.531s] Level 1:colcon.colcon_core.package_identification:_identify(src/interbotix_ros_toolboxes/interbotix_common_toolbox/interbotix_tf_tools) by extensions ['ignore', 'ignore_ament_install']
[0.531s] Level 1:colcon.colcon_core.package_identification:_identify(src/interbotix_ros_toolboxes/interbotix_common_toolbox/interbotix_tf_tools) by extension 'ignore'
[0.531s] Level 1:colcon.colcon_core.package_identification:_identify(src/interbotix_ros_toolboxes/interbotix_common_toolbox/interbotix_tf_tools) by extension 'ignore_ament_install'
[0.531s] Level 1:colcon.colcon_core.package_identification:_identify(src/interbotix_ros_toolboxes/interbotix_common_toolbox/interbotix_tf_tools) by extensions ['colcon_pkg']
[0.531s] Level 1:colcon.colcon_core.package_identification:_identify(src/interbotix_ros_toolboxes/interbotix_common_toolbox/interbotix_tf_tools) by extension 'colcon_pkg'
[0.531s] Level 1:colcon.colcon_core.package_identification:_identify(src/interbotix_ros_toolboxes/interbotix_common_toolbox/interbotix_tf_tools) by extensions ['colcon_meta']
[0.531s] Level 1:colcon.colcon_core.package_identification:_identify(src/interbotix_ros_toolboxes/interbotix_common_toolbox/interbotix_tf_tools) by extension 'colcon_meta'
[0.531s] Level 1:colcon.colcon_core.package_identification:_identify(src/interbotix_ros_toolboxes/interbotix_common_toolbox/interbotix_tf_tools) by extensions ['ros']
[0.531s] Level 1:colcon.colcon_core.package_identification:_identify(src/interbotix_ros_toolboxes/interbotix_common_toolbox/interbotix_tf_tools) by extension 'ros'
[0.532s] DEBUG:colcon.colcon_core.package_identification:Package 'src/interbotix_ros_toolboxes/interbotix_common_toolbox/interbotix_tf_tools' with type 'ros.ament_cmake' and name 'interbotix_tf_tools'
[0.532s] Level 1:colcon.colcon_core.package_identification:_identify(src/interbotix_ros_toolboxes/interbotix_io_toolbox) by extensions ['ignore', 'ignore_ament_install']
[0.532s] Level 1:colcon.colcon_core.package_identification:_identify(src/interbotix_ros_toolboxes/interbotix_io_toolbox) by extension 'ignore'
[0.532s] Level 1:colcon.colcon_core.package_identification:_identify(src/interbotix_ros_toolboxes/interbotix_io_toolbox) ignored
[0.532s] Level 1:colcon.colcon_core.package_identification:_identify(src/interbotix_ros_toolboxes/interbotix_perception_toolbox) by extensions ['ignore', 'ignore_ament_install']
[0.532s] Level 1:colcon.colcon_core.package_identification:_identify(src/interbotix_ros_toolboxes/interbotix_perception_toolbox) by extension 'ignore'
[0.532s] Level 1:colcon.colcon_core.package_identification:_identify(src/interbotix_ros_toolboxes/interbotix_perception_toolbox) ignored
[0.532s] Level 1:colcon.colcon_core.package_identification:_identify(src/interbotix_ros_toolboxes/interbotix_rpi_toolbox) by extensions ['ignore', 'ignore_ament_install']
[0.532s] Level 1:colcon.colcon_core.package_identification:_identify(src/interbotix_ros_toolboxes/interbotix_rpi_toolbox) by extension 'ignore'
[0.532s] Level 1:colcon.colcon_core.package_identification:_identify(src/interbotix_ros_toolboxes/interbotix_rpi_toolbox) ignored
[0.532s] Level 1:colcon.colcon_core.package_identification:_identify(src/interbotix_ros_toolboxes/interbotix_xs_toolbox) by extensions ['ignore', 'ignore_ament_install']
[0.532s] Level 1:colcon.colcon_core.package_identification:_identify(src/interbotix_ros_toolboxes/interbotix_xs_toolbox) by extension 'ignore'
[0.532s] Level 1:colcon.colcon_core.package_identification:_identify(src/interbotix_ros_toolboxes/interbotix_xs_toolbox) by extension 'ignore_ament_install'
[0.532s] Level 1:colcon.colcon_core.package_identification:_identify(src/interbotix_ros_toolboxes/interbotix_xs_toolbox) by extensions ['colcon_pkg']
[0.532s] Level 1:colcon.colcon_core.package_identification:_identify(src/interbotix_ros_toolboxes/interbotix_xs_toolbox) by extension 'colcon_pkg'
[0.532s] Level 1:colcon.colcon_core.package_identification:_identify(src/interbotix_ros_toolboxes/interbotix_xs_toolbox) by extensions ['colcon_meta']
[0.532s] Level 1:colcon.colcon_core.package_identification:_identify(src/interbotix_ros_toolboxes/interbotix_xs_toolbox) by extension 'colcon_meta'
[0.532s] Level 1:colcon.colcon_core.package_identification:_identify(src/interbotix_ros_toolboxes/interbotix_xs_toolbox) by extensions ['ros']
[0.532s] Level 1:colcon.colcon_core.package_identification:_identify(src/interbotix_ros_toolboxes/interbotix_xs_toolbox) by extension 'ros'
[0.532s] Level 1:colcon.colcon_core.package_identification:_identify(src/interbotix_ros_toolboxes/interbotix_xs_toolbox) by extensions ['cmake', 'python']
[0.532s] Level 1:colcon.colcon_core.package_identification:_identify(src/interbotix_ros_toolboxes/interbotix_xs_toolbox) by extension 'cmake'
[0.532s] Level 1:colcon.colcon_core.package_identification:_identify(src/interbotix_ros_toolboxes/interbotix_xs_toolbox) by extension 'python'
[0.532s] Level 1:colcon.colcon_core.package_identification:_identify(src/interbotix_ros_toolboxes/interbotix_xs_toolbox) by extensions ['python_setup_py']
[0.532s] Level 1:colcon.colcon_core.package_identification:_identify(src/interbotix_ros_toolboxes/interbotix_xs_toolbox) by extension 'python_setup_py'
[0.532s] Level 1:colcon.colcon_core.package_identification:_identify(src/interbotix_ros_toolboxes/interbotix_xs_toolbox/interbotix_xs_modules) by extensions ['ignore', 'ignore_ament_install']
[0.532s] Level 1:colcon.colcon_core.package_identification:_identify(src/interbotix_ros_toolboxes/interbotix_xs_toolbox/interbotix_xs_modules) by extension 'ignore'
[0.532s] Level 1:colcon.colcon_core.package_identification:_identify(src/interbotix_ros_toolboxes/interbotix_xs_toolbox/interbotix_xs_modules) by extension 'ignore_ament_install'
[0.533s] Level 1:colcon.colcon_core.package_identification:_identify(src/interbotix_ros_toolboxes/interbotix_xs_toolbox/interbotix_xs_modules) by extensions ['colcon_pkg']
[0.533s] Level 1:colcon.colcon_core.package_identification:_identify(src/interbotix_ros_toolboxes/interbotix_xs_toolbox/interbotix_xs_modules) by extension 'colcon_pkg'
[0.533s] Level 1:colcon.colcon_core.package_identification:_identify(src/interbotix_ros_toolboxes/interbotix_xs_toolbox/interbotix_xs_modules) by extensions ['colcon_meta']
[0.533s] Level 1:colcon.colcon_core.package_identification:_identify(src/interbotix_ros_toolboxes/interbotix_xs_toolbox/interbotix_xs_modules) by extension 'colcon_meta'
[0.533s] Level 1:colcon.colcon_core.package_identification:_identify(src/interbotix_ros_toolboxes/interbotix_xs_toolbox/interbotix_xs_modules) by extensions ['ros']
[0.533s] Level 1:colcon.colcon_core.package_identification:_identify(src/interbotix_ros_toolboxes/interbotix_xs_toolbox/interbotix_xs_modules) by extension 'ros'
[0.533s] DEBUG:colcon.colcon_core.package_identification:Package 'src/interbotix_ros_toolboxes/interbotix_xs_toolbox/interbotix_xs_modules' with type 'ros.ament_python' and name 'interbotix_xs_modules'
[0.533s] Level 1:colcon.colcon_core.package_identification:_identify(src/interbotix_ros_toolboxes/interbotix_xs_toolbox/interbotix_xs_ros_control) by extensions ['ignore', 'ignore_ament_install']
[0.533s] Level 1:colcon.colcon_core.package_identification:_identify(src/interbotix_ros_toolboxes/interbotix_xs_toolbox/interbotix_xs_ros_control) by extension 'ignore'
[0.533s] Level 1:colcon.colcon_core.package_identification:_identify(src/interbotix_ros_toolboxes/interbotix_xs_toolbox/interbotix_xs_ros_control) by extension 'ignore_ament_install'
[0.533s] Level 1:colcon.colcon_core.package_identification:_identify(src/interbotix_ros_toolboxes/interbotix_xs_toolbox/interbotix_xs_ros_control) by extensions ['colcon_pkg']
[0.533s] Level 1:colcon.colcon_core.package_identification:_identify(src/interbotix_ros_toolboxes/interbotix_xs_toolbox/interbotix_xs_ros_control) by extension 'colcon_pkg'
[0.533s] Level 1:colcon.colcon_core.package_identification:_identify(src/interbotix_ros_toolboxes/interbotix_xs_toolbox/interbotix_xs_ros_control) by extensions ['colcon_meta']
[0.533s] Level 1:colcon.colcon_core.package_identification:_identify(src/interbotix_ros_toolboxes/interbotix_xs_toolbox/interbotix_xs_ros_control) by extension 'colcon_meta'
[0.533s] Level 1:colcon.colcon_core.package_identification:_identify(src/interbotix_ros_toolboxes/interbotix_xs_toolbox/interbotix_xs_ros_control) by extensions ['ros']
[0.533s] Level 1:colcon.colcon_core.package_identification:_identify(src/interbotix_ros_toolboxes/interbotix_xs_toolbox/interbotix_xs_ros_control) by extension 'ros'
[0.534s] DEBUG:colcon.colcon_core.package_identification:Package 'src/interbotix_ros_toolboxes/interbotix_xs_toolbox/interbotix_xs_ros_control' with type 'ros.ament_cmake' and name 'interbotix_xs_ros_control'
[0.534s] Level 1:colcon.colcon_core.package_identification:_identify(src/interbotix_ros_toolboxes/interbotix_xs_toolbox/interbotix_xs_rviz) by extensions ['ignore', 'ignore_ament_install']
[0.534s] Level 1:colcon.colcon_core.package_identification:_identify(src/interbotix_ros_toolboxes/interbotix_xs_toolbox/interbotix_xs_rviz) by extension 'ignore'
[0.534s] Level 1:colcon.colcon_core.package_identification:_identify(src/interbotix_ros_toolboxes/interbotix_xs_toolbox/interbotix_xs_rviz) by extension 'ignore_ament_install'
[0.534s] Level 1:colcon.colcon_core.package_identification:_identify(src/interbotix_ros_toolboxes/interbotix_xs_toolbox/interbotix_xs_rviz) by extensions ['colcon_pkg']
[0.534s] Level 1:colcon.colcon_core.package_identification:_identify(src/interbotix_ros_toolboxes/interbotix_xs_toolbox/interbotix_xs_rviz) by extension 'colcon_pkg'
[0.534s] Level 1:colcon.colcon_core.package_identification:_identify(src/interbotix_ros_toolboxes/interbotix_xs_toolbox/interbotix_xs_rviz) by extensions ['colcon_meta']
[0.534s] Level 1:colcon.colcon_core.package_identification:_identify(src/interbotix_ros_toolboxes/interbotix_xs_toolbox/interbotix_xs_rviz) by extension 'colcon_meta'
[0.534s] Level 1:colcon.colcon_core.package_identification:_identify(src/interbotix_ros_toolboxes/interbotix_xs_toolbox/interbotix_xs_rviz) by extensions ['ros']
[0.534s] Level 1:colcon.colcon_core.package_identification:_identify(src/interbotix_ros_toolboxes/interbotix_xs_toolbox/interbotix_xs_rviz) by extension 'ros'
[0.534s] DEBUG:colcon.colcon_core.package_identification:Package 'src/interbotix_ros_toolboxes/interbotix_xs_toolbox/interbotix_xs_rviz' with type 'ros.ament_cmake' and name 'interbotix_xs_rviz'
[0.535s] Level 1:colcon.colcon_core.package_identification:_identify(src/interbotix_ros_toolboxes/interbotix_xs_toolbox/interbotix_xs_toolbox) by extensions ['ignore', 'ignore_ament_install']
[0.535s] Level 1:colcon.colcon_core.package_identification:_identify(src/interbotix_ros_toolboxes/interbotix_xs_toolbox/interbotix_xs_toolbox) by extension 'ignore'
[0.535s] Level 1:colcon.colcon_core.package_identification:_identify(src/interbotix_ros_toolboxes/interbotix_xs_toolbox/interbotix_xs_toolbox) by extension 'ignore_ament_install'
[0.535s] Level 1:colcon.colcon_core.package_identification:_identify(src/interbotix_ros_toolboxes/interbotix_xs_toolbox/interbotix_xs_toolbox) by extensions ['colcon_pkg']
[0.535s] Level 1:colcon.colcon_core.package_identification:_identify(src/interbotix_ros_toolboxes/interbotix_xs_toolbox/interbotix_xs_toolbox) by extension 'colcon_pkg'
[0.535s] Level 1:colcon.colcon_core.package_identification:_identify(src/interbotix_ros_toolboxes/interbotix_xs_toolbox/interbotix_xs_toolbox) by extensions ['colcon_meta']
[0.535s] Level 1:colcon.colcon_core.package_identification:_identify(src/interbotix_ros_toolboxes/interbotix_xs_toolbox/interbotix_xs_toolbox) by extension 'colcon_meta'
[0.535s] Level 1:colcon.colcon_core.package_identification:_identify(src/interbotix_ros_toolboxes/interbotix_xs_toolbox/interbotix_xs_toolbox) by extensions ['ros']
[0.535s] Level 1:colcon.colcon_core.package_identification:_identify(src/interbotix_ros_toolboxes/interbotix_xs_toolbox/interbotix_xs_toolbox) by extension 'ros'
[0.535s] DEBUG:colcon.colcon_core.package_identification:Package 'src/interbotix_ros_toolboxes/interbotix_xs_toolbox/interbotix_xs_toolbox' with type 'ros.ament_cmake' and name 'interbotix_xs_toolbox'
[0.535s] Level 1:colcon.colcon_core.package_identification:_identify(src/interbotix_ros_toolboxes/third_party_libraries) by extensions ['ignore', 'ignore_ament_install']
[0.535s] Level 1:colcon.colcon_core.package_identification:_identify(src/interbotix_ros_toolboxes/third_party_libraries) by extension 'ignore'
[0.535s] Level 1:colcon.colcon_core.package_identification:_identify(src/interbotix_ros_toolboxes/third_party_libraries) by extension 'ignore_ament_install'
[0.535s] Level 1:colcon.colcon_core.package_identification:_identify(src/interbotix_ros_toolboxes/third_party_libraries) by extensions ['colcon_pkg']
[0.535s] Level 1:colcon.colcon_core.package_identification:_identify(src/interbotix_ros_toolboxes/third_party_libraries) by extension 'colcon_pkg'
[0.535s] Level 1:colcon.colcon_core.package_identification:_identify(src/interbotix_ros_toolboxes/third_party_libraries) by extensions ['colcon_meta']
[0.535s] Level 1:colcon.colcon_core.package_identification:_identify(src/interbotix_ros_toolboxes/third_party_libraries) by extension 'colcon_meta'
[0.535s] Level 1:colcon.colcon_core.package_identification:_identify(src/interbotix_ros_toolboxes/third_party_libraries) by extensions ['ros']
[0.535s] Level 1:colcon.colcon_core.package_identification:_identify(src/interbotix_ros_toolboxes/third_party_libraries) by extension 'ros'
[0.535s] Level 1:colcon.colcon_core.package_identification:_identify(src/interbotix_ros_toolboxes/third_party_libraries) by extensions ['cmake', 'python']
[0.535s] Level 1:colcon.colcon_core.package_identification:_identify(src/interbotix_ros_toolboxes/third_party_libraries) by extension 'cmake'
[0.535s] Level 1:colcon.colcon_core.package_identification:_identify(src/interbotix_ros_toolboxes/third_party_libraries) by extension 'python'
[0.535s] Level 1:colcon.colcon_core.package_identification:_identify(src/interbotix_ros_toolboxes/third_party_libraries) by extensions ['python_setup_py']
[0.535s] Level 1:colcon.colcon_core.package_identification:_identify(src/interbotix_ros_toolboxes/third_party_libraries) by extension 'python_setup_py'
[0.535s] Level 1:colcon.colcon_core.package_identification:_identify(src/interbotix_ros_toolboxes/third_party_libraries/ModernRobotics) by extensions ['ignore', 'ignore_ament_install']
[0.536s] Level 1:colcon.colcon_core.package_identification:_identify(src/interbotix_ros_toolboxes/third_party_libraries/ModernRobotics) by extension 'ignore'
[0.536s] Level 1:colcon.colcon_core.package_identification:_identify(src/interbotix_ros_toolboxes/third_party_libraries/ModernRobotics) by extension 'ignore_ament_install'
[0.536s] Level 1:colcon.colcon_core.package_identification:_identify(src/interbotix_ros_toolboxes/third_party_libraries/ModernRobotics) by extensions ['colcon_pkg']
[0.536s] Level 1:colcon.colcon_core.package_identification:_identify(src/interbotix_ros_toolboxes/third_party_libraries/ModernRobotics) by extension 'colcon_pkg'
[0.536s] Level 1:colcon.colcon_core.package_identification:_identify(src/interbotix_ros_toolboxes/third_party_libraries/ModernRobotics) by extensions ['colcon_meta']
[0.536s] Level 1:colcon.colcon_core.package_identification:_identify(src/interbotix_ros_toolboxes/third_party_libraries/ModernRobotics) by extension 'colcon_meta'
[0.536s] Level 1:colcon.colcon_core.package_identification:_identify(src/interbotix_ros_toolboxes/third_party_libraries/ModernRobotics) by extensions ['ros']
[0.536s] Level 1:colcon.colcon_core.package_identification:_identify(src/interbotix_ros_toolboxes/third_party_libraries/ModernRobotics) by extension 'ros'
[0.536s] Level 1:colcon.colcon_core.package_identification:_identify(src/interbotix_ros_toolboxes/third_party_libraries/ModernRobotics) by extensions ['cmake', 'python']
[0.536s] Level 1:colcon.colcon_core.package_identification:_identify(src/interbotix_ros_toolboxes/third_party_libraries/ModernRobotics) by extension 'cmake'
[0.536s] Level 1:colcon.colcon_core.package_identification:_identify(src/interbotix_ros_toolboxes/third_party_libraries/ModernRobotics) by extension 'python'
[0.536s] Level 1:colcon.colcon_core.package_identification:_identify(src/interbotix_ros_toolboxes/third_party_libraries/ModernRobotics) by extensions ['python_setup_py']
[0.536s] Level 1:colcon.colcon_core.package_identification:_identify(src/interbotix_ros_toolboxes/third_party_libraries/ModernRobotics) by extension 'python_setup_py'
[0.536s] Level 1:colcon.colcon_core.package_identification:_identify(src/interbotix_xs_driver) by extensions ['ignore', 'ignore_ament_install']
[0.536s] Level 1:colcon.colcon_core.package_identification:_identify(src/interbotix_xs_driver) by extension 'ignore'
[0.536s] Level 1:colcon.colcon_core.package_identification:_identify(src/interbotix_xs_driver) by extension 'ignore_ament_install'
[0.536s] Level 1:colcon.colcon_core.package_identification:_identify(src/interbotix_xs_driver) by extensions ['colcon_pkg']
[0.536s] Level 1:colcon.colcon_core.package_identification:_identify(src/interbotix_xs_driver) by extension 'colcon_pkg'
[0.536s] Level 1:colcon.colcon_core.package_identification:_identify(src/interbotix_xs_driver) by extensions ['colcon_meta']
[0.536s] Level 1:colcon.colcon_core.package_identification:_identify(src/interbotix_xs_driver) by extension 'colcon_meta'
[0.536s] Level 1:colcon.colcon_core.package_identification:_identify(src/interbotix_xs_driver) by extensions ['ros']
[0.536s] Level 1:colcon.colcon_core.package_identification:_identify(src/interbotix_xs_driver) by extension 'ros'
[0.536s] DEBUG:colcon.colcon_core.package_identification:Package 'src/interbotix_xs_driver' with type 'ros.ament_cmake' and name 'interbotix_xs_driver'
[0.536s] Level 1:colcon.colcon_core.package_discovery:discover_packages(recursive) using defaults
[0.536s] Level 1:colcon.colcon_core.package_discovery:discover_packages(ignore) discover
[0.536s] Level 1:colcon.colcon_core.package_discovery:discover_packages(ignore) using defaults
[0.536s] Level 1:colcon.colcon_core.package_discovery:discover_packages(path) discover
[0.536s] Level 1:colcon.colcon_core.package_discovery:discover_packages(path) using defaults
[0.554s] Level 1:colcon.colcon_core.package_discovery:discover_packages(prefix_path) check parameters
[0.554s] Level 1:colcon.colcon_core.package_discovery:discover_packages(prefix_path) discover
[0.556s] DEBUG:colcon.colcon_installed_package_information.package_discovery:Found 27 installed packages in /home/derek-dietz/MSAI/ComputerVision/Final_Project/ws/interbotix/install
[0.556s] DEBUG:colcon.colcon_installed_package_information.package_discovery:Found 1 installed packages in /home/derek-dietz/MSAI/ComputerVision/Final_Project/ros_ws/install
[0.557s] DEBUG:colcon.colcon_installed_package_information.package_discovery:Found 436 installed packages in /opt/ros/kilted
[0.558s] Level 1:colcon.colcon_core.package_discovery:discover_packages(prefix_path) using defaults
[0.601s] Level 5:colcon.colcon_core.verb:set package 'arm' build argument 'cmake_args' from command line to 'None'
[0.601s] Level 5:colcon.colcon_core.verb:set package 'arm' build argument 'cmake_target' from command line to 'None'
[0.601s] Level 5:colcon.colcon_core.verb:set package 'arm' build argument 'cmake_target_skip_unavailable' from command line to 'False'
[0.601s] Level 5:colcon.colcon_core.verb:set package 'arm' build argument 'cmake_clean_cache' from command line to 'False'
[0.601s] Level 5:colcon.colcon_core.verb:set package 'arm' build argument 'cmake_clean_first' from command line to 'False'
[0.601s] Level 5:colcon.colcon_core.verb:set package 'arm' build argument 'cmake_force_configure' from command line to 'False'
[0.601s] Level 5:colcon.colcon_core.verb:set package 'arm' build argument 'ament_cmake_args' from command line to 'None'
[0.601s] Level 5:colcon.colcon_core.verb:set package 'arm' build argument 'catkin_cmake_args' from command line to 'None'
[0.601s] Level 5:colcon.colcon_core.verb:set package 'arm' build argument 'catkin_skip_building_tests' from command line to 'False'
[0.601s] DEBUG:colcon.colcon_core.verb:Building package 'arm' with the following arguments: {'ament_cmake_args': None, 'build_base': '/home/derek-dietz/MSAI/ComputerVision/Final_Project/ws/interbotix/build/arm', 'catkin_cmake_args': None, 'catkin_skip_building_tests': False, 'cmake_args': None, 'cmake_clean_cache': False, 'cmake_clean_first': False, 'cmake_force_configure': False, 'cmake_target': None, 'cmake_target_skip_unavailable': False, 'install_base': '/home/derek-dietz/MSAI/ComputerVision/Final_Project/ws/interbotix/install', 'merge_install': True, 'path': '/home/derek-dietz/MSAI/ComputerVision/Final_Project/ws/interbotix/src/arm', 'symlink_install': False, 'test_result_base': None}
[0.601s] Level 5:colcon.colcon_core.verb:set package 'interbotix_common_modules' build argument 'cmake_args' from command line to 'None'
[0.601s] Level 5:colcon.colcon_core.verb:set package 'interbotix_common_modules' build argument 'cmake_target' from command line to 'None'
[0.601s] Level 5:colcon.colcon_core.verb:set package 'interbotix_common_modules' build argument 'cmake_target_skip_unavailable' from command line to 'False'
[0.601s] Level 5:colcon.colcon_core.verb:set package 'interbotix_common_modules' build argument 'cmake_clean_cache' from command line to 'False'
[0.601s] Level 5:colcon.colcon_core.verb:set package 'interbotix_common_modules' build argument 'cmake_clean_first' from command line to 'False'
[0.601s] Level 5:colcon.colcon_core.verb:set package 'interbotix_common_modules' build argument 'cmake_force_configure' from command line to 'False'
[0.601s] Level 5:colcon.colcon_core.verb:set package 'interbotix_common_modules' build argument 'ament_cmake_args' from command line to 'None'
[0.601s] Level 5:colcon.colcon_core.verb:set package 'interbotix_common_modules' build argument 'catkin_cmake_args' from command line to 'None'
[0.601s] Level 5:colcon.colcon_core.verb:set package 'interbotix_common_modules' build argument 'catkin_skip_building_tests' from command line to 'False'
[0.601s] DEBUG:colcon.colcon_core.verb:Building package 'interbotix_common_modules' with the following arguments: {'ament_cmake_args': None, 'build_base': '/home/derek-dietz/MSAI/ComputerVision/Final_Project/ws/interbotix/build/interbotix_common_modules', 'catkin_cmake_args': None, 'catkin_skip_building_tests': False, 'cmake_args': None, 'cmake_clean_cache': False, 'cmake_clean_first': False, 'cmake_force_configure': False, 'cmake_target': None, 'cmake_target_skip_unavailable': False, 'install_base': '/home/derek-dietz/MSAI/ComputerVision/Final_Project/ws/interbotix/install', 'merge_install': True, 'path': '/home/derek-dietz/MSAI/ComputerVision/Final_Project/ws/interbotix/src/interbotix_ros_toolboxes/interbotix_common_toolbox/interbotix_common_modules', 'symlink_install': False, 'test_result_base': None}
[0.601s] Level 5:colcon.colcon_core.verb:set package 'interbotix_common_sim' build argument 'cmake_args' from command line to 'None'
[0.602s] Level 5:colcon.colcon_core.verb:set package 'interbotix_common_sim' build argument 'cmake_target' from command line to 'None'
[0.602s] Level 5:colcon.colcon_core.verb:set package 'interbotix_common_sim' build argument 'cmake_target_skip_unavailable' from command line to 'False'
[0.602s] Level 5:colcon.colcon_core.verb:set package 'interbotix_common_sim' build argument 'cmake_clean_cache' from command line to 'False'
[0.602s] Level 5:colcon.colcon_core.verb:set package 'interbotix_common_sim' build argument 'cmake_clean_first' from command line to 'False'
[0.602s] Level 5:colcon.colcon_core.verb:set package 'interbotix_common_sim' build argument 'cmake_force_configure' from command line to 'False'
[0.602s] Level 5:colcon.colcon_core.verb:set package 'interbotix_common_sim' build argument 'ament_cmake_args' from command line to 'None'
[0.602s] Level 5:colcon.colcon_core.verb:set package 'interbotix_common_sim' build argument 'catkin_cmake_args' from command line to 'None'
[0.602s] Level 5:colcon.colcon_core.verb:set package 'interbotix_common_sim' build argument 'catkin_skip_building_tests' from command line to 'False'
[0.602s] DEBUG:colcon.colcon_core.verb:Building package 'interbotix_common_sim' with the following arguments: {'ament_cmake_args': None, 'build_base': '/home/derek-dietz/MSAI/ComputerVision/Final_Project/ws/interbotix/build/interbotix_common_sim', 'catkin_cmake_args': None, 'catkin_skip_building_tests': False, 'cmake_args': None, 'cmake_clean_cache': False, 'cmake_clean_first': False, 'cmake_force_configure': False, 'cmake_target': None, 'cmake_target_skip_unavailable': False, 'install_base': '/home/derek-dietz/MSAI/ComputerVision/Final_Project/ws/interbotix/install', 'merge_install': True, 'path': '/home/derek-dietz/MSAI/ComputerVision/Final_Project/ws/interbotix/src/interbotix_ros_toolboxes/interbotix_common_toolbox/interbotix_common_sim', 'symlink_install': False, 'test_result_base': None}
[0.602s] Level 5:colcon.colcon_core.verb:set package 'interbotix_moveit_interface_msgs' build argument 'cmake_args' from command line to 'None'
[0.602s] Level 5:colcon.colcon_core.verb:set package 'interbotix_moveit_interface_msgs' build argument 'cmake_target' from command line to 'None'
[0.602s] Level 5:colcon.colcon_core.verb:set package 'interbotix_moveit_interface_msgs' build argument 'cmake_target_skip_unavailable' from command line to 'False'
[0.602s] Level 5:colcon.colcon_core.verb:set package 'interbotix_moveit_interface_msgs' build argument 'cmake_clean_cache' from command line to 'False'
[0.602s] Level 5:colcon.colcon_core.verb:set package 'interbotix_moveit_interface_msgs' build argument 'cmake_clean_first' from command line to 'False'
[0.602s] Level 5:colcon.colcon_core.verb:set package 'interbotix_moveit_interface_msgs' build argument 'cmake_force_configure' from command line to 'False'
[0.602s] Level 5:colcon.colcon_core.verb:set package 'interbotix_moveit_interface_msgs' build argument 'ament_cmake_args' from command line to 'None'
[0.602s] Level 5:colcon.colcon_core.verb:set package 'interbotix_moveit_interface_msgs' build argument 'catkin_cmake_args' from command line to 'None'
[0.602s] Level 5:colcon.colcon_core.verb:set package 'interbotix_moveit_interface_msgs' build argument 'catkin_skip_building_tests' from command line to 'False'
[0.602s] DEBUG:colcon.colcon_core.verb:Building package 'interbotix_moveit_interface_msgs' with the following arguments: {'ament_cmake_args': None, 'build_base': '/home/derek-dietz/MSAI/ComputerVision/Final_Project/ws/interbotix/build/interbotix_moveit_interface_msgs', 'catkin_cmake_args': None, 'catkin_skip_building_tests': False, 'cmake_args': None, 'cmake_clean_cache': False, 'cmake_clean_first': False, 'cmake_force_configure': False, 'cmake_target': None, 'cmake_target_skip_unavailable': False, 'install_base': '/home/derek-dietz/MSAI/ComputerVision/Final_Project/ws/interbotix/install', 'merge_install': True, 'path': '/home/derek-dietz/MSAI/ComputerVision/Final_Project/ws/interbotix/src/interbotix_ros_toolboxes/interbotix_common_toolbox/interbotix_moveit_interface_msgs', 'symlink_install': False, 'test_result_base': None}
[0.602s] Level 5:colcon.colcon_core.verb:set package 'interbotix_tf_tools' build argument 'cmake_args' from command line to 'None'
[0.602s] Level 5:colcon.colcon_core.verb:set package 'interbotix_tf_tools' build argument 'cmake_target' from command line to 'None'
[0.602s] Level 5:colcon.colcon_core.verb:set package 'interbotix_tf_tools' build argument 'cmake_target_skip_unavailable' from command line to 'False'
[0.602s] Level 5:colcon.colcon_core.verb:set package 'interbotix_tf_tools' build argument 'cmake_clean_cache' from command line to 'False'
[0.602s] Level 5:colcon.colcon_core.verb:set package 'interbotix_tf_tools' build argument 'cmake_clean_first' from command line to 'False'
[0.602s] Level 5:colcon.colcon_core.verb:set package 'interbotix_tf_tools' build argument 'cmake_force_configure' from command line to 'False'
[0.602s] Level 5:colcon.colcon_core.verb:set package 'interbotix_tf_tools' build argument 'ament_cmake_args' from command line to 'None'
[0.602s] Level 5:colcon.colcon_core.verb:set package 'interbotix_tf_tools' build argument 'catkin_cmake_args' from command line to 'None'
[0.602s] Level 5:colcon.colcon_core.verb:set package 'interbotix_tf_tools' build argument 'catkin_skip_building_tests' from command line to 'False'
[0.602s] DEBUG:colcon.colcon_core.verb:Building package 'interbotix_tf_tools' with the following arguments: {'ament_cmake_args': None, 'build_base': '/home/derek-dietz/MSAI/ComputerVision/Final_Project/ws/interbotix/build/interbotix_tf_tools', 'catkin_cmake_args': None, 'catkin_skip_building_tests': False, 'cmake_args': None, 'cmake_clean_cache': False, 'cmake_clean_first': False, 'cmake_force_configure': False, 'cmake_target': None, 'cmake_target_skip_unavailable': False, 'install_base': '/home/derek-dietz/MSAI/ComputerVision/Final_Project/ws/interbotix/install', 'merge_install': True, 'path': '/home/derek-dietz/MSAI/ComputerVision/Final_Project/ws/interbotix/src/interbotix_ros_toolboxes/interbotix_common_toolbox/interbotix_tf_tools', 'symlink_install': False, 'test_result_base': None}
[0.602s] Level 5:colcon.colcon_core.verb:set package 'interbotix_xs_driver' build argument 'cmake_args' from command line to 'None'
[0.602s] Level 5:colcon.colcon_core.verb:set package 'interbotix_xs_driver' build argument 'cmake_target' from command line to 'None'
[0.602s] Level 5:colcon.colcon_core.verb:set package 'interbotix_xs_driver' build argument 'cmake_target_skip_unavailable' from command line to 'False'
[0.602s] Level 5:colcon.colcon_core.verb:set package 'interbotix_xs_driver' build argument 'cmake_clean_cache' from command line to 'False'
[0.602s] Level 5:colcon.colcon_core.verb:set package 'interbotix_xs_driver' build argument 'cmake_clean_first' from command line to 'False'
[0.602s] Level 5:colcon.colcon_core.verb:set package 'interbotix_xs_driver' build argument 'cmake_force_configure' from command line to 'False'
[0.602s] Level 5:colcon.colcon_core.verb:set package 'interbotix_xs_driver' build argument 'ament_cmake_args' from command line to 'None'
[0.602s] Level 5:colcon.colcon_core.verb:set package 'interbotix_xs_driver' build argument 'catkin_cmake_args' from command line to 'None'
[0.602s] Level 5:colcon.colcon_core.verb:set package 'interbotix_xs_driver' build argument 'catkin_skip_building_tests' from command line to 'False'
[0.602s] DEBUG:colcon.colcon_core.verb:Building package 'interbotix_xs_driver' with the following arguments: {'ament_cmake_args': None, 'build_base': '/home/derek-dietz/MSAI/ComputerVision/Final_Project/ws/interbotix/build/interbotix_xs_driver', 'catkin_cmake_args': None, 'catkin_skip_building_tests': False, 'cmake_args': None, 'cmake_clean_cache': False, 'cmake_clean_first': False, 'cmake_force_configure': False, 'cmake_target': None, 'cmake_target_skip_unavailable': False, 'install_base': '/home/derek-dietz/MSAI/ComputerVision/Final_Project/ws/interbotix/install', 'merge_install': True, 'path': '/home/derek-dietz/MSAI/ComputerVision/Final_Project/ws/interbotix/src/interbotix_xs_driver', 'symlink_install': False, 'test_result_base': None}
[0.603s] Level 5:colcon.colcon_core.verb:set package 'interbotix_xs_msgs' build argument 'cmake_args' from command line to 'None'
[0.603s] Level 5:colcon.colcon_core.verb:set package 'interbotix_xs_msgs' build argument 'cmake_target' from command line to 'None'
[0.603s] Level 5:colcon.colcon_core.verb:set package 'interbotix_xs_msgs' build argument 'cmake_target_skip_unavailable' from command line to 'False'
[0.603s] Level 5:colcon.colcon_core.verb:set package 'interbotix_xs_msgs' build argument 'cmake_clean_cache' from command line to 'False'
[0.603s] Level 5:colcon.colcon_core.verb:set package 'interbotix_xs_msgs' build argument 'cmake_clean_first' from command line to 'False'
[0.603s] Level 5:colcon.colcon_core.verb:set package 'interbotix_xs_msgs' build argument 'cmake_force_configure' from command line to 'False'
[0.603s] Level 5:colcon.colcon_core.verb:set package 'interbotix_xs_msgs' build argument 'ament_cmake_args' from command line to 'None'
[0.603s] Level 5:colcon.colcon_core.verb:set package 'interbotix_xs_msgs' build argument 'catkin_cmake_args' from command line to 'None'
[0.603s] Level 5:colcon.colcon_core.verb:set package 'interbotix_xs_msgs' build argument 'catkin_skip_building_tests' from command line to 'False'
[0.603s] DEBUG:colcon.colcon_core.verb:Building package 'interbotix_xs_msgs' with the following arguments: {'ament_cmake_args': None, 'build_base': '/home/derek-dietz/MSAI/ComputerVision/Final_Project/ws/interbotix/build/interbotix_xs_msgs', 'catkin_cmake_args': None, 'catkin_skip_building_tests': False, 'cmake_args': None, 'cmake_clean_cache': False, 'cmake_clean_first': False, 'cmake_force_configure': False, 'cmake_target': None, 'cmake_target_skip_unavailable': False, 'install_base': '/home/derek-dietz/MSAI/ComputerVision/Final_Project/ws/interbotix/install', 'merge_install': True, 'path': '/home/derek-dietz/MSAI/ComputerVision/Final_Project/ws/interbotix/src/interbotix_ros_core/interbotix_ros_xseries/interbotix_xs_msgs', 'symlink_install': False, 'test_result_base': None}
[0.603s] Level 5:colcon.colcon_core.verb:set package 'modern_robotics' build argument 'cmake_args' from command line to 'None'
[0.603s] Level 5:colcon.colcon_core.verb:set package 'modern_robotics' build argument 'cmake_target' from command line to 'None'
[0.603s] Level 5:colcon.colcon_core.verb:set package 'modern_robotics' build argument 'cmake_target_skip_unavailable' from command line to 'False'
[0.603s] Level 5:colcon.colcon_core.verb:set package 'modern_robotics' build argument 'cmake_clean_cache' from command line to 'False'
[0.603s] Level 5:colcon.colcon_core.verb:set package 'modern_robotics' build argument 'cmake_clean_first' from command line to 'False'
[0.603s] Level 5:colcon.colcon_core.verb:set package 'modern_robotics' build argument 'cmake_force_configure' from command line to 'False'
[0.603s] Level 5:colcon.colcon_core.verb:set package 'modern_robotics' build argument 'ament_cmake_args' from command line to 'None'
[0.603s] Level 5:colcon.colcon_core.verb:set package 'modern_robotics' build argument 'catkin_cmake_args' from command line to 'None'
[0.603s] Level 5:colcon.colcon_core.verb:set package 'modern_robotics' build argument 'catkin_skip_building_tests' from command line to 'False'
[0.603s] DEBUG:colcon.colcon_core.verb:Building package 'modern_robotics' with the following arguments: {'ament_cmake_args': None, 'build_base': '/home/derek-dietz/MSAI/ComputerVision/Final_Project/ws/interbotix/build/modern_robotics', 'catkin_cmake_args': None, 'catkin_skip_building_tests': False, 'cmake_args': None, 'cmake_clean_cache': False, 'cmake_clean_first': False, 'cmake_force_configure': False, 'cmake_target': None, 'cmake_target_skip_unavailable': False, 'install_base': '/home/derek-dietz/MSAI/ComputerVision/Final_Project/ws/interbotix/install', 'merge_install': True, 'path': '/home/derek-dietz/MSAI/ComputerVision/Final_Project/ws/interbotix/src/ModernRobotics/packages/Python', 'symlink_install': False, 'test_result_base': None}
[0.603s] Level 5:colcon.colcon_core.verb:set package 'interbotix_common_toolbox' build argument 'cmake_args' from command line to 'None'
[0.603s] Level 5:colcon.colcon_core.verb:set package 'interbotix_common_toolbox' build argument 'cmake_target' from command line to 'None'
[0.603s] Level 5:colcon.colcon_core.verb:set package 'interbotix_common_toolbox' build argument 'cmake_target_skip_unavailable' from command line to 'False'
[0.603s] Level 5:colcon.colcon_core.verb:set package 'interbotix_common_toolbox' build argument 'cmake_clean_cache' from command line to 'False'
[0.603s] Level 5:colcon.colcon_core.verb:set package 'interbotix_common_toolbox' build argument 'cmake_clean_first' from command line to 'False'
[0.603s] Level 5:colcon.colcon_core.verb:set package 'interbotix_common_toolbox' build argument 'cmake_force_configure' from command line to 'False'
[0.603s] Level 5:colcon.colcon_core.verb:set package 'interbotix_common_toolbox' build argument 'ament_cmake_args' from command line to 'None'
[0.603s] Level 5:colcon.colcon_core.verb:set package 'interbotix_common_toolbox' build argument 'catkin_cmake_args' from command line to 'None'
[0.603s] Level 5:colcon.colcon_core.verb:set package 'interbotix_common_toolbox' build argument 'catkin_skip_building_tests' from command line to 'False'
[0.603s] DEBUG:colcon.colcon_core.verb:Building package 'interbotix_common_toolbox' with the following arguments: {'ament_cmake_args': None, 'build_base': '/home/derek-dietz/MSAI/ComputerVision/Final_Project/ws/interbotix/build/interbotix_common_toolbox', 'catkin_cmake_args': None, 'catkin_skip_building_tests': False, 'cmake_args': None, 'cmake_clean_cache': False, 'cmake_clean_first': False, 'cmake_force_configure': False, 'cmake_target': None, 'cmake_target_skip_unavailable': False, 'install_base': '/home/derek-dietz/MSAI/ComputerVision/Final_Project/ws/interbotix/install', 'merge_install': True, 'path': '/home/derek-dietz/MSAI/ComputerVision/Final_Project/ws/interbotix/src/interbotix_ros_toolboxes/interbotix_common_toolbox/interbotix_common_toolbox', 'symlink_install': False, 'test_result_base': None}
[0.603s] Level 5:colcon.colcon_core.verb:set package 'interbotix_moveit_interface' build argument 'cmake_args' from command line to 'None'
[0.603s] Level 5:colcon.colcon_core.verb:set package 'interbotix_moveit_interface' build argument 'cmake_target' from command line to 'None'
[0.603s] Level 5:colcon.colcon_core.verb:set package 'interbotix_moveit_interface' build argument 'cmake_target_skip_unavailable' from command line to 'False'
[0.603s] Level 5:colcon.colcon_core.verb:set package 'interbotix_moveit_interface' build argument 'cmake_clean_cache' from command line to 'False'
[0.603s] Level 5:colcon.colcon_core.verb:set package 'interbotix_moveit_interface' build argument 'cmake_clean_first' from command line to 'False'
[0.603s] Level 5:colcon.colcon_core.verb:set package 'interbotix_moveit_interface' build argument 'cmake_force_configure' from command line to 'False'
[0.603s] Level 5:colcon.colcon_core.verb:set package 'interbotix_moveit_interface' build argument 'ament_cmake_args' from command line to 'None'
[0.603s] Level 5:colcon.colcon_core.verb:set package 'interbotix_moveit_interface' build argument 'catkin_cmake_args' from command line to 'None'
[0.603s] Level 5:colcon.colcon_core.verb:set package 'interbotix_moveit_interface' build argument 'catkin_skip_building_tests' from command line to 'False'
[0.603s] DEBUG:colcon.colcon_core.verb:Building package 'interbotix_moveit_interface' with the following arguments: {'ament_cmake_args': None, 'build_base': '/home/derek-dietz/MSAI/ComputerVision/Final_Project/ws/interbotix/build/interbotix_moveit_interface', 'catkin_cmake_args': None, 'catkin_skip_building_tests': False, 'cmake_args': None, 'cmake_clean_cache': False, 'cmake_clean_first': False, 'cmake_force_configure': False, 'cmake_target': None, 'cmake_target_skip_unavailable': False, 'install_base': '/home/derek-dietz/MSAI/ComputerVision/Final_Project/ws/interbotix/install', 'merge_install': True, 'path': '/home/derek-dietz/MSAI/ComputerVision/Final_Project/ws/interbotix/src/interbotix_ros_toolboxes/interbotix_common_toolbox/interbotix_moveit_interface', 'symlink_install': False, 'test_result_base': None}
[0.604s] Level 5:colcon.colcon_core.verb:set package 'interbotix_xs_ros_control' build argument 'cmake_args' from command line to 'None'
[0.604s] Level 5:colcon.colcon_core.verb:set package 'interbotix_xs_ros_control' build argument 'cmake_target' from command line to 'None'
[0.604s] Level 5:colcon.colcon_core.verb:set package 'interbotix_xs_ros_control' build argument 'cmake_target_skip_unavailable' from command line to 'False'
[0.604s] Level 5:colcon.colcon_core.verb:set package 'interbotix_xs_ros_control' build argument 'cmake_clean_cache' from command line to 'False'
[0.604s] Level 5:colcon.colcon_core.verb:set package 'interbotix_xs_ros_control' build argument 'cmake_clean_first' from command line to 'False'
[0.604s] Level 5:colcon.colcon_core.verb:set package 'interbotix_xs_ros_control' build argument 'cmake_force_configure' from command line to 'False'
[0.604s] Level 5:colcon.colcon_core.verb:set package 'interbotix_xs_ros_control' build argument 'ament_cmake_args' from command line to 'None'
[0.604s] Level 5:colcon.colcon_core.verb:set package 'interbotix_xs_ros_control' build argument 'catkin_cmake_args' from command line to 'None'
[0.604s] Level 5:colcon.colcon_core.verb:set package 'interbotix_xs_ros_control' build argument 'catkin_skip_building_tests' from command line to 'False'
[0.604s] DEBUG:colcon.colcon_core.verb:Building package 'interbotix_xs_ros_control' with the following arguments: {'ament_cmake_args': None, 'build_base': '/home/derek-dietz/MSAI/ComputerVision/Final_Project/ws/interbotix/build/interbotix_xs_ros_control', 'catkin_cmake_args': None, 'catkin_skip_building_tests': False, 'cmake_args': None, 'cmake_clean_cache': False, 'cmake_clean_first': False, 'cmake_force_configure': False, 'cmake_target': None, 'cmake_target_skip_unavailable': False, 'install_base': '/home/derek-dietz/MSAI/ComputerVision/Final_Project/ws/interbotix/install', 'merge_install': True, 'path': '/home/derek-dietz/MSAI/ComputerVision/Final_Project/ws/interbotix/src/interbotix_ros_toolboxes/interbotix_xs_toolbox/interbotix_xs_ros_control', 'symlink_install': False, 'test_result_base': None}
[0.604s] Level 5:colcon.colcon_core.verb:set package 'interbotix_xs_sdk' build argument 'cmake_args' from command line to 'None'
[0.604s] Level 5:colcon.colcon_core.verb:set package 'interbotix_xs_sdk' build argument 'cmake_target' from command line to 'None'
[0.604s] Level 5:colcon.colcon_core.verb:set package 'interbotix_xs_sdk' build argument 'cmake_target_skip_unavailable' from command line to 'False'
[0.604s] Level 5:colcon.colcon_core.verb:set package 'interbotix_xs_sdk' build argument 'cmake_clean_cache' from command line to 'False'
[0.604s] Level 5:colcon.colcon_core.verb:set package 'interbotix_xs_sdk' build argument 'cmake_clean_first' from command line to 'False'
[0.604s] Level 5:colcon.colcon_core.verb:set package 'interbotix_xs_sdk' build argument 'cmake_force_configure' from command line to 'False'
[0.604s] Level 5:colcon.colcon_core.verb:set package 'interbotix_xs_sdk' build argument 'ament_cmake_args' from command line to 'None'
[0.604s] Level 5:colcon.colcon_core.verb:set package 'interbotix_xs_sdk' build argument 'catkin_cmake_args' from command line to 'None'
[0.604s] Level 5:colcon.colcon_core.verb:set package 'interbotix_xs_sdk' build argument 'catkin_skip_building_tests' from command line to 'False'
[0.604s] DEBUG:colcon.colcon_core.verb:Building package 'interbotix_xs_sdk' with the following arguments: {'ament_cmake_args': None, 'build_base': '/home/derek-dietz/MSAI/ComputerVision/Final_Project/ws/interbotix/build/interbotix_xs_sdk', 'catkin_cmake_args': None, 'catkin_skip_building_tests': False, 'cmake_args': None, 'cmake_clean_cache': False, 'cmake_clean_first': False, 'cmake_force_configure': False, 'cmake_target': None, 'cmake_target_skip_unavailable': False, 'install_base': '/home/derek-dietz/MSAI/ComputerVision/Final_Project/ws/interbotix/install', 'merge_install': True, 'path': '/home/derek-dietz/MSAI/ComputerVision/Final_Project/ws/interbotix/src/interbotix_ros_core/interbotix_ros_xseries/interbotix_xs_sdk', 'symlink_install': False, 'test_result_base': None}
[0.604s] Level 5:colcon.colcon_core.verb:set package 'interbotix_ros_xseries' build argument 'cmake_args' from command line to 'None'
[0.604s] Level 5:colcon.colcon_core.verb:set package 'interbotix_ros_xseries' build argument 'cmake_target' from command line to 'None'
[0.604s] Level 5:colcon.colcon_core.verb:set package 'interbotix_ros_xseries' build argument 'cmake_target_skip_unavailable' from command line to 'False'
[0.604s] Level 5:colcon.colcon_core.verb:set package 'interbotix_ros_xseries' build argument 'cmake_clean_cache' from command line to 'False'
[0.604s] Level 5:colcon.colcon_core.verb:set package 'interbotix_ros_xseries' build argument 'cmake_clean_first' from command line to 'False'
[0.604s] Level 5:colcon.colcon_core.verb:set package 'interbotix_ros_xseries' build argument 'cmake_force_configure' from command line to 'False'
[0.604s] Level 5:colcon.colcon_core.verb:set package 'interbotix_ros_xseries' build argument 'ament_cmake_args' from command line to 'None'
[0.604s] Level 5:colcon.colcon_core.verb:set package 'interbotix_ros_xseries' build argument 'catkin_cmake_args' from command line to 'None'
[0.604s] Level 5:colcon.colcon_core.verb:set package 'interbotix_ros_xseries' build argument 'catkin_skip_building_tests' from command line to 'False'
[0.604s] DEBUG:colcon.colcon_core.verb:Building package 'interbotix_ros_xseries' with the following arguments: {'ament_cmake_args': None, 'build_base': '/home/derek-dietz/MSAI/ComputerVision/Final_Project/ws/interbotix/build/interbotix_ros_xseries', 'catkin_cmake_args': None, 'catkin_skip_building_tests': False, 'cmake_args': None, 'cmake_clean_cache': False, 'cmake_clean_first': False, 'cmake_force_configure': False, 'cmake_target': None, 'cmake_target_skip_unavailable': False, 'install_base': '/home/derek-dietz/MSAI/ComputerVision/Final_Project/ws/interbotix/install', 'merge_install': True, 'path': '/home/derek-dietz/MSAI/ComputerVision/Final_Project/ws/interbotix/src/interbotix_ros_core/interbotix_ros_xseries/interbotix_ros_xseries', 'symlink_install': False, 'test_result_base': None}
[0.604s] Level 5:colcon.colcon_core.verb:set package 'interbotix_xs_modules' build argument 'cmake_args' from command line to 'None'
[0.604s] Level 5:colcon.colcon_core.verb:set package 'interbotix_xs_modules' build argument 'cmake_target' from command line to 'None'
[0.604s] Level 5:colcon.colcon_core.verb:set package 'interbotix_xs_modules' build argument 'cmake_target_skip_unavailable' from command line to 'False'
[0.604s] Level 5:colcon.colcon_core.verb:set package 'interbotix_xs_modules' build argument 'cmake_clean_cache' from command line to 'False'
[0.604s] Level 5:colcon.colcon_core.verb:set package 'interbotix_xs_modules' build argument 'cmake_clean_first' from command line to 'False'
[0.604s] Level 5:colcon.colcon_core.verb:set package 'interbotix_xs_modules' build argument 'cmake_force_configure' from command line to 'False'
[0.604s] Level 5:colcon.colcon_core.verb:set package 'interbotix_xs_modules' build argument 'ament_cmake_args' from command line to 'None'
[0.604s] Level 5:colcon.colcon_core.verb:set package 'interbotix_xs_modules' build argument 'catkin_cmake_args' from command line to 'None'
[0.604s] Level 5:colcon.colcon_core.verb:set package 'interbotix_xs_modules' build argument 'catkin_skip_building_tests' from command line to 'False'
[0.604s] DEBUG:colcon.colcon_core.verb:Building package 'interbotix_xs_modules' with the following arguments: {'ament_cmake_args': None, 'build_base': '/home/derek-dietz/MSAI/ComputerVision/Final_Project/ws/interbotix/build/interbotix_xs_modules', 'catkin_cmake_args': None, 'catkin_skip_building_tests': False, 'cmake_args': None, 'cmake_clean_cache': False, 'cmake_clean_first': False, 'cmake_force_configure': False, 'cmake_target': None, 'cmake_target_skip_unavailable': False, 'install_base': '/home/derek-dietz/MSAI/ComputerVision/Final_Project/ws/interbotix/install', 'merge_install': True, 'path': '/home/derek-dietz/MSAI/ComputerVision/Final_Project/ws/interbotix/src/interbotix_ros_toolboxes/interbotix_xs_toolbox/interbotix_xs_modules', 'symlink_install': False, 'test_result_base': None}
[0.604s] Level 5:colcon.colcon_core.verb:set package 'interbotix_xs_rviz' build argument 'cmake_args' from command line to 'None'
[0.605s] Level 5:colcon.colcon_core.verb:set package 'interbotix_xs_rviz' build argument 'cmake_target' from command line to 'None'
[0.605s] Level 5:colcon.colcon_core.verb:set package 'interbotix_xs_rviz' build argument 'cmake_target_skip_unavailable' from command line to 'False'
[0.605s] Level 5:colcon.colcon_core.verb:set package 'interbotix_xs_rviz' build argument 'cmake_clean_cache' from command line to 'False'
[0.605s] Level 5:colcon.colcon_core.verb:set package 'interbotix_xs_rviz' build argument 'cmake_clean_first' from command line to 'False'
[0.605s] Level 5:colcon.colcon_core.verb:set package 'interbotix_xs_rviz' build argument 'cmake_force_configure' from command line to 'False'
[0.605s] Level 5:colcon.colcon_core.verb:set package 'interbotix_xs_rviz' build argument 'ament_cmake_args' from command line to 'None'
[0.605s] Level 5:colcon.colcon_core.verb:set package 'interbotix_xs_rviz' build argument 'catkin_cmake_args' from command line to 'None'
[0.605s] Level 5:colcon.colcon_core.verb:set package 'interbotix_xs_rviz' build argument 'catkin_skip_building_tests' from command line to 'False'
[0.605s] DEBUG:colcon.colcon_core.verb:Building package 'interbotix_xs_rviz' with the following arguments: {'ament_cmake_args': None, 'build_base': '/home/derek-dietz/MSAI/ComputerVision/Final_Project/ws/interbotix/build/interbotix_xs_rviz', 'catkin_cmake_args': None, 'catkin_skip_building_tests': False, 'cmake_args': None, 'cmake_clean_cache': False, 'cmake_clean_first': False, 'cmake_force_configure': False, 'cmake_target': None, 'cmake_target_skip_unavailable': False, 'install_base': '/home/derek-dietz/MSAI/ComputerVision/Final_Project/ws/interbotix/install', 'merge_install': True, 'path': '/home/derek-dietz/MSAI/ComputerVision/Final_Project/ws/interbotix/src/interbotix_ros_toolboxes/interbotix_xs_toolbox/interbotix_xs_rviz', 'symlink_install': False, 'test_result_base': None}
[0.605s] Level 5:colcon.colcon_core.verb:set package 'interbotix_xs_toolbox' build argument 'cmake_args' from command line to 'None'
[0.605s] Level 5:colcon.colcon_core.verb:set package 'interbotix_xs_toolbox' build argument 'cmake_target' from command line to 'None'
[0.605s] Level 5:colcon.colcon_core.verb:set package 'interbotix_xs_toolbox' build argument 'cmake_target_skip_unavailable' from command line to 'False'
[0.605s] Level 5:colcon.colcon_core.verb:set package 'interbotix_xs_toolbox' build argument 'cmake_clean_cache' from command line to 'False'
[0.605s] Level 5:colcon.colcon_core.verb:set package 'interbotix_xs_toolbox' build argument 'cmake_clean_first' from command line to 'False'
[0.605s] Level 5:colcon.colcon_core.verb:set package 'interbotix_xs_toolbox' build argument 'cmake_force_configure' from command line to 'False'
[0.605s] Level 5:colcon.colcon_core.verb:set package 'interbotix_xs_toolbox' build argument 'ament_cmake_args' from command line to 'None'
[0.605s] Level 5:colcon.colcon_core.verb:set package 'interbotix_xs_toolbox' build argument 'catkin_cmake_args' from command line to 'None'
[0.605s] Level 5:colcon.colcon_core.verb:set package 'interbotix_xs_toolbox' build argument 'catkin_skip_building_tests' from command line to 'False'
[0.605s] DEBUG:colcon.colcon_core.verb:Building package 'interbotix_xs_toolbox' with the following arguments: {'ament_cmake_args': None, 'build_base': '/home/derek-dietz/MSAI/ComputerVision/Final_Project/ws/interbotix/build/interbotix_xs_toolbox', 'catkin_cmake_args': None, 'catkin_skip_building_tests': False, 'cmake_args': None, 'cmake_clean_cache': False, 'cmake_clean_first': False, 'cmake_force_configure': False, 'cmake_target': None, 'cmake_target_skip_unavailable': False, 'install_base': '/home/derek-dietz/MSAI/ComputerVision/Final_Project/ws/interbotix/install', 'merge_install': True, 'path': '/home/derek-dietz/MSAI/ComputerVision/Final_Project/ws/interbotix/src/interbotix_ros_toolboxes/interbotix_xs_toolbox/interbotix_xs_toolbox', 'symlink_install': False, 'test_result_base': None}
[0.605s] Level 5:colcon.colcon_core.verb:set package 'interbotix_xsarm_descriptions' build argument 'cmake_args' from command line to 'None'
[0.605s] Level 5:colcon.colcon_core.verb:set package 'interbotix_xsarm_descriptions' build argument 'cmake_target' from command line to 'None'
[0.605s] Level 5:colcon.colcon_core.verb:set package 'interbotix_xsarm_descriptions' build argument 'cmake_target_skip_unavailable' from command line to 'False'
[0.605s] Level 5:colcon.colcon_core.verb:set package 'interbotix_xsarm_descriptions' build argument 'cmake_clean_cache' from command line to 'False'
[0.605s] Level 5:colcon.colcon_core.verb:set package 'interbotix_xsarm_descriptions' build argument 'cmake_clean_first' from command line to 'False'
[0.605s] Level 5:colcon.colcon_core.verb:set package 'interbotix_xsarm_descriptions' build argument 'cmake_force_configure' from command line to 'False'
[0.605s] Level 5:colcon.colcon_core.verb:set package 'interbotix_xsarm_descriptions' build argument 'ament_cmake_args' from command line to 'None'
[0.605s] Level 5:colcon.colcon_core.verb:set package 'interbotix_xsarm_descriptions' build argument 'catkin_cmake_args' from command line to 'None'
[0.605s] Level 5:colcon.colcon_core.verb:set package 'interbotix_xsarm_descriptions' build argument 'catkin_skip_building_tests' from command line to 'False'
[0.605s] DEBUG:colcon.colcon_core.verb:Building package 'interbotix_xsarm_descriptions' with the following arguments: {'ament_cmake_args': None, 'build_base': '/home/derek-dietz/MSAI/ComputerVision/Final_Project/ws/interbotix/build/interbotix_xsarm_descriptions', 'catkin_cmake_args': None, 'catkin_skip_building_tests': False, 'cmake_args': None, 'cmake_clean_cache': False, 'cmake_clean_first': False, 'cmake_force_configure': False, 'cmake_target': None, 'cmake_target_skip_unavailable': False, 'install_base': '/home/derek-dietz/MSAI/ComputerVision/Final_Project/ws/interbotix/install', 'merge_install': True, 'path': '/home/derek-dietz/MSAI/ComputerVision/Final_Project/ws/interbotix/src/interbotix_ros_manipulators/interbotix_ros_xsarms/interbotix_xsarm_descriptions', 'symlink_install': False, 'test_result_base': None}
[0.605s] Level 5:colcon.colcon_core.verb:set package 'interbotix_xsarm_control' build argument 'cmake_args' from command line to 'None'
[0.605s] Level 5:colcon.colcon_core.verb:set package 'interbotix_xsarm_control' build argument 'cmake_target' from command line to 'None'
[0.605s] Level 5:colcon.colcon_core.verb:set package 'interbotix_xsarm_control' build argument 'cmake_target_skip_unavailable' from command line to 'False'
[0.605s] Level 5:colcon.colcon_core.verb:set package 'interbotix_xsarm_control' build argument 'cmake_clean_cache' from command line to 'False'
[0.605s] Level 5:colcon.colcon_core.verb:set package 'interbotix_xsarm_control' build argument 'cmake_clean_first' from command line to 'False'
[0.605s] Level 5:colcon.colcon_core.verb:set package 'interbotix_xsarm_control' build argument 'cmake_force_configure' from command line to 'False'
[0.605s] Level 5:colcon.colcon_core.verb:set package 'interbotix_xsarm_control' build argument 'ament_cmake_args' from command line to 'None'
[0.605s] Level 5:colcon.colcon_core.verb:set package 'interbotix_xsarm_control' build argument 'catkin_cmake_args' from command line to 'None'
[0.605s] Level 5:colcon.colcon_core.verb:set package 'interbotix_xsarm_control' build argument 'catkin_skip_building_tests' from command line to 'False'
[0.605s] DEBUG:colcon.colcon_core.verb:Building package 'interbotix_xsarm_control' with the following arguments: {'ament_cmake_args': None, 'build_base': '/home/derek-dietz/MSAI/ComputerVision/Final_Project/ws/interbotix/build/interbotix_xsarm_control', 'catkin_cmake_args': None, 'catkin_skip_building_tests': False, 'cmake_args': None, 'cmake_clean_cache': False, 'cmake_clean_first': False, 'cmake_force_configure': False, 'cmake_target': None, 'cmake_target_skip_unavailable': False, 'install_base': '/home/derek-dietz/MSAI/ComputerVision/Final_Project/ws/interbotix/install', 'merge_install': True, 'path': '/home/derek-dietz/MSAI/ComputerVision/Final_Project/ws/interbotix/src/interbotix_ros_manipulators/interbotix_ros_xsarms/interbotix_xsarm_control', 'symlink_install': False, 'test_result_base': None}
[0.605s] Level 5:colcon.colcon_core.verb:set package 'interbotix_xsarm_sim' build argument 'cmake_args' from command line to 'None'
[0.605s] Level 5:colcon.colcon_core.verb:set package 'interbotix_xsarm_sim' build argument 'cmake_target' from command line to 'None'
[0.605s] Level 5:colcon.colcon_core.verb:set package 'interbotix_xsarm_sim' build argument 'cmake_target_skip_unavailable' from command line to 'False'
[0.605s] Level 5:colcon.colcon_core.verb:set package 'interbotix_xsarm_sim' build argument 'cmake_clean_cache' from command line to 'False'
[0.606s] Level 5:colcon.colcon_core.verb:set package 'interbotix_xsarm_sim' build argument 'cmake_clean_first' from command line to 'False'
[0.606s] Level 5:colcon.colcon_core.verb:set package 'interbotix_xsarm_sim' build argument 'cmake_force_configure' from command line to 'False'
[0.606s] Level 5:colcon.colcon_core.verb:set package 'interbotix_xsarm_sim' build argument 'ament_cmake_args' from command line to 'None'
[0.606s] Level 5:colcon.colcon_core.verb:set package 'interbotix_xsarm_sim' build argument 'catkin_cmake_args' from command line to 'None'
[0.606s] Level 5:colcon.colcon_core.verb:set package 'interbotix_xsarm_sim' build argument 'catkin_skip_building_tests' from command line to 'False'
[0.606s] DEBUG:colcon.colcon_core.verb:Building package 'interbotix_xsarm_sim' with the following arguments: {'ament_cmake_args': None, 'build_base': '/home/derek-dietz/MSAI/ComputerVision/Final_Project/ws/interbotix/build/interbotix_xsarm_sim', 'catkin_cmake_args': None, 'catkin_skip_building_tests': False, 'cmake_args': None, 'cmake_clean_cache': False, 'cmake_clean_first': False, 'cmake_force_configure': False, 'cmake_target': None, 'cmake_target_skip_unavailable': False, 'install_base': '/home/derek-dietz/MSAI/ComputerVision/Final_Project/ws/interbotix/install', 'merge_install': True, 'path': '/home/derek-dietz/MSAI/ComputerVision/Final_Project/ws/interbotix/src/interbotix_ros_manipulators/interbotix_ros_xsarms/interbotix_xsarm_sim', 'symlink_install': False, 'test_result_base': None}
[0.606s] Level 5:colcon.colcon_core.verb:set package 'interbotix_xsarm_dual' build argument 'cmake_args' from command line to 'None'
[0.606s] Level 5:colcon.colcon_core.verb:set package 'interbotix_xsarm_dual' build argument 'cmake_target' from command line to 'None'
[0.606s] Level 5:colcon.colcon_core.verb:set package 'interbotix_xsarm_dual' build argument 'cmake_target_skip_unavailable' from command line to 'False'
[0.606s] Level 5:colcon.colcon_core.verb:set package 'interbotix_xsarm_dual' build argument 'cmake_clean_cache' from command line to 'False'
[0.606s] Level 5:colcon.colcon_core.verb:set package 'interbotix_xsarm_dual' build argument 'cmake_clean_first' from command line to 'False'
[0.606s] Level 5:colcon.colcon_core.verb:set package 'interbotix_xsarm_dual' build argument 'cmake_force_configure' from command line to 'False'
[0.606s] Level 5:colcon.colcon_core.verb:set package 'interbotix_xsarm_dual' build argument 'ament_cmake_args' from command line to 'None'
[0.606s] Level 5:colcon.colcon_core.verb:set package 'interbotix_xsarm_dual' build argument 'catkin_cmake_args' from command line to 'None'
[0.606s] Level 5:colcon.colcon_core.verb:set package 'interbotix_xsarm_dual' build argument 'catkin_skip_building_tests' from command line to 'False'
[0.606s] DEBUG:colcon.colcon_core.verb:Building package 'interbotix_xsarm_dual' with the following arguments: {'ament_cmake_args': None, 'build_base': '/home/derek-dietz/MSAI/ComputerVision/Final_Project/ws/interbotix/build/interbotix_xsarm_dual', 'catkin_cmake_args': None, 'catkin_skip_building_tests': False, 'cmake_args': None, 'cmake_clean_cache': False, 'cmake_clean_first': False, 'cmake_force_configure': False, 'cmake_target': None, 'cmake_target_skip_unavailable': False, 'install_base': '/home/derek-dietz/MSAI/ComputerVision/Final_Project/ws/interbotix/install', 'merge_install': True, 'path': '/home/derek-dietz/MSAI/ComputerVision/Final_Project/ws/interbotix/src/interbotix_ros_manipulators/interbotix_ros_xsarms/examples/interbotix_xsarm_dual', 'symlink_install': False, 'test_result_base': None}
[0.606s] Level 5:colcon.colcon_core.verb:set package 'interbotix_xsarm_joy' build argument 'cmake_args' from command line to 'None'
[0.606s] Level 5:colcon.colcon_core.verb:set package 'interbotix_xsarm_joy' build argument 'cmake_target' from command line to 'None'
[0.606s] Level 5:colcon.colcon_core.verb:set package 'interbotix_xsarm_joy' build argument 'cmake_target_skip_unavailable' from command line to 'False'
[0.606s] Level 5:colcon.colcon_core.verb:set package 'interbotix_xsarm_joy' build argument 'cmake_clean_cache' from command line to 'False'
[0.606s] Level 5:colcon.colcon_core.verb:set package 'interbotix_xsarm_joy' build argument 'cmake_clean_first' from command line to 'False'
[0.606s] Level 5:colcon.colcon_core.verb:set package 'interbotix_xsarm_joy' build argument 'cmake_force_configure' from command line to 'False'
[0.606s] Level 5:colcon.colcon_core.verb:set package 'interbotix_xsarm_joy' build argument 'ament_cmake_args' from command line to 'None'
[0.606s] Level 5:colcon.colcon_core.verb:set package 'interbotix_xsarm_joy' build argument 'catkin_cmake_args' from command line to 'None'
[0.606s] Level 5:colcon.colcon_core.verb:set package 'interbotix_xsarm_joy' build argument 'catkin_skip_building_tests' from command line to 'False'
[0.606s] DEBUG:colcon.colcon_core.verb:Building package 'interbotix_xsarm_joy' with the following arguments: {'ament_cmake_args': None, 'build_base': '/home/derek-dietz/MSAI/ComputerVision/Final_Project/ws/interbotix/build/interbotix_xsarm_joy', 'catkin_cmake_args': None, 'catkin_skip_building_tests': False, 'cmake_args': None, 'cmake_clean_cache': False, 'cmake_clean_first': False, 'cmake_force_configure': False, 'cmake_target': None, 'cmake_target_skip_unavailable': False, 'install_base': '/home/derek-dietz/MSAI/ComputerVision/Final_Project/ws/interbotix/install', 'merge_install': True, 'path': '/home/derek-dietz/MSAI/ComputerVision/Final_Project/ws/interbotix/src/interbotix_ros_manipulators/interbotix_ros_xsarms/examples/interbotix_xsarm_joy', 'symlink_install': False, 'test_result_base': None}
[0.606s] Level 5:colcon.colcon_core.verb:set package 'interbotix_xsarm_puppet' build argument 'cmake_args' from command line to 'None'
[0.606s] Level 5:colcon.colcon_core.verb:set package 'interbotix_xsarm_puppet' build argument 'cmake_target' from command line to 'None'
[0.606s] Level 5:colcon.colcon_core.verb:set package 'interbotix_xsarm_puppet' build argument 'cmake_target_skip_unavailable' from command line to 'False'
[0.606s] Level 5:colcon.colcon_core.verb:set package 'interbotix_xsarm_puppet' build argument 'cmake_clean_cache' from command line to 'False'
[0.606s] Level 5:colcon.colcon_core.verb:set package 'interbotix_xsarm_puppet' build argument 'cmake_clean_first' from command line to 'False'
[0.606s] Level 5:colcon.colcon_core.verb:set package 'interbotix_xsarm_puppet' build argument 'cmake_force_configure' from command line to 'False'
[0.606s] Level 5:colcon.colcon_core.verb:set package 'interbotix_xsarm_puppet' build argument 'ament_cmake_args' from command line to 'None'
[0.606s] Level 5:colcon.colcon_core.verb:set package 'interbotix_xsarm_puppet' build argument 'catkin_cmake_args' from command line to 'None'
[0.606s] Level 5:colcon.colcon_core.verb:set package 'interbotix_xsarm_puppet' build argument 'catkin_skip_building_tests' from command line to 'False'
[0.606s] DEBUG:colcon.colcon_core.verb:Building package 'interbotix_xsarm_puppet' with the following arguments: {'ament_cmake_args': None, 'build_base': '/home/derek-dietz/MSAI/ComputerVision/Final_Project/ws/interbotix/build/interbotix_xsarm_puppet', 'catkin_cmake_args': None, 'catkin_skip_building_tests': False, 'cmake_args': None, 'cmake_clean_cache': False, 'cmake_clean_first': False, 'cmake_force_configure': False, 'cmake_target': None, 'cmake_target_skip_unavailable': False, 'install_base': '/home/derek-dietz/MSAI/ComputerVision/Final_Project/ws/interbotix/install', 'merge_install': True, 'path': '/home/derek-dietz/MSAI/ComputerVision/Final_Project/ws/interbotix/src/interbotix_ros_manipulators/interbotix_ros_xsarms/examples/interbotix_xsarm_puppet', 'symlink_install': False, 'test_result_base': None}
[0.606s] Level 5:colcon.colcon_core.verb:set package 'interbotix_xsarm_ros_control' build argument 'cmake_args' from command line to 'None'
[0.606s] Level 5:colcon.colcon_core.verb:set package 'interbotix_xsarm_ros_control' build argument 'cmake_target' from command line to 'None'
[0.606s] Level 5:colcon.colcon_core.verb:set package 'interbotix_xsarm_ros_control' build argument 'cmake_target_skip_unavailable' from command line to 'False'
[0.606s] Level 5:colcon.colcon_core.verb:set package 'interbotix_xsarm_ros_control' build argument 'cmake_clean_cache' from command line to 'False'
[0.606s] Level 5:colcon.colcon_core.verb:set package 'interbotix_xsarm_ros_control' build argument 'cmake_clean_first' from command line to 'False'
[0.606s] Level 5:colcon.colcon_core.verb:set package 'interbotix_xsarm_ros_control' build argument 'cmake_force_configure' from command line to 'False'
[0.606s] Level 5:colcon.colcon_core.verb:set package 'interbotix_xsarm_ros_control' build argument 'ament_cmake_args' from command line to 'None'
[0.606s] Level 5:colcon.colcon_core.verb:set package 'interbotix_xsarm_ros_control' build argument 'catkin_cmake_args' from command line to 'None'
[0.606s] Level 5:colcon.colcon_core.verb:set package 'interbotix_xsarm_ros_control' build argument 'catkin_skip_building_tests' from command line to 'False'
[0.607s] DEBUG:colcon.colcon_core.verb:Building package 'interbotix_xsarm_ros_control' with the following arguments: {'ament_cmake_args': None, 'build_base': '/home/derek-dietz/MSAI/ComputerVision/Final_Project/ws/interbotix/build/interbotix_xsarm_ros_control', 'catkin_cmake_args': None, 'catkin_skip_building_tests': False, 'cmake_args': None, 'cmake_clean_cache': False, 'cmake_clean_first': False, 'cmake_force_configure': False, 'cmake_target': None, 'cmake_target_skip_unavailable': False, 'install_base': '/home/derek-dietz/MSAI/ComputerVision/Final_Project/ws/interbotix/install', 'merge_install': True, 'path': '/home/derek-dietz/MSAI/ComputerVision/Final_Project/ws/interbotix/src/interbotix_ros_manipulators/interbotix_ros_xsarms/interbotix_xsarm_ros_control', 'symlink_install': False, 'test_result_base': None}
[0.607s] Level 5:colcon.colcon_core.verb:set package 'interbotix_xsarm_moveit' build argument 'cmake_args' from command line to 'None'
[0.607s] Level 5:colcon.colcon_core.verb:set package 'interbotix_xsarm_moveit' build argument 'cmake_target' from command line to 'None'
[0.607s] Level 5:colcon.colcon_core.verb:set package 'interbotix_xsarm_moveit' build argument 'cmake_target_skip_unavailable' from command line to 'False'
[0.607s] Level 5:colcon.colcon_core.verb:set package 'interbotix_xsarm_moveit' build argument 'cmake_clean_cache' from command line to 'False'
[0.607s] Level 5:colcon.colcon_core.verb:set package 'interbotix_xsarm_moveit' build argument 'cmake_clean_first' from command line to 'False'
[0.607s] Level 5:colcon.colcon_core.verb:set package 'interbotix_xsarm_moveit' build argument 'cmake_force_configure' from command line to 'False'
[0.607s] Level 5:colcon.colcon_core.verb:set package 'interbotix_xsarm_moveit' build argument 'ament_cmake_args' from command line to 'None'
[0.607s] Level 5:colcon.colcon_core.verb:set package 'interbotix_xsarm_moveit' build argument 'catkin_cmake_args' from command line to 'None'
[0.607s] Level 5:colcon.colcon_core.verb:set package 'interbotix_xsarm_moveit' build argument 'catkin_skip_building_tests' from command line to 'False'
[0.607s] DEBUG:colcon.colcon_core.verb:Building package 'interbotix_xsarm_moveit' with the following arguments: {'ament_cmake_args': None, 'build_base': '/home/derek-dietz/MSAI/ComputerVision/Final_Project/ws/interbotix/build/interbotix_xsarm_moveit', 'catkin_cmake_args': None, 'catkin_skip_building_tests': False, 'cmake_args': None, 'cmake_clean_cache': False, 'cmake_clean_first': False, 'cmake_force_configure': False, 'cmake_target': None, 'cmake_target_skip_unavailable': False, 'install_base': '/home/derek-dietz/MSAI/ComputerVision/Final_Project/ws/interbotix/install', 'merge_install': True, 'path': '/home/derek-dietz/MSAI/ComputerVision/Final_Project/ws/interbotix/src/interbotix_ros_manipulators/interbotix_ros_xsarms/interbotix_xsarm_moveit', 'symlink_install': False, 'test_result_base': None}
[0.607s] Level 5:colcon.colcon_core.verb:set package 'interbotix_ros_xsarms' build argument 'cmake_args' from command line to 'None'
[0.607s] Level 5:colcon.colcon_core.verb:set package 'interbotix_ros_xsarms' build argument 'cmake_target' from command line to 'None'
[0.607s] Level 5:colcon.colcon_core.verb:set package 'interbotix_ros_xsarms' build argument 'cmake_target_skip_unavailable' from command line to 'False'
[0.607s] Level 5:colcon.colcon_core.verb:set package 'interbotix_ros_xsarms' build argument 'cmake_clean_cache' from command line to 'False'
[0.607s] Level 5:colcon.colcon_core.verb:set package 'interbotix_ros_xsarms' build argument 'cmake_clean_first' from command line to 'False'
[0.607s] Level 5:colcon.colcon_core.verb:set package 'interbotix_ros_xsarms' build argument 'cmake_force_configure' from command line to 'False'
[0.607s] Level 5:colcon.colcon_core.verb:set package 'interbotix_ros_xsarms' build argument 'ament_cmake_args' from command line to 'None'
[0.607s] Level 5:colcon.colcon_core.verb:set package 'interbotix_ros_xsarms' build argument 'catkin_cmake_args' from command line to 'None'
[0.607s] Level 5:colcon.colcon_core.verb:set package 'interbotix_ros_xsarms' build argument 'catkin_skip_building_tests' from command line to 'False'
[0.607s] DEBUG:colcon.colcon_core.verb:Building package 'interbotix_ros_xsarms' with the following arguments: {'ament_cmake_args': None, 'build_base': '/home/derek-dietz/MSAI/ComputerVision/Final_Project/ws/interbotix/build/interbotix_ros_xsarms', 'catkin_cmake_args': None, 'catkin_skip_building_tests': False, 'cmake_args': None, 'cmake_clean_cache': False, 'cmake_clean_first': False, 'cmake_force_configure': False, 'cmake_target': None, 'cmake_target_skip_unavailable': False, 'install_base': '/home/derek-dietz/MSAI/ComputerVision/Final_Project/ws/interbotix/install', 'merge_install': True, 'path': '/home/derek-dietz/MSAI/ComputerVision/Final_Project/ws/interbotix/src/interbotix_ros_manipulators/interbotix_ros_xsarms/interbotix_ros_xsarms', 'symlink_install': False, 'test_result_base': None}
[0.607s] Level 5:colcon.colcon_core.verb:set package 'interbotix_xsarm_moveit_interface' build argument 'cmake_args' from command line to 'None'
[0.607s] Level 5:colcon.colcon_core.verb:set package 'interbotix_xsarm_moveit_interface' build argument 'cmake_target' from command line to 'None'
[0.607s] Level 5:colcon.colcon_core.verb:set package 'interbotix_xsarm_moveit_interface' build argument 'cmake_target_skip_unavailable' from command line to 'False'
[0.607s] Level 5:colcon.colcon_core.verb:set package 'interbotix_xsarm_moveit_interface' build argument 'cmake_clean_cache' from command line to 'False'
[0.607s] Level 5:colcon.colcon_core.verb:set package 'interbotix_xsarm_moveit_interface' build argument 'cmake_clean_first' from command line to 'False'
[0.607s] Level 5:colcon.colcon_core.verb:set package 'interbotix_xsarm_moveit_interface' build argument 'cmake_force_configure' from command line to 'False'
[0.607s] Level 5:colcon.colcon_core.verb:set package 'interbotix_xsarm_moveit_interface' build argument 'ament_cmake_args' from command line to 'None'
[0.607s] Level 5:colcon.colcon_core.verb:set package 'interbotix_xsarm_moveit_interface' build argument 'catkin_cmake_args' from command line to 'None'
[0.607s] Level 5:colcon.colcon_core.verb:set package 'interbotix_xsarm_moveit_interface' build argument 'catkin_skip_building_tests' from command line to 'False'
[0.607s] DEBUG:colcon.colcon_core.verb:Building package 'interbotix_xsarm_moveit_interface' with the following arguments: {'ament_cmake_args': None, 'build_base': '/home/derek-dietz/MSAI/ComputerVision/Final_Project/ws/interbotix/build/interbotix_xsarm_moveit_interface', 'catkin_cmake_args': None, 'catkin_skip_building_tests': False, 'cmake_args': None, 'cmake_clean_cache': False, 'cmake_clean_first': False, 'cmake_force_configure': False, 'cmake_target': None, 'cmake_target_skip_unavailable': False, 'install_base': '/home/derek-dietz/MSAI/ComputerVision/Final_Project/ws/interbotix/install', 'merge_install': True, 'path': '/home/derek-dietz/MSAI/ComputerVision/Final_Project/ws/interbotix/src/interbotix_ros_manipulators/interbotix_ros_xsarms/examples/interbotix_xsarm_moveit_interface', 'symlink_install': False, 'test_result_base': None}
[0.607s] Level 5:colcon.colcon_core.verb:set package 'interbotix_ros_xsarms_examples' build argument 'cmake_args' from command line to 'None'
[0.607s] Level 5:colcon.colcon_core.verb:set package 'interbotix_ros_xsarms_examples' build argument 'cmake_target' from command line to 'None'
[0.607s] Level 5:colcon.colcon_core.verb:set package 'interbotix_ros_xsarms_examples' build argument 'cmake_target_skip_unavailable' from command line to 'False'
[0.607s] Level 5:colcon.colcon_core.verb:set package 'interbotix_ros_xsarms_examples' build argument 'cmake_clean_cache' from command line to 'False'
[0.607s] Level 5:colcon.colcon_core.verb:set package 'interbotix_ros_xsarms_examples' build argument 'cmake_clean_first' from command line to 'False'
[0.607s] Level 5:colcon.colcon_core.verb:set package 'interbotix_ros_xsarms_examples' build argument 'cmake_force_configure' from command line to 'False'
[0.607s] Level 5:colcon.colcon_core.verb:set package 'interbotix_ros_xsarms_examples' build argument 'ament_cmake_args' from command line to 'None'
[0.607s] Level 5:colcon.colcon_core.verb:set package 'interbotix_ros_xsarms_examples' build argument 'catkin_cmake_args' from command line to 'None'
[0.607s] Level 5:colcon.colcon_core.verb:set package 'interbotix_ros_xsarms_examples' build argument 'catkin_skip_building_tests' from command line to 'False'
[0.607s] DEBUG:colcon.colcon_core.verb:Building package 'interbotix_ros_xsarms_examples' with the following arguments: {'ament_cmake_args': None, 'build_base': '/home/derek-dietz/MSAI/ComputerVision/Final_Project/ws/interbotix/build/interbotix_ros_xsarms_examples', 'catkin_cmake_args': None, 'catkin_skip_building_tests': False, 'cmake_args': None, 'cmake_clean_cache': False, 'cmake_clean_first': False, 'cmake_force_configure': False, 'cmake_target': None, 'cmake_target_skip_unavailable': False, 'install_base': '/home/derek-dietz/MSAI/ComputerVision/Final_Project/ws/interbotix/install', 'merge_install': True, 'path': '/home/derek-dietz/MSAI/ComputerVision/Final_Project/ws/interbotix/src/interbotix_ros_manipulators/interbotix_ros_xsarms/examples/interbotix_ros_xsarms_examples', 'symlink_install': False, 'test_result_base': None}
[0.608s] INFO:colcon.colcon_core.executor:Executing jobs using 'parallel' executor
[0.608s] DEBUG:colcon.colcon_parallel_executor.executor.parallel:run_until_complete
[0.609s] INFO:colcon.colcon_ros.task.ament_cmake.build:Building ROS package in '/home/derek-dietz/MSAI/ComputerVision/Final_Project/ws/interbotix/src/interbotix_ros_core/interbotix_ros_xseries/interbotix_xs_msgs' with build type 'ament_cmake'
[0.609s] INFO:colcon.colcon_cmake.task.cmake.build:Building CMake package in '/home/derek-dietz/MSAI/ComputerVision/Final_Project/ws/interbotix/src/interbotix_ros_core/interbotix_ros_xseries/interbotix_xs_msgs'
[0.611s] INFO:colcon.colcon_core.plugin_system:Skipping extension 'colcon_core.shell.bat': Not used on non-Windows systems
[0.611s] INFO:colcon.colcon_core.shell:Skip shell extension 'powershell' for command environment: Not usable outside of PowerShell
[0.612s] DEBUG:colcon.colcon_core.shell:Skip shell extension 'dsv' for command environment
[0.617s] INFO:colcon.colcon_ros.task.ament_cmake.build:Building ROS package in '/home/derek-dietz/MSAI/ComputerVision/Final_Project/ws/interbotix/src/interbotix_xs_driver' with build type 'ament_cmake'
[0.617s] INFO:colcon.colcon_cmake.task.cmake.build:Building CMake package in '/home/derek-dietz/MSAI/ComputerVision/Final_Project/ws/interbotix/src/interbotix_xs_driver'
[0.617s] INFO:colcon.colcon_core.shell:Skip shell extension 'powershell' for command environment: Not usable outside of PowerShell
[0.617s] DEBUG:colcon.colcon_core.shell:Skip shell extension 'dsv' for command environment
[0.622s] INFO:colcon.colcon_ros.task.ament_python.build:Building ROS package in '/home/derek-dietz/MSAI/ComputerVision/Final_Project/ws/interbotix/src/interbotix_ros_toolboxes/interbotix_common_toolbox/interbotix_common_modules' with build type 'ament_python'
[0.622s] Level 1:colcon.colcon_core.shell:create_environment_hook('interbotix_common_modules', 'ament_prefix_path')
[0.622s] INFO:colcon.colcon_core.shell:Creating environment hook '/home/derek-dietz/MSAI/ComputerVision/Final_Project/ws/interbotix/install/share/interbotix_common_modules/hook/ament_prefix_path.ps1'
[0.623s] INFO:colcon.colcon_core.shell:Creating environment descriptor '/home/derek-dietz/MSAI/ComputerVision/Final_Project/ws/interbotix/install/share/interbotix_common_modules/hook/ament_prefix_path.dsv'
[0.623s] INFO:colcon.colcon_core.shell:Creating environment hook '/home/derek-dietz/MSAI/ComputerVision/Final_Project/ws/interbotix/install/share/interbotix_common_modules/hook/ament_prefix_path.sh'
[0.624s] INFO:colcon.colcon_core.shell:Skip shell extension 'powershell' for command environment: Not usable outside of PowerShell
[0.624s] DEBUG:colcon.colcon_core.shell:Skip shell extension 'dsv' for command environment
[0.629s] INFO:colcon.colcon_ros.task.ament_cmake.build:Building ROS package in '/home/derek-dietz/MSAI/ComputerVision/Final_Project/ws/interbotix/src/interbotix_ros_toolboxes/interbotix_common_toolbox/interbotix_common_sim' with build type 'ament_cmake'
[0.629s] INFO:colcon.colcon_cmake.task.cmake.build:Building CMake package in '/home/derek-dietz/MSAI/ComputerVision/Final_Project/ws/interbotix/src/interbotix_ros_toolboxes/interbotix_common_toolbox/interbotix_common_sim'
[0.629s] INFO:colcon.colcon_core.shell:Skip shell extension 'powershell' for command environment: Not usable outside of PowerShell
[0.629s] DEBUG:colcon.colcon_core.shell:Skip shell extension 'dsv' for command environment
[0.634s] INFO:colcon.colcon_ros.task.ament_cmake.build:Building ROS package in '/home/derek-dietz/MSAI/ComputerVision/Final_Project/ws/interbotix/src/interbotix_ros_toolboxes/interbotix_common_toolbox/interbotix_moveit_interface_msgs' with build type 'ament_cmake'
[0.635s] INFO:colcon.colcon_cmake.task.cmake.build:Building CMake package in '/home/derek-dietz/MSAI/ComputerVision/Final_Project/ws/interbotix/src/interbotix_ros_toolboxes/interbotix_common_toolbox/interbotix_moveit_interface_msgs'
[0.635s] INFO:colcon.colcon_core.shell:Skip shell extension 'powershell' for command environment: Not usable outside of PowerShell
[0.635s] DEBUG:colcon.colcon_core.shell:Skip shell extension 'dsv' for command environment
[0.640s] INFO:colcon.colcon_core.task.python.build:Building Python package in '/home/derek-dietz/MSAI/ComputerVision/Final_Project/ws/interbotix/src/arm'
[0.640s] INFO:colcon.colcon_core.shell:Skip shell extension 'powershell' for command environment: Not usable outside of PowerShell
[0.640s] DEBUG:colcon.colcon_core.shell:Skip shell extension 'dsv' for command environment
[0.644s] INFO:colcon.colcon_ros.task.ament_cmake.build:Building ROS package in '/home/derek-dietz/MSAI/ComputerVision/Final_Project/ws/interbotix/src/interbotix_ros_toolboxes/interbotix_common_toolbox/interbotix_tf_tools' with build type 'ament_cmake'
[0.645s] INFO:colcon.colcon_cmake.task.cmake.build:Building CMake package in '/home/derek-dietz/MSAI/ComputerVision/Final_Project/ws/interbotix/src/interbotix_ros_toolboxes/interbotix_common_toolbox/interbotix_tf_tools'
[0.645s] INFO:colcon.colcon_core.shell:Skip shell extension 'powershell' for command environment: Not usable outside of PowerShell
[0.645s] DEBUG:colcon.colcon_core.shell:Skip shell extension 'dsv' for command environment
[0.649s] INFO:colcon.colcon_core.task.python.build:Building Python package in '/home/derek-dietz/MSAI/ComputerVision/Final_Project/ws/interbotix/src/ModernRobotics/packages/Python'
[0.649s] INFO:colcon.colcon_core.shell:Skip shell extension 'powershell' for command environment: Not usable outside of PowerShell
[0.649s] DEBUG:colcon.colcon_core.shell:Skip shell extension 'dsv' for command environment
[0.660s] DEBUG:colcon.colcon_core.event_handler.log_command:Invoking command in '/home/derek-dietz/MSAI/ComputerVision/Final_Project/ws/interbotix/build/interbotix_xs_msgs': CMAKE_PREFIX_PATH=${CMAKE_PREFIX_PATH}:/opt/ros/kilted DEBUGINFOD_URLS=https://debuginfod.ubuntu.com /usr/bin/cmake --build /home/derek-dietz/MSAI/ComputerVision/Final_Project/ws/interbotix/build/interbotix_xs_msgs -- -j22 -l22
[0.663s] DEBUG:colcon.colcon_core.event_handler.log_command:Invoking command in '/home/derek-dietz/MSAI/ComputerVision/Final_Project/ws/interbotix/build/interbotix_xs_driver': CMAKE_PREFIX_PATH=${CMAKE_PREFIX_PATH}:/opt/ros/kilted DEBUGINFOD_URLS=https://debuginfod.ubuntu.com /usr/bin/cmake --build /home/derek-dietz/MSAI/ComputerVision/Final_Project/ws/interbotix/build/interbotix_xs_driver -- -j22 -l22
[0.856s] INFO:colcon.colcon_core.task.python.build:Building Python package in '/home/derek-dietz/MSAI/ComputerVision/Final_Project/ws/interbotix/src/interbotix_ros_toolboxes/interbotix_common_toolbox/interbotix_common_modules'
[0.856s] INFO:colcon.colcon_core.shell:Skip shell extension 'powershell' for command environment: Not usable outside of PowerShell
[0.856s] DEBUG:colcon.colcon_core.shell:Skip shell extension 'dsv' for command environment
[0.864s] DEBUG:colcon.colcon_core.event_handler.log_command:Invoking command in '/home/derek-dietz/MSAI/ComputerVision/Final_Project/ws/interbotix/build/interbotix_common_sim': CMAKE_PREFIX_PATH=${CMAKE_PREFIX_PATH}:/opt/ros/kilted DEBUGINFOD_URLS=https://debuginfod.ubuntu.com /usr/bin/cmake --build /home/derek-dietz/MSAI/ComputerVision/Final_Project/ws/interbotix/build/interbotix_common_sim -- -j22 -l22
[0.866s] DEBUG:colcon.colcon_core.event_handler.log_command:Invoking command in '/home/derek-dietz/MSAI/ComputerVision/Final_Project/ws/interbotix/build/interbotix_moveit_interface_msgs': CMAKE_PREFIX_PATH=${CMAKE_PREFIX_PATH}:/opt/ros/kilted DEBUGINFOD_URLS=https://debuginfod.ubuntu.com /usr/bin/cmake --build /home/derek-dietz/MSAI/ComputerVision/Final_Project/ws/interbotix/build/interbotix_moveit_interface_msgs -- -j22 -l22
[1.083s] DEBUG:colcon.colcon_core.event_handler.log_command:Invoking command in '/home/derek-dietz/MSAI/ComputerVision/Final_Project/ws/interbotix/build/interbotix_tf_tools': CMAKE_PREFIX_PATH=${CMAKE_PREFIX_PATH}:/opt/ros/kilted DEBUGINFOD_URLS=https://debuginfod.ubuntu.com /usr/bin/cmake --build /home/derek-dietz/MSAI/ComputerVision/Final_Project/ws/interbotix/build/interbotix_tf_tools -- -j22 -l22
[1.274s] DEBUG:colcon.colcon_core.event_handler.log_command:Invoked command in '/home/derek-dietz/MSAI/ComputerVision/Final_Project/ws/interbotix/build/interbotix_xs_driver' returned '0': CMAKE_PREFIX_PATH=${CMAKE_PREFIX_PATH}:/opt/ros/kilted DEBUGINFOD_URLS=https://debuginfod.ubuntu.com /usr/bin/cmake --build /home/derek-dietz/MSAI/ComputerVision/Final_Project/ws/interbotix/build/interbotix_xs_driver -- -j22 -l22
[1.287s] DEBUG:colcon.colcon_core.event_handler.log_command:Invoking command in '/home/derek-dietz/MSAI/ComputerVision/Final_Project/ws/interbotix/build/interbotix_xs_driver': CMAKE_PREFIX_PATH=${CMAKE_PREFIX_PATH}:/opt/ros/kilted DEBUGINFOD_URLS=https://debuginfod.ubuntu.com /usr/bin/cmake --install /home/derek-dietz/MSAI/ComputerVision/Final_Project/ws/interbotix/build/interbotix_xs_driver
[1.288s] DEBUG:colcon.colcon_core.event_handler.log_command:Invoked command in '/home/derek-dietz/MSAI/ComputerVision/Final_Project/ws/interbotix/build/interbotix_common_sim' returned '0': CMAKE_PREFIX_PATH=${CMAKE_PREFIX_PATH}:/opt/ros/kilted DEBUGINFOD_URLS=https://debuginfod.ubuntu.com /usr/bin/cmake --build /home/derek-dietz/MSAI/ComputerVision/Final_Project/ws/interbotix/build/interbotix_common_sim -- -j22 -l22
[1.289s] DEBUG:colcon.colcon_core.event_handler.log_command:Invoking command in '/home/derek-dietz/MSAI/ComputerVision/Final_Project/ws/interbotix/build/interbotix_common_sim': CMAKE_PREFIX_PATH=${CMAKE_PREFIX_PATH}:/opt/ros/kilted DEBUGINFOD_URLS=https://debuginfod.ubuntu.com /usr/bin/cmake --install /home/derek-dietz/MSAI/ComputerVision/Final_Project/ws/interbotix/build/interbotix_common_sim
[1.294s] DEBUG:colcon.colcon_core.event_handler.log_command:Invoked command in '/home/derek-dietz/MSAI/ComputerVision/Final_Project/ws/interbotix/build/interbotix_tf_tools' returned '0': CMAKE_PREFIX_PATH=${CMAKE_PREFIX_PATH}:/opt/ros/kilted DEBUGINFOD_URLS=https://debuginfod.ubuntu.com /usr/bin/cmake --build /home/derek-dietz/MSAI/ComputerVision/Final_Project/ws/interbotix/build/interbotix_tf_tools -- -j22 -l22
[1.295s] DEBUG:colcon.colcon_core.event_handler.log_command:Invoking command in '/home/derek-dietz/MSAI/ComputerVision/Final_Project/ws/interbotix/build/interbotix_tf_tools': CMAKE_PREFIX_PATH=${CMAKE_PREFIX_PATH}:/opt/ros/kilted DEBUGINFOD_URLS=https://debuginfod.ubuntu.com /usr/bin/cmake --install /home/derek-dietz/MSAI/ComputerVision/Final_Project/ws/interbotix/build/interbotix_tf_tools
[1.295s] DEBUG:colcon.colcon_core.event_handler.log_command:Invoked command in '/home/derek-dietz/MSAI/ComputerVision/Final_Project/ws/interbotix/build/interbotix_moveit_interface_msgs' returned '0': CMAKE_PREFIX_PATH=${CMAKE_PREFIX_PATH}:/opt/ros/kilted DEBUGINFOD_URLS=https://debuginfod.ubuntu.com /usr/bin/cmake --build /home/derek-dietz/MSAI/ComputerVision/Final_Project/ws/interbotix/build/interbotix_moveit_interface_msgs -- -j22 -l22
[1.297s] DEBUG:colcon.colcon_core.event_handler.log_command:Invoking command in '/home/derek-dietz/MSAI/ComputerVision/Final_Project/ws/interbotix/build/interbotix_moveit_interface_msgs': CMAKE_PREFIX_PATH=${CMAKE_PREFIX_PATH}:/opt/ros/kilted DEBUGINFOD_URLS=https://debuginfod.ubuntu.com /usr/bin/cmake --install /home/derek-dietz/MSAI/ComputerVision/Final_Project/ws/interbotix/build/interbotix_moveit_interface_msgs
[1.298s] DEBUG:colcon.colcon_core.event_handler.log_command:Invoked command in '/home/derek-dietz/MSAI/ComputerVision/Final_Project/ws/interbotix/build/interbotix_xs_msgs' returned '0': CMAKE_PREFIX_PATH=${CMAKE_PREFIX_PATH}:/opt/ros/kilted DEBUGINFOD_URLS=https://debuginfod.ubuntu.com /usr/bin/cmake --build /home/derek-dietz/MSAI/ComputerVision/Final_Project/ws/interbotix/build/interbotix_xs_msgs -- -j22 -l22
[1.304s] DEBUG:colcon.colcon_core.event_handler.log_command:Invoking command in '/home/derek-dietz/MSAI/ComputerVision/Final_Project/ws/interbotix/build/interbotix_xs_msgs': CMAKE_PREFIX_PATH=${CMAKE_PREFIX_PATH}:/opt/ros/kilted DEBUGINFOD_URLS=https://debuginfod.ubuntu.com /usr/bin/cmake --install /home/derek-dietz/MSAI/ComputerVision/Final_Project/ws/interbotix/build/interbotix_xs_msgs
[1.309s] Level 1:colcon.colcon_core.environment:create_environment_scripts_only(interbotix_xs_driver)
[1.312s] DEBUG:colcon.colcon_core.event_handler.log_command:Invoked command in '/home/derek-dietz/MSAI/ComputerVision/Final_Project/ws/interbotix/build/interbotix_xs_driver' returned '0': CMAKE_PREFIX_PATH=${CMAKE_PREFIX_PATH}:/opt/ros/kilted DEBUGINFOD_URLS=https://debuginfod.ubuntu.com /usr/bin/cmake --install /home/derek-dietz/MSAI/ComputerVision/Final_Project/ws/interbotix/build/interbotix_xs_driver
[1.334s] Level 1:colcon.colcon_core.environment:checking '/home/derek-dietz/MSAI/ComputerVision/Final_Project/ws/interbotix/install' for CMake module files
[1.337s] Level 1:colcon.colcon_core.environment:checking '/home/derek-dietz/MSAI/ComputerVision/Final_Project/ws/interbotix/install' for CMake config files
[1.338s] Level 1:colcon.colcon_core.shell:create_environment_hook('interbotix_xs_driver', 'cmake_prefix_path')
[1.338s] INFO:colcon.colcon_core.shell:Creating environment hook '/home/derek-dietz/MSAI/ComputerVision/Final_Project/ws/interbotix/install/share/interbotix_xs_driver/hook/cmake_prefix_path.ps1'
[1.338s] INFO:colcon.colcon_core.shell:Creating environment descriptor '/home/derek-dietz/MSAI/ComputerVision/Final_Project/ws/interbotix/install/share/interbotix_xs_driver/hook/cmake_prefix_path.dsv'
[1.338s] INFO:colcon.colcon_core.shell:Creating environment hook '/home/derek-dietz/MSAI/ComputerVision/Final_Project/ws/interbotix/install/share/interbotix_xs_driver/hook/cmake_prefix_path.sh'
[1.339s] Level 1:colcon.colcon_core.environment:checking '/home/derek-dietz/MSAI/ComputerVision/Final_Project/ws/interbotix/install/lib'
[1.339s] Level 1:colcon.colcon_core.shell:create_environment_hook('interbotix_xs_driver', 'ld_library_path_lib')
[1.339s] INFO:colcon.colcon_core.shell:Creating environment hook '/home/derek-dietz/MSAI/ComputerVision/Final_Project/ws/interbotix/install/share/interbotix_xs_driver/hook/ld_library_path_lib.ps1'
[1.339s] INFO:colcon.colcon_core.shell:Creating environment descriptor '/home/derek-dietz/MSAI/ComputerVision/Final_Project/ws/interbotix/install/share/interbotix_xs_driver/hook/ld_library_path_lib.dsv'
[1.339s] INFO:colcon.colcon_core.shell:Creating environment hook '/home/derek-dietz/MSAI/ComputerVision/Final_Project/ws/interbotix/install/share/interbotix_xs_driver/hook/ld_library_path_lib.sh'
[1.340s] Level 1:colcon.colcon_core.environment:checking '/home/derek-dietz/MSAI/ComputerVision/Final_Project/ws/interbotix/install/bin'
[1.340s] Level 1:colcon.colcon_core.environment:checking '/home/derek-dietz/MSAI/ComputerVision/Final_Project/ws/interbotix/install/lib/pkgconfig/interbotix_xs_driver.pc'
[1.340s] Level 1:colcon.colcon_core.environment:checking '/home/derek-dietz/MSAI/ComputerVision/Final_Project/ws/interbotix/install/lib/python3.12/site-packages'
[1.340s] Level 1:colcon.colcon_core.shell:create_environment_hook('interbotix_xs_driver', 'pythonpath')
[1.340s] INFO:colcon.colcon_core.shell:Creating environment hook '/home/derek-dietz/MSAI/ComputerVision/Final_Project/ws/interbotix/install/share/interbotix_xs_driver/hook/pythonpath.ps1'
[1.341s] INFO:colcon.colcon_core.shell:Creating environment descriptor '/home/derek-dietz/MSAI/ComputerVision/Final_Project/ws/interbotix/install/share/interbotix_xs_driver/hook/pythonpath.dsv'
[1.341s] INFO:colcon.colcon_core.shell:Creating environment hook '/home/derek-dietz/MSAI/ComputerVision/Final_Project/ws/interbotix/install/share/interbotix_xs_driver/hook/pythonpath.sh'
[1.341s] Level 1:colcon.colcon_core.environment:checking '/home/derek-dietz/MSAI/ComputerVision/Final_Project/ws/interbotix/install/bin'
[1.341s] INFO:colcon.colcon_core.shell:Creating package script '/home/derek-dietz/MSAI/ComputerVision/Final_Project/ws/interbotix/install/share/interbotix_xs_driver/package.ps1'
[1.342s] INFO:colcon.colcon_core.shell:Creating package descriptor '/home/derek-dietz/MSAI/ComputerVision/Final_Project/ws/interbotix/install/share/interbotix_xs_driver/package.dsv'
[1.342s] INFO:colcon.colcon_core.shell:Creating package script '/home/derek-dietz/MSAI/ComputerVision/Final_Project/ws/interbotix/install/share/interbotix_xs_driver/package.sh'
[1.343s] INFO:colcon.colcon_core.shell:Creating package script '/home/derek-dietz/MSAI/ComputerVision/Final_Project/ws/interbotix/install/share/interbotix_xs_driver/package.bash'
[1.343s] INFO:colcon.colcon_core.shell:Creating package script '/home/derek-dietz/MSAI/ComputerVision/Final_Project/ws/interbotix/install/share/interbotix_xs_driver/package.zsh'
[1.343s] Level 1:colcon.colcon_core.environment:create_file_with_runtime_dependencies(/home/derek-dietz/MSAI/ComputerVision/Final_Project/ws/interbotix/install/share/colcon-core/packages/interbotix_xs_driver)
[1.344s] Level 1:colcon.colcon_core.environment:create_environment_scripts_only(interbotix_xs_driver)
[1.344s] Level 1:colcon.colcon_core.environment:checking '/home/derek-dietz/MSAI/ComputerVision/Final_Project/ws/interbotix/install' for CMake module files
[1.344s] Level 1:colcon.colcon_core.environment:checking '/home/derek-dietz/MSAI/ComputerVision/Final_Project/ws/interbotix/install' for CMake config files
[1.345s] Level 1:colcon.colcon_core.shell:create_environment_hook('interbotix_xs_driver', 'cmake_prefix_path')
[1.345s] INFO:colcon.colcon_core.shell:Creating environment hook '/home/derek-dietz/MSAI/ComputerVision/Final_Project/ws/interbotix/install/share/interbotix_xs_driver/hook/cmake_prefix_path.ps1'
[1.346s] INFO:colcon.colcon_core.shell:Creating environment descriptor '/home/derek-dietz/MSAI/ComputerVision/Final_Project/ws/interbotix/install/share/interbotix_xs_driver/hook/cmake_prefix_path.dsv'
[1.348s] INFO:colcon.colcon_core.shell:Creating environment hook '/home/derek-dietz/MSAI/ComputerVision/Final_Project/ws/interbotix/install/share/interbotix_xs_driver/hook/cmake_prefix_path.sh'
[1.348s] Level 1:colcon.colcon_core.environment:checking '/home/derek-dietz/MSAI/ComputerVision/Final_Project/ws/interbotix/install/lib'
[1.348s] Level 1:colcon.colcon_core.shell:create_environment_hook('interbotix_xs_driver', 'ld_library_path_lib')
[1.348s] INFO:colcon.colcon_core.shell:Creating environment hook '/home/derek-dietz/MSAI/ComputerVision/Final_Project/ws/interbotix/install/share/interbotix_xs_driver/hook/ld_library_path_lib.ps1'
[1.349s] INFO:colcon.colcon_core.shell:Creating environment descriptor '/home/derek-dietz/MSAI/ComputerVision/Final_Project/ws/interbotix/install/share/interbotix_xs_driver/hook/ld_library_path_lib.dsv'
[1.349s] INFO:colcon.colcon_core.shell:Creating environment hook '/home/derek-dietz/MSAI/ComputerVision/Final_Project/ws/interbotix/install/share/interbotix_xs_driver/hook/ld_library_path_lib.sh'
[1.349s] Level 1:colcon.colcon_core.environment:checking '/home/derek-dietz/MSAI/ComputerVision/Final_Project/ws/interbotix/install/bin'
[1.349s] Level 1:colcon.colcon_core.environment:checking '/home/derek-dietz/MSAI/ComputerVision/Final_Project/ws/interbotix/install/lib/pkgconfig/interbotix_xs_driver.pc'
[1.349s] Level 1:colcon.colcon_core.environment:checking '/home/derek-dietz/MSAI/ComputerVision/Final_Project/ws/interbotix/install/lib/python3.12/site-packages'
[1.349s] Level 1:colcon.colcon_core.shell:create_environment_hook('interbotix_xs_driver', 'pythonpath')
[1.349s] INFO:colcon.colcon_core.shell:Creating environment hook '/home/derek-dietz/MSAI/ComputerVision/Final_Project/ws/interbotix/install/share/interbotix_xs_driver/hook/pythonpath.ps1'
[1.350s] INFO:colcon.colcon_core.shell:Creating environment descriptor '/home/derek-dietz/MSAI/ComputerVision/Final_Project/ws/interbotix/install/share/interbotix_xs_driver/hook/pythonpath.dsv'
[1.350s] INFO:colcon.colcon_core.shell:Creating environment hook '/home/derek-dietz/MSAI/ComputerVision/Final_Project/ws/interbotix/install/share/interbotix_xs_driver/hook/pythonpath.sh'
[1.350s] Level 1:colcon.colcon_core.environment:checking '/home/derek-dietz/MSAI/ComputerVision/Final_Project/ws/interbotix/install/bin'
[1.350s] INFO:colcon.colcon_core.shell:Creating package script '/home/derek-dietz/MSAI/ComputerVision/Final_Project/ws/interbotix/install/share/interbotix_xs_driver/package.ps1'
[1.351s] INFO:colcon.colcon_core.shell:Creating package descriptor '/home/derek-dietz/MSAI/ComputerVision/Final_Project/ws/interbotix/install/share/interbotix_xs_driver/package.dsv'
[1.351s] INFO:colcon.colcon_core.shell:Creating package script '/home/derek-dietz/MSAI/ComputerVision/Final_Project/ws/interbotix/install/share/interbotix_xs_driver/package.sh'
[1.351s] INFO:colcon.colcon_core.shell:Creating package script '/home/derek-dietz/MSAI/ComputerVision/Final_Project/ws/interbotix/install/share/interbotix_xs_driver/package.bash'
[1.352s] INFO:colcon.colcon_core.shell:Creating package script '/home/derek-dietz/MSAI/ComputerVision/Final_Project/ws/interbotix/install/share/interbotix_xs_driver/package.zsh'
[1.352s] Level 1:colcon.colcon_core.environment:create_file_with_runtime_dependencies(/home/derek-dietz/MSAI/ComputerVision/Final_Project/ws/interbotix/install/share/colcon-core/packages/interbotix_xs_driver)
[1.352s] Level 1:colcon.colcon_core.environment:create_environment_scripts_only(interbotix_common_sim)
[1.353s] Level 1:colcon.colcon_core.environment:checking '/home/derek-dietz/MSAI/ComputerVision/Final_Project/ws/interbotix/install' for CMake module files
[1.354s] DEBUG:colcon.colcon_core.event_handler.log_command:Invoked command in '/home/derek-dietz/MSAI/ComputerVision/Final_Project/ws/interbotix/build/interbotix_common_sim' returned '0': CMAKE_PREFIX_PATH=${CMAKE_PREFIX_PATH}:/opt/ros/kilted DEBUGINFOD_URLS=https://debuginfod.ubuntu.com /usr/bin/cmake --install /home/derek-dietz/MSAI/ComputerVision/Final_Project/ws/interbotix/build/interbotix_common_sim
[1.355s] Level 1:colcon.colcon_core.environment:checking '/home/derek-dietz/MSAI/ComputerVision/Final_Project/ws/interbotix/install' for CMake config files
[1.357s] Level 1:colcon.colcon_core.shell:create_environment_hook('interbotix_common_sim', 'cmake_prefix_path')
[1.357s] INFO:colcon.colcon_core.shell:Creating environment hook '/home/derek-dietz/MSAI/ComputerVision/Final_Project/ws/interbotix/install/share/interbotix_common_sim/hook/cmake_prefix_path.ps1'
[1.358s] INFO:colcon.colcon_core.shell:Creating environment descriptor '/home/derek-dietz/MSAI/ComputerVision/Final_Project/ws/interbotix/install/share/interbotix_common_sim/hook/cmake_prefix_path.dsv'
[1.358s] INFO:colcon.colcon_core.shell:Creating environment hook '/home/derek-dietz/MSAI/ComputerVision/Final_Project/ws/interbotix/install/share/interbotix_common_sim/hook/cmake_prefix_path.sh'
[1.358s] Level 1:colcon.colcon_core.environment:checking '/home/derek-dietz/MSAI/ComputerVision/Final_Project/ws/interbotix/install/lib'
[1.358s] Level 1:colcon.colcon_core.shell:create_environment_hook('interbotix_common_sim', 'ld_library_path_lib')
[1.358s] INFO:colcon.colcon_core.shell:Creating environment hook '/home/derek-dietz/MSAI/ComputerVision/Final_Project/ws/interbotix/install/share/interbotix_common_sim/hook/ld_library_path_lib.ps1'
[1.359s] INFO:colcon.colcon_core.shell:Creating environment descriptor '/home/derek-dietz/MSAI/ComputerVision/Final_Project/ws/interbotix/install/share/interbotix_common_sim/hook/ld_library_path_lib.dsv'
[1.359s] INFO:colcon.colcon_core.shell:Creating environment hook '/home/derek-dietz/MSAI/ComputerVision/Final_Project/ws/interbotix/install/share/interbotix_common_sim/hook/ld_library_path_lib.sh'
[1.359s] Level 1:colcon.colcon_core.environment:checking '/home/derek-dietz/MSAI/ComputerVision/Final_Project/ws/interbotix/install/bin'
[1.359s] Level 1:colcon.colcon_core.environment:checking '/home/derek-dietz/MSAI/ComputerVision/Final_Project/ws/interbotix/install/lib/pkgconfig/interbotix_common_sim.pc'
[1.359s] Level 1:colcon.colcon_core.environment:checking '/home/derek-dietz/MSAI/ComputerVision/Final_Project/ws/interbotix/install/lib/python3.12/site-packages'
[1.359s] Level 1:colcon.colcon_core.shell:create_environment_hook('interbotix_common_sim', 'pythonpath')
[1.359s] INFO:colcon.colcon_core.shell:Creating environment hook '/home/derek-dietz/MSAI/ComputerVision/Final_Project/ws/interbotix/install/share/interbotix_common_sim/hook/pythonpath.ps1'
[1.360s] INFO:colcon.colcon_core.shell:Creating environment descriptor '/home/derek-dietz/MSAI/ComputerVision/Final_Project/ws/interbotix/install/share/interbotix_common_sim/hook/pythonpath.dsv'
[1.360s] INFO:colcon.colcon_core.shell:Creating environment hook '/home/derek-dietz/MSAI/ComputerVision/Final_Project/ws/interbotix/install/share/interbotix_common_sim/hook/pythonpath.sh'
[1.360s] Level 1:colcon.colcon_core.environment:checking '/home/derek-dietz/MSAI/ComputerVision/Final_Project/ws/interbotix/install/bin'
[1.360s] INFO:colcon.colcon_core.shell:Creating package script '/home/derek-dietz/MSAI/ComputerVision/Final_Project/ws/interbotix/install/share/interbotix_common_sim/package.ps1'
[1.361s] INFO:colcon.colcon_core.shell:Creating package descriptor '/home/derek-dietz/MSAI/ComputerVision/Final_Project/ws/interbotix/install/share/interbotix_common_sim/package.dsv'
[1.361s] INFO:colcon.colcon_core.shell:Creating package script '/home/derek-dietz/MSAI/ComputerVision/Final_Project/ws/interbotix/install/share/interbotix_common_sim/package.sh'
[1.361s] INFO:colcon.colcon_core.shell:Creating package script '/home/derek-dietz/MSAI/ComputerVision/Final_Project/ws/interbotix/install/share/interbotix_common_sim/package.bash'
[1.361s] INFO:colcon.colcon_core.shell:Creating package script '/home/derek-dietz/MSAI/ComputerVision/Final_Project/ws/interbotix/install/share/interbotix_common_sim/package.zsh'
[1.362s] Level 1:colcon.colcon_core.environment:create_file_with_runtime_dependencies(/home/derek-dietz/MSAI/ComputerVision/Final_Project/ws/interbotix/install/share/colcon-core/packages/interbotix_common_sim)
[1.362s] Level 1:colcon.colcon_core.environment:create_environment_scripts_only(interbotix_common_sim)
[1.362s] Level 1:colcon.colcon_core.environment:checking '/home/derek-dietz/MSAI/ComputerVision/Final_Project/ws/interbotix/install' for CMake module files
[1.362s] Level 1:colcon.colcon_core.environment:checking '/home/derek-dietz/MSAI/ComputerVision/Final_Project/ws/interbotix/install' for CMake config files
[1.363s] Level 1:colcon.colcon_core.shell:create_environment_hook('interbotix_common_sim', 'cmake_prefix_path')
[1.363s] INFO:colcon.colcon_core.shell:Creating environment hook '/home/derek-dietz/MSAI/ComputerVision/Final_Project/ws/interbotix/install/share/interbotix_common_sim/hook/cmake_prefix_path.ps1'
[1.363s] INFO:colcon.colcon_core.shell:Creating environment descriptor '/home/derek-dietz/MSAI/ComputerVision/Final_Project/ws/interbotix/install/share/interbotix_common_sim/hook/cmake_prefix_path.dsv'
[1.363s] INFO:colcon.colcon_core.shell:Creating environment hook '/home/derek-dietz/MSAI/ComputerVision/Final_Project/ws/interbotix/install/share/interbotix_common_sim/hook/cmake_prefix_path.sh'
[1.364s] Level 1:colcon.colcon_core.environment:checking '/home/derek-dietz/MSAI/ComputerVision/Final_Project/ws/interbotix/install/lib'
[1.364s] Level 1:colcon.colcon_core.shell:create_environment_hook('interbotix_common_sim', 'ld_library_path_lib')
[1.364s] INFO:colcon.colcon_core.shell:Creating environment hook '/home/derek-dietz/MSAI/ComputerVision/Final_Project/ws/interbotix/install/share/interbotix_common_sim/hook/ld_library_path_lib.ps1'
[1.364s] INFO:colcon.colcon_core.shell:Creating environment descriptor '/home/derek-dietz/MSAI/ComputerVision/Final_Project/ws/interbotix/install/share/interbotix_common_sim/hook/ld_library_path_lib.dsv'
[1.364s] INFO:colcon.colcon_core.shell:Creating environment hook '/home/derek-dietz/MSAI/ComputerVision/Final_Project/ws/interbotix/install/share/interbotix_common_sim/hook/ld_library_path_lib.sh'
[1.364s] Level 1:colcon.colcon_core.environment:checking '/home/derek-dietz/MSAI/ComputerVision/Final_Project/ws/interbotix/install/bin'
[1.364s] Level 1:colcon.colcon_core.environment:checking '/home/derek-dietz/MSAI/ComputerVision/Final_Project/ws/interbotix/install/lib/pkgconfig/interbotix_common_sim.pc'
[1.365s] Level 1:colcon.colcon_core.environment:checking '/home/derek-dietz/MSAI/ComputerVision/Final_Project/ws/interbotix/install/lib/python3.12/site-packages'
[1.365s] Level 1:colcon.colcon_core.shell:create_environment_hook('interbotix_common_sim', 'pythonpath')
[1.365s] INFO:colcon.colcon_core.shell:Creating environment hook '/home/derek-dietz/MSAI/ComputerVision/Final_Project/ws/interbotix/install/share/interbotix_common_sim/hook/pythonpath.ps1'
[1.365s] INFO:colcon.colcon_core.shell:Creating environment descriptor '/home/derek-dietz/MSAI/ComputerVision/Final_Project/ws/interbotix/install/share/interbotix_common_sim/hook/pythonpath.dsv'
[1.365s] INFO:colcon.colcon_core.shell:Creating environment hook '/home/derek-dietz/MSAI/ComputerVision/Final_Project/ws/interbotix/install/share/interbotix_common_sim/hook/pythonpath.sh'
[1.366s] Level 1:colcon.colcon_core.environment:checking '/home/derek-dietz/MSAI/ComputerVision/Final_Project/ws/interbotix/install/bin'
[1.366s] INFO:colcon.colcon_core.shell:Creating package script '/home/derek-dietz/MSAI/ComputerVision/Final_Project/ws/interbotix/install/share/interbotix_common_sim/package.ps1'
[1.366s] INFO:colcon.colcon_core.shell:Creating package descriptor '/home/derek-dietz/MSAI/ComputerVision/Final_Project/ws/interbotix/install/share/interbotix_common_sim/package.dsv'
[1.366s] INFO:colcon.colcon_core.shell:Creating package script '/home/derek-dietz/MSAI/ComputerVision/Final_Project/ws/interbotix/install/share/interbotix_common_sim/package.sh'
[1.367s] INFO:colcon.colcon_core.shell:Creating package script '/home/derek-dietz/MSAI/ComputerVision/Final_Project/ws/interbotix/install/share/interbotix_common_sim/package.bash'
[1.367s] INFO:colcon.colcon_core.shell:Creating package script '/home/derek-dietz/MSAI/ComputerVision/Final_Project/ws/interbotix/install/share/interbotix_common_sim/package.zsh'
[1.367s] Level 1:colcon.colcon_core.environment:create_file_with_runtime_dependencies(/home/derek-dietz/MSAI/ComputerVision/Final_Project/ws/interbotix/install/share/colcon-core/packages/interbotix_common_sim)
[1.367s] Level 1:colcon.colcon_core.environment:create_environment_scripts_only(interbotix_tf_tools)
[1.367s] Level 1:colcon.colcon_core.environment:checking '/home/derek-dietz/MSAI/ComputerVision/Final_Project/ws/interbotix/install' for CMake module files
[1.368s] DEBUG:colcon.colcon_core.event_handler.log_command:Invoked command in '/home/derek-dietz/MSAI/ComputerVision/Final_Project/ws/interbotix/build/interbotix_tf_tools' returned '0': CMAKE_PREFIX_PATH=${CMAKE_PREFIX_PATH}:/opt/ros/kilted DEBUGINFOD_URLS=https://debuginfod.ubuntu.com /usr/bin/cmake --install /home/derek-dietz/MSAI/ComputerVision/Final_Project/ws/interbotix/build/interbotix_tf_tools
[1.368s] Level 1:colcon.colcon_core.environment:checking '/home/derek-dietz/MSAI/ComputerVision/Final_Project/ws/interbotix/install' for CMake config files
[1.369s] Level 1:colcon.colcon_core.shell:create_environment_hook('interbotix_tf_tools', 'cmake_prefix_path')
[1.369s] INFO:colcon.colcon_core.shell:Creating environment hook '/home/derek-dietz/MSAI/ComputerVision/Final_Project/ws/interbotix/install/share/interbotix_tf_tools/hook/cmake_prefix_path.ps1'
[1.369s] INFO:colcon.colcon_core.shell:Creating environment descriptor '/home/derek-dietz/MSAI/ComputerVision/Final_Project/ws/interbotix/install/share/interbotix_tf_tools/hook/cmake_prefix_path.dsv'
[1.369s] INFO:colcon.colcon_core.shell:Creating environment hook '/home/derek-dietz/MSAI/ComputerVision/Final_Project/ws/interbotix/install/share/interbotix_tf_tools/hook/cmake_prefix_path.sh'
[1.369s] Level 1:colcon.colcon_core.environment:checking '/home/derek-dietz/MSAI/ComputerVision/Final_Project/ws/interbotix/install/lib'
[1.370s] Level 1:colcon.colcon_core.shell:create_environment_hook('interbotix_tf_tools', 'ld_library_path_lib')
[1.370s] INFO:colcon.colcon_core.shell:Creating environment hook '/home/derek-dietz/MSAI/ComputerVision/Final_Project/ws/interbotix/install/share/interbotix_tf_tools/hook/ld_library_path_lib.ps1'
[1.370s] INFO:colcon.colcon_core.shell:Creating environment descriptor '/home/derek-dietz/MSAI/ComputerVision/Final_Project/ws/interbotix/install/share/interbotix_tf_tools/hook/ld_library_path_lib.dsv'
[1.370s] INFO:colcon.colcon_core.shell:Creating environment hook '/home/derek-dietz/MSAI/ComputerVision/Final_Project/ws/interbotix/install/share/interbotix_tf_tools/hook/ld_library_path_lib.sh'
[1.370s] Level 1:colcon.colcon_core.environment:checking '/home/derek-dietz/MSAI/ComputerVision/Final_Project/ws/interbotix/install/bin'
[1.370s] Level 1:colcon.colcon_core.environment:checking '/home/derek-dietz/MSAI/ComputerVision/Final_Project/ws/interbotix/install/lib/pkgconfig/interbotix_tf_tools.pc'
[1.370s] Level 1:colcon.colcon_core.environment:checking '/home/derek-dietz/MSAI/ComputerVision/Final_Project/ws/interbotix/install/lib/python3.12/site-packages'
[1.371s] Level 1:colcon.colcon_core.shell:create_environment_hook('interbotix_tf_tools', 'pythonpath')
[1.371s] INFO:colcon.colcon_core.shell:Creating environment hook '/home/derek-dietz/MSAI/ComputerVision/Final_Project/ws/interbotix/install/share/interbotix_tf_tools/hook/pythonpath.ps1'
[1.371s] INFO:colcon.colcon_core.shell:Creating environment descriptor '/home/derek-dietz/MSAI/ComputerVision/Final_Project/ws/interbotix/install/share/interbotix_tf_tools/hook/pythonpath.dsv'
[1.371s] INFO:colcon.colcon_core.shell:Creating environment hook '/home/derek-dietz/MSAI/ComputerVision/Final_Project/ws/interbotix/install/share/interbotix_tf_tools/hook/pythonpath.sh'
[1.371s] Level 1:colcon.colcon_core.environment:checking '/home/derek-dietz/MSAI/ComputerVision/Final_Project/ws/interbotix/install/bin'
[1.372s] INFO:colcon.colcon_core.shell:Creating package script '/home/derek-dietz/MSAI/ComputerVision/Final_Project/ws/interbotix/install/share/interbotix_tf_tools/package.ps1'
[1.372s] INFO:colcon.colcon_core.shell:Creating package descriptor '/home/derek-dietz/MSAI/ComputerVision/Final_Project/ws/interbotix/install/share/interbotix_tf_tools/package.dsv'
[1.372s] INFO:colcon.colcon_core.shell:Creating package script '/home/derek-dietz/MSAI/ComputerVision/Final_Project/ws/interbotix/install/share/interbotix_tf_tools/package.sh'
[1.372s] INFO:colcon.colcon_core.shell:Creating package script '/home/derek-dietz/MSAI/ComputerVision/Final_Project/ws/interbotix/install/share/interbotix_tf_tools/package.bash'
[1.373s] INFO:colcon.colcon_core.shell:Creating package script '/home/derek-dietz/MSAI/ComputerVision/Final_Project/ws/interbotix/install/share/interbotix_tf_tools/package.zsh'
[1.373s] Level 1:colcon.colcon_core.environment:create_file_with_runtime_dependencies(/home/derek-dietz/MSAI/ComputerVision/Final_Project/ws/interbotix/install/share/colcon-core/packages/interbotix_tf_tools)
[1.373s] Level 1:colcon.colcon_core.environment:create_environment_scripts_only(interbotix_tf_tools)
[1.373s] Level 1:colcon.colcon_core.environment:checking '/home/derek-dietz/MSAI/ComputerVision/Final_Project/ws/interbotix/install' for CMake module files
[1.373s] Level 1:colcon.colcon_core.environment:checking '/home/derek-dietz/MSAI/ComputerVision/Final_Project/ws/interbotix/install' for CMake config files
[1.374s] Level 1:colcon.colcon_core.shell:create_environment_hook('interbotix_tf_tools', 'cmake_prefix_path')
[1.374s] INFO:colcon.colcon_core.shell:Creating environment hook '/home/derek-dietz/MSAI/ComputerVision/Final_Project/ws/interbotix/install/share/interbotix_tf_tools/hook/cmake_prefix_path.ps1'
[1.374s] INFO:colcon.colcon_core.shell:Creating environment descriptor '/home/derek-dietz/MSAI/ComputerVision/Final_Project/ws/interbotix/install/share/interbotix_tf_tools/hook/cmake_prefix_path.dsv'
[1.374s] INFO:colcon.colcon_core.shell:Creating environment hook '/home/derek-dietz/MSAI/ComputerVision/Final_Project/ws/interbotix/install/share/interbotix_tf_tools/hook/cmake_prefix_path.sh'
[1.375s] Level 1:colcon.colcon_core.environment:checking '/home/derek-dietz/MSAI/ComputerVision/Final_Project/ws/interbotix/install/lib'
[1.375s] Level 1:colcon.colcon_core.shell:create_environment_hook('interbotix_tf_tools', 'ld_library_path_lib')
[1.375s] INFO:colcon.colcon_core.shell:Creating environment hook '/home/derek-dietz/MSAI/ComputerVision/Final_Project/ws/interbotix/install/share/interbotix_tf_tools/hook/ld_library_path_lib.ps1'
[1.375s] INFO:colcon.colcon_core.shell:Creating environment descriptor '/home/derek-dietz/MSAI/ComputerVision/Final_Project/ws/interbotix/install/share/interbotix_tf_tools/hook/ld_library_path_lib.dsv'
[1.375s] INFO:colcon.colcon_core.shell:Creating environment hook '/home/derek-dietz/MSAI/ComputerVision/Final_Project/ws/interbotix/install/share/interbotix_tf_tools/hook/ld_library_path_lib.sh'
[1.375s] Level 1:colcon.colcon_core.environment:checking '/home/derek-dietz/MSAI/ComputerVision/Final_Project/ws/interbotix/install/bin'
[1.376s] Level 1:colcon.colcon_core.environment:checking '/home/derek-dietz/MSAI/ComputerVision/Final_Project/ws/interbotix/install/lib/pkgconfig/interbotix_tf_tools.pc'
[1.376s] Level 1:colcon.colcon_core.environment:checking '/home/derek-dietz/MSAI/ComputerVision/Final_Project/ws/interbotix/install/lib/python3.12/site-packages'
[1.376s] Level 1:colcon.colcon_core.shell:create_environment_hook('interbotix_tf_tools', 'pythonpath')
[1.376s] INFO:colcon.colcon_core.shell:Creating environment hook '/home/derek-dietz/MSAI/ComputerVision/Final_Project/ws/interbotix/install/share/interbotix_tf_tools/hook/pythonpath.ps1'
[1.376s] INFO:colcon.colcon_core.shell:Creating environment descriptor '/home/derek-dietz/MSAI/ComputerVision/Final_Project/ws/interbotix/install/share/interbotix_tf_tools/hook/pythonpath.dsv'
[1.376s] INFO:colcon.colcon_core.shell:Creating environment hook '/home/derek-dietz/MSAI/ComputerVision/Final_Project/ws/interbotix/install/share/interbotix_tf_tools/hook/pythonpath.sh'
[1.377s] Level 1:colcon.colcon_core.environment:checking '/home/derek-dietz/MSAI/ComputerVision/Final_Project/ws/interbotix/install/bin'
[1.377s] INFO:colcon.colcon_core.shell:Creating package script '/home/derek-dietz/MSAI/ComputerVision/Final_Project/ws/interbotix/install/share/interbotix_tf_tools/package.ps1'
[1.377s] INFO:colcon.colcon_core.shell:Creating package descriptor '/home/derek-dietz/MSAI/ComputerVision/Final_Project/ws/interbotix/install/share/interbotix_tf_tools/package.dsv'
[1.377s] INFO:colcon.colcon_core.shell:Creating package script '/home/derek-dietz/MSAI/ComputerVision/Final_Project/ws/interbotix/install/share/interbotix_tf_tools/package.sh'
[1.378s] INFO:colcon.colcon_core.shell:Creating package script '/home/derek-dietz/MSAI/ComputerVision/Final_Project/ws/interbotix/install/share/interbotix_tf_tools/package.bash'
[1.378s] INFO:colcon.colcon_core.shell:Creating package script '/home/derek-dietz/MSAI/ComputerVision/Final_Project/ws/interbotix/install/share/interbotix_tf_tools/package.zsh'
[1.378s] Level 1:colcon.colcon_core.environment:create_file_with_runtime_dependencies(/home/derek-dietz/MSAI/ComputerVision/Final_Project/ws/interbotix/install/share/colcon-core/packages/interbotix_tf_tools)
[1.379s] Level 1:colcon.colcon_core.environment:create_environment_scripts_only(interbotix_moveit_interface_msgs)
[1.379s] Level 1:colcon.colcon_core.environment:checking '/home/derek-dietz/MSAI/ComputerVision/Final_Project/ws/interbotix/install' for CMake module files
[1.380s] DEBUG:colcon.colcon_core.event_handler.log_command:Invoked command in '/home/derek-dietz/MSAI/ComputerVision/Final_Project/ws/interbotix/build/interbotix_moveit_interface_msgs' returned '0': CMAKE_PREFIX_PATH=${CMAKE_PREFIX_PATH}:/opt/ros/kilted DEBUGINFOD_URLS=https://debuginfod.ubuntu.com /usr/bin/cmake --install /home/derek-dietz/MSAI/ComputerVision/Final_Project/ws/interbotix/build/interbotix_moveit_interface_msgs
[1.380s] Level 1:colcon.colcon_core.environment:checking '/home/derek-dietz/MSAI/ComputerVision/Final_Project/ws/interbotix/install' for CMake config files
[1.381s] Level 1:colcon.colcon_core.shell:create_environment_hook('interbotix_moveit_interface_msgs', 'cmake_prefix_path')
[1.382s] INFO:colcon.colcon_core.shell:Creating environment hook '/home/derek-dietz/MSAI/ComputerVision/Final_Project/ws/interbotix/install/share/interbotix_moveit_interface_msgs/hook/cmake_prefix_path.ps1'
[1.382s] INFO:colcon.colcon_core.shell:Creating environment descriptor '/home/derek-dietz/MSAI/ComputerVision/Final_Project/ws/interbotix/install/share/interbotix_moveit_interface_msgs/hook/cmake_prefix_path.dsv'
[1.382s] INFO:colcon.colcon_core.shell:Creating environment hook '/home/derek-dietz/MSAI/ComputerVision/Final_Project/ws/interbotix/install/share/interbotix_moveit_interface_msgs/hook/cmake_prefix_path.sh'
[1.383s] Level 1:colcon.colcon_core.environment:checking '/home/derek-dietz/MSAI/ComputerVision/Final_Project/ws/interbotix/install/lib'
[1.383s] Level 1:colcon.colcon_core.shell:create_environment_hook('interbotix_moveit_interface_msgs', 'ld_library_path_lib')
[1.383s] INFO:colcon.colcon_core.shell:Creating environment hook '/home/derek-dietz/MSAI/ComputerVision/Final_Project/ws/interbotix/install/share/interbotix_moveit_interface_msgs/hook/ld_library_path_lib.ps1'
[1.384s] INFO:colcon.colcon_core.shell:Creating environment descriptor '/home/derek-dietz/MSAI/ComputerVision/Final_Project/ws/interbotix/install/share/interbotix_moveit_interface_msgs/hook/ld_library_path_lib.dsv'
[1.384s] INFO:colcon.colcon_core.shell:Creating environment hook '/home/derek-dietz/MSAI/ComputerVision/Final_Project/ws/interbotix/install/share/interbotix_moveit_interface_msgs/hook/ld_library_path_lib.sh'
[1.385s] Level 1:colcon.colcon_core.environment:checking '/home/derek-dietz/MSAI/ComputerVision/Final_Project/ws/interbotix/install/bin'
[1.385s] Level 1:colcon.colcon_core.environment:checking '/home/derek-dietz/MSAI/ComputerVision/Final_Project/ws/interbotix/install/lib/pkgconfig/interbotix_moveit_interface_msgs.pc'
[1.385s] Level 1:colcon.colcon_core.environment:checking '/home/derek-dietz/MSAI/ComputerVision/Final_Project/ws/interbotix/install/lib/python3.12/site-packages'
[1.385s] Level 1:colcon.colcon_core.shell:create_environment_hook('interbotix_moveit_interface_msgs', 'pythonpath')
[1.385s] INFO:colcon.colcon_core.shell:Creating environment hook '/home/derek-dietz/MSAI/ComputerVision/Final_Project/ws/interbotix/install/share/interbotix_moveit_interface_msgs/hook/pythonpath.ps1'
[1.386s] INFO:colcon.colcon_core.shell:Creating environment descriptor '/home/derek-dietz/MSAI/ComputerVision/Final_Project/ws/interbotix/install/share/interbotix_moveit_interface_msgs/hook/pythonpath.dsv'
[1.386s] INFO:colcon.colcon_core.shell:Creating environment hook '/home/derek-dietz/MSAI/ComputerVision/Final_Project/ws/interbotix/install/share/interbotix_moveit_interface_msgs/hook/pythonpath.sh'
[1.387s] Level 1:colcon.colcon_core.environment:checking '/home/derek-dietz/MSAI/ComputerVision/Final_Project/ws/interbotix/install/bin'
[1.387s] INFO:colcon.colcon_core.shell:Creating package script '/home/derek-dietz/MSAI/ComputerVision/Final_Project/ws/interbotix/install/share/interbotix_moveit_interface_msgs/package.ps1'
[1.388s] INFO:colcon.colcon_core.shell:Creating package descriptor '/home/derek-dietz/MSAI/ComputerVision/Final_Project/ws/interbotix/install/share/interbotix_moveit_interface_msgs/package.dsv'
[1.389s] INFO:colcon.colcon_core.shell:Creating package script '/home/derek-dietz/MSAI/ComputerVision/Final_Project/ws/interbotix/install/share/interbotix_moveit_interface_msgs/package.sh'
[1.389s] INFO:colcon.colcon_core.shell:Creating package script '/home/derek-dietz/MSAI/ComputerVision/Final_Project/ws/interbotix/install/share/interbotix_moveit_interface_msgs/package.bash'
[1.390s] INFO:colcon.colcon_core.shell:Creating package script '/home/derek-dietz/MSAI/ComputerVision/Final_Project/ws/interbotix/install/share/interbotix_moveit_interface_msgs/package.zsh'
[1.390s] Level 1:colcon.colcon_core.environment:create_file_with_runtime_dependencies(/home/derek-dietz/MSAI/ComputerVision/Final_Project/ws/interbotix/install/share/colcon-core/packages/interbotix_moveit_interface_msgs)
[1.391s] Level 1:colcon.colcon_core.environment:create_environment_scripts_only(interbotix_moveit_interface_msgs)
[1.391s] Level 1:colcon.colcon_core.environment:checking '/home/derek-dietz/MSAI/ComputerVision/Final_Project/ws/interbotix/install' for CMake module files
[1.391s] Level 1:colcon.colcon_core.environment:checking '/home/derek-dietz/MSAI/ComputerVision/Final_Project/ws/interbotix/install' for CMake config files
[1.392s] Level 1:colcon.colcon_core.shell:create_environment_hook('interbotix_moveit_interface_msgs', 'cmake_prefix_path')
[1.392s] INFO:colcon.colcon_core.shell:Creating environment hook '/home/derek-dietz/MSAI/ComputerVision/Final_Project/ws/interbotix/install/share/interbotix_moveit_interface_msgs/hook/cmake_prefix_path.ps1'
[1.393s] INFO:colcon.colcon_core.shell:Creating environment descriptor '/home/derek-dietz/MSAI/ComputerVision/Final_Project/ws/interbotix/install/share/interbotix_moveit_interface_msgs/hook/cmake_prefix_path.dsv'
[1.393s] INFO:colcon.colcon_core.shell:Creating environment hook '/home/derek-dietz/MSAI/ComputerVision/Final_Project/ws/interbotix/install/share/interbotix_moveit_interface_msgs/hook/cmake_prefix_path.sh'
[1.393s] Level 1:colcon.colcon_core.environment:checking '/home/derek-dietz/MSAI/ComputerVision/Final_Project/ws/interbotix/install/lib'
[1.393s] Level 1:colcon.colcon_core.shell:create_environment_hook('interbotix_moveit_interface_msgs', 'ld_library_path_lib')
[1.393s] INFO:colcon.colcon_core.shell:Creating environment hook '/home/derek-dietz/MSAI/ComputerVision/Final_Project/ws/interbotix/install/share/interbotix_moveit_interface_msgs/hook/ld_library_path_lib.ps1'
[1.394s] INFO:colcon.colcon_core.shell:Creating environment descriptor '/home/derek-dietz/MSAI/ComputerVision/Final_Project/ws/interbotix/install/share/interbotix_moveit_interface_msgs/hook/ld_library_path_lib.dsv'
[1.394s] INFO:colcon.colcon_core.shell:Creating environment hook '/home/derek-dietz/MSAI/ComputerVision/Final_Project/ws/interbotix/install/share/interbotix_moveit_interface_msgs/hook/ld_library_path_lib.sh'
[1.394s] Level 1:colcon.colcon_core.environment:checking '/home/derek-dietz/MSAI/ComputerVision/Final_Project/ws/interbotix/install/bin'
[1.394s] Level 1:colcon.colcon_core.environment:checking '/home/derek-dietz/MSAI/ComputerVision/Final_Project/ws/interbotix/install/lib/pkgconfig/interbotix_moveit_interface_msgs.pc'
[1.394s] Level 1:colcon.colcon_core.environment:checking '/home/derek-dietz/MSAI/ComputerVision/Final_Project/ws/interbotix/install/lib/python3.12/site-packages'
[1.395s] Level 1:colcon.colcon_core.shell:create_environment_hook('interbotix_moveit_interface_msgs', 'pythonpath')
[1.395s] INFO:colcon.colcon_core.shell:Creating environment hook '/home/derek-dietz/MSAI/ComputerVision/Final_Project/ws/interbotix/install/share/interbotix_moveit_interface_msgs/hook/pythonpath.ps1'
[1.395s] INFO:colcon.colcon_core.shell:Creating environment descriptor '/home/derek-dietz/MSAI/ComputerVision/Final_Project/ws/interbotix/install/share/interbotix_moveit_interface_msgs/hook/pythonpath.dsv'
[1.395s] INFO:colcon.colcon_core.shell:Creating environment hook '/home/derek-dietz/MSAI/ComputerVision/Final_Project/ws/interbotix/install/share/interbotix_moveit_interface_msgs/hook/pythonpath.sh'
[1.396s] Level 1:colcon.colcon_core.environment:checking '/home/derek-dietz/MSAI/ComputerVision/Final_Project/ws/interbotix/install/bin'
[1.396s] INFO:colcon.colcon_core.shell:Creating package script '/home/derek-dietz/MSAI/ComputerVision/Final_Project/ws/interbotix/install/share/interbotix_moveit_interface_msgs/package.ps1'
[1.396s] INFO:colcon.colcon_core.shell:Creating package descriptor '/home/derek-dietz/MSAI/ComputerVision/Final_Project/ws/interbotix/install/share/interbotix_moveit_interface_msgs/package.dsv'
[1.397s] INFO:colcon.colcon_core.shell:Creating package script '/home/derek-dietz/MSAI/ComputerVision/Final_Project/ws/interbotix/install/share/interbotix_moveit_interface_msgs/package.sh'
[1.397s] INFO:colcon.colcon_core.shell:Creating package script '/home/derek-dietz/MSAI/ComputerVision/Final_Project/ws/interbotix/install/share/interbotix_moveit_interface_msgs/package.bash'
[1.397s] INFO:colcon.colcon_core.shell:Creating package script '/home/derek-dietz/MSAI/ComputerVision/Final_Project/ws/interbotix/install/share/interbotix_moveit_interface_msgs/package.zsh'
[1.397s] Level 1:colcon.colcon_core.environment:create_file_with_runtime_dependencies(/home/derek-dietz/MSAI/ComputerVision/Final_Project/ws/interbotix/install/share/colcon-core/packages/interbotix_moveit_interface_msgs)
[1.398s] Level 1:colcon.colcon_core.environment:create_environment_scripts_only(interbotix_xs_msgs)
[1.398s] Level 1:colcon.colcon_core.environment:checking '/home/derek-dietz/MSAI/ComputerVision/Final_Project/ws/interbotix/install' for CMake module files
[1.399s] DEBUG:colcon.colcon_core.event_handler.log_command:Invoked command in '/home/derek-dietz/MSAI/ComputerVision/Final_Project/ws/interbotix/build/interbotix_xs_msgs' returned '0': CMAKE_PREFIX_PATH=${CMAKE_PREFIX_PATH}:/opt/ros/kilted DEBUGINFOD_URLS=https://debuginfod.ubuntu.com /usr/bin/cmake --install /home/derek-dietz/MSAI/ComputerVision/Final_Project/ws/interbotix/build/interbotix_xs_msgs
[1.399s] Level 1:colcon.colcon_core.environment:checking '/home/derek-dietz/MSAI/ComputerVision/Final_Project/ws/interbotix/install' for CMake config files
[1.400s] Level 1:colcon.colcon_core.shell:create_environment_hook('interbotix_xs_msgs', 'cmake_prefix_path')
[1.400s] INFO:colcon.colcon_core.shell:Creating environment hook '/home/derek-dietz/MSAI/ComputerVision/Final_Project/ws/interbotix/install/share/interbotix_xs_msgs/hook/cmake_prefix_path.ps1'
[1.400s] INFO:colcon.colcon_core.shell:Creating environment descriptor '/home/derek-dietz/MSAI/ComputerVision/Final_Project/ws/interbotix/install/share/interbotix_xs_msgs/hook/cmake_prefix_path.dsv'
[1.400s] INFO:colcon.colcon_core.shell:Creating environment hook '/home/derek-dietz/MSAI/ComputerVision/Final_Project/ws/interbotix/install/share/interbotix_xs_msgs/hook/cmake_prefix_path.sh'
[1.401s] Level 1:colcon.colcon_core.environment:checking '/home/derek-dietz/MSAI/ComputerVision/Final_Project/ws/interbotix/install/lib'
[1.401s] Level 1:colcon.colcon_core.shell:create_environment_hook('interbotix_xs_msgs', 'ld_library_path_lib')
[1.401s] INFO:colcon.colcon_core.shell:Creating environment hook '/home/derek-dietz/MSAI/ComputerVision/Final_Project/ws/interbotix/install/share/interbotix_xs_msgs/hook/ld_library_path_lib.ps1'
[1.401s] INFO:colcon.colcon_core.shell:Creating environment descriptor '/home/derek-dietz/MSAI/ComputerVision/Final_Project/ws/interbotix/install/share/interbotix_xs_msgs/hook/ld_library_path_lib.dsv'
[1.401s] INFO:colcon.colcon_core.shell:Creating environment hook '/home/derek-dietz/MSAI/ComputerVision/Final_Project/ws/interbotix/install/share/interbotix_xs_msgs/hook/ld_library_path_lib.sh'
[1.401s] Level 1:colcon.colcon_core.environment:checking '/home/derek-dietz/MSAI/ComputerVision/Final_Project/ws/interbotix/install/bin'
[1.401s] Level 1:colcon.colcon_core.environment:checking '/home/derek-dietz/MSAI/ComputerVision/Final_Project/ws/interbotix/install/lib/pkgconfig/interbotix_xs_msgs.pc'
[1.401s] Level 1:colcon.colcon_core.environment:checking '/home/derek-dietz/MSAI/ComputerVision/Final_Project/ws/interbotix/install/lib/python3.12/site-packages'
[1.402s] Level 1:colcon.colcon_core.shell:create_environment_hook('interbotix_xs_msgs', 'pythonpath')
[1.402s] INFO:colcon.colcon_core.shell:Creating environment hook '/home/derek-dietz/MSAI/ComputerVision/Final_Project/ws/interbotix/install/share/interbotix_xs_msgs/hook/pythonpath.ps1'
[1.402s] INFO:colcon.colcon_core.shell:Creating environment descriptor '/home/derek-dietz/MSAI/ComputerVision/Final_Project/ws/interbotix/install/share/interbotix_xs_msgs/hook/pythonpath.dsv'
[1.402s] INFO:colcon.colcon_core.shell:Creating environment hook '/home/derek-dietz/MSAI/ComputerVision/Final_Project/ws/interbotix/install/share/interbotix_xs_msgs/hook/pythonpath.sh'
[1.402s] Level 1:colcon.colcon_core.environment:checking '/home/derek-dietz/MSAI/ComputerVision/Final_Project/ws/interbotix/install/bin'
[1.403s] INFO:colcon.colcon_core.shell:Creating package script '/home/derek-dietz/MSAI/ComputerVision/Final_Project/ws/interbotix/install/share/interbotix_xs_msgs/package.ps1'
[1.403s] INFO:colcon.colcon_core.shell:Creating package descriptor '/home/derek-dietz/MSAI/ComputerVision/Final_Project/ws/interbotix/install/share/interbotix_xs_msgs/package.dsv'
[1.403s] INFO:colcon.colcon_core.shell:Creating package script '/home/derek-dietz/MSAI/ComputerVision/Final_Project/ws/interbotix/install/share/interbotix_xs_msgs/package.sh'
[1.404s] INFO:colcon.colcon_core.shell:Creating package script '/home/derek-dietz/MSAI/ComputerVision/Final_Project/ws/interbotix/install/share/interbotix_xs_msgs/package.bash'
[1.404s] INFO:colcon.colcon_core.shell:Creating package script '/home/derek-dietz/MSAI/ComputerVision/Final_Project/ws/interbotix/install/share/interbotix_xs_msgs/package.zsh'
[1.404s] Level 1:colcon.colcon_core.environment:create_file_with_runtime_dependencies(/home/derek-dietz/MSAI/ComputerVision/Final_Project/ws/interbotix/install/share/colcon-core/packages/interbotix_xs_msgs)
[1.404s] Level 1:colcon.colcon_core.environment:create_environment_scripts_only(interbotix_xs_msgs)
[1.404s] Level 1:colcon.colcon_core.environment:checking '/home/derek-dietz/MSAI/ComputerVision/Final_Project/ws/interbotix/install' for CMake module files
[1.405s] Level 1:colcon.colcon_core.environment:checking '/home/derek-dietz/MSAI/ComputerVision/Final_Project/ws/interbotix/install' for CMake config files
[1.405s] Level 1:colcon.colcon_core.shell:create_environment_hook('interbotix_xs_msgs', 'cmake_prefix_path')
[1.405s] INFO:colcon.colcon_core.shell:Creating environment hook '/home/derek-dietz/MSAI/ComputerVision/Final_Project/ws/interbotix/install/share/interbotix_xs_msgs/hook/cmake_prefix_path.ps1'
[1.406s] INFO:colcon.colcon_core.shell:Creating environment descriptor '/home/derek-dietz/MSAI/ComputerVision/Final_Project/ws/interbotix/install/share/interbotix_xs_msgs/hook/cmake_prefix_path.dsv'
[1.406s] INFO:colcon.colcon_core.shell:Creating environment hook '/home/derek-dietz/MSAI/ComputerVision/Final_Project/ws/interbotix/install/share/interbotix_xs_msgs/hook/cmake_prefix_path.sh'
[1.406s] Level 1:colcon.colcon_core.environment:checking '/home/derek-dietz/MSAI/ComputerVision/Final_Project/ws/interbotix/install/lib'
[1.406s] Level 1:colcon.colcon_core.shell:create_environment_hook('interbotix_xs_msgs', 'ld_library_path_lib')
[1.406s] INFO:colcon.colcon_core.shell:Creating environment hook '/home/derek-dietz/MSAI/ComputerVision/Final_Project/ws/interbotix/install/share/interbotix_xs_msgs/hook/ld_library_path_lib.ps1'
[1.406s] INFO:colcon.colcon_core.shell:Creating environment descriptor '/home/derek-dietz/MSAI/ComputerVision/Final_Project/ws/interbotix/install/share/interbotix_xs_msgs/hook/ld_library_path_lib.dsv'
[1.407s] INFO:colcon.colcon_core.shell:Creating environment hook '/home/derek-dietz/MSAI/ComputerVision/Final_Project/ws/interbotix/install/share/interbotix_xs_msgs/hook/ld_library_path_lib.sh'
[1.407s] Level 1:colcon.colcon_core.environment:checking '/home/derek-dietz/MSAI/ComputerVision/Final_Project/ws/interbotix/install/bin'
[1.407s] Level 1:colcon.colcon_core.environment:checking '/home/derek-dietz/MSAI/ComputerVision/Final_Project/ws/interbotix/install/lib/pkgconfig/interbotix_xs_msgs.pc'
[1.407s] Level 1:colcon.colcon_core.environment:checking '/home/derek-dietz/MSAI/ComputerVision/Final_Project/ws/interbotix/install/lib/python3.12/site-packages'
[1.407s] Level 1:colcon.colcon_core.shell:create_environment_hook('interbotix_xs_msgs', 'pythonpath')
[1.407s] INFO:colcon.colcon_core.shell:Creating environment hook '/home/derek-dietz/MSAI/ComputerVision/Final_Project/ws/interbotix/install/share/interbotix_xs_msgs/hook/pythonpath.ps1'
[1.407s] INFO:colcon.colcon_core.shell:Creating environment descriptor '/home/derek-dietz/MSAI/ComputerVision/Final_Project/ws/interbotix/install/share/interbotix_xs_msgs/hook/pythonpath.dsv'
[1.408s] INFO:colcon.colcon_core.shell:Creating environment hook '/home/derek-dietz/MSAI/ComputerVision/Final_Project/ws/interbotix/install/share/interbotix_xs_msgs/hook/pythonpath.sh'
[1.408s] Level 1:colcon.colcon_core.environment:checking '/home/derek-dietz/MSAI/ComputerVision/Final_Project/ws/interbotix/install/bin'
[1.408s] INFO:colcon.colcon_core.shell:Creating package script '/home/derek-dietz/MSAI/ComputerVision/Final_Project/ws/interbotix/install/share/interbotix_xs_msgs/package.ps1'
[1.408s] INFO:colcon.colcon_core.shell:Creating package descriptor '/home/derek-dietz/MSAI/ComputerVision/Final_Project/ws/interbotix/install/share/interbotix_xs_msgs/package.dsv'
[1.409s] INFO:colcon.colcon_core.shell:Creating package script '/home/derek-dietz/MSAI/ComputerVision/Final_Project/ws/interbotix/install/share/interbotix_xs_msgs/package.sh'
[1.409s] INFO:colcon.colcon_core.shell:Creating package script '/home/derek-dietz/MSAI/ComputerVision/Final_Project/ws/interbotix/install/share/interbotix_xs_msgs/package.bash'
[1.409s] INFO:colcon.colcon_core.shell:Creating package script '/home/derek-dietz/MSAI/ComputerVision/Final_Project/ws/interbotix/install/share/interbotix_xs_msgs/package.zsh'
[1.409s] Level 1:colcon.colcon_core.environment:create_file_with_runtime_dependencies(/home/derek-dietz/MSAI/ComputerVision/Final_Project/ws/interbotix/install/share/colcon-core/packages/interbotix_xs_msgs)
[1.410s] INFO:colcon.colcon_ros.task.ament_cmake.build:Building ROS package in '/home/derek-dietz/MSAI/ComputerVision/Final_Project/ws/interbotix/src/interbotix_ros_core/interbotix_ros_xseries/interbotix_xs_sdk' with build type 'ament_cmake'
[1.410s] INFO:colcon.colcon_cmake.task.cmake.build:Building CMake package in '/home/derek-dietz/MSAI/ComputerVision/Final_Project/ws/interbotix/src/interbotix_ros_core/interbotix_ros_xseries/interbotix_xs_sdk'
[1.410s] INFO:colcon.colcon_core.shell:Skip shell extension 'powershell' for command environment: Not usable outside of PowerShell
[1.410s] DEBUG:colcon.colcon_core.shell:Skip shell extension 'dsv' for command environment
[1.413s] INFO:colcon.colcon_ros.task.ament_cmake.build:Building ROS package in '/home/derek-dietz/MSAI/ComputerVision/Final_Project/ws/interbotix/src/interbotix_ros_toolboxes/interbotix_xs_toolbox/interbotix_xs_ros_control' with build type 'ament_cmake'
[1.413s] INFO:colcon.colcon_cmake.task.cmake.build:Building CMake package in '/home/derek-dietz/MSAI/ComputerVision/Final_Project/ws/interbotix/src/interbotix_ros_toolboxes/interbotix_xs_toolbox/interbotix_xs_ros_control'
[1.413s] INFO:colcon.colcon_core.shell:Skip shell extension 'powershell' for command environment: Not usable outside of PowerShell
[1.413s] DEBUG:colcon.colcon_core.shell:Skip shell extension 'dsv' for command environment
[1.416s] INFO:colcon.colcon_ros.task.ament_cmake.build:Building ROS package in '/home/derek-dietz/MSAI/ComputerVision/Final_Project/ws/interbotix/src/interbotix_ros_toolboxes/interbotix_common_toolbox/interbotix_moveit_interface' with build type 'ament_cmake'
[1.416s] INFO:colcon.colcon_cmake.task.cmake.build:Building CMake package in '/home/derek-dietz/MSAI/ComputerVision/Final_Project/ws/interbotix/src/interbotix_ros_toolboxes/interbotix_common_toolbox/interbotix_moveit_interface'
[1.416s] INFO:colcon.colcon_core.shell:Skip shell extension 'powershell' for command environment: Not usable outside of PowerShell
[1.416s] DEBUG:colcon.colcon_core.shell:Skip shell extension 'dsv' for command environment
[1.421s] DEBUG:colcon.colcon_core.event_handler.log_command:Invoking command in '/home/derek-dietz/MSAI/ComputerVision/Final_Project/ws/interbotix/build/interbotix_xs_sdk': CMAKE_PREFIX_PATH=${CMAKE_PREFIX_PATH}:/opt/ros/kilted DEBUGINFOD_URLS=https://debuginfod.ubuntu.com PYTHONPATH=/home/derek-dietz/MSAI/ComputerVision/Final_Project/ws/interbotix/install/lib/python3.12/site-packages:/home/derek-dietz/MSAI/ComputerVision/Final_Project/ros_ws/build/arm:/home/derek-dietz/MSAI/ComputerVision/Final_Project/ros_ws/install/arm/lib/python3.12/site-packages:/opt/ros/kilted/lib/python3.12/site-packages /usr/bin/cmake --build /home/derek-dietz/MSAI/ComputerVision/Final_Project/ws/interbotix/build/interbotix_xs_sdk -- -j22 -l22
[1.422s] DEBUG:colcon.colcon_core.event_handler.log_command:Invoking command in '/home/derek-dietz/MSAI/ComputerVision/Final_Project/ws/interbotix/build/interbotix_xs_ros_control': CMAKE_PREFIX_PATH=${CMAKE_PREFIX_PATH}:/opt/ros/kilted DEBUGINFOD_URLS=https://debuginfod.ubuntu.com PYTHONPATH=/home/derek-dietz/MSAI/ComputerVision/Final_Project/ws/interbotix/install/lib/python3.12/site-packages:/home/derek-dietz/MSAI/ComputerVision/Final_Project/ros_ws/build/arm:/home/derek-dietz/MSAI/ComputerVision/Final_Project/ros_ws/install/arm/lib/python3.12/site-packages:/opt/ros/kilted/lib/python3.12/site-packages /usr/bin/cmake --build /home/derek-dietz/MSAI/ComputerVision/Final_Project/ws/interbotix/build/interbotix_xs_ros_control -- -j22 -l22
[1.424s] DEBUG:colcon.colcon_core.event_handler.log_command:Invoking command in '/home/derek-dietz/MSAI/ComputerVision/Final_Project/ws/interbotix/build/interbotix_moveit_interface': CMAKE_PREFIX_PATH=${CMAKE_PREFIX_PATH}:/opt/ros/kilted DEBUGINFOD_URLS=https://debuginfod.ubuntu.com PYTHONPATH=/home/derek-dietz/MSAI/ComputerVision/Final_Project/ws/interbotix/install/lib/python3.12/site-packages:/home/derek-dietz/MSAI/ComputerVision/Final_Project/ros_ws/build/arm:/home/derek-dietz/MSAI/ComputerVision/Final_Project/ros_ws/install/arm/lib/python3.12/site-packages:/opt/ros/kilted/lib/python3.12/site-packages /usr/bin/cmake --build /home/derek-dietz/MSAI/ComputerVision/Final_Project/ws/interbotix/build/interbotix_moveit_interface -- -j22 -l22
[1.499s] DEBUG:colcon.colcon_core.event_handler.log_command:Invoked command in '/home/derek-dietz/MSAI/ComputerVision/Final_Project/ws/interbotix/build/interbotix_xs_sdk' returned '0': CMAKE_PREFIX_PATH=${CMAKE_PREFIX_PATH}:/opt/ros/kilted DEBUGINFOD_URLS=https://debuginfod.ubuntu.com PYTHONPATH=/home/derek-dietz/MSAI/ComputerVision/Final_Project/ws/interbotix/install/lib/python3.12/site-packages:/home/derek-dietz/MSAI/ComputerVision/Final_Project/ros_ws/build/arm:/home/derek-dietz/MSAI/ComputerVision/Final_Project/ros_ws/install/arm/lib/python3.12/site-packages:/opt/ros/kilted/lib/python3.12/site-packages /usr/bin/cmake --build /home/derek-dietz/MSAI/ComputerVision/Final_Project/ws/interbotix/build/interbotix_xs_sdk -- -j22 -l22
[1.499s] DEBUG:colcon.colcon_core.event_handler.log_command:Invoking command in '/home/derek-dietz/MSAI/ComputerVision/Final_Project/ws/interbotix/build/interbotix_xs_sdk': CMAKE_PREFIX_PATH=${CMAKE_PREFIX_PATH}:/opt/ros/kilted DEBUGINFOD_URLS=https://debuginfod.ubuntu.com PYTHONPATH=/home/derek-dietz/MSAI/ComputerVision/Final_Project/ws/interbotix/install/lib/python3.12/site-packages:/home/derek-dietz/MSAI/ComputerVision/Final_Project/ros_ws/build/arm:/home/derek-dietz/MSAI/ComputerVision/Final_Project/ros_ws/install/arm/lib/python3.12/site-packages:/opt/ros/kilted/lib/python3.12/site-packages /usr/bin/cmake --install /home/derek-dietz/MSAI/ComputerVision/Final_Project/ws/interbotix/build/interbotix_xs_sdk
[1.500s] DEBUG:colcon.colcon_core.event_handler.log_command:Invoked command in '/home/derek-dietz/MSAI/ComputerVision/Final_Project/ws/interbotix/build/interbotix_xs_ros_control' returned '0': CMAKE_PREFIX_PATH=${CMAKE_PREFIX_PATH}:/opt/ros/kilted DEBUGINFOD_URLS=https://debuginfod.ubuntu.com PYTHONPATH=/home/derek-dietz/MSAI/ComputerVision/Final_Project/ws/interbotix/install/lib/python3.12/site-packages:/home/derek-dietz/MSAI/ComputerVision/Final_Project/ros_ws/build/arm:/home/derek-dietz/MSAI/ComputerVision/Final_Project/ros_ws/install/arm/lib/python3.12/site-packages:/opt/ros/kilted/lib/python3.12/site-packages /usr/bin/cmake --build /home/derek-dietz/MSAI/ComputerVision/Final_Project/ws/interbotix/build/interbotix_xs_ros_control -- -j22 -l22
[1.501s] DEBUG:colcon.colcon_core.event_handler.log_command:Invoking command in '/home/derek-dietz/MSAI/ComputerVision/Final_Project/ws/interbotix/build/interbotix_xs_ros_control': CMAKE_PREFIX_PATH=${CMAKE_PREFIX_PATH}:/opt/ros/kilted DEBUGINFOD_URLS=https://debuginfod.ubuntu.com PYTHONPATH=/home/derek-dietz/MSAI/ComputerVision/Final_Project/ws/interbotix/install/lib/python3.12/site-packages:/home/derek-dietz/MSAI/ComputerVision/Final_Project/ros_ws/build/arm:/home/derek-dietz/MSAI/ComputerVision/Final_Project/ros_ws/install/arm/lib/python3.12/site-packages:/opt/ros/kilted/lib/python3.12/site-packages /usr/bin/cmake --install /home/derek-dietz/MSAI/ComputerVision/Final_Project/ws/interbotix/build/interbotix_xs_ros_control
[1.509s] Level 1:colcon.colcon_core.environment:create_environment_scripts_only(interbotix_xs_sdk)
[1.510s] Level 1:colcon.colcon_core.environment:checking '/home/derek-dietz/MSAI/ComputerVision/Final_Project/ws/interbotix/install' for CMake module files
[1.510s] DEBUG:colcon.colcon_core.event_handler.log_command:Invoked command in '/home/derek-dietz/MSAI/ComputerVision/Final_Project/ws/interbotix/build/interbotix_xs_sdk' returned '0': CMAKE_PREFIX_PATH=${CMAKE_PREFIX_PATH}:/opt/ros/kilted DEBUGINFOD_URLS=https://debuginfod.ubuntu.com PYTHONPATH=/home/derek-dietz/MSAI/ComputerVision/Final_Project/ws/interbotix/install/lib/python3.12/site-packages:/home/derek-dietz/MSAI/ComputerVision/Final_Project/ros_ws/build/arm:/home/derek-dietz/MSAI/ComputerVision/Final_Project/ros_ws/install/arm/lib/python3.12/site-packages:/opt/ros/kilted/lib/python3.12/site-packages /usr/bin/cmake --install /home/derek-dietz/MSAI/ComputerVision/Final_Project/ws/interbotix/build/interbotix_xs_sdk
[1.513s] Level 1:colcon.colcon_core.environment:checking '/home/derek-dietz/MSAI/ComputerVision/Final_Project/ws/interbotix/install' for CMake config files
[1.513s] Level 1:colcon.colcon_core.shell:create_environment_hook('interbotix_xs_sdk', 'cmake_prefix_path')
[1.513s] INFO:colcon.colcon_core.shell:Creating environment hook '/home/derek-dietz/MSAI/ComputerVision/Final_Project/ws/interbotix/install/share/interbotix_xs_sdk/hook/cmake_prefix_path.ps1'
[1.514s] INFO:colcon.colcon_core.shell:Creating environment descriptor '/home/derek-dietz/MSAI/ComputerVision/Final_Project/ws/interbotix/install/share/interbotix_xs_sdk/hook/cmake_prefix_path.dsv'
[1.514s] INFO:colcon.colcon_core.shell:Creating environment hook '/home/derek-dietz/MSAI/ComputerVision/Final_Project/ws/interbotix/install/share/interbotix_xs_sdk/hook/cmake_prefix_path.sh'
[1.514s] Level 1:colcon.colcon_core.environment:checking '/home/derek-dietz/MSAI/ComputerVision/Final_Project/ws/interbotix/install/lib'
[1.514s] Level 1:colcon.colcon_core.shell:create_environment_hook('interbotix_xs_sdk', 'ld_library_path_lib')
[1.514s] INFO:colcon.colcon_core.shell:Creating environment hook '/home/derek-dietz/MSAI/ComputerVision/Final_Project/ws/interbotix/install/share/interbotix_xs_sdk/hook/ld_library_path_lib.ps1'
[1.515s] INFO:colcon.colcon_core.shell:Creating environment descriptor '/home/derek-dietz/MSAI/ComputerVision/Final_Project/ws/interbotix/install/share/interbotix_xs_sdk/hook/ld_library_path_lib.dsv'
[1.515s] INFO:colcon.colcon_core.shell:Creating environment hook '/home/derek-dietz/MSAI/ComputerVision/Final_Project/ws/interbotix/install/share/interbotix_xs_sdk/hook/ld_library_path_lib.sh'
[1.515s] Level 1:colcon.colcon_core.environment:checking '/home/derek-dietz/MSAI/ComputerVision/Final_Project/ws/interbotix/install/bin'
[1.515s] Level 1:colcon.colcon_core.environment:checking '/home/derek-dietz/MSAI/ComputerVision/Final_Project/ws/interbotix/install/lib/pkgconfig/interbotix_xs_sdk.pc'
[1.515s] Level 1:colcon.colcon_core.environment:checking '/home/derek-dietz/MSAI/ComputerVision/Final_Project/ws/interbotix/install/lib/python3.12/site-packages'
[1.515s] Level 1:colcon.colcon_core.shell:create_environment_hook('interbotix_xs_sdk', 'pythonpath')
[1.515s] INFO:colcon.colcon_core.shell:Creating environment hook '/home/derek-dietz/MSAI/ComputerVision/Final_Project/ws/interbotix/install/share/interbotix_xs_sdk/hook/pythonpath.ps1'
[1.516s] INFO:colcon.colcon_core.shell:Creating environment descriptor '/home/derek-dietz/MSAI/ComputerVision/Final_Project/ws/interbotix/install/share/interbotix_xs_sdk/hook/pythonpath.dsv'
[1.516s] INFO:colcon.colcon_core.shell:Creating environment hook '/home/derek-dietz/MSAI/ComputerVision/Final_Project/ws/interbotix/install/share/interbotix_xs_sdk/hook/pythonpath.sh'
[1.516s] Level 1:colcon.colcon_core.environment:checking '/home/derek-dietz/MSAI/ComputerVision/Final_Project/ws/interbotix/install/bin'
[1.516s] INFO:colcon.colcon_core.shell:Creating package script '/home/derek-dietz/MSAI/ComputerVision/Final_Project/ws/interbotix/install/share/interbotix_xs_sdk/package.ps1'
[1.517s] INFO:colcon.colcon_core.shell:Creating package descriptor '/home/derek-dietz/MSAI/ComputerVision/Final_Project/ws/interbotix/install/share/interbotix_xs_sdk/package.dsv'
[1.517s] INFO:colcon.colcon_core.shell:Creating package script '/home/derek-dietz/MSAI/ComputerVision/Final_Project/ws/interbotix/install/share/interbotix_xs_sdk/package.sh'
[1.517s] INFO:colcon.colcon_core.shell:Creating package script '/home/derek-dietz/MSAI/ComputerVision/Final_Project/ws/interbotix/install/share/interbotix_xs_sdk/package.bash'
[1.517s] INFO:colcon.colcon_core.shell:Creating package script '/home/derek-dietz/MSAI/ComputerVision/Final_Project/ws/interbotix/install/share/interbotix_xs_sdk/package.zsh'
[1.518s] Level 1:colcon.colcon_core.environment:create_file_with_runtime_dependencies(/home/derek-dietz/MSAI/ComputerVision/Final_Project/ws/interbotix/install/share/colcon-core/packages/interbotix_xs_sdk)
[1.518s] Level 1:colcon.colcon_core.environment:create_environment_scripts_only(interbotix_xs_sdk)
[1.518s] Level 1:colcon.colcon_core.environment:checking '/home/derek-dietz/MSAI/ComputerVision/Final_Project/ws/interbotix/install' for CMake module files
[1.518s] Level 1:colcon.colcon_core.environment:checking '/home/derek-dietz/MSAI/ComputerVision/Final_Project/ws/interbotix/install' for CMake config files
[1.519s] Level 1:colcon.colcon_core.shell:create_environment_hook('interbotix_xs_sdk', 'cmake_prefix_path')
[1.519s] INFO:colcon.colcon_core.shell:Creating environment hook '/home/derek-dietz/MSAI/ComputerVision/Final_Project/ws/interbotix/install/share/interbotix_xs_sdk/hook/cmake_prefix_path.ps1'
[1.519s] INFO:colcon.colcon_core.shell:Creating environment descriptor '/home/derek-dietz/MSAI/ComputerVision/Final_Project/ws/interbotix/install/share/interbotix_xs_sdk/hook/cmake_prefix_path.dsv'
[1.519s] INFO:colcon.colcon_core.shell:Creating environment hook '/home/derek-dietz/MSAI/ComputerVision/Final_Project/ws/interbotix/install/share/interbotix_xs_sdk/hook/cmake_prefix_path.sh'
[1.519s] Level 1:colcon.colcon_core.environment:checking '/home/derek-dietz/MSAI/ComputerVision/Final_Project/ws/interbotix/install/lib'
[1.519s] Level 1:colcon.colcon_core.shell:create_environment_hook('interbotix_xs_sdk', 'ld_library_path_lib')
[1.519s] INFO:colcon.colcon_core.shell:Creating environment hook '/home/derek-dietz/MSAI/ComputerVision/Final_Project/ws/interbotix/install/share/interbotix_xs_sdk/hook/ld_library_path_lib.ps1'
[1.520s] INFO:colcon.colcon_core.shell:Creating environment descriptor '/home/derek-dietz/MSAI/ComputerVision/Final_Project/ws/interbotix/install/share/interbotix_xs_sdk/hook/ld_library_path_lib.dsv'
[1.520s] INFO:colcon.colcon_core.shell:Creating environment hook '/home/derek-dietz/MSAI/ComputerVision/Final_Project/ws/interbotix/install/share/interbotix_xs_sdk/hook/ld_library_path_lib.sh'
[1.520s] Level 1:colcon.colcon_core.environment:checking '/home/derek-dietz/MSAI/ComputerVision/Final_Project/ws/interbotix/install/bin'
[1.520s] Level 1:colcon.colcon_core.environment:checking '/home/derek-dietz/MSAI/ComputerVision/Final_Project/ws/interbotix/install/lib/pkgconfig/interbotix_xs_sdk.pc'
[1.520s] Level 1:colcon.colcon_core.environment:checking '/home/derek-dietz/MSAI/ComputerVision/Final_Project/ws/interbotix/install/lib/python3.12/site-packages'
[1.520s] Level 1:colcon.colcon_core.shell:create_environment_hook('interbotix_xs_sdk', 'pythonpath')
[1.520s] INFO:colcon.colcon_core.shell:Creating environment hook '/home/derek-dietz/MSAI/ComputerVision/Final_Project/ws/interbotix/install/share/interbotix_xs_sdk/hook/pythonpath.ps1'
[1.521s] INFO:colcon.colcon_core.shell:Creating environment descriptor '/home/derek-dietz/MSAI/ComputerVision/Final_Project/ws/interbotix/install/share/interbotix_xs_sdk/hook/pythonpath.dsv'
[1.521s] INFO:colcon.colcon_core.shell:Creating environment hook '/home/derek-dietz/MSAI/ComputerVision/Final_Project/ws/interbotix/install/share/interbotix_xs_sdk/hook/pythonpath.sh'
[1.521s] Level 1:colcon.colcon_core.environment:checking '/home/derek-dietz/MSAI/ComputerVision/Final_Project/ws/interbotix/install/bin'
[1.521s] INFO:colcon.colcon_core.shell:Creating package script '/home/derek-dietz/MSAI/ComputerVision/Final_Project/ws/interbotix/install/share/interbotix_xs_sdk/package.ps1'
[1.522s] INFO:colcon.colcon_core.shell:Creating package descriptor '/home/derek-dietz/MSAI/ComputerVision/Final_Project/ws/interbotix/install/share/interbotix_xs_sdk/package.dsv'
[1.522s] INFO:colcon.colcon_core.shell:Creating package script '/home/derek-dietz/MSAI/ComputerVision/Final_Project/ws/interbotix/install/share/interbotix_xs_sdk/package.sh'
[1.522s] INFO:colcon.colcon_core.shell:Creating package script '/home/derek-dietz/MSAI/ComputerVision/Final_Project/ws/interbotix/install/share/interbotix_xs_sdk/package.bash'
[1.522s] INFO:colcon.colcon_core.shell:Creating package script '/home/derek-dietz/MSAI/ComputerVision/Final_Project/ws/interbotix/install/share/interbotix_xs_sdk/package.zsh'
[1.522s] Level 1:colcon.colcon_core.environment:create_file_with_runtime_dependencies(/home/derek-dietz/MSAI/ComputerVision/Final_Project/ws/interbotix/install/share/colcon-core/packages/interbotix_xs_sdk)
[1.523s] INFO:colcon.colcon_ros.task.ament_cmake.build:Building ROS package in '/home/derek-dietz/MSAI/ComputerVision/Final_Project/ws/interbotix/src/interbotix_ros_toolboxes/interbotix_xs_toolbox/interbotix_xs_rviz' with build type 'ament_cmake'
[1.523s] INFO:colcon.colcon_cmake.task.cmake.build:Building CMake package in '/home/derek-dietz/MSAI/ComputerVision/Final_Project/ws/interbotix/src/interbotix_ros_toolboxes/interbotix_xs_toolbox/interbotix_xs_rviz'
[1.523s] INFO:colcon.colcon_core.shell:Skip shell extension 'powershell' for command environment: Not usable outside of PowerShell
[1.523s] DEBUG:colcon.colcon_core.shell:Skip shell extension 'dsv' for command environment
[1.526s] INFO:colcon.colcon_ros.task.ament_cmake.build:Building ROS package in '/home/derek-dietz/MSAI/ComputerVision/Final_Project/ws/interbotix/src/interbotix_ros_core/interbotix_ros_xseries/interbotix_ros_xseries' with build type 'ament_cmake'
[1.526s] INFO:colcon.colcon_cmake.task.cmake.build:Building CMake package in '/home/derek-dietz/MSAI/ComputerVision/Final_Project/ws/interbotix/src/interbotix_ros_core/interbotix_ros_xseries/interbotix_ros_xseries'
[1.526s] INFO:colcon.colcon_core.shell:Skip shell extension 'powershell' for command environment: Not usable outside of PowerShell
[1.526s] DEBUG:colcon.colcon_core.shell:Skip shell extension 'dsv' for command environment
[1.529s] Level 1:colcon.colcon_core.environment:create_environment_scripts_only(interbotix_xs_ros_control)
[1.530s] Level 1:colcon.colcon_core.environment:checking '/home/derek-dietz/MSAI/ComputerVision/Final_Project/ws/interbotix/install' for CMake module files
[1.530s] DEBUG:colcon.colcon_core.event_handler.log_command:Invoked command in '/home/derek-dietz/MSAI/ComputerVision/Final_Project/ws/interbotix/build/interbotix_xs_ros_control' returned '0': CMAKE_PREFIX_PATH=${CMAKE_PREFIX_PATH}:/opt/ros/kilted DEBUGINFOD_URLS=https://debuginfod.ubuntu.com PYTHONPATH=/home/derek-dietz/MSAI/ComputerVision/Final_Project/ws/interbotix/install/lib/python3.12/site-packages:/home/derek-dietz/MSAI/ComputerVision/Final_Project/ros_ws/build/arm:/home/derek-dietz/MSAI/ComputerVision/Final_Project/ros_ws/install/arm/lib/python3.12/site-packages:/opt/ros/kilted/lib/python3.12/site-packages /usr/bin/cmake --install /home/derek-dietz/MSAI/ComputerVision/Final_Project/ws/interbotix/build/interbotix_xs_ros_control
[1.531s] Level 1:colcon.colcon_core.environment:checking '/home/derek-dietz/MSAI/ComputerVision/Final_Project/ws/interbotix/install' for CMake config files
[1.531s] Level 1:colcon.colcon_core.shell:create_environment_hook('interbotix_xs_ros_control', 'cmake_prefix_path')
[1.532s] INFO:colcon.colcon_core.shell:Creating environment hook '/home/derek-dietz/MSAI/ComputerVision/Final_Project/ws/interbotix/install/share/interbotix_xs_ros_control/hook/cmake_prefix_path.ps1'
[1.532s] INFO:colcon.colcon_core.shell:Creating environment descriptor '/home/derek-dietz/MSAI/ComputerVision/Final_Project/ws/interbotix/install/share/interbotix_xs_ros_control/hook/cmake_prefix_path.dsv'
[1.533s] INFO:colcon.colcon_core.shell:Creating environment hook '/home/derek-dietz/MSAI/ComputerVision/Final_Project/ws/interbotix/install/share/interbotix_xs_ros_control/hook/cmake_prefix_path.sh'
[1.533s] Level 1:colcon.colcon_core.environment:checking '/home/derek-dietz/MSAI/ComputerVision/Final_Project/ws/interbotix/install/lib'
[1.533s] Level 1:colcon.colcon_core.shell:create_environment_hook('interbotix_xs_ros_control', 'ld_library_path_lib')
[1.533s] INFO:colcon.colcon_core.shell:Creating environment hook '/home/derek-dietz/MSAI/ComputerVision/Final_Project/ws/interbotix/install/share/interbotix_xs_ros_control/hook/ld_library_path_lib.ps1'
[1.534s] INFO:colcon.colcon_core.shell:Creating environment descriptor '/home/derek-dietz/MSAI/ComputerVision/Final_Project/ws/interbotix/install/share/interbotix_xs_ros_control/hook/ld_library_path_lib.dsv'
[1.534s] INFO:colcon.colcon_core.shell:Creating environment hook '/home/derek-dietz/MSAI/ComputerVision/Final_Project/ws/interbotix/install/share/interbotix_xs_ros_control/hook/ld_library_path_lib.sh'
[1.535s] Level 1:colcon.colcon_core.environment:checking '/home/derek-dietz/MSAI/ComputerVision/Final_Project/ws/interbotix/install/bin'
[1.535s] Level 1:colcon.colcon_core.environment:checking '/home/derek-dietz/MSAI/ComputerVision/Final_Project/ws/interbotix/install/lib/pkgconfig/interbotix_xs_ros_control.pc'
[1.535s] Level 1:colcon.colcon_core.environment:checking '/home/derek-dietz/MSAI/ComputerVision/Final_Project/ws/interbotix/install/lib/python3.12/site-packages'
[1.535s] Level 1:colcon.colcon_core.shell:create_environment_hook('interbotix_xs_ros_control', 'pythonpath')
[1.535s] INFO:colcon.colcon_core.shell:Creating environment hook '/home/derek-dietz/MSAI/ComputerVision/Final_Project/ws/interbotix/install/share/interbotix_xs_ros_control/hook/pythonpath.ps1'
[1.536s] INFO:colcon.colcon_core.shell:Creating environment descriptor '/home/derek-dietz/MSAI/ComputerVision/Final_Project/ws/interbotix/install/share/interbotix_xs_ros_control/hook/pythonpath.dsv'
[1.536s] INFO:colcon.colcon_core.shell:Creating environment hook '/home/derek-dietz/MSAI/ComputerVision/Final_Project/ws/interbotix/install/share/interbotix_xs_ros_control/hook/pythonpath.sh'
[1.537s] Level 1:colcon.colcon_core.environment:checking '/home/derek-dietz/MSAI/ComputerVision/Final_Project/ws/interbotix/install/bin'
[1.537s] INFO:colcon.colcon_core.shell:Creating package script '/home/derek-dietz/MSAI/ComputerVision/Final_Project/ws/interbotix/install/share/interbotix_xs_ros_control/package.ps1'
[1.538s] INFO:colcon.colcon_core.shell:Creating package descriptor '/home/derek-dietz/MSAI/ComputerVision/Final_Project/ws/interbotix/install/share/interbotix_xs_ros_control/package.dsv'
[1.538s] INFO:colcon.colcon_core.shell:Creating package script '/home/derek-dietz/MSAI/ComputerVision/Final_Project/ws/interbotix/install/share/interbotix_xs_ros_control/package.sh'
[1.538s] INFO:colcon.colcon_core.shell:Creating package script '/home/derek-dietz/MSAI/ComputerVision/Final_Project/ws/interbotix/install/share/interbotix_xs_ros_control/package.bash'
[1.539s] INFO:colcon.colcon_core.shell:Creating package script '/home/derek-dietz/MSAI/ComputerVision/Final_Project/ws/interbotix/install/share/interbotix_xs_ros_control/package.zsh'
[1.539s] Level 1:colcon.colcon_core.environment:create_file_with_runtime_dependencies(/home/derek-dietz/MSAI/ComputerVision/Final_Project/ws/interbotix/install/share/colcon-core/packages/interbotix_xs_ros_control)
[1.539s] Level 1:colcon.colcon_core.environment:create_environment_scripts_only(interbotix_xs_ros_control)
[1.539s] Level 1:colcon.colcon_core.environment:checking '/home/derek-dietz/MSAI/ComputerVision/Final_Project/ws/interbotix/install' for CMake module files
[1.540s] Level 1:colcon.colcon_core.environment:checking '/home/derek-dietz/MSAI/ComputerVision/Final_Project/ws/interbotix/install' for CMake config files
[1.540s] Level 1:colcon.colcon_core.shell:create_environment_hook('interbotix_xs_ros_control', 'cmake_prefix_path')
[1.541s] INFO:colcon.colcon_core.shell:Creating environment hook '/home/derek-dietz/MSAI/ComputerVision/Final_Project/ws/interbotix/install/share/interbotix_xs_ros_control/hook/cmake_prefix_path.ps1'
[1.541s] INFO:colcon.colcon_core.shell:Creating environment descriptor '/home/derek-dietz/MSAI/ComputerVision/Final_Project/ws/interbotix/install/share/interbotix_xs_ros_control/hook/cmake_prefix_path.dsv'
[1.541s] INFO:colcon.colcon_core.shell:Creating environment hook '/home/derek-dietz/MSAI/ComputerVision/Final_Project/ws/interbotix/install/share/interbotix_xs_ros_control/hook/cmake_prefix_path.sh'
[1.542s] Level 1:colcon.colcon_core.environment:checking '/home/derek-dietz/MSAI/ComputerVision/Final_Project/ws/interbotix/install/lib'
[1.542s] Level 1:colcon.colcon_core.shell:create_environment_hook('interbotix_xs_ros_control', 'ld_library_path_lib')
[1.542s] INFO:colcon.colcon_core.shell:Creating environment hook '/home/derek-dietz/MSAI/ComputerVision/Final_Project/ws/interbotix/install/share/interbotix_xs_ros_control/hook/ld_library_path_lib.ps1'
[1.542s] INFO:colcon.colcon_core.shell:Creating environment descriptor '/home/derek-dietz/MSAI/ComputerVision/Final_Project/ws/interbotix/install/share/interbotix_xs_ros_control/hook/ld_library_path_lib.dsv'
[1.542s] INFO:colcon.colcon_core.shell:Creating environment hook '/home/derek-dietz/MSAI/ComputerVision/Final_Project/ws/interbotix/install/share/interbotix_xs_ros_control/hook/ld_library_path_lib.sh'
[1.543s] Level 1:colcon.colcon_core.environment:checking '/home/derek-dietz/MSAI/ComputerVision/Final_Project/ws/interbotix/install/bin'
[1.543s] Level 1:colcon.colcon_core.environment:checking '/home/derek-dietz/MSAI/ComputerVision/Final_Project/ws/interbotix/install/lib/pkgconfig/interbotix_xs_ros_control.pc'
[1.543s] Level 1:colcon.colcon_core.environment:checking '/home/derek-dietz/MSAI/ComputerVision/Final_Project/ws/interbotix/install/lib/python3.12/site-packages'
[1.543s] Level 1:colcon.colcon_core.shell:create_environment_hook('interbotix_xs_ros_control', 'pythonpath')
[1.543s] INFO:colcon.colcon_core.shell:Creating environment hook '/home/derek-dietz/MSAI/ComputerVision/Final_Project/ws/interbotix/install/share/interbotix_xs_ros_control/hook/pythonpath.ps1'
[1.543s] INFO:colcon.colcon_core.shell:Creating environment descriptor '/home/derek-dietz/MSAI/ComputerVision/Final_Project/ws/interbotix/install/share/interbotix_xs_ros_control/hook/pythonpath.dsv'
[1.543s] INFO:colcon.colcon_core.shell:Creating environment hook '/home/derek-dietz/MSAI/ComputerVision/Final_Project/ws/interbotix/install/share/interbotix_xs_ros_control/hook/pythonpath.sh'
[1.544s] Level 1:colcon.colcon_core.environment:checking '/home/derek-dietz/MSAI/ComputerVision/Final_Project/ws/interbotix/install/bin'
[1.544s] INFO:colcon.colcon_core.shell:Creating package script '/home/derek-dietz/MSAI/ComputerVision/Final_Project/ws/interbotix/install/share/interbotix_xs_ros_control/package.ps1'
[1.544s] INFO:colcon.colcon_core.shell:Creating package descriptor '/home/derek-dietz/MSAI/ComputerVision/Final_Project/ws/interbotix/install/share/interbotix_xs_ros_control/package.dsv'
[1.545s] INFO:colcon.colcon_core.shell:Creating package script '/home/derek-dietz/MSAI/ComputerVision/Final_Project/ws/interbotix/install/share/interbotix_xs_ros_control/package.sh'
[1.545s] INFO:colcon.colcon_core.shell:Creating package script '/home/derek-dietz/MSAI/ComputerVision/Final_Project/ws/interbotix/install/share/interbotix_xs_ros_control/package.bash'
[1.545s] INFO:colcon.colcon_core.shell:Creating package script '/home/derek-dietz/MSAI/ComputerVision/Final_Project/ws/interbotix/install/share/interbotix_xs_ros_control/package.zsh'
[1.545s] Level 1:colcon.colcon_core.environment:create_file_with_runtime_dependencies(/home/derek-dietz/MSAI/ComputerVision/Final_Project/ws/interbotix/install/share/colcon-core/packages/interbotix_xs_ros_control)
[1.547s] DEBUG:colcon.colcon_core.event_handler.log_command:Invoked command in '/home/derek-dietz/MSAI/ComputerVision/Final_Project/ws/interbotix/build/interbotix_moveit_interface' returned '0': CMAKE_PREFIX_PATH=${CMAKE_PREFIX_PATH}:/opt/ros/kilted DEBUGINFOD_URLS=https://debuginfod.ubuntu.com PYTHONPATH=/home/derek-dietz/MSAI/ComputerVision/Final_Project/ws/interbotix/install/lib/python3.12/site-packages:/home/derek-dietz/MSAI/ComputerVision/Final_Project/ros_ws/build/arm:/home/derek-dietz/MSAI/ComputerVision/Final_Project/ros_ws/install/arm/lib/python3.12/site-packages:/opt/ros/kilted/lib/python3.12/site-packages /usr/bin/cmake --build /home/derek-dietz/MSAI/ComputerVision/Final_Project/ws/interbotix/build/interbotix_moveit_interface -- -j22 -l22
[1.548s] DEBUG:colcon.colcon_core.event_handler.log_command:Invoking command in '/home/derek-dietz/MSAI/ComputerVision/Final_Project/ws/interbotix/build/interbotix_moveit_interface': CMAKE_PREFIX_PATH=${CMAKE_PREFIX_PATH}:/opt/ros/kilted DEBUGINFOD_URLS=https://debuginfod.ubuntu.com PYTHONPATH=/home/derek-dietz/MSAI/ComputerVision/Final_Project/ws/interbotix/install/lib/python3.12/site-packages:/home/derek-dietz/MSAI/ComputerVision/Final_Project/ros_ws/build/arm:/home/derek-dietz/MSAI/ComputerVision/Final_Project/ros_ws/install/arm/lib/python3.12/site-packages:/opt/ros/kilted/lib/python3.12/site-packages /usr/bin/cmake --install /home/derek-dietz/MSAI/ComputerVision/Final_Project/ws/interbotix/build/interbotix_moveit_interface
[1.550s] DEBUG:colcon.colcon_core.event_handler.log_command:Invoking command in '/home/derek-dietz/MSAI/ComputerVision/Final_Project/ws/interbotix/build/interbotix_xs_rviz': CMAKE_PREFIX_PATH=${CMAKE_PREFIX_PATH}:/opt/ros/kilted DEBUGINFOD_URLS=https://debuginfod.ubuntu.com PYTHONPATH=/home/derek-dietz/MSAI/ComputerVision/Final_Project/ws/interbotix/install/lib/python3.12/site-packages:/home/derek-dietz/MSAI/ComputerVision/Final_Project/ros_ws/build/arm:/home/derek-dietz/MSAI/ComputerVision/Final_Project/ros_ws/install/arm/lib/python3.12/site-packages:/opt/ros/kilted/lib/python3.12/site-packages /usr/bin/cmake --build /home/derek-dietz/MSAI/ComputerVision/Final_Project/ws/interbotix/build/interbotix_xs_rviz -- -j22 -l22
[1.553s] DEBUG:colcon.colcon_core.event_handler.log_command:Invoking command in '/home/derek-dietz/MSAI/ComputerVision/Final_Project/ws/interbotix/build/interbotix_ros_xseries': CMAKE_PREFIX_PATH=${CMAKE_PREFIX_PATH}:/opt/ros/kilted DEBUGINFOD_URLS=https://debuginfod.ubuntu.com PYTHONPATH=/home/derek-dietz/MSAI/ComputerVision/Final_Project/ws/interbotix/install/lib/python3.12/site-packages:/home/derek-dietz/MSAI/ComputerVision/Final_Project/ros_ws/build/arm:/home/derek-dietz/MSAI/ComputerVision/Final_Project/ros_ws/install/arm/lib/python3.12/site-packages:/opt/ros/kilted/lib/python3.12/site-packages /usr/bin/cmake --build /home/derek-dietz/MSAI/ComputerVision/Final_Project/ws/interbotix/build/interbotix_ros_xseries -- -j22 -l22
[1.555s] Level 1:colcon.colcon_core.environment:create_environment_scripts_only(interbotix_moveit_interface)
[1.555s] Level 1:colcon.colcon_core.environment:checking '/home/derek-dietz/MSAI/ComputerVision/Final_Project/ws/interbotix/install' for CMake module files
[1.556s] DEBUG:colcon.colcon_core.event_handler.log_command:Invoked command in '/home/derek-dietz/MSAI/ComputerVision/Final_Project/ws/interbotix/build/interbotix_moveit_interface' returned '0': CMAKE_PREFIX_PATH=${CMAKE_PREFIX_PATH}:/opt/ros/kilted DEBUGINFOD_URLS=https://debuginfod.ubuntu.com PYTHONPATH=/home/derek-dietz/MSAI/ComputerVision/Final_Project/ws/interbotix/install/lib/python3.12/site-packages:/home/derek-dietz/MSAI/ComputerVision/Final_Project/ros_ws/build/arm:/home/derek-dietz/MSAI/ComputerVision/Final_Project/ros_ws/install/arm/lib/python3.12/site-packages:/opt/ros/kilted/lib/python3.12/site-packages /usr/bin/cmake --install /home/derek-dietz/MSAI/ComputerVision/Final_Project/ws/interbotix/build/interbotix_moveit_interface
[1.556s] Level 1:colcon.colcon_core.environment:checking '/home/derek-dietz/MSAI/ComputerVision/Final_Project/ws/interbotix/install' for CMake config files
[1.557s] Level 1:colcon.colcon_core.shell:create_environment_hook('interbotix_moveit_interface', 'cmake_prefix_path')
[1.557s] INFO:colcon.colcon_core.shell:Creating environment hook '/home/derek-dietz/MSAI/ComputerVision/Final_Project/ws/interbotix/install/share/interbotix_moveit_interface/hook/cmake_prefix_path.ps1'
[1.558s] INFO:colcon.colcon_core.shell:Creating environment descriptor '/home/derek-dietz/MSAI/ComputerVision/Final_Project/ws/interbotix/install/share/interbotix_moveit_interface/hook/cmake_prefix_path.dsv'
[1.558s] INFO:colcon.colcon_core.shell:Creating environment hook '/home/derek-dietz/MSAI/ComputerVision/Final_Project/ws/interbotix/install/share/interbotix_moveit_interface/hook/cmake_prefix_path.sh'
[1.558s] Level 1:colcon.colcon_core.environment:checking '/home/derek-dietz/MSAI/ComputerVision/Final_Project/ws/interbotix/install/lib'
[1.558s] Level 1:colcon.colcon_core.shell:create_environment_hook('interbotix_moveit_interface', 'ld_library_path_lib')
[1.559s] INFO:colcon.colcon_core.shell:Creating environment hook '/home/derek-dietz/MSAI/ComputerVision/Final_Project/ws/interbotix/install/share/interbotix_moveit_interface/hook/ld_library_path_lib.ps1'
[1.559s] INFO:colcon.colcon_core.shell:Creating environment descriptor '/home/derek-dietz/MSAI/ComputerVision/Final_Project/ws/interbotix/install/share/interbotix_moveit_interface/hook/ld_library_path_lib.dsv'
[1.559s] INFO:colcon.colcon_core.shell:Creating environment hook '/home/derek-dietz/MSAI/ComputerVision/Final_Project/ws/interbotix/install/share/interbotix_moveit_interface/hook/ld_library_path_lib.sh'
[1.559s] Level 1:colcon.colcon_core.environment:checking '/home/derek-dietz/MSAI/ComputerVision/Final_Project/ws/interbotix/install/bin'
[1.559s] Level 1:colcon.colcon_core.environment:checking '/home/derek-dietz/MSAI/ComputerVision/Final_Project/ws/interbotix/install/lib/pkgconfig/interbotix_moveit_interface.pc'
[1.559s] Level 1:colcon.colcon_core.environment:checking '/home/derek-dietz/MSAI/ComputerVision/Final_Project/ws/interbotix/install/lib/python3.12/site-packages'
[1.559s] Level 1:colcon.colcon_core.shell:create_environment_hook('interbotix_moveit_interface', 'pythonpath')
[1.559s] INFO:colcon.colcon_core.shell:Creating environment hook '/home/derek-dietz/MSAI/ComputerVision/Final_Project/ws/interbotix/install/share/interbotix_moveit_interface/hook/pythonpath.ps1'
[1.560s] INFO:colcon.colcon_core.shell:Creating environment descriptor '/home/derek-dietz/MSAI/ComputerVision/Final_Project/ws/interbotix/install/share/interbotix_moveit_interface/hook/pythonpath.dsv'
[1.560s] INFO:colcon.colcon_core.shell:Creating environment hook '/home/derek-dietz/MSAI/ComputerVision/Final_Project/ws/interbotix/install/share/interbotix_moveit_interface/hook/pythonpath.sh'
[1.560s] Level 1:colcon.colcon_core.environment:checking '/home/derek-dietz/MSAI/ComputerVision/Final_Project/ws/interbotix/install/bin'
[1.560s] INFO:colcon.colcon_core.shell:Creating package script '/home/derek-dietz/MSAI/ComputerVision/Final_Project/ws/interbotix/install/share/interbotix_moveit_interface/package.ps1'
[1.561s] INFO:colcon.colcon_core.shell:Creating package descriptor '/home/derek-dietz/MSAI/ComputerVision/Final_Project/ws/interbotix/install/share/interbotix_moveit_interface/package.dsv'
[1.561s] INFO:colcon.colcon_core.shell:Creating package script '/home/derek-dietz/MSAI/ComputerVision/Final_Project/ws/interbotix/install/share/interbotix_moveit_interface/package.sh'
[1.561s] INFO:colcon.colcon_core.shell:Creating package script '/home/derek-dietz/MSAI/ComputerVision/Final_Project/ws/interbotix/install/share/interbotix_moveit_interface/package.bash'
[1.561s] INFO:colcon.colcon_core.shell:Creating package script '/home/derek-dietz/MSAI/ComputerVision/Final_Project/ws/interbotix/install/share/interbotix_moveit_interface/package.zsh'
[1.562s] Level 1:colcon.colcon_core.environment:create_file_with_runtime_dependencies(/home/derek-dietz/MSAI/ComputerVision/Final_Project/ws/interbotix/install/share/colcon-core/packages/interbotix_moveit_interface)
[1.562s] Level 1:colcon.colcon_core.environment:create_environment_scripts_only(interbotix_moveit_interface)
[1.562s] Level 1:colcon.colcon_core.environment:checking '/home/derek-dietz/MSAI/ComputerVision/Final_Project/ws/interbotix/install' for CMake module files
[1.562s] Level 1:colcon.colcon_core.environment:checking '/home/derek-dietz/MSAI/ComputerVision/Final_Project/ws/interbotix/install' for CMake config files
[1.563s] Level 1:colcon.colcon_core.shell:create_environment_hook('interbotix_moveit_interface', 'cmake_prefix_path')
[1.563s] INFO:colcon.colcon_core.shell:Creating environment hook '/home/derek-dietz/MSAI/ComputerVision/Final_Project/ws/interbotix/install/share/interbotix_moveit_interface/hook/cmake_prefix_path.ps1'
[1.563s] INFO:colcon.colcon_core.shell:Creating environment descriptor '/home/derek-dietz/MSAI/ComputerVision/Final_Project/ws/interbotix/install/share/interbotix_moveit_interface/hook/cmake_prefix_path.dsv'
[1.563s] INFO:colcon.colcon_core.shell:Creating environment hook '/home/derek-dietz/MSAI/ComputerVision/Final_Project/ws/interbotix/install/share/interbotix_moveit_interface/hook/cmake_prefix_path.sh'
[1.564s] Level 1:colcon.colcon_core.environment:checking '/home/derek-dietz/MSAI/ComputerVision/Final_Project/ws/interbotix/install/lib'
[1.564s] Level 1:colcon.colcon_core.shell:create_environment_hook('interbotix_moveit_interface', 'ld_library_path_lib')
[1.564s] INFO:colcon.colcon_core.shell:Creating environment hook '/home/derek-dietz/MSAI/ComputerVision/Final_Project/ws/interbotix/install/share/interbotix_moveit_interface/hook/ld_library_path_lib.ps1'
[1.564s] INFO:colcon.colcon_core.shell:Creating environment descriptor '/home/derek-dietz/MSAI/ComputerVision/Final_Project/ws/interbotix/install/share/interbotix_moveit_interface/hook/ld_library_path_lib.dsv'
[1.564s] INFO:colcon.colcon_core.shell:Creating environment hook '/home/derek-dietz/MSAI/ComputerVision/Final_Project/ws/interbotix/install/share/interbotix_moveit_interface/hook/ld_library_path_lib.sh'
[1.564s] Level 1:colcon.colcon_core.environment:checking '/home/derek-dietz/MSAI/ComputerVision/Final_Project/ws/interbotix/install/bin'
[1.564s] Level 1:colcon.colcon_core.environment:checking '/home/derek-dietz/MSAI/ComputerVision/Final_Project/ws/interbotix/install/lib/pkgconfig/interbotix_moveit_interface.pc'
[1.565s] Level 1:colcon.colcon_core.environment:checking '/home/derek-dietz/MSAI/ComputerVision/Final_Project/ws/interbotix/install/lib/python3.12/site-packages'
[1.565s] Level 1:colcon.colcon_core.shell:create_environment_hook('interbotix_moveit_interface', 'pythonpath')
[1.565s] INFO:colcon.colcon_core.shell:Creating environment hook '/home/derek-dietz/MSAI/ComputerVision/Final_Project/ws/interbotix/install/share/interbotix_moveit_interface/hook/pythonpath.ps1'
[1.565s] INFO:colcon.colcon_core.shell:Creating environment descriptor '/home/derek-dietz/MSAI/ComputerVision/Final_Project/ws/interbotix/install/share/interbotix_moveit_interface/hook/pythonpath.dsv'
[1.565s] INFO:colcon.colcon_core.shell:Creating environment hook '/home/derek-dietz/MSAI/ComputerVision/Final_Project/ws/interbotix/install/share/interbotix_moveit_interface/hook/pythonpath.sh'
[1.566s] Level 1:colcon.colcon_core.environment:checking '/home/derek-dietz/MSAI/ComputerVision/Final_Project/ws/interbotix/install/bin'
[1.566s] INFO:colcon.colcon_core.shell:Creating package script '/home/derek-dietz/MSAI/ComputerVision/Final_Project/ws/interbotix/install/share/interbotix_moveit_interface/package.ps1'
[1.566s] INFO:colcon.colcon_core.shell:Creating package descriptor '/home/derek-dietz/MSAI/ComputerVision/Final_Project/ws/interbotix/install/share/interbotix_moveit_interface/package.dsv'
[1.566s] INFO:colcon.colcon_core.shell:Creating package script '/home/derek-dietz/MSAI/ComputerVision/Final_Project/ws/interbotix/install/share/interbotix_moveit_interface/package.sh'
[1.567s] INFO:colcon.colcon_core.shell:Creating package script '/home/derek-dietz/MSAI/ComputerVision/Final_Project/ws/interbotix/install/share/interbotix_moveit_interface/package.bash'
[1.567s] INFO:colcon.colcon_core.shell:Creating package script '/home/derek-dietz/MSAI/ComputerVision/Final_Project/ws/interbotix/install/share/interbotix_moveit_interface/package.zsh'
[1.567s] Level 1:colcon.colcon_core.environment:create_file_with_runtime_dependencies(/home/derek-dietz/MSAI/ComputerVision/Final_Project/ws/interbotix/install/share/colcon-core/packages/interbotix_moveit_interface)
[1.596s] DEBUG:colcon.colcon_core.event_handler.log_command:Invoked command in '/home/derek-dietz/MSAI/ComputerVision/Final_Project/ws/interbotix/build/interbotix_ros_xseries' returned '0': CMAKE_PREFIX_PATH=${CMAKE_PREFIX_PATH}:/opt/ros/kilted DEBUGINFOD_URLS=https://debuginfod.ubuntu.com PYTHONPATH=/home/derek-dietz/MSAI/ComputerVision/Final_Project/ws/interbotix/install/lib/python3.12/site-packages:/home/derek-dietz/MSAI/ComputerVision/Final_Project/ros_ws/build/arm:/home/derek-dietz/MSAI/ComputerVision/Final_Project/ros_ws/install/arm/lib/python3.12/site-packages:/opt/ros/kilted/lib/python3.12/site-packages /usr/bin/cmake --build /home/derek-dietz/MSAI/ComputerVision/Final_Project/ws/interbotix/build/interbotix_ros_xseries -- -j22 -l22
[1.597s] DEBUG:colcon.colcon_core.event_handler.log_command:Invoking command in '/home/derek-dietz/MSAI/ComputerVision/Final_Project/ws/interbotix/build/interbotix_ros_xseries': CMAKE_PREFIX_PATH=${CMAKE_PREFIX_PATH}:/opt/ros/kilted DEBUGINFOD_URLS=https://debuginfod.ubuntu.com PYTHONPATH=/home/derek-dietz/MSAI/ComputerVision/Final_Project/ws/interbotix/install/lib/python3.12/site-packages:/home/derek-dietz/MSAI/ComputerVision/Final_Project/ros_ws/build/arm:/home/derek-dietz/MSAI/ComputerVision/Final_Project/ros_ws/install/arm/lib/python3.12/site-packages:/opt/ros/kilted/lib/python3.12/site-packages /usr/bin/cmake --install /home/derek-dietz/MSAI/ComputerVision/Final_Project/ws/interbotix/build/interbotix_ros_xseries
[1.608s] Level 1:colcon.colcon_core.environment:create_environment_scripts_only(interbotix_ros_xseries)
[1.608s] DEBUG:colcon.colcon_core.event_handler.log_command:Invoked command in '/home/derek-dietz/MSAI/ComputerVision/Final_Project/ws/interbotix/build/interbotix_ros_xseries' returned '0': CMAKE_PREFIX_PATH=${CMAKE_PREFIX_PATH}:/opt/ros/kilted DEBUGINFOD_URLS=https://debuginfod.ubuntu.com PYTHONPATH=/home/derek-dietz/MSAI/ComputerVision/Final_Project/ws/interbotix/install/lib/python3.12/site-packages:/home/derek-dietz/MSAI/ComputerVision/Final_Project/ros_ws/build/arm:/home/derek-dietz/MSAI/ComputerVision/Final_Project/ros_ws/install/arm/lib/python3.12/site-packages:/opt/ros/kilted/lib/python3.12/site-packages /usr/bin/cmake --install /home/derek-dietz/MSAI/ComputerVision/Final_Project/ws/interbotix/build/interbotix_ros_xseries
[1.609s] Level 1:colcon.colcon_core.environment:checking '/home/derek-dietz/MSAI/ComputerVision/Final_Project/ws/interbotix/install' for CMake module files
[1.609s] Level 1:colcon.colcon_core.environment:checking '/home/derek-dietz/MSAI/ComputerVision/Final_Project/ws/interbotix/install' for CMake config files
[1.611s] Level 1:colcon.colcon_core.shell:create_environment_hook('interbotix_ros_xseries', 'cmake_prefix_path')
[1.611s] INFO:colcon.colcon_core.shell:Creating environment hook '/home/derek-dietz/MSAI/ComputerVision/Final_Project/ws/interbotix/install/share/interbotix_ros_xseries/hook/cmake_prefix_path.ps1'
[1.611s] INFO:colcon.colcon_core.shell:Creating environment descriptor '/home/derek-dietz/MSAI/ComputerVision/Final_Project/ws/interbotix/install/share/interbotix_ros_xseries/hook/cmake_prefix_path.dsv'
[1.612s] INFO:colcon.colcon_core.shell:Creating environment hook '/home/derek-dietz/MSAI/ComputerVision/Final_Project/ws/interbotix/install/share/interbotix_ros_xseries/hook/cmake_prefix_path.sh'
[1.612s] Level 1:colcon.colcon_core.environment:checking '/home/derek-dietz/MSAI/ComputerVision/Final_Project/ws/interbotix/install/lib'
[1.613s] Level 1:colcon.colcon_core.shell:create_environment_hook('interbotix_ros_xseries', 'ld_library_path_lib')
[1.613s] INFO:colcon.colcon_core.shell:Creating environment hook '/home/derek-dietz/MSAI/ComputerVision/Final_Project/ws/interbotix/install/share/interbotix_ros_xseries/hook/ld_library_path_lib.ps1'
[1.613s] INFO:colcon.colcon_core.shell:Creating environment descriptor '/home/derek-dietz/MSAI/ComputerVision/Final_Project/ws/interbotix/install/share/interbotix_ros_xseries/hook/ld_library_path_lib.dsv'
[1.613s] INFO:colcon.colcon_core.shell:Creating environment hook '/home/derek-dietz/MSAI/ComputerVision/Final_Project/ws/interbotix/install/share/interbotix_ros_xseries/hook/ld_library_path_lib.sh'
[1.614s] Level 1:colcon.colcon_core.environment:checking '/home/derek-dietz/MSAI/ComputerVision/Final_Project/ws/interbotix/install/bin'
[1.614s] Level 1:colcon.colcon_core.environment:checking '/home/derek-dietz/MSAI/ComputerVision/Final_Project/ws/interbotix/install/lib/pkgconfig/interbotix_ros_xseries.pc'
[1.614s] Level 1:colcon.colcon_core.environment:checking '/home/derek-dietz/MSAI/ComputerVision/Final_Project/ws/interbotix/install/lib/python3.12/site-packages'
[1.614s] Level 1:colcon.colcon_core.shell:create_environment_hook('interbotix_ros_xseries', 'pythonpath')
[1.614s] INFO:colcon.colcon_core.shell:Creating environment hook '/home/derek-dietz/MSAI/ComputerVision/Final_Project/ws/interbotix/install/share/interbotix_ros_xseries/hook/pythonpath.ps1'
[1.615s] INFO:colcon.colcon_core.shell:Creating environment descriptor '/home/derek-dietz/MSAI/ComputerVision/Final_Project/ws/interbotix/install/share/interbotix_ros_xseries/hook/pythonpath.dsv'
[1.615s] INFO:colcon.colcon_core.shell:Creating environment hook '/home/derek-dietz/MSAI/ComputerVision/Final_Project/ws/interbotix/install/share/interbotix_ros_xseries/hook/pythonpath.sh'
[1.616s] Level 1:colcon.colcon_core.environment:checking '/home/derek-dietz/MSAI/ComputerVision/Final_Project/ws/interbotix/install/bin'
[1.616s] INFO:colcon.colcon_core.shell:Creating package script '/home/derek-dietz/MSAI/ComputerVision/Final_Project/ws/interbotix/install/share/interbotix_ros_xseries/package.ps1'
[1.617s] INFO:colcon.colcon_core.shell:Creating package descriptor '/home/derek-dietz/MSAI/ComputerVision/Final_Project/ws/interbotix/install/share/interbotix_ros_xseries/package.dsv'
[1.617s] INFO:colcon.colcon_core.shell:Creating package script '/home/derek-dietz/MSAI/ComputerVision/Final_Project/ws/interbotix/install/share/interbotix_ros_xseries/package.sh'
[1.618s] INFO:colcon.colcon_core.shell:Creating package script '/home/derek-dietz/MSAI/ComputerVision/Final_Project/ws/interbotix/install/share/interbotix_ros_xseries/package.bash'
[1.618s] INFO:colcon.colcon_core.shell:Creating package script '/home/derek-dietz/MSAI/ComputerVision/Final_Project/ws/interbotix/install/share/interbotix_ros_xseries/package.zsh'
[1.618s] Level 1:colcon.colcon_core.environment:create_file_with_runtime_dependencies(/home/derek-dietz/MSAI/ComputerVision/Final_Project/ws/interbotix/install/share/colcon-core/packages/interbotix_ros_xseries)
[1.619s] Level 1:colcon.colcon_core.environment:create_environment_scripts_only(interbotix_ros_xseries)
[1.619s] Level 1:colcon.colcon_core.environment:checking '/home/derek-dietz/MSAI/ComputerVision/Final_Project/ws/interbotix/install' for CMake module files
[1.620s] Level 1:colcon.colcon_core.environment:checking '/home/derek-dietz/MSAI/ComputerVision/Final_Project/ws/interbotix/install' for CMake config files
[1.620s] Level 1:colcon.colcon_core.shell:create_environment_hook('interbotix_ros_xseries', 'cmake_prefix_path')
[1.620s] INFO:colcon.colcon_core.shell:Creating environment hook '/home/derek-dietz/MSAI/ComputerVision/Final_Project/ws/interbotix/install/share/interbotix_ros_xseries/hook/cmake_prefix_path.ps1'
[1.620s] INFO:colcon.colcon_core.shell:Creating environment descriptor '/home/derek-dietz/MSAI/ComputerVision/Final_Project/ws/interbotix/install/share/interbotix_ros_xseries/hook/cmake_prefix_path.dsv'
[1.621s] INFO:colcon.colcon_core.shell:Creating environment hook '/home/derek-dietz/MSAI/ComputerVision/Final_Project/ws/interbotix/install/share/interbotix_ros_xseries/hook/cmake_prefix_path.sh'
[1.621s] Level 1:colcon.colcon_core.environment:checking '/home/derek-dietz/MSAI/ComputerVision/Final_Project/ws/interbotix/install/lib'
[1.621s] Level 1:colcon.colcon_core.shell:create_environment_hook('interbotix_ros_xseries', 'ld_library_path_lib')
[1.621s] INFO:colcon.colcon_core.shell:Creating environment hook '/home/derek-dietz/MSAI/ComputerVision/Final_Project/ws/interbotix/install/share/interbotix_ros_xseries/hook/ld_library_path_lib.ps1'
[1.621s] INFO:colcon.colcon_core.shell:Creating environment descriptor '/home/derek-dietz/MSAI/ComputerVision/Final_Project/ws/interbotix/install/share/interbotix_ros_xseries/hook/ld_library_path_lib.dsv'
[1.621s] INFO:colcon.colcon_core.shell:Creating environment hook '/home/derek-dietz/MSAI/ComputerVision/Final_Project/ws/interbotix/install/share/interbotix_ros_xseries/hook/ld_library_path_lib.sh'
[1.621s] Level 1:colcon.colcon_core.environment:checking '/home/derek-dietz/MSAI/ComputerVision/Final_Project/ws/interbotix/install/bin'
[1.622s] Level 1:colcon.colcon_core.environment:checking '/home/derek-dietz/MSAI/ComputerVision/Final_Project/ws/interbotix/install/lib/pkgconfig/interbotix_ros_xseries.pc'
[1.622s] Level 1:colcon.colcon_core.environment:checking '/home/derek-dietz/MSAI/ComputerVision/Final_Project/ws/interbotix/install/lib/python3.12/site-packages'
[1.622s] Level 1:colcon.colcon_core.shell:create_environment_hook('interbotix_ros_xseries', 'pythonpath')
[1.622s] INFO:colcon.colcon_core.shell:Creating environment hook '/home/derek-dietz/MSAI/ComputerVision/Final_Project/ws/interbotix/install/share/interbotix_ros_xseries/hook/pythonpath.ps1'
[1.622s] INFO:colcon.colcon_core.shell:Creating environment descriptor '/home/derek-dietz/MSAI/ComputerVision/Final_Project/ws/interbotix/install/share/interbotix_ros_xseries/hook/pythonpath.dsv'
[1.622s] INFO:colcon.colcon_core.shell:Creating environment hook '/home/derek-dietz/MSAI/ComputerVision/Final_Project/ws/interbotix/install/share/interbotix_ros_xseries/hook/pythonpath.sh'
[1.623s] Level 1:colcon.colcon_core.environment:checking '/home/derek-dietz/MSAI/ComputerVision/Final_Project/ws/interbotix/install/bin'
[1.623s] INFO:colcon.colcon_core.shell:Creating package script '/home/derek-dietz/MSAI/ComputerVision/Final_Project/ws/interbotix/install/share/interbotix_ros_xseries/package.ps1'
[1.623s] INFO:colcon.colcon_core.shell:Creating package descriptor '/home/derek-dietz/MSAI/ComputerVision/Final_Project/ws/interbotix/install/share/interbotix_ros_xseries/package.dsv'
[1.624s] INFO:colcon.colcon_core.shell:Creating package script '/home/derek-dietz/MSAI/ComputerVision/Final_Project/ws/interbotix/install/share/interbotix_ros_xseries/package.sh'
[1.624s] INFO:colcon.colcon_core.shell:Creating package script '/home/derek-dietz/MSAI/ComputerVision/Final_Project/ws/interbotix/install/share/interbotix_ros_xseries/package.bash'
[1.624s] INFO:colcon.colcon_core.shell:Creating package script '/home/derek-dietz/MSAI/ComputerVision/Final_Project/ws/interbotix/install/share/interbotix_ros_xseries/package.zsh'
[1.624s] Level 1:colcon.colcon_core.environment:create_file_with_runtime_dependencies(/home/derek-dietz/MSAI/ComputerVision/Final_Project/ws/interbotix/install/share/colcon-core/packages/interbotix_ros_xseries)
[1.687s] DEBUG:colcon.colcon_core.event_handler.log_command:Invoking command in '/home/derek-dietz/MSAI/ComputerVision/Final_Project/ws/interbotix/src/arm': DEBUGINFOD_URLS=https://debuginfod.ubuntu.com PYTHONPATH=/home/derek-dietz/MSAI/ComputerVision/Final_Project/ws/interbotix/build/arm/prefix_override:/usr/lib/python3/dist-packages/colcon_core/task/python/colcon_distutils_commands:/home/derek-dietz/MSAI/ComputerVision/Final_Project/ws/interbotix/install/lib/python3.12/site-packages:${PYTHONPATH} /usr/bin/python3 -W ignore:setup.py install is deprecated -W ignore:easy_install command is deprecated setup.py egg_info --egg-base ../../build/arm build --build-base /home/derek-dietz/MSAI/ComputerVision/Final_Project/ws/interbotix/build/arm/build install --record /home/derek-dietz/MSAI/ComputerVision/Final_Project/ws/interbotix/build/arm/install.log --single-version-externally-managed install_data
[1.726s] DEBUG:colcon.colcon_core.event_handler.log_command:Invoked command in '/home/derek-dietz/MSAI/ComputerVision/Final_Project/ws/interbotix/build/interbotix_xs_rviz' returned '0': CMAKE_PREFIX_PATH=${CMAKE_PREFIX_PATH}:/opt/ros/kilted DEBUGINFOD_URLS=https://debuginfod.ubuntu.com PYTHONPATH=/home/derek-dietz/MSAI/ComputerVision/Final_Project/ws/interbotix/install/lib/python3.12/site-packages:/home/derek-dietz/MSAI/ComputerVision/Final_Project/ros_ws/build/arm:/home/derek-dietz/MSAI/ComputerVision/Final_Project/ros_ws/install/arm/lib/python3.12/site-packages:/opt/ros/kilted/lib/python3.12/site-packages /usr/bin/cmake --build /home/derek-dietz/MSAI/ComputerVision/Final_Project/ws/interbotix/build/interbotix_xs_rviz -- -j22 -l22
[1.727s] DEBUG:colcon.colcon_core.event_handler.log_command:Invoking command in '/home/derek-dietz/MSAI/ComputerVision/Final_Project/ws/interbotix/build/interbotix_xs_rviz': CMAKE_PREFIX_PATH=${CMAKE_PREFIX_PATH}:/opt/ros/kilted DEBUGINFOD_URLS=https://debuginfod.ubuntu.com PYTHONPATH=/home/derek-dietz/MSAI/ComputerVision/Final_Project/ws/interbotix/install/lib/python3.12/site-packages:/home/derek-dietz/MSAI/ComputerVision/Final_Project/ros_ws/build/arm:/home/derek-dietz/MSAI/ComputerVision/Final_Project/ros_ws/install/arm/lib/python3.12/site-packages:/opt/ros/kilted/lib/python3.12/site-packages /usr/bin/cmake --install /home/derek-dietz/MSAI/ComputerVision/Final_Project/ws/interbotix/build/interbotix_xs_rviz
[1.740s] Level 1:colcon.colcon_core.environment:create_environment_scripts_only(interbotix_xs_rviz)
[1.741s] Level 1:colcon.colcon_core.environment:checking '/home/derek-dietz/MSAI/ComputerVision/Final_Project/ws/interbotix/install' for CMake module files
[1.741s] DEBUG:colcon.colcon_core.event_handler.log_command:Invoked command in '/home/derek-dietz/MSAI/ComputerVision/Final_Project/ws/interbotix/build/interbotix_xs_rviz' returned '0': CMAKE_PREFIX_PATH=${CMAKE_PREFIX_PATH}:/opt/ros/kilted DEBUGINFOD_URLS=https://debuginfod.ubuntu.com PYTHONPATH=/home/derek-dietz/MSAI/ComputerVision/Final_Project/ws/interbotix/install/lib/python3.12/site-packages:/home/derek-dietz/MSAI/ComputerVision/Final_Project/ros_ws/build/arm:/home/derek-dietz/MSAI/ComputerVision/Final_Project/ros_ws/install/arm/lib/python3.12/site-packages:/opt/ros/kilted/lib/python3.12/site-packages /usr/bin/cmake --install /home/derek-dietz/MSAI/ComputerVision/Final_Project/ws/interbotix/build/interbotix_xs_rviz
[1.742s] Level 1:colcon.colcon_core.environment:checking '/home/derek-dietz/MSAI/ComputerVision/Final_Project/ws/interbotix/install' for CMake config files
[1.743s] Level 1:colcon.colcon_core.shell:create_environment_hook('interbotix_xs_rviz', 'cmake_prefix_path')
[1.743s] INFO:colcon.colcon_core.shell:Creating environment hook '/home/derek-dietz/MSAI/ComputerVision/Final_Project/ws/interbotix/install/share/interbotix_xs_rviz/hook/cmake_prefix_path.ps1'
[1.744s] INFO:colcon.colcon_core.shell:Creating environment descriptor '/home/derek-dietz/MSAI/ComputerVision/Final_Project/ws/interbotix/install/share/interbotix_xs_rviz/hook/cmake_prefix_path.dsv'
[1.744s] INFO:colcon.colcon_core.shell:Creating environment hook '/home/derek-dietz/MSAI/ComputerVision/Final_Project/ws/interbotix/install/share/interbotix_xs_rviz/hook/cmake_prefix_path.sh'
[1.745s] Level 1:colcon.colcon_core.environment:checking '/home/derek-dietz/MSAI/ComputerVision/Final_Project/ws/interbotix/install/lib'
[1.745s] Level 1:colcon.colcon_core.shell:create_environment_hook('interbotix_xs_rviz', 'ld_library_path_lib')
[1.745s] INFO:colcon.colcon_core.shell:Creating environment hook '/home/derek-dietz/MSAI/ComputerVision/Final_Project/ws/interbotix/install/share/interbotix_xs_rviz/hook/ld_library_path_lib.ps1'
[1.745s] INFO:colcon.colcon_core.shell:Creating environment descriptor '/home/derek-dietz/MSAI/ComputerVision/Final_Project/ws/interbotix/install/share/interbotix_xs_rviz/hook/ld_library_path_lib.dsv'
[1.746s] INFO:colcon.colcon_core.shell:Creating environment hook '/home/derek-dietz/MSAI/ComputerVision/Final_Project/ws/interbotix/install/share/interbotix_xs_rviz/hook/ld_library_path_lib.sh'
[1.746s] Level 1:colcon.colcon_core.environment:checking '/home/derek-dietz/MSAI/ComputerVision/Final_Project/ws/interbotix/install/bin'
[1.746s] Level 1:colcon.colcon_core.environment:checking '/home/derek-dietz/MSAI/ComputerVision/Final_Project/ws/interbotix/install/lib/pkgconfig/interbotix_xs_rviz.pc'
[1.746s] Level 1:colcon.colcon_core.environment:checking '/home/derek-dietz/MSAI/ComputerVision/Final_Project/ws/interbotix/install/lib/python3.12/site-packages'
[1.747s] Level 1:colcon.colcon_core.shell:create_environment_hook('interbotix_xs_rviz', 'pythonpath')
[1.747s] INFO:colcon.colcon_core.shell:Creating environment hook '/home/derek-dietz/MSAI/ComputerVision/Final_Project/ws/interbotix/install/share/interbotix_xs_rviz/hook/pythonpath.ps1'
[1.747s] INFO:colcon.colcon_core.shell:Creating environment descriptor '/home/derek-dietz/MSAI/ComputerVision/Final_Project/ws/interbotix/install/share/interbotix_xs_rviz/hook/pythonpath.dsv'
[1.747s] INFO:colcon.colcon_core.shell:Creating environment hook '/home/derek-dietz/MSAI/ComputerVision/Final_Project/ws/interbotix/install/share/interbotix_xs_rviz/hook/pythonpath.sh'
[1.748s] Level 1:colcon.colcon_core.environment:checking '/home/derek-dietz/MSAI/ComputerVision/Final_Project/ws/interbotix/install/bin'
[1.749s] INFO:colcon.colcon_core.shell:Creating package script '/home/derek-dietz/MSAI/ComputerVision/Final_Project/ws/interbotix/install/share/interbotix_xs_rviz/package.ps1'
[1.749s] INFO:colcon.colcon_core.shell:Creating package descriptor '/home/derek-dietz/MSAI/ComputerVision/Final_Project/ws/interbotix/install/share/interbotix_xs_rviz/package.dsv'
[1.750s] INFO:colcon.colcon_core.shell:Creating package script '/home/derek-dietz/MSAI/ComputerVision/Final_Project/ws/interbotix/install/share/interbotix_xs_rviz/package.sh'
[1.750s] INFO:colcon.colcon_core.shell:Creating package script '/home/derek-dietz/MSAI/ComputerVision/Final_Project/ws/interbotix/install/share/interbotix_xs_rviz/package.bash'
[1.751s] INFO:colcon.colcon_core.shell:Creating package script '/home/derek-dietz/MSAI/ComputerVision/Final_Project/ws/interbotix/install/share/interbotix_xs_rviz/package.zsh'
[1.751s] Level 1:colcon.colcon_core.environment:create_file_with_runtime_dependencies(/home/derek-dietz/MSAI/ComputerVision/Final_Project/ws/interbotix/install/share/colcon-core/packages/interbotix_xs_rviz)
[1.751s] Level 1:colcon.colcon_core.environment:create_environment_scripts_only(interbotix_xs_rviz)
[1.752s] Level 1:colcon.colcon_core.environment:checking '/home/derek-dietz/MSAI/ComputerVision/Final_Project/ws/interbotix/install' for CMake module files
[1.752s] Level 1:colcon.colcon_core.environment:checking '/home/derek-dietz/MSAI/ComputerVision/Final_Project/ws/interbotix/install' for CMake config files
[1.753s] Level 1:colcon.colcon_core.shell:create_environment_hook('interbotix_xs_rviz', 'cmake_prefix_path')
[1.753s] INFO:colcon.colcon_core.shell:Creating environment hook '/home/derek-dietz/MSAI/ComputerVision/Final_Project/ws/interbotix/install/share/interbotix_xs_rviz/hook/cmake_prefix_path.ps1'
[1.754s] INFO:colcon.colcon_core.shell:Creating environment descriptor '/home/derek-dietz/MSAI/ComputerVision/Final_Project/ws/interbotix/install/share/interbotix_xs_rviz/hook/cmake_prefix_path.dsv'
[1.754s] INFO:colcon.colcon_core.shell:Creating environment hook '/home/derek-dietz/MSAI/ComputerVision/Final_Project/ws/interbotix/install/share/interbotix_xs_rviz/hook/cmake_prefix_path.sh'
[1.755s] Level 1:colcon.colcon_core.environment:checking '/home/derek-dietz/MSAI/ComputerVision/Final_Project/ws/interbotix/install/lib'
[1.755s] Level 1:colcon.colcon_core.shell:create_environment_hook('interbotix_xs_rviz', 'ld_library_path_lib')
[1.755s] INFO:colcon.colcon_core.shell:Creating environment hook '/home/derek-dietz/MSAI/ComputerVision/Final_Project/ws/interbotix/install/share/interbotix_xs_rviz/hook/ld_library_path_lib.ps1'
[1.755s] INFO:colcon.colcon_core.shell:Creating environment descriptor '/home/derek-dietz/MSAI/ComputerVision/Final_Project/ws/interbotix/install/share/interbotix_xs_rviz/hook/ld_library_path_lib.dsv'
[1.756s] INFO:colcon.colcon_core.shell:Creating environment hook '/home/derek-dietz/MSAI/ComputerVision/Final_Project/ws/interbotix/install/share/interbotix_xs_rviz/hook/ld_library_path_lib.sh'
[1.756s] Level 1:colcon.colcon_core.environment:checking '/home/derek-dietz/MSAI/ComputerVision/Final_Project/ws/interbotix/install/bin'
[1.756s] Level 1:colcon.colcon_core.environment:checking '/home/derek-dietz/MSAI/ComputerVision/Final_Project/ws/interbotix/install/lib/pkgconfig/interbotix_xs_rviz.pc'
[1.756s] Level 1:colcon.colcon_core.environment:checking '/home/derek-dietz/MSAI/ComputerVision/Final_Project/ws/interbotix/install/lib/python3.12/site-packages'
[1.757s] Level 1:colcon.colcon_core.shell:create_environment_hook('interbotix_xs_rviz', 'pythonpath')
[1.757s] INFO:colcon.colcon_core.shell:Creating environment hook '/home/derek-dietz/MSAI/ComputerVision/Final_Project/ws/interbotix/install/share/interbotix_xs_rviz/hook/pythonpath.ps1'
[1.757s] INFO:colcon.colcon_core.shell:Creating environment descriptor '/home/derek-dietz/MSAI/ComputerVision/Final_Project/ws/interbotix/install/share/interbotix_xs_rviz/hook/pythonpath.dsv'
[1.758s] INFO:colcon.colcon_core.shell:Creating environment hook '/home/derek-dietz/MSAI/ComputerVision/Final_Project/ws/interbotix/install/share/interbotix_xs_rviz/hook/pythonpath.sh'
[1.758s] Level 1:colcon.colcon_core.environment:checking '/home/derek-dietz/MSAI/ComputerVision/Final_Project/ws/interbotix/install/bin'
[1.759s] INFO:colcon.colcon_core.shell:Creating package script '/home/derek-dietz/MSAI/ComputerVision/Final_Project/ws/interbotix/install/share/interbotix_xs_rviz/package.ps1'
[1.759s] INFO:colcon.colcon_core.shell:Creating package descriptor '/home/derek-dietz/MSAI/ComputerVision/Final_Project/ws/interbotix/install/share/interbotix_xs_rviz/package.dsv'
[1.760s] INFO:colcon.colcon_core.shell:Creating package script '/home/derek-dietz/MSAI/ComputerVision/Final_Project/ws/interbotix/install/share/interbotix_xs_rviz/package.sh'
[1.760s] INFO:colcon.colcon_core.shell:Creating package script '/home/derek-dietz/MSAI/ComputerVision/Final_Project/ws/interbotix/install/share/interbotix_xs_rviz/package.bash'
[1.760s] INFO:colcon.colcon_core.shell:Creating package script '/home/derek-dietz/MSAI/ComputerVision/Final_Project/ws/interbotix/install/share/interbotix_xs_rviz/package.zsh'
[1.761s] Level 1:colcon.colcon_core.environment:create_file_with_runtime_dependencies(/home/derek-dietz/MSAI/ComputerVision/Final_Project/ws/interbotix/install/share/colcon-core/packages/interbotix_xs_rviz)
[1.792s] DEBUG:colcon.colcon_core.event_handler.log_command:Invoking command in '/home/derek-dietz/MSAI/ComputerVision/Final_Project/ws/interbotix/src/interbotix_ros_toolboxes/interbotix_common_toolbox/interbotix_common_modules': DEBUGINFOD_URLS=https://debuginfod.ubuntu.com PYTHONPATH=/home/derek-dietz/MSAI/ComputerVision/Final_Project/ws/interbotix/build/interbotix_common_modules/prefix_override:/usr/lib/python3/dist-packages/colcon_core/task/python/colcon_distutils_commands:/home/derek-dietz/MSAI/ComputerVision/Final_Project/ws/interbotix/install/lib/python3.12/site-packages:${PYTHONPATH} /usr/bin/python3 -W ignore:setup.py install is deprecated -W ignore:easy_install command is deprecated setup.py egg_info --egg-base ../../../../build/interbotix_common_modules build --build-base /home/derek-dietz/MSAI/ComputerVision/Final_Project/ws/interbotix/build/interbotix_common_modules/build install --record /home/derek-dietz/MSAI/ComputerVision/Final_Project/ws/interbotix/build/interbotix_common_modules/install.log --single-version-externally-managed install_data
[1.836s] DEBUG:colcon.colcon_core.event_handler.log_command:Invoking command in '/home/derek-dietz/MSAI/ComputerVision/Final_Project/ws/interbotix/src/ModernRobotics/packages/Python': DEBUGINFOD_URLS=https://debuginfod.ubuntu.com PYTHONPATH=/home/derek-dietz/MSAI/ComputerVision/Final_Project/ws/interbotix/build/modern_robotics/prefix_override:/usr/lib/python3/dist-packages/colcon_core/task/python/colcon_distutils_commands:/home/derek-dietz/MSAI/ComputerVision/Final_Project/ws/interbotix/install/lib/python3.12/site-packages:${PYTHONPATH} /usr/bin/python3 -W ignore:setup.py install is deprecated -W ignore:easy_install command is deprecated setup.py egg_info --egg-base ../../../../build/modern_robotics build --build-base /home/derek-dietz/MSAI/ComputerVision/Final_Project/ws/interbotix/build/modern_robotics/build install --record /home/derek-dietz/MSAI/ComputerVision/Final_Project/ws/interbotix/build/modern_robotics/install.log --single-version-externally-managed
[2.286s] Level 1:colcon.colcon_core.environment:checking '/home/derek-dietz/MSAI/ComputerVision/Final_Project/ws/interbotix/install' for CMake module files
[2.287s] DEBUG:colcon.colcon_core.event_handler.log_command:Invoked command in '/home/derek-dietz/MSAI/ComputerVision/Final_Project/ws/interbotix/src/arm' returned '0': DEBUGINFOD_URLS=https://debuginfod.ubuntu.com PYTHONPATH=/home/derek-dietz/MSAI/ComputerVision/Final_Project/ws/interbotix/build/arm/prefix_override:/usr/lib/python3/dist-packages/colcon_core/task/python/colcon_distutils_commands:/home/derek-dietz/MSAI/ComputerVision/Final_Project/ws/interbotix/install/lib/python3.12/site-packages:${PYTHONPATH} /usr/bin/python3 -W ignore:setup.py install is deprecated -W ignore:easy_install command is deprecated setup.py egg_info --egg-base ../../build/arm build --build-base /home/derek-dietz/MSAI/ComputerVision/Final_Project/ws/interbotix/build/arm/build install --record /home/derek-dietz/MSAI/ComputerVision/Final_Project/ws/interbotix/build/arm/install.log --single-version-externally-managed install_data
[2.288s] Level 1:colcon.colcon_core.environment:checking '/home/derek-dietz/MSAI/ComputerVision/Final_Project/ws/interbotix/install' for CMake config files
[2.289s] Level 1:colcon.colcon_core.shell:create_environment_hook('arm', 'cmake_prefix_path')
[2.289s] INFO:colcon.colcon_core.shell:Creating environment hook '/home/derek-dietz/MSAI/ComputerVision/Final_Project/ws/interbotix/install/share/arm/hook/cmake_prefix_path.ps1'
[2.290s] INFO:colcon.colcon_core.shell:Creating environment descriptor '/home/derek-dietz/MSAI/ComputerVision/Final_Project/ws/interbotix/install/share/arm/hook/cmake_prefix_path.dsv'
[2.290s] INFO:colcon.colcon_core.shell:Creating environment hook '/home/derek-dietz/MSAI/ComputerVision/Final_Project/ws/interbotix/install/share/arm/hook/cmake_prefix_path.sh'
[2.291s] Level 1:colcon.colcon_core.environment:checking '/home/derek-dietz/MSAI/ComputerVision/Final_Project/ws/interbotix/install/lib'
[2.291s] Level 1:colcon.colcon_core.shell:create_environment_hook('arm', 'ld_library_path_lib')
[2.292s] INFO:colcon.colcon_core.shell:Creating environment hook '/home/derek-dietz/MSAI/ComputerVision/Final_Project/ws/interbotix/install/share/arm/hook/ld_library_path_lib.ps1'
[2.292s] INFO:colcon.colcon_core.shell:Creating environment descriptor '/home/derek-dietz/MSAI/ComputerVision/Final_Project/ws/interbotix/install/share/arm/hook/ld_library_path_lib.dsv'
[2.293s] INFO:colcon.colcon_core.shell:Creating environment hook '/home/derek-dietz/MSAI/ComputerVision/Final_Project/ws/interbotix/install/share/arm/hook/ld_library_path_lib.sh'
[2.293s] Level 1:colcon.colcon_core.environment:checking '/home/derek-dietz/MSAI/ComputerVision/Final_Project/ws/interbotix/install/bin'
[2.293s] Level 1:colcon.colcon_core.environment:checking '/home/derek-dietz/MSAI/ComputerVision/Final_Project/ws/interbotix/install/lib/pkgconfig/arm.pc'
[2.293s] Level 1:colcon.colcon_core.environment:checking '/home/derek-dietz/MSAI/ComputerVision/Final_Project/ws/interbotix/install/lib/python3.12/site-packages'
[2.294s] Level 1:colcon.colcon_core.shell:create_environment_hook('arm', 'pythonpath')
[2.294s] INFO:colcon.colcon_core.shell:Creating environment hook '/home/derek-dietz/MSAI/ComputerVision/Final_Project/ws/interbotix/install/share/arm/hook/pythonpath.ps1'
[2.295s] INFO:colcon.colcon_core.shell:Creating environment descriptor '/home/derek-dietz/MSAI/ComputerVision/Final_Project/ws/interbotix/install/share/arm/hook/pythonpath.dsv'
[2.295s] INFO:colcon.colcon_core.shell:Creating environment hook '/home/derek-dietz/MSAI/ComputerVision/Final_Project/ws/interbotix/install/share/arm/hook/pythonpath.sh'
[2.296s] Level 1:colcon.colcon_core.environment:checking '/home/derek-dietz/MSAI/ComputerVision/Final_Project/ws/interbotix/install/bin'
[2.296s] Level 1:colcon.colcon_core.environment:create_environment_scripts_only(arm)
[2.296s] INFO:colcon.colcon_core.shell:Creating package script '/home/derek-dietz/MSAI/ComputerVision/Final_Project/ws/interbotix/install/share/arm/package.ps1'
[2.297s] INFO:colcon.colcon_core.shell:Creating package descriptor '/home/derek-dietz/MSAI/ComputerVision/Final_Project/ws/interbotix/install/share/arm/package.dsv'
[2.298s] INFO:colcon.colcon_core.shell:Creating package script '/home/derek-dietz/MSAI/ComputerVision/Final_Project/ws/interbotix/install/share/arm/package.sh'
[2.298s] INFO:colcon.colcon_core.shell:Creating package script '/home/derek-dietz/MSAI/ComputerVision/Final_Project/ws/interbotix/install/share/arm/package.bash'
[2.298s] INFO:colcon.colcon_core.shell:Creating package script '/home/derek-dietz/MSAI/ComputerVision/Final_Project/ws/interbotix/install/share/arm/package.zsh'
[2.300s] Level 1:colcon.colcon_core.environment:create_file_with_runtime_dependencies(/home/derek-dietz/MSAI/ComputerVision/Final_Project/ws/interbotix/install/share/colcon-core/packages/arm)
[2.314s] Level 1:colcon.colcon_core.environment:checking '/home/derek-dietz/MSAI/ComputerVision/Final_Project/ws/interbotix/install' for CMake module files
[2.315s] DEBUG:colcon.colcon_core.event_handler.log_command:Invoked command in '/home/derek-dietz/MSAI/ComputerVision/Final_Project/ws/interbotix/src/ModernRobotics/packages/Python' returned '0': DEBUGINFOD_URLS=https://debuginfod.ubuntu.com PYTHONPATH=/home/derek-dietz/MSAI/ComputerVision/Final_Project/ws/interbotix/build/modern_robotics/prefix_override:/usr/lib/python3/dist-packages/colcon_core/task/python/colcon_distutils_commands:/home/derek-dietz/MSAI/ComputerVision/Final_Project/ws/interbotix/install/lib/python3.12/site-packages:${PYTHONPATH} /usr/bin/python3 -W ignore:setup.py install is deprecated -W ignore:easy_install command is deprecated setup.py egg_info --egg-base ../../../../build/modern_robotics build --build-base /home/derek-dietz/MSAI/ComputerVision/Final_Project/ws/interbotix/build/modern_robotics/build install --record /home/derek-dietz/MSAI/ComputerVision/Final_Project/ws/interbotix/build/modern_robotics/install.log --single-version-externally-managed
[2.315s] Level 1:colcon.colcon_core.environment:checking '/home/derek-dietz/MSAI/ComputerVision/Final_Project/ws/interbotix/install' for CMake config files
[2.316s] Level 1:colcon.colcon_core.shell:create_environment_hook('modern_robotics', 'cmake_prefix_path')
[2.316s] INFO:colcon.colcon_core.shell:Creating environment hook '/home/derek-dietz/MSAI/ComputerVision/Final_Project/ws/interbotix/install/share/modern_robotics/hook/cmake_prefix_path.ps1'
[2.317s] INFO:colcon.colcon_core.shell:Creating environment descriptor '/home/derek-dietz/MSAI/ComputerVision/Final_Project/ws/interbotix/install/share/modern_robotics/hook/cmake_prefix_path.dsv'
[2.317s] INFO:colcon.colcon_core.shell:Creating environment hook '/home/derek-dietz/MSAI/ComputerVision/Final_Project/ws/interbotix/install/share/modern_robotics/hook/cmake_prefix_path.sh'
[2.318s] Level 1:colcon.colcon_core.environment:checking '/home/derek-dietz/MSAI/ComputerVision/Final_Project/ws/interbotix/install/lib'
[2.318s] Level 1:colcon.colcon_core.shell:create_environment_hook('modern_robotics', 'ld_library_path_lib')
[2.318s] INFO:colcon.colcon_core.shell:Creating environment hook '/home/derek-dietz/MSAI/ComputerVision/Final_Project/ws/interbotix/install/share/modern_robotics/hook/ld_library_path_lib.ps1'
[2.319s] INFO:colcon.colcon_core.shell:Creating environment descriptor '/home/derek-dietz/MSAI/ComputerVision/Final_Project/ws/interbotix/install/share/modern_robotics/hook/ld_library_path_lib.dsv'
[2.319s] INFO:colcon.colcon_core.shell:Creating environment hook '/home/derek-dietz/MSAI/ComputerVision/Final_Project/ws/interbotix/install/share/modern_robotics/hook/ld_library_path_lib.sh'
[2.320s] Level 1:colcon.colcon_core.environment:checking '/home/derek-dietz/MSAI/ComputerVision/Final_Project/ws/interbotix/install/bin'
[2.320s] Level 1:colcon.colcon_core.environment:checking '/home/derek-dietz/MSAI/ComputerVision/Final_Project/ws/interbotix/install/lib/pkgconfig/modern_robotics.pc'
[2.320s] Level 1:colcon.colcon_core.environment:checking '/home/derek-dietz/MSAI/ComputerVision/Final_Project/ws/interbotix/install/lib/python3.12/site-packages'
[2.320s] Level 1:colcon.colcon_core.shell:create_environment_hook('modern_robotics', 'pythonpath')
[2.320s] INFO:colcon.colcon_core.shell:Creating environment hook '/home/derek-dietz/MSAI/ComputerVision/Final_Project/ws/interbotix/install/share/modern_robotics/hook/pythonpath.ps1'
[2.321s] INFO:colcon.colcon_core.shell:Creating environment descriptor '/home/derek-dietz/MSAI/ComputerVision/Final_Project/ws/interbotix/install/share/modern_robotics/hook/pythonpath.dsv'
[2.321s] INFO:colcon.colcon_core.shell:Creating environment hook '/home/derek-dietz/MSAI/ComputerVision/Final_Project/ws/interbotix/install/share/modern_robotics/hook/pythonpath.sh'
[2.321s] Level 1:colcon.colcon_core.environment:checking '/home/derek-dietz/MSAI/ComputerVision/Final_Project/ws/interbotix/install/bin'
[2.321s] Level 1:colcon.colcon_core.environment:create_environment_scripts_only(modern_robotics)
[2.322s] INFO:colcon.colcon_core.shell:Creating package script '/home/derek-dietz/MSAI/ComputerVision/Final_Project/ws/interbotix/install/share/modern_robotics/package.ps1'
[2.322s] INFO:colcon.colcon_core.shell:Creating package descriptor '/home/derek-dietz/MSAI/ComputerVision/Final_Project/ws/interbotix/install/share/modern_robotics/package.dsv'
[2.322s] INFO:colcon.colcon_core.shell:Creating package script '/home/derek-dietz/MSAI/ComputerVision/Final_Project/ws/interbotix/install/share/modern_robotics/package.sh'
[2.322s] INFO:colcon.colcon_core.shell:Creating package script '/home/derek-dietz/MSAI/ComputerVision/Final_Project/ws/interbotix/install/share/modern_robotics/package.bash'
[2.322s] INFO:colcon.colcon_core.shell:Creating package script '/home/derek-dietz/MSAI/ComputerVision/Final_Project/ws/interbotix/install/share/modern_robotics/package.zsh'
[2.323s] Level 1:colcon.colcon_core.environment:create_file_with_runtime_dependencies(/home/derek-dietz/MSAI/ComputerVision/Final_Project/ws/interbotix/install/share/colcon-core/packages/modern_robotics)
[2.327s] Level 1:colcon.colcon_core.environment:checking '/home/derek-dietz/MSAI/ComputerVision/Final_Project/ws/interbotix/install' for CMake module files
[2.328s] DEBUG:colcon.colcon_core.event_handler.log_command:Invoked command in '/home/derek-dietz/MSAI/ComputerVision/Final_Project/ws/interbotix/src/interbotix_ros_toolboxes/interbotix_common_toolbox/interbotix_common_modules' returned '0': DEBUGINFOD_URLS=https://debuginfod.ubuntu.com PYTHONPATH=/home/derek-dietz/MSAI/ComputerVision/Final_Project/ws/interbotix/build/interbotix_common_modules/prefix_override:/usr/lib/python3/dist-packages/colcon_core/task/python/colcon_distutils_commands:/home/derek-dietz/MSAI/ComputerVision/Final_Project/ws/interbotix/install/lib/python3.12/site-packages:${PYTHONPATH} /usr/bin/python3 -W ignore:setup.py install is deprecated -W ignore:easy_install command is deprecated setup.py egg_info --egg-base ../../../../build/interbotix_common_modules build --build-base /home/derek-dietz/MSAI/ComputerVision/Final_Project/ws/interbotix/build/interbotix_common_modules/build install --record /home/derek-dietz/MSAI/ComputerVision/Final_Project/ws/interbotix/build/interbotix_common_modules/install.log --single-version-externally-managed install_data
[2.328s] Level 1:colcon.colcon_core.environment:checking '/home/derek-dietz/MSAI/ComputerVision/Final_Project/ws/interbotix/install' for CMake config files
[2.329s] Level 1:colcon.colcon_core.shell:create_environment_hook('interbotix_common_modules', 'cmake_prefix_path')
[2.329s] INFO:colcon.colcon_core.shell:Creating environment hook '/home/derek-dietz/MSAI/ComputerVision/Final_Project/ws/interbotix/install/share/interbotix_common_modules/hook/cmake_prefix_path.ps1'
[2.330s] INFO:colcon.colcon_core.shell:Creating environment descriptor '/home/derek-dietz/MSAI/ComputerVision/Final_Project/ws/interbotix/install/share/interbotix_common_modules/hook/cmake_prefix_path.dsv'
[2.330s] INFO:colcon.colcon_core.shell:Creating environment hook '/home/derek-dietz/MSAI/ComputerVision/Final_Project/ws/interbotix/install/share/interbotix_common_modules/hook/cmake_prefix_path.sh'
[2.331s] Level 1:colcon.colcon_core.environment:checking '/home/derek-dietz/MSAI/ComputerVision/Final_Project/ws/interbotix/install/lib'
[2.331s] Level 1:colcon.colcon_core.shell:create_environment_hook('interbotix_common_modules', 'ld_library_path_lib')
[2.332s] INFO:colcon.colcon_core.shell:Creating environment hook '/home/derek-dietz/MSAI/ComputerVision/Final_Project/ws/interbotix/install/share/interbotix_common_modules/hook/ld_library_path_lib.ps1'
[2.332s] INFO:colcon.colcon_core.shell:Creating environment descriptor '/home/derek-dietz/MSAI/ComputerVision/Final_Project/ws/interbotix/install/share/interbotix_common_modules/hook/ld_library_path_lib.dsv'
[2.332s] INFO:colcon.colcon_core.shell:Creating environment hook '/home/derek-dietz/MSAI/ComputerVision/Final_Project/ws/interbotix/install/share/interbotix_common_modules/hook/ld_library_path_lib.sh'
[2.333s] Level 1:colcon.colcon_core.environment:checking '/home/derek-dietz/MSAI/ComputerVision/Final_Project/ws/interbotix/install/bin'
[2.333s] Level 1:colcon.colcon_core.environment:checking '/home/derek-dietz/MSAI/ComputerVision/Final_Project/ws/interbotix/install/lib/pkgconfig/interbotix_common_modules.pc'
[2.333s] Level 1:colcon.colcon_core.environment:checking '/home/derek-dietz/MSAI/ComputerVision/Final_Project/ws/interbotix/install/lib/python3.12/site-packages'
[2.333s] Level 1:colcon.colcon_core.shell:create_environment_hook('interbotix_common_modules', 'pythonpath')
[2.334s] INFO:colcon.colcon_core.shell:Creating environment hook '/home/derek-dietz/MSAI/ComputerVision/Final_Project/ws/interbotix/install/share/interbotix_common_modules/hook/pythonpath.ps1'
[2.334s] INFO:colcon.colcon_core.shell:Creating environment descriptor '/home/derek-dietz/MSAI/ComputerVision/Final_Project/ws/interbotix/install/share/interbotix_common_modules/hook/pythonpath.dsv'
[2.334s] INFO:colcon.colcon_core.shell:Creating environment hook '/home/derek-dietz/MSAI/ComputerVision/Final_Project/ws/interbotix/install/share/interbotix_common_modules/hook/pythonpath.sh'
[2.335s] Level 1:colcon.colcon_core.environment:checking '/home/derek-dietz/MSAI/ComputerVision/Final_Project/ws/interbotix/install/bin'
[2.335s] Level 1:colcon.colcon_core.environment:create_environment_scripts_only(interbotix_common_modules)
[2.336s] INFO:colcon.colcon_core.shell:Creating package script '/home/derek-dietz/MSAI/ComputerVision/Final_Project/ws/interbotix/install/share/interbotix_common_modules/package.ps1'
[2.336s] INFO:colcon.colcon_core.shell:Creating package descriptor '/home/derek-dietz/MSAI/ComputerVision/Final_Project/ws/interbotix/install/share/interbotix_common_modules/package.dsv'
[2.337s] INFO:colcon.colcon_core.shell:Creating package script '/home/derek-dietz/MSAI/ComputerVision/Final_Project/ws/interbotix/install/share/interbotix_common_modules/package.sh'
[2.337s] INFO:colcon.colcon_core.shell:Creating package script '/home/derek-dietz/MSAI/ComputerVision/Final_Project/ws/interbotix/install/share/interbotix_common_modules/package.bash'
[2.338s] INFO:colcon.colcon_core.shell:Creating package script '/home/derek-dietz/MSAI/ComputerVision/Final_Project/ws/interbotix/install/share/interbotix_common_modules/package.zsh'
[2.338s] Level 1:colcon.colcon_core.environment:create_file_with_runtime_dependencies(/home/derek-dietz/MSAI/ComputerVision/Final_Project/ws/interbotix/install/share/colcon-core/packages/interbotix_common_modules)
[2.338s] INFO:colcon.colcon_ros.task.ament_python.build:Building ROS package in '/home/derek-dietz/MSAI/ComputerVision/Final_Project/ws/interbotix/src/interbotix_ros_toolboxes/interbotix_xs_toolbox/interbotix_xs_modules' with build type 'ament_python'
[2.338s] Level 1:colcon.colcon_core.shell:create_environment_hook('interbotix_xs_modules', 'ament_prefix_path')
[2.339s] INFO:colcon.colcon_core.shell:Creating environment hook '/home/derek-dietz/MSAI/ComputerVision/Final_Project/ws/interbotix/install/share/interbotix_xs_modules/hook/ament_prefix_path.ps1'
[2.339s] INFO:colcon.colcon_core.shell:Creating environment descriptor '/home/derek-dietz/MSAI/ComputerVision/Final_Project/ws/interbotix/install/share/interbotix_xs_modules/hook/ament_prefix_path.dsv'
[2.340s] INFO:colcon.colcon_core.shell:Creating environment hook '/home/derek-dietz/MSAI/ComputerVision/Final_Project/ws/interbotix/install/share/interbotix_xs_modules/hook/ament_prefix_path.sh'
[2.340s] INFO:colcon.colcon_core.shell:Skip shell extension 'powershell' for command environment: Not usable outside of PowerShell
[2.340s] DEBUG:colcon.colcon_core.shell:Skip shell extension 'dsv' for command environment
[2.344s] INFO:colcon.colcon_ros.task.ament_cmake.build:Building ROS package in '/home/derek-dietz/MSAI/ComputerVision/Final_Project/ws/interbotix/src/interbotix_ros_toolboxes/interbotix_common_toolbox/interbotix_common_toolbox' with build type 'ament_cmake'
[2.344s] INFO:colcon.colcon_cmake.task.cmake.build:Building CMake package in '/home/derek-dietz/MSAI/ComputerVision/Final_Project/ws/interbotix/src/interbotix_ros_toolboxes/interbotix_common_toolbox/interbotix_common_toolbox'
[2.344s] INFO:colcon.colcon_core.shell:Skip shell extension 'powershell' for command environment: Not usable outside of PowerShell
[2.344s] DEBUG:colcon.colcon_core.shell:Skip shell extension 'dsv' for command environment
[2.356s] DEBUG:colcon.colcon_core.event_handler.log_command:Invoking command in '/home/derek-dietz/MSAI/ComputerVision/Final_Project/ws/interbotix/build/interbotix_common_toolbox': CMAKE_PREFIX_PATH=${CMAKE_PREFIX_PATH}:/opt/ros/kilted DEBUGINFOD_URLS=https://debuginfod.ubuntu.com PYTHONPATH=/home/derek-dietz/MSAI/ComputerVision/Final_Project/ws/interbotix/install/lib/python3.12/site-packages:/home/derek-dietz/MSAI/ComputerVision/Final_Project/ros_ws/build/arm:/home/derek-dietz/MSAI/ComputerVision/Final_Project/ros_ws/install/arm/lib/python3.12/site-packages:/opt/ros/kilted/lib/python3.12/site-packages /usr/bin/cmake --build /home/derek-dietz/MSAI/ComputerVision/Final_Project/ws/interbotix/build/interbotix_common_toolbox -- -j22 -l22
[2.548s] INFO:colcon.colcon_core.task.python.build:Building Python package in '/home/derek-dietz/MSAI/ComputerVision/Final_Project/ws/interbotix/src/interbotix_ros_toolboxes/interbotix_xs_toolbox/interbotix_xs_modules'
[2.548s] INFO:colcon.colcon_core.shell:Skip shell extension 'powershell' for command environment: Not usable outside of PowerShell
[2.548s] DEBUG:colcon.colcon_core.shell:Skip shell extension 'dsv' for command environment
[2.557s] DEBUG:colcon.colcon_core.event_handler.log_command:Invoked command in '/home/derek-dietz/MSAI/ComputerVision/Final_Project/ws/interbotix/build/interbotix_common_toolbox' returned '0': CMAKE_PREFIX_PATH=${CMAKE_PREFIX_PATH}:/opt/ros/kilted DEBUGINFOD_URLS=https://debuginfod.ubuntu.com PYTHONPATH=/home/derek-dietz/MSAI/ComputerVision/Final_Project/ws/interbotix/install/lib/python3.12/site-packages:/home/derek-dietz/MSAI/ComputerVision/Final_Project/ros_ws/build/arm:/home/derek-dietz/MSAI/ComputerVision/Final_Project/ros_ws/install/arm/lib/python3.12/site-packages:/opt/ros/kilted/lib/python3.12/site-packages /usr/bin/cmake --build /home/derek-dietz/MSAI/ComputerVision/Final_Project/ws/interbotix/build/interbotix_common_toolbox -- -j22 -l22
[2.558s] DEBUG:colcon.colcon_core.event_handler.log_command:Invoking command in '/home/derek-dietz/MSAI/ComputerVision/Final_Project/ws/interbotix/build/interbotix_common_toolbox': CMAKE_PREFIX_PATH=${CMAKE_PREFIX_PATH}:/opt/ros/kilted DEBUGINFOD_URLS=https://debuginfod.ubuntu.com PYTHONPATH=/home/derek-dietz/MSAI/ComputerVision/Final_Project/ws/interbotix/install/lib/python3.12/site-packages:/home/derek-dietz/MSAI/ComputerVision/Final_Project/ros_ws/build/arm:/home/derek-dietz/MSAI/ComputerVision/Final_Project/ros_ws/install/arm/lib/python3.12/site-packages:/opt/ros/kilted/lib/python3.12/site-packages /usr/bin/cmake --install /home/derek-dietz/MSAI/ComputerVision/Final_Project/ws/interbotix/build/interbotix_common_toolbox
[2.571s] Level 1:colcon.colcon_core.environment:create_environment_scripts_only(interbotix_common_toolbox)
[2.572s] Level 1:colcon.colcon_core.environment:checking '/home/derek-dietz/MSAI/ComputerVision/Final_Project/ws/interbotix/install' for CMake module files
[2.572s] DEBUG:colcon.colcon_core.event_handler.log_command:Invoked command in '/home/derek-dietz/MSAI/ComputerVision/Final_Project/ws/interbotix/build/interbotix_common_toolbox' returned '0': CMAKE_PREFIX_PATH=${CMAKE_PREFIX_PATH}:/opt/ros/kilted DEBUGINFOD_URLS=https://debuginfod.ubuntu.com PYTHONPATH=/home/derek-dietz/MSAI/ComputerVision/Final_Project/ws/interbotix/install/lib/python3.12/site-packages:/home/derek-dietz/MSAI/ComputerVision/Final_Project/ros_ws/build/arm:/home/derek-dietz/MSAI/ComputerVision/Final_Project/ros_ws/install/arm/lib/python3.12/site-packages:/opt/ros/kilted/lib/python3.12/site-packages /usr/bin/cmake --install /home/derek-dietz/MSAI/ComputerVision/Final_Project/ws/interbotix/build/interbotix_common_toolbox
[2.573s] Level 1:colcon.colcon_core.environment:checking '/home/derek-dietz/MSAI/ComputerVision/Final_Project/ws/interbotix/install' for CMake config files
[2.574s] Level 1:colcon.colcon_core.shell:create_environment_hook('interbotix_common_toolbox', 'cmake_prefix_path')
[2.574s] INFO:colcon.colcon_core.shell:Creating environment hook '/home/derek-dietz/MSAI/ComputerVision/Final_Project/ws/interbotix/install/share/interbotix_common_toolbox/hook/cmake_prefix_path.ps1'
[2.575s] INFO:colcon.colcon_core.shell:Creating environment descriptor '/home/derek-dietz/MSAI/ComputerVision/Final_Project/ws/interbotix/install/share/interbotix_common_toolbox/hook/cmake_prefix_path.dsv'
[2.575s] INFO:colcon.colcon_core.shell:Creating environment hook '/home/derek-dietz/MSAI/ComputerVision/Final_Project/ws/interbotix/install/share/interbotix_common_toolbox/hook/cmake_prefix_path.sh'
[2.576s] Level 1:colcon.colcon_core.environment:checking '/home/derek-dietz/MSAI/ComputerVision/Final_Project/ws/interbotix/install/lib'
[2.576s] Level 1:colcon.colcon_core.shell:create_environment_hook('interbotix_common_toolbox', 'ld_library_path_lib')
[2.577s] INFO:colcon.colcon_core.shell:Creating environment hook '/home/derek-dietz/MSAI/ComputerVision/Final_Project/ws/interbotix/install/share/interbotix_common_toolbox/hook/ld_library_path_lib.ps1'
[2.577s] INFO:colcon.colcon_core.shell:Creating environment descriptor '/home/derek-dietz/MSAI/ComputerVision/Final_Project/ws/interbotix/install/share/interbotix_common_toolbox/hook/ld_library_path_lib.dsv'
[2.578s] INFO:colcon.colcon_core.shell:Creating environment hook '/home/derek-dietz/MSAI/ComputerVision/Final_Project/ws/interbotix/install/share/interbotix_common_toolbox/hook/ld_library_path_lib.sh'
[2.578s] Level 1:colcon.colcon_core.environment:checking '/home/derek-dietz/MSAI/ComputerVision/Final_Project/ws/interbotix/install/bin'
[2.578s] Level 1:colcon.colcon_core.environment:checking '/home/derek-dietz/MSAI/ComputerVision/Final_Project/ws/interbotix/install/lib/pkgconfig/interbotix_common_toolbox.pc'
[2.578s] Level 1:colcon.colcon_core.environment:checking '/home/derek-dietz/MSAI/ComputerVision/Final_Project/ws/interbotix/install/lib/python3.12/site-packages'
[2.579s] Level 1:colcon.colcon_core.shell:create_environment_hook('interbotix_common_toolbox', 'pythonpath')
[2.579s] INFO:colcon.colcon_core.shell:Creating environment hook '/home/derek-dietz/MSAI/ComputerVision/Final_Project/ws/interbotix/install/share/interbotix_common_toolbox/hook/pythonpath.ps1'
[2.579s] INFO:colcon.colcon_core.shell:Creating environment descriptor '/home/derek-dietz/MSAI/ComputerVision/Final_Project/ws/interbotix/install/share/interbotix_common_toolbox/hook/pythonpath.dsv'
[2.580s] INFO:colcon.colcon_core.shell:Creating environment hook '/home/derek-dietz/MSAI/ComputerVision/Final_Project/ws/interbotix/install/share/interbotix_common_toolbox/hook/pythonpath.sh'
[2.581s] Level 1:colcon.colcon_core.environment:checking '/home/derek-dietz/MSAI/ComputerVision/Final_Project/ws/interbotix/install/bin'
[2.581s] INFO:colcon.colcon_core.shell:Creating package script '/home/derek-dietz/MSAI/ComputerVision/Final_Project/ws/interbotix/install/share/interbotix_common_toolbox/package.ps1'
[2.582s] INFO:colcon.colcon_core.shell:Creating package descriptor '/home/derek-dietz/MSAI/ComputerVision/Final_Project/ws/interbotix/install/share/interbotix_common_toolbox/package.dsv'
[2.582s] INFO:colcon.colcon_core.shell:Creating package script '/home/derek-dietz/MSAI/ComputerVision/Final_Project/ws/interbotix/install/share/interbotix_common_toolbox/package.sh'
[2.583s] INFO:colcon.colcon_core.shell:Creating package script '/home/derek-dietz/MSAI/ComputerVision/Final_Project/ws/interbotix/install/share/interbotix_common_toolbox/package.bash'
[2.583s] INFO:colcon.colcon_core.shell:Creating package script '/home/derek-dietz/MSAI/ComputerVision/Final_Project/ws/interbotix/install/share/interbotix_common_toolbox/package.zsh'
[2.583s] Level 1:colcon.colcon_core.environment:create_file_with_runtime_dependencies(/home/derek-dietz/MSAI/ComputerVision/Final_Project/ws/interbotix/install/share/colcon-core/packages/interbotix_common_toolbox)
[2.584s] Level 1:colcon.colcon_core.environment:create_environment_scripts_only(interbotix_common_toolbox)
[2.584s] Level 1:colcon.colcon_core.environment:checking '/home/derek-dietz/MSAI/ComputerVision/Final_Project/ws/interbotix/install' for CMake module files
[2.584s] Level 1:colcon.colcon_core.environment:checking '/home/derek-dietz/MSAI/ComputerVision/Final_Project/ws/interbotix/install' for CMake config files
[2.585s] Level 1:colcon.colcon_core.shell:create_environment_hook('interbotix_common_toolbox', 'cmake_prefix_path')
[2.585s] INFO:colcon.colcon_core.shell:Creating environment hook '/home/derek-dietz/MSAI/ComputerVision/Final_Project/ws/interbotix/install/share/interbotix_common_toolbox/hook/cmake_prefix_path.ps1'
[2.586s] INFO:colcon.colcon_core.shell:Creating environment descriptor '/home/derek-dietz/MSAI/ComputerVision/Final_Project/ws/interbotix/install/share/interbotix_common_toolbox/hook/cmake_prefix_path.dsv'
[2.586s] INFO:colcon.colcon_core.shell:Creating environment hook '/home/derek-dietz/MSAI/ComputerVision/Final_Project/ws/interbotix/install/share/interbotix_common_toolbox/hook/cmake_prefix_path.sh'
[2.586s] Level 1:colcon.colcon_core.environment:checking '/home/derek-dietz/MSAI/ComputerVision/Final_Project/ws/interbotix/install/lib'
[2.586s] Level 1:colcon.colcon_core.shell:create_environment_hook('interbotix_common_toolbox', 'ld_library_path_lib')
[2.587s] INFO:colcon.colcon_core.shell:Creating environment hook '/home/derek-dietz/MSAI/ComputerVision/Final_Project/ws/interbotix/install/share/interbotix_common_toolbox/hook/ld_library_path_lib.ps1'
[2.587s] INFO:colcon.colcon_core.shell:Creating environment descriptor '/home/derek-dietz/MSAI/ComputerVision/Final_Project/ws/interbotix/install/share/interbotix_common_toolbox/hook/ld_library_path_lib.dsv'
[2.587s] INFO:colcon.colcon_core.shell:Creating environment hook '/home/derek-dietz/MSAI/ComputerVision/Final_Project/ws/interbotix/install/share/interbotix_common_toolbox/hook/ld_library_path_lib.sh'
[2.588s] Level 1:colcon.colcon_core.environment:checking '/home/derek-dietz/MSAI/ComputerVision/Final_Project/ws/interbotix/install/bin'
[2.588s] Level 1:colcon.colcon_core.environment:checking '/home/derek-dietz/MSAI/ComputerVision/Final_Project/ws/interbotix/install/lib/pkgconfig/interbotix_common_toolbox.pc'
[2.588s] Level 1:colcon.colcon_core.environment:checking '/home/derek-dietz/MSAI/ComputerVision/Final_Project/ws/interbotix/install/lib/python3.12/site-packages'
[2.588s] Level 1:colcon.colcon_core.shell:create_environment_hook('interbotix_common_toolbox', 'pythonpath')
[2.588s] INFO:colcon.colcon_core.shell:Creating environment hook '/home/derek-dietz/MSAI/ComputerVision/Final_Project/ws/interbotix/install/share/interbotix_common_toolbox/hook/pythonpath.ps1'
[2.588s] INFO:colcon.colcon_core.shell:Creating environment descriptor '/home/derek-dietz/MSAI/ComputerVision/Final_Project/ws/interbotix/install/share/interbotix_common_toolbox/hook/pythonpath.dsv'
[2.589s] INFO:colcon.colcon_core.shell:Creating environment hook '/home/derek-dietz/MSAI/ComputerVision/Final_Project/ws/interbotix/install/share/interbotix_common_toolbox/hook/pythonpath.sh'
[2.589s] Level 1:colcon.colcon_core.environment:checking '/home/derek-dietz/MSAI/ComputerVision/Final_Project/ws/interbotix/install/bin'
[2.589s] INFO:colcon.colcon_core.shell:Creating package script '/home/derek-dietz/MSAI/ComputerVision/Final_Project/ws/interbotix/install/share/interbotix_common_toolbox/package.ps1'
[2.590s] INFO:colcon.colcon_core.shell:Creating package descriptor '/home/derek-dietz/MSAI/ComputerVision/Final_Project/ws/interbotix/install/share/interbotix_common_toolbox/package.dsv'
[2.590s] INFO:colcon.colcon_core.shell:Creating package script '/home/derek-dietz/MSAI/ComputerVision/Final_Project/ws/interbotix/install/share/interbotix_common_toolbox/package.sh'
[2.591s] INFO:colcon.colcon_core.shell:Creating package script '/home/derek-dietz/MSAI/ComputerVision/Final_Project/ws/interbotix/install/share/interbotix_common_toolbox/package.bash'
[2.591s] INFO:colcon.colcon_core.shell:Creating package script '/home/derek-dietz/MSAI/ComputerVision/Final_Project/ws/interbotix/install/share/interbotix_common_toolbox/package.zsh'
[2.591s] Level 1:colcon.colcon_core.environment:create_file_with_runtime_dependencies(/home/derek-dietz/MSAI/ComputerVision/Final_Project/ws/interbotix/install/share/colcon-core/packages/interbotix_common_toolbox)
[3.078s] DEBUG:colcon.colcon_core.event_handler.log_command:Invoking command in '/home/derek-dietz/MSAI/ComputerVision/Final_Project/ws/interbotix/src/interbotix_ros_toolboxes/interbotix_xs_toolbox/interbotix_xs_modules': DEBUGINFOD_URLS=https://debuginfod.ubuntu.com PYTHONPATH=/home/derek-dietz/MSAI/ComputerVision/Final_Project/ws/interbotix/build/interbotix_xs_modules/prefix_override:/usr/lib/python3/dist-packages/colcon_core/task/python/colcon_distutils_commands:/home/derek-dietz/MSAI/ComputerVision/Final_Project/ws/interbotix/install/lib/python3.12/site-packages:/home/derek-dietz/MSAI/ComputerVision/Final_Project/ws/interbotix/install/lib/python3.12/site-packages:/home/derek-dietz/MSAI/ComputerVision/Final_Project/ros_ws/build/arm:/home/derek-dietz/MSAI/ComputerVision/Final_Project/ros_ws/install/arm/lib/python3.12/site-packages:/opt/ros/kilted/lib/python3.12/site-packages /usr/bin/python3 -W ignore:setup.py install is deprecated -W ignore:easy_install command is deprecated setup.py egg_info --egg-base ../../../../build/interbotix_xs_modules build --build-base /home/derek-dietz/MSAI/ComputerVision/Final_Project/ws/interbotix/build/interbotix_xs_modules/build install --record /home/derek-dietz/MSAI/ComputerVision/Final_Project/ws/interbotix/build/interbotix_xs_modules/install.log --single-version-externally-managed install_data
[3.585s] Level 1:colcon.colcon_core.environment:checking '/home/derek-dietz/MSAI/ComputerVision/Final_Project/ws/interbotix/install' for CMake module files
[3.586s] DEBUG:colcon.colcon_core.event_handler.log_command:Invoked command in '/home/derek-dietz/MSAI/ComputerVision/Final_Project/ws/interbotix/src/interbotix_ros_toolboxes/interbotix_xs_toolbox/interbotix_xs_modules' returned '0': DEBUGINFOD_URLS=https://debuginfod.ubuntu.com PYTHONPATH=/home/derek-dietz/MSAI/ComputerVision/Final_Project/ws/interbotix/build/interbotix_xs_modules/prefix_override:/usr/lib/python3/dist-packages/colcon_core/task/python/colcon_distutils_commands:/home/derek-dietz/MSAI/ComputerVision/Final_Project/ws/interbotix/install/lib/python3.12/site-packages:/home/derek-dietz/MSAI/ComputerVision/Final_Project/ws/interbotix/install/lib/python3.12/site-packages:/home/derek-dietz/MSAI/ComputerVision/Final_Project/ros_ws/build/arm:/home/derek-dietz/MSAI/ComputerVision/Final_Project/ros_ws/install/arm/lib/python3.12/site-packages:/opt/ros/kilted/lib/python3.12/site-packages /usr/bin/python3 -W ignore:setup.py install is deprecated -W ignore:easy_install command is deprecated setup.py egg_info --egg-base ../../../../build/interbotix_xs_modules build --build-base /home/derek-dietz/MSAI/ComputerVision/Final_Project/ws/interbotix/build/interbotix_xs_modules/build install --record /home/derek-dietz/MSAI/ComputerVision/Final_Project/ws/interbotix/build/interbotix_xs_modules/install.log --single-version-externally-managed install_data
[3.586s] Level 1:colcon.colcon_core.environment:checking '/home/derek-dietz/MSAI/ComputerVision/Final_Project/ws/interbotix/install' for CMake config files
[3.587s] Level 1:colcon.colcon_core.shell:create_environment_hook('interbotix_xs_modules', 'cmake_prefix_path')
[3.587s] INFO:colcon.colcon_core.shell:Creating environment hook '/home/derek-dietz/MSAI/ComputerVision/Final_Project/ws/interbotix/install/share/interbotix_xs_modules/hook/cmake_prefix_path.ps1'
[3.588s] INFO:colcon.colcon_core.shell:Creating environment descriptor '/home/derek-dietz/MSAI/ComputerVision/Final_Project/ws/interbotix/install/share/interbotix_xs_modules/hook/cmake_prefix_path.dsv'
[3.589s] INFO:colcon.colcon_core.shell:Creating environment hook '/home/derek-dietz/MSAI/ComputerVision/Final_Project/ws/interbotix/install/share/interbotix_xs_modules/hook/cmake_prefix_path.sh'
[3.590s] Level 1:colcon.colcon_core.environment:checking '/home/derek-dietz/MSAI/ComputerVision/Final_Project/ws/interbotix/install/lib'
[3.590s] Level 1:colcon.colcon_core.shell:create_environment_hook('interbotix_xs_modules', 'ld_library_path_lib')
[3.590s] INFO:colcon.colcon_core.shell:Creating environment hook '/home/derek-dietz/MSAI/ComputerVision/Final_Project/ws/interbotix/install/share/interbotix_xs_modules/hook/ld_library_path_lib.ps1'
[3.591s] INFO:colcon.colcon_core.shell:Creating environment descriptor '/home/derek-dietz/MSAI/ComputerVision/Final_Project/ws/interbotix/install/share/interbotix_xs_modules/hook/ld_library_path_lib.dsv'
[3.591s] INFO:colcon.colcon_core.shell:Creating environment hook '/home/derek-dietz/MSAI/ComputerVision/Final_Project/ws/interbotix/install/share/interbotix_xs_modules/hook/ld_library_path_lib.sh'
[3.592s] Level 1:colcon.colcon_core.environment:checking '/home/derek-dietz/MSAI/ComputerVision/Final_Project/ws/interbotix/install/bin'
[3.592s] Level 1:colcon.colcon_core.environment:checking '/home/derek-dietz/MSAI/ComputerVision/Final_Project/ws/interbotix/install/lib/pkgconfig/interbotix_xs_modules.pc'
[3.592s] Level 1:colcon.colcon_core.environment:checking '/home/derek-dietz/MSAI/ComputerVision/Final_Project/ws/interbotix/install/lib/python3.12/site-packages'
[3.592s] Level 1:colcon.colcon_core.shell:create_environment_hook('interbotix_xs_modules', 'pythonpath')
[3.592s] INFO:colcon.colcon_core.shell:Creating environment hook '/home/derek-dietz/MSAI/ComputerVision/Final_Project/ws/interbotix/install/share/interbotix_xs_modules/hook/pythonpath.ps1'
[3.593s] INFO:colcon.colcon_core.shell:Creating environment descriptor '/home/derek-dietz/MSAI/ComputerVision/Final_Project/ws/interbotix/install/share/interbotix_xs_modules/hook/pythonpath.dsv'
[3.593s] INFO:colcon.colcon_core.shell:Creating environment hook '/home/derek-dietz/MSAI/ComputerVision/Final_Project/ws/interbotix/install/share/interbotix_xs_modules/hook/pythonpath.sh'
[3.594s] Level 1:colcon.colcon_core.environment:checking '/home/derek-dietz/MSAI/ComputerVision/Final_Project/ws/interbotix/install/bin'
[3.594s] Level 1:colcon.colcon_core.environment:create_environment_scripts_only(interbotix_xs_modules)
[3.595s] INFO:colcon.colcon_core.shell:Creating package script '/home/derek-dietz/MSAI/ComputerVision/Final_Project/ws/interbotix/install/share/interbotix_xs_modules/package.ps1'
[3.596s] INFO:colcon.colcon_core.shell:Creating package descriptor '/home/derek-dietz/MSAI/ComputerVision/Final_Project/ws/interbotix/install/share/interbotix_xs_modules/package.dsv'
[3.596s] INFO:colcon.colcon_core.shell:Creating package script '/home/derek-dietz/MSAI/ComputerVision/Final_Project/ws/interbotix/install/share/interbotix_xs_modules/package.sh'
[3.597s] INFO:colcon.colcon_core.shell:Creating package script '/home/derek-dietz/MSAI/ComputerVision/Final_Project/ws/interbotix/install/share/interbotix_xs_modules/package.bash'
[3.597s] INFO:colcon.colcon_core.shell:Creating package script '/home/derek-dietz/MSAI/ComputerVision/Final_Project/ws/interbotix/install/share/interbotix_xs_modules/package.zsh'
[3.597s] Level 1:colcon.colcon_core.environment:create_file_with_runtime_dependencies(/home/derek-dietz/MSAI/ComputerVision/Final_Project/ws/interbotix/install/share/colcon-core/packages/interbotix_xs_modules)
[3.598s] INFO:colcon.colcon_ros.task.ament_cmake.build:Building ROS package in '/home/derek-dietz/MSAI/ComputerVision/Final_Project/ws/interbotix/src/interbotix_ros_manipulators/interbotix_ros_xsarms/interbotix_xsarm_descriptions' with build type 'ament_cmake'
[3.598s] INFO:colcon.colcon_cmake.task.cmake.build:Building CMake package in '/home/derek-dietz/MSAI/ComputerVision/Final_Project/ws/interbotix/src/interbotix_ros_manipulators/interbotix_ros_xsarms/interbotix_xsarm_descriptions'
[3.598s] INFO:colcon.colcon_core.shell:Skip shell extension 'powershell' for command environment: Not usable outside of PowerShell
[3.598s] DEBUG:colcon.colcon_core.shell:Skip shell extension 'dsv' for command environment
[3.602s] INFO:colcon.colcon_ros.task.ament_cmake.build:Building ROS package in '/home/derek-dietz/MSAI/ComputerVision/Final_Project/ws/interbotix/src/interbotix_ros_toolboxes/interbotix_xs_toolbox/interbotix_xs_toolbox' with build type 'ament_cmake'
[3.602s] INFO:colcon.colcon_cmake.task.cmake.build:Building CMake package in '/home/derek-dietz/MSAI/ComputerVision/Final_Project/ws/interbotix/src/interbotix_ros_toolboxes/interbotix_xs_toolbox/interbotix_xs_toolbox'
[3.602s] INFO:colcon.colcon_core.shell:Skip shell extension 'powershell' for command environment: Not usable outside of PowerShell
[3.602s] DEBUG:colcon.colcon_core.shell:Skip shell extension 'dsv' for command environment
[3.618s] DEBUG:colcon.colcon_core.event_handler.log_command:Invoking command in '/home/derek-dietz/MSAI/ComputerVision/Final_Project/ws/interbotix/build/interbotix_xsarm_descriptions': CMAKE_PREFIX_PATH=${CMAKE_PREFIX_PATH}:/opt/ros/kilted DEBUGINFOD_URLS=https://debuginfod.ubuntu.com PYTHONPATH=/home/derek-dietz/MSAI/ComputerVision/Final_Project/ws/interbotix/install/lib/python3.12/site-packages:/home/derek-dietz/MSAI/ComputerVision/Final_Project/ros_ws/build/arm:/home/derek-dietz/MSAI/ComputerVision/Final_Project/ros_ws/install/arm/lib/python3.12/site-packages:/opt/ros/kilted/lib/python3.12/site-packages /usr/bin/cmake --build /home/derek-dietz/MSAI/ComputerVision/Final_Project/ws/interbotix/build/interbotix_xsarm_descriptions -- -j22 -l22
[3.623s] DEBUG:colcon.colcon_core.event_handler.log_command:Invoking command in '/home/derek-dietz/MSAI/ComputerVision/Final_Project/ws/interbotix/build/interbotix_xs_toolbox': CMAKE_PREFIX_PATH=${CMAKE_PREFIX_PATH}:/opt/ros/kilted DEBUGINFOD_URLS=https://debuginfod.ubuntu.com PYTHONPATH=/home/derek-dietz/MSAI/ComputerVision/Final_Project/ws/interbotix/install/lib/python3.12/site-packages:/home/derek-dietz/MSAI/ComputerVision/Final_Project/ros_ws/build/arm:/home/derek-dietz/MSAI/ComputerVision/Final_Project/ros_ws/install/arm/lib/python3.12/site-packages:/opt/ros/kilted/lib/python3.12/site-packages /usr/bin/cmake --build /home/derek-dietz/MSAI/ComputerVision/Final_Project/ws/interbotix/build/interbotix_xs_toolbox -- -j22 -l22
[3.665s] DEBUG:colcon.colcon_core.event_handler.log_command:Invoked command in '/home/derek-dietz/MSAI/ComputerVision/Final_Project/ws/interbotix/build/interbotix_xsarm_descriptions' returned '0': CMAKE_PREFIX_PATH=${CMAKE_PREFIX_PATH}:/opt/ros/kilted DEBUGINFOD_URLS=https://debuginfod.ubuntu.com PYTHONPATH=/home/derek-dietz/MSAI/ComputerVision/Final_Project/ws/interbotix/install/lib/python3.12/site-packages:/home/derek-dietz/MSAI/ComputerVision/Final_Project/ros_ws/build/arm:/home/derek-dietz/MSAI/ComputerVision/Final_Project/ros_ws/install/arm/lib/python3.12/site-packages:/opt/ros/kilted/lib/python3.12/site-packages /usr/bin/cmake --build /home/derek-dietz/MSAI/ComputerVision/Final_Project/ws/interbotix/build/interbotix_xsarm_descriptions -- -j22 -l22
[3.667s] DEBUG:colcon.colcon_core.event_handler.log_command:Invoking command in '/home/derek-dietz/MSAI/ComputerVision/Final_Project/ws/interbotix/build/interbotix_xsarm_descriptions': CMAKE_PREFIX_PATH=${CMAKE_PREFIX_PATH}:/opt/ros/kilted DEBUGINFOD_URLS=https://debuginfod.ubuntu.com PYTHONPATH=/home/derek-dietz/MSAI/ComputerVision/Final_Project/ws/interbotix/install/lib/python3.12/site-packages:/home/derek-dietz/MSAI/ComputerVision/Final_Project/ros_ws/build/arm:/home/derek-dietz/MSAI/ComputerVision/Final_Project/ros_ws/install/arm/lib/python3.12/site-packages:/opt/ros/kilted/lib/python3.12/site-packages /usr/bin/cmake --install /home/derek-dietz/MSAI/ComputerVision/Final_Project/ws/interbotix/build/interbotix_xsarm_descriptions
[3.668s] DEBUG:colcon.colcon_core.event_handler.log_command:Invoked command in '/home/derek-dietz/MSAI/ComputerVision/Final_Project/ws/interbotix/build/interbotix_xs_toolbox' returned '0': CMAKE_PREFIX_PATH=${CMAKE_PREFIX_PATH}:/opt/ros/kilted DEBUGINFOD_URLS=https://debuginfod.ubuntu.com PYTHONPATH=/home/derek-dietz/MSAI/ComputerVision/Final_Project/ws/interbotix/install/lib/python3.12/site-packages:/home/derek-dietz/MSAI/ComputerVision/Final_Project/ros_ws/build/arm:/home/derek-dietz/MSAI/ComputerVision/Final_Project/ros_ws/install/arm/lib/python3.12/site-packages:/opt/ros/kilted/lib/python3.12/site-packages /usr/bin/cmake --build /home/derek-dietz/MSAI/ComputerVision/Final_Project/ws/interbotix/build/interbotix_xs_toolbox -- -j22 -l22
[3.669s] DEBUG:colcon.colcon_core.event_handler.log_command:Invoking command in '/home/derek-dietz/MSAI/ComputerVision/Final_Project/ws/interbotix/build/interbotix_xs_toolbox': CMAKE_PREFIX_PATH=${CMAKE_PREFIX_PATH}:/opt/ros/kilted DEBUGINFOD_URLS=https://debuginfod.ubuntu.com PYTHONPATH=/home/derek-dietz/MSAI/ComputerVision/Final_Project/ws/interbotix/install/lib/python3.12/site-packages:/home/derek-dietz/MSAI/ComputerVision/Final_Project/ros_ws/build/arm:/home/derek-dietz/MSAI/ComputerVision/Final_Project/ros_ws/install/arm/lib/python3.12/site-packages:/opt/ros/kilted/lib/python3.12/site-packages /usr/bin/cmake --install /home/derek-dietz/MSAI/ComputerVision/Final_Project/ws/interbotix/build/interbotix_xs_toolbox
[3.683s] Level 1:colcon.colcon_core.environment:create_environment_scripts_only(interbotix_xsarm_descriptions)
[3.683s] Level 1:colcon.colcon_core.environment:checking '/home/derek-dietz/MSAI/ComputerVision/Final_Project/ws/interbotix/install' for CMake module files
[3.690s] Level 1:colcon.colcon_core.environment:checking '/home/derek-dietz/MSAI/ComputerVision/Final_Project/ws/interbotix/install' for CMake config files
[3.695s] DEBUG:colcon.colcon_core.event_handler.log_command:Invoked command in '/home/derek-dietz/MSAI/ComputerVision/Final_Project/ws/interbotix/build/interbotix_xsarm_descriptions' returned '0': CMAKE_PREFIX_PATH=${CMAKE_PREFIX_PATH}:/opt/ros/kilted DEBUGINFOD_URLS=https://debuginfod.ubuntu.com PYTHONPATH=/home/derek-dietz/MSAI/ComputerVision/Final_Project/ws/interbotix/install/lib/python3.12/site-packages:/home/derek-dietz/MSAI/ComputerVision/Final_Project/ros_ws/build/arm:/home/derek-dietz/MSAI/ComputerVision/Final_Project/ros_ws/install/arm/lib/python3.12/site-packages:/opt/ros/kilted/lib/python3.12/site-packages /usr/bin/cmake --install /home/derek-dietz/MSAI/ComputerVision/Final_Project/ws/interbotix/build/interbotix_xsarm_descriptions
[3.695s] Level 1:colcon.colcon_core.shell:create_environment_hook('interbotix_xsarm_descriptions', 'cmake_prefix_path')
[3.696s] INFO:colcon.colcon_core.shell:Creating environment hook '/home/derek-dietz/MSAI/ComputerVision/Final_Project/ws/interbotix/install/share/interbotix_xsarm_descriptions/hook/cmake_prefix_path.ps1'
[3.696s] INFO:colcon.colcon_core.shell:Creating environment descriptor '/home/derek-dietz/MSAI/ComputerVision/Final_Project/ws/interbotix/install/share/interbotix_xsarm_descriptions/hook/cmake_prefix_path.dsv'
[3.696s] INFO:colcon.colcon_core.shell:Creating environment hook '/home/derek-dietz/MSAI/ComputerVision/Final_Project/ws/interbotix/install/share/interbotix_xsarm_descriptions/hook/cmake_prefix_path.sh'
[3.697s] Level 1:colcon.colcon_core.environment:checking '/home/derek-dietz/MSAI/ComputerVision/Final_Project/ws/interbotix/install/lib'
[3.697s] Level 1:colcon.colcon_core.shell:create_environment_hook('interbotix_xsarm_descriptions', 'ld_library_path_lib')
[3.697s] INFO:colcon.colcon_core.shell:Creating environment hook '/home/derek-dietz/MSAI/ComputerVision/Final_Project/ws/interbotix/install/share/interbotix_xsarm_descriptions/hook/ld_library_path_lib.ps1'
[3.697s] INFO:colcon.colcon_core.shell:Creating environment descriptor '/home/derek-dietz/MSAI/ComputerVision/Final_Project/ws/interbotix/install/share/interbotix_xsarm_descriptions/hook/ld_library_path_lib.dsv'
[3.697s] INFO:colcon.colcon_core.shell:Creating environment hook '/home/derek-dietz/MSAI/ComputerVision/Final_Project/ws/interbotix/install/share/interbotix_xsarm_descriptions/hook/ld_library_path_lib.sh'
[3.698s] Level 1:colcon.colcon_core.environment:checking '/home/derek-dietz/MSAI/ComputerVision/Final_Project/ws/interbotix/install/bin'
[3.698s] Level 1:colcon.colcon_core.environment:checking '/home/derek-dietz/MSAI/ComputerVision/Final_Project/ws/interbotix/install/lib/pkgconfig/interbotix_xsarm_descriptions.pc'
[3.698s] Level 1:colcon.colcon_core.environment:checking '/home/derek-dietz/MSAI/ComputerVision/Final_Project/ws/interbotix/install/lib/python3.12/site-packages'
[3.698s] Level 1:colcon.colcon_core.shell:create_environment_hook('interbotix_xsarm_descriptions', 'pythonpath')
[3.698s] INFO:colcon.colcon_core.shell:Creating environment hook '/home/derek-dietz/MSAI/ComputerVision/Final_Project/ws/interbotix/install/share/interbotix_xsarm_descriptions/hook/pythonpath.ps1'
[3.698s] INFO:colcon.colcon_core.shell:Creating environment descriptor '/home/derek-dietz/MSAI/ComputerVision/Final_Project/ws/interbotix/install/share/interbotix_xsarm_descriptions/hook/pythonpath.dsv'
[3.699s] INFO:colcon.colcon_core.shell:Creating environment hook '/home/derek-dietz/MSAI/ComputerVision/Final_Project/ws/interbotix/install/share/interbotix_xsarm_descriptions/hook/pythonpath.sh'
[3.699s] Level 1:colcon.colcon_core.environment:checking '/home/derek-dietz/MSAI/ComputerVision/Final_Project/ws/interbotix/install/bin'
[3.699s] INFO:colcon.colcon_core.shell:Creating package script '/home/derek-dietz/MSAI/ComputerVision/Final_Project/ws/interbotix/install/share/interbotix_xsarm_descriptions/package.ps1'
[3.700s] INFO:colcon.colcon_core.shell:Creating package descriptor '/home/derek-dietz/MSAI/ComputerVision/Final_Project/ws/interbotix/install/share/interbotix_xsarm_descriptions/package.dsv'
[3.700s] INFO:colcon.colcon_core.shell:Creating package script '/home/derek-dietz/MSAI/ComputerVision/Final_Project/ws/interbotix/install/share/interbotix_xsarm_descriptions/package.sh'
[3.700s] INFO:colcon.colcon_core.shell:Creating package script '/home/derek-dietz/MSAI/ComputerVision/Final_Project/ws/interbotix/install/share/interbotix_xsarm_descriptions/package.bash'
[3.700s] INFO:colcon.colcon_core.shell:Creating package script '/home/derek-dietz/MSAI/ComputerVision/Final_Project/ws/interbotix/install/share/interbotix_xsarm_descriptions/package.zsh'
[3.701s] Level 1:colcon.colcon_core.environment:create_file_with_runtime_dependencies(/home/derek-dietz/MSAI/ComputerVision/Final_Project/ws/interbotix/install/share/colcon-core/packages/interbotix_xsarm_descriptions)
[3.701s] Level 1:colcon.colcon_core.environment:create_environment_scripts_only(interbotix_xsarm_descriptions)
[3.701s] Level 1:colcon.colcon_core.environment:checking '/home/derek-dietz/MSAI/ComputerVision/Final_Project/ws/interbotix/install' for CMake module files
[3.701s] Level 1:colcon.colcon_core.environment:checking '/home/derek-dietz/MSAI/ComputerVision/Final_Project/ws/interbotix/install' for CMake config files
[3.702s] Level 1:colcon.colcon_core.shell:create_environment_hook('interbotix_xsarm_descriptions', 'cmake_prefix_path')
[3.702s] INFO:colcon.colcon_core.shell:Creating environment hook '/home/derek-dietz/MSAI/ComputerVision/Final_Project/ws/interbotix/install/share/interbotix_xsarm_descriptions/hook/cmake_prefix_path.ps1'
[3.702s] INFO:colcon.colcon_core.shell:Creating environment descriptor '/home/derek-dietz/MSAI/ComputerVision/Final_Project/ws/interbotix/install/share/interbotix_xsarm_descriptions/hook/cmake_prefix_path.dsv'
[3.702s] INFO:colcon.colcon_core.shell:Creating environment hook '/home/derek-dietz/MSAI/ComputerVision/Final_Project/ws/interbotix/install/share/interbotix_xsarm_descriptions/hook/cmake_prefix_path.sh'
[3.702s] Level 1:colcon.colcon_core.environment:checking '/home/derek-dietz/MSAI/ComputerVision/Final_Project/ws/interbotix/install/lib'
[3.702s] Level 1:colcon.colcon_core.shell:create_environment_hook('interbotix_xsarm_descriptions', 'ld_library_path_lib')
[3.703s] INFO:colcon.colcon_core.shell:Creating environment hook '/home/derek-dietz/MSAI/ComputerVision/Final_Project/ws/interbotix/install/share/interbotix_xsarm_descriptions/hook/ld_library_path_lib.ps1'
[3.703s] INFO:colcon.colcon_core.shell:Creating environment descriptor '/home/derek-dietz/MSAI/ComputerVision/Final_Project/ws/interbotix/install/share/interbotix_xsarm_descriptions/hook/ld_library_path_lib.dsv'
[3.703s] INFO:colcon.colcon_core.shell:Creating environment hook '/home/derek-dietz/MSAI/ComputerVision/Final_Project/ws/interbotix/install/share/interbotix_xsarm_descriptions/hook/ld_library_path_lib.sh'
[3.703s] Level 1:colcon.colcon_core.environment:checking '/home/derek-dietz/MSAI/ComputerVision/Final_Project/ws/interbotix/install/bin'
[3.703s] Level 1:colcon.colcon_core.environment:checking '/home/derek-dietz/MSAI/ComputerVision/Final_Project/ws/interbotix/install/lib/pkgconfig/interbotix_xsarm_descriptions.pc'
[3.703s] Level 1:colcon.colcon_core.environment:checking '/home/derek-dietz/MSAI/ComputerVision/Final_Project/ws/interbotix/install/lib/python3.12/site-packages'
[3.703s] Level 1:colcon.colcon_core.shell:create_environment_hook('interbotix_xsarm_descriptions', 'pythonpath')
[3.703s] INFO:colcon.colcon_core.shell:Creating environment hook '/home/derek-dietz/MSAI/ComputerVision/Final_Project/ws/interbotix/install/share/interbotix_xsarm_descriptions/hook/pythonpath.ps1'
[3.704s] INFO:colcon.colcon_core.shell:Creating environment descriptor '/home/derek-dietz/MSAI/ComputerVision/Final_Project/ws/interbotix/install/share/interbotix_xsarm_descriptions/hook/pythonpath.dsv'
[3.704s] INFO:colcon.colcon_core.shell:Creating environment hook '/home/derek-dietz/MSAI/ComputerVision/Final_Project/ws/interbotix/install/share/interbotix_xsarm_descriptions/hook/pythonpath.sh'
[3.704s] Level 1:colcon.colcon_core.environment:checking '/home/derek-dietz/MSAI/ComputerVision/Final_Project/ws/interbotix/install/bin'
[3.704s] INFO:colcon.colcon_core.shell:Creating package script '/home/derek-dietz/MSAI/ComputerVision/Final_Project/ws/interbotix/install/share/interbotix_xsarm_descriptions/package.ps1'
[3.704s] INFO:colcon.colcon_core.shell:Creating package descriptor '/home/derek-dietz/MSAI/ComputerVision/Final_Project/ws/interbotix/install/share/interbotix_xsarm_descriptions/package.dsv'
[3.705s] INFO:colcon.colcon_core.shell:Creating package script '/home/derek-dietz/MSAI/ComputerVision/Final_Project/ws/interbotix/install/share/interbotix_xsarm_descriptions/package.sh'
[3.705s] INFO:colcon.colcon_core.shell:Creating package script '/home/derek-dietz/MSAI/ComputerVision/Final_Project/ws/interbotix/install/share/interbotix_xsarm_descriptions/package.bash'
[3.705s] INFO:colcon.colcon_core.shell:Creating package script '/home/derek-dietz/MSAI/ComputerVision/Final_Project/ws/interbotix/install/share/interbotix_xsarm_descriptions/package.zsh'
[3.705s] Level 1:colcon.colcon_core.environment:create_file_with_runtime_dependencies(/home/derek-dietz/MSAI/ComputerVision/Final_Project/ws/interbotix/install/share/colcon-core/packages/interbotix_xsarm_descriptions)
[3.705s] INFO:colcon.colcon_ros.task.ament_cmake.build:Building ROS package in '/home/derek-dietz/MSAI/ComputerVision/Final_Project/ws/interbotix/src/interbotix_ros_manipulators/interbotix_ros_xsarms/interbotix_xsarm_control' with build type 'ament_cmake'
[3.706s] INFO:colcon.colcon_cmake.task.cmake.build:Building CMake package in '/home/derek-dietz/MSAI/ComputerVision/Final_Project/ws/interbotix/src/interbotix_ros_manipulators/interbotix_ros_xsarms/interbotix_xsarm_control'
[3.706s] INFO:colcon.colcon_core.shell:Skip shell extension 'powershell' for command environment: Not usable outside of PowerShell
[3.706s] DEBUG:colcon.colcon_core.shell:Skip shell extension 'dsv' for command environment
[3.709s] INFO:colcon.colcon_ros.task.ament_cmake.build:Building ROS package in '/home/derek-dietz/MSAI/ComputerVision/Final_Project/ws/interbotix/src/interbotix_ros_manipulators/interbotix_ros_xsarms/interbotix_xsarm_sim' with build type 'ament_cmake'
[3.709s] INFO:colcon.colcon_cmake.task.cmake.build:Building CMake package in '/home/derek-dietz/MSAI/ComputerVision/Final_Project/ws/interbotix/src/interbotix_ros_manipulators/interbotix_ros_xsarms/interbotix_xsarm_sim'
[3.709s] INFO:colcon.colcon_core.shell:Skip shell extension 'powershell' for command environment: Not usable outside of PowerShell
[3.709s] DEBUG:colcon.colcon_core.shell:Skip shell extension 'dsv' for command environment
[3.712s] Level 1:colcon.colcon_core.environment:create_environment_scripts_only(interbotix_xs_toolbox)
[3.712s] Level 1:colcon.colcon_core.environment:checking '/home/derek-dietz/MSAI/ComputerVision/Final_Project/ws/interbotix/install' for CMake module files
[3.712s] DEBUG:colcon.colcon_core.event_handler.log_command:Invoked command in '/home/derek-dietz/MSAI/ComputerVision/Final_Project/ws/interbotix/build/interbotix_xs_toolbox' returned '0': CMAKE_PREFIX_PATH=${CMAKE_PREFIX_PATH}:/opt/ros/kilted DEBUGINFOD_URLS=https://debuginfod.ubuntu.com PYTHONPATH=/home/derek-dietz/MSAI/ComputerVision/Final_Project/ws/interbotix/install/lib/python3.12/site-packages:/home/derek-dietz/MSAI/ComputerVision/Final_Project/ros_ws/build/arm:/home/derek-dietz/MSAI/ComputerVision/Final_Project/ros_ws/install/arm/lib/python3.12/site-packages:/opt/ros/kilted/lib/python3.12/site-packages /usr/bin/cmake --install /home/derek-dietz/MSAI/ComputerVision/Final_Project/ws/interbotix/build/interbotix_xs_toolbox
[3.712s] Level 1:colcon.colcon_core.environment:checking '/home/derek-dietz/MSAI/ComputerVision/Final_Project/ws/interbotix/install' for CMake config files
[3.713s] Level 1:colcon.colcon_core.shell:create_environment_hook('interbotix_xs_toolbox', 'cmake_prefix_path')
[3.713s] INFO:colcon.colcon_core.shell:Creating environment hook '/home/derek-dietz/MSAI/ComputerVision/Final_Project/ws/interbotix/install/share/interbotix_xs_toolbox/hook/cmake_prefix_path.ps1'
[3.713s] INFO:colcon.colcon_core.shell:Creating environment descriptor '/home/derek-dietz/MSAI/ComputerVision/Final_Project/ws/interbotix/install/share/interbotix_xs_toolbox/hook/cmake_prefix_path.dsv'
[3.713s] INFO:colcon.colcon_core.shell:Creating environment hook '/home/derek-dietz/MSAI/ComputerVision/Final_Project/ws/interbotix/install/share/interbotix_xs_toolbox/hook/cmake_prefix_path.sh'
[3.713s] Level 1:colcon.colcon_core.environment:checking '/home/derek-dietz/MSAI/ComputerVision/Final_Project/ws/interbotix/install/lib'
[3.713s] Level 1:colcon.colcon_core.shell:create_environment_hook('interbotix_xs_toolbox', 'ld_library_path_lib')
[3.714s] INFO:colcon.colcon_core.shell:Creating environment hook '/home/derek-dietz/MSAI/ComputerVision/Final_Project/ws/interbotix/install/share/interbotix_xs_toolbox/hook/ld_library_path_lib.ps1'
[3.714s] INFO:colcon.colcon_core.shell:Creating environment descriptor '/home/derek-dietz/MSAI/ComputerVision/Final_Project/ws/interbotix/install/share/interbotix_xs_toolbox/hook/ld_library_path_lib.dsv'
[3.714s] INFO:colcon.colcon_core.shell:Creating environment hook '/home/derek-dietz/MSAI/ComputerVision/Final_Project/ws/interbotix/install/share/interbotix_xs_toolbox/hook/ld_library_path_lib.sh'
[3.714s] Level 1:colcon.colcon_core.environment:checking '/home/derek-dietz/MSAI/ComputerVision/Final_Project/ws/interbotix/install/bin'
[3.714s] Level 1:colcon.colcon_core.environment:checking '/home/derek-dietz/MSAI/ComputerVision/Final_Project/ws/interbotix/install/lib/pkgconfig/interbotix_xs_toolbox.pc'
[3.714s] Level 1:colcon.colcon_core.environment:checking '/home/derek-dietz/MSAI/ComputerVision/Final_Project/ws/interbotix/install/lib/python3.12/site-packages'
[3.715s] Level 1:colcon.colcon_core.shell:create_environment_hook('interbotix_xs_toolbox', 'pythonpath')
[3.715s] INFO:colcon.colcon_core.shell:Creating environment hook '/home/derek-dietz/MSAI/ComputerVision/Final_Project/ws/interbotix/install/share/interbotix_xs_toolbox/hook/pythonpath.ps1'
[3.715s] INFO:colcon.colcon_core.shell:Creating environment descriptor '/home/derek-dietz/MSAI/ComputerVision/Final_Project/ws/interbotix/install/share/interbotix_xs_toolbox/hook/pythonpath.dsv'
[3.715s] INFO:colcon.colcon_core.shell:Creating environment hook '/home/derek-dietz/MSAI/ComputerVision/Final_Project/ws/interbotix/install/share/interbotix_xs_toolbox/hook/pythonpath.sh'
[3.715s] Level 1:colcon.colcon_core.environment:checking '/home/derek-dietz/MSAI/ComputerVision/Final_Project/ws/interbotix/install/bin'
[3.716s] INFO:colcon.colcon_core.shell:Creating package script '/home/derek-dietz/MSAI/ComputerVision/Final_Project/ws/interbotix/install/share/interbotix_xs_toolbox/package.ps1'
[3.716s] INFO:colcon.colcon_core.shell:Creating package descriptor '/home/derek-dietz/MSAI/ComputerVision/Final_Project/ws/interbotix/install/share/interbotix_xs_toolbox/package.dsv'
[3.716s] INFO:colcon.colcon_core.shell:Creating package script '/home/derek-dietz/MSAI/ComputerVision/Final_Project/ws/interbotix/install/share/interbotix_xs_toolbox/package.sh'
[3.716s] INFO:colcon.colcon_core.shell:Creating package script '/home/derek-dietz/MSAI/ComputerVision/Final_Project/ws/interbotix/install/share/interbotix_xs_toolbox/package.bash'
[3.717s] INFO:colcon.colcon_core.shell:Creating package script '/home/derek-dietz/MSAI/ComputerVision/Final_Project/ws/interbotix/install/share/interbotix_xs_toolbox/package.zsh'
[3.717s] Level 1:colcon.colcon_core.environment:create_file_with_runtime_dependencies(/home/derek-dietz/MSAI/ComputerVision/Final_Project/ws/interbotix/install/share/colcon-core/packages/interbotix_xs_toolbox)
[3.717s] Level 1:colcon.colcon_core.environment:create_environment_scripts_only(interbotix_xs_toolbox)
[3.717s] Level 1:colcon.colcon_core.environment:checking '/home/derek-dietz/MSAI/ComputerVision/Final_Project/ws/interbotix/install' for CMake module files
[3.717s] Level 1:colcon.colcon_core.environment:checking '/home/derek-dietz/MSAI/ComputerVision/Final_Project/ws/interbotix/install' for CMake config files
[3.718s] Level 1:colcon.colcon_core.shell:create_environment_hook('interbotix_xs_toolbox', 'cmake_prefix_path')
[3.718s] INFO:colcon.colcon_core.shell:Creating environment hook '/home/derek-dietz/MSAI/ComputerVision/Final_Project/ws/interbotix/install/share/interbotix_xs_toolbox/hook/cmake_prefix_path.ps1'
[3.718s] INFO:colcon.colcon_core.shell:Creating environment descriptor '/home/derek-dietz/MSAI/ComputerVision/Final_Project/ws/interbotix/install/share/interbotix_xs_toolbox/hook/cmake_prefix_path.dsv'
[3.718s] INFO:colcon.colcon_core.shell:Creating environment hook '/home/derek-dietz/MSAI/ComputerVision/Final_Project/ws/interbotix/install/share/interbotix_xs_toolbox/hook/cmake_prefix_path.sh'
[3.719s] Level 1:colcon.colcon_core.environment:checking '/home/derek-dietz/MSAI/ComputerVision/Final_Project/ws/interbotix/install/lib'
[3.719s] Level 1:colcon.colcon_core.shell:create_environment_hook('interbotix_xs_toolbox', 'ld_library_path_lib')
[3.719s] INFO:colcon.colcon_core.shell:Creating environment hook '/home/derek-dietz/MSAI/ComputerVision/Final_Project/ws/interbotix/install/share/interbotix_xs_toolbox/hook/ld_library_path_lib.ps1'
[3.719s] INFO:colcon.colcon_core.shell:Creating environment descriptor '/home/derek-dietz/MSAI/ComputerVision/Final_Project/ws/interbotix/install/share/interbotix_xs_toolbox/hook/ld_library_path_lib.dsv'
[3.719s] INFO:colcon.colcon_core.shell:Creating environment hook '/home/derek-dietz/MSAI/ComputerVision/Final_Project/ws/interbotix/install/share/interbotix_xs_toolbox/hook/ld_library_path_lib.sh'
[3.719s] Level 1:colcon.colcon_core.environment:checking '/home/derek-dietz/MSAI/ComputerVision/Final_Project/ws/interbotix/install/bin'
[3.719s] Level 1:colcon.colcon_core.environment:checking '/home/derek-dietz/MSAI/ComputerVision/Final_Project/ws/interbotix/install/lib/pkgconfig/interbotix_xs_toolbox.pc'
[3.720s] Level 1:colcon.colcon_core.environment:checking '/home/derek-dietz/MSAI/ComputerVision/Final_Project/ws/interbotix/install/lib/python3.12/site-packages'
[3.720s] Level 1:colcon.colcon_core.shell:create_environment_hook('interbotix_xs_toolbox', 'pythonpath')
[3.720s] INFO:colcon.colcon_core.shell:Creating environment hook '/home/derek-dietz/MSAI/ComputerVision/Final_Project/ws/interbotix/install/share/interbotix_xs_toolbox/hook/pythonpath.ps1'
[3.720s] INFO:colcon.colcon_core.shell:Creating environment descriptor '/home/derek-dietz/MSAI/ComputerVision/Final_Project/ws/interbotix/install/share/interbotix_xs_toolbox/hook/pythonpath.dsv'
[3.720s] INFO:colcon.colcon_core.shell:Creating environment hook '/home/derek-dietz/MSAI/ComputerVision/Final_Project/ws/interbotix/install/share/interbotix_xs_toolbox/hook/pythonpath.sh'
[3.721s] Level 1:colcon.colcon_core.environment:checking '/home/derek-dietz/MSAI/ComputerVision/Final_Project/ws/interbotix/install/bin'
[3.721s] INFO:colcon.colcon_core.shell:Creating package script '/home/derek-dietz/MSAI/ComputerVision/Final_Project/ws/interbotix/install/share/interbotix_xs_toolbox/package.ps1'
[3.721s] INFO:colcon.colcon_core.shell:Creating package descriptor '/home/derek-dietz/MSAI/ComputerVision/Final_Project/ws/interbotix/install/share/interbotix_xs_toolbox/package.dsv'
[3.721s] INFO:colcon.colcon_core.shell:Creating package script '/home/derek-dietz/MSAI/ComputerVision/Final_Project/ws/interbotix/install/share/interbotix_xs_toolbox/package.sh'
[3.722s] INFO:colcon.colcon_core.shell:Creating package script '/home/derek-dietz/MSAI/ComputerVision/Final_Project/ws/interbotix/install/share/interbotix_xs_toolbox/package.bash'
[3.722s] INFO:colcon.colcon_core.shell:Creating package script '/home/derek-dietz/MSAI/ComputerVision/Final_Project/ws/interbotix/install/share/interbotix_xs_toolbox/package.zsh'
[3.722s] Level 1:colcon.colcon_core.environment:create_file_with_runtime_dependencies(/home/derek-dietz/MSAI/ComputerVision/Final_Project/ws/interbotix/install/share/colcon-core/packages/interbotix_xs_toolbox)
[3.725s] DEBUG:colcon.colcon_core.event_handler.log_command:Invoking command in '/home/derek-dietz/MSAI/ComputerVision/Final_Project/ws/interbotix/build/interbotix_xsarm_control': CMAKE_PREFIX_PATH=${CMAKE_PREFIX_PATH}:/opt/ros/kilted DEBUGINFOD_URLS=https://debuginfod.ubuntu.com PYTHONPATH=/home/derek-dietz/MSAI/ComputerVision/Final_Project/ws/interbotix/install/lib/python3.12/site-packages:/home/derek-dietz/MSAI/ComputerVision/Final_Project/ros_ws/build/arm:/home/derek-dietz/MSAI/ComputerVision/Final_Project/ros_ws/install/arm/lib/python3.12/site-packages:/opt/ros/kilted/lib/python3.12/site-packages /usr/bin/cmake --build /home/derek-dietz/MSAI/ComputerVision/Final_Project/ws/interbotix/build/interbotix_xsarm_control -- -j22 -l22
[3.730s] DEBUG:colcon.colcon_core.event_handler.log_command:Invoking command in '/home/derek-dietz/MSAI/ComputerVision/Final_Project/ws/interbotix/build/interbotix_xsarm_sim': CMAKE_PREFIX_PATH=${CMAKE_PREFIX_PATH}:/opt/ros/kilted DEBUGINFOD_URLS=https://debuginfod.ubuntu.com PYTHONPATH=/home/derek-dietz/MSAI/ComputerVision/Final_Project/ws/interbotix/install/lib/python3.12/site-packages:/home/derek-dietz/MSAI/ComputerVision/Final_Project/ros_ws/build/arm:/home/derek-dietz/MSAI/ComputerVision/Final_Project/ros_ws/install/arm/lib/python3.12/site-packages:/opt/ros/kilted/lib/python3.12/site-packages /usr/bin/cmake --build /home/derek-dietz/MSAI/ComputerVision/Final_Project/ws/interbotix/build/interbotix_xsarm_sim -- -j22 -l22
[3.770s] DEBUG:colcon.colcon_core.event_handler.log_command:Invoked command in '/home/derek-dietz/MSAI/ComputerVision/Final_Project/ws/interbotix/build/interbotix_xsarm_control' returned '0': CMAKE_PREFIX_PATH=${CMAKE_PREFIX_PATH}:/opt/ros/kilted DEBUGINFOD_URLS=https://debuginfod.ubuntu.com PYTHONPATH=/home/derek-dietz/MSAI/ComputerVision/Final_Project/ws/interbotix/install/lib/python3.12/site-packages:/home/derek-dietz/MSAI/ComputerVision/Final_Project/ros_ws/build/arm:/home/derek-dietz/MSAI/ComputerVision/Final_Project/ros_ws/install/arm/lib/python3.12/site-packages:/opt/ros/kilted/lib/python3.12/site-packages /usr/bin/cmake --build /home/derek-dietz/MSAI/ComputerVision/Final_Project/ws/interbotix/build/interbotix_xsarm_control -- -j22 -l22
[3.772s] DEBUG:colcon.colcon_core.event_handler.log_command:Invoking command in '/home/derek-dietz/MSAI/ComputerVision/Final_Project/ws/interbotix/build/interbotix_xsarm_control': CMAKE_PREFIX_PATH=${CMAKE_PREFIX_PATH}:/opt/ros/kilted DEBUGINFOD_URLS=https://debuginfod.ubuntu.com PYTHONPATH=/home/derek-dietz/MSAI/ComputerVision/Final_Project/ws/interbotix/install/lib/python3.12/site-packages:/home/derek-dietz/MSAI/ComputerVision/Final_Project/ros_ws/build/arm:/home/derek-dietz/MSAI/ComputerVision/Final_Project/ros_ws/install/arm/lib/python3.12/site-packages:/opt/ros/kilted/lib/python3.12/site-packages /usr/bin/cmake --install /home/derek-dietz/MSAI/ComputerVision/Final_Project/ws/interbotix/build/interbotix_xsarm_control
[3.777s] DEBUG:colcon.colcon_core.event_handler.log_command:Invoked command in '/home/derek-dietz/MSAI/ComputerVision/Final_Project/ws/interbotix/build/interbotix_xsarm_sim' returned '0': CMAKE_PREFIX_PATH=${CMAKE_PREFIX_PATH}:/opt/ros/kilted DEBUGINFOD_URLS=https://debuginfod.ubuntu.com PYTHONPATH=/home/derek-dietz/MSAI/ComputerVision/Final_Project/ws/interbotix/install/lib/python3.12/site-packages:/home/derek-dietz/MSAI/ComputerVision/Final_Project/ros_ws/build/arm:/home/derek-dietz/MSAI/ComputerVision/Final_Project/ros_ws/install/arm/lib/python3.12/site-packages:/opt/ros/kilted/lib/python3.12/site-packages /usr/bin/cmake --build /home/derek-dietz/MSAI/ComputerVision/Final_Project/ws/interbotix/build/interbotix_xsarm_sim -- -j22 -l22
[3.778s] DEBUG:colcon.colcon_core.event_handler.log_command:Invoking command in '/home/derek-dietz/MSAI/ComputerVision/Final_Project/ws/interbotix/build/interbotix_xsarm_sim': CMAKE_PREFIX_PATH=${CMAKE_PREFIX_PATH}:/opt/ros/kilted DEBUGINFOD_URLS=https://debuginfod.ubuntu.com PYTHONPATH=/home/derek-dietz/MSAI/ComputerVision/Final_Project/ws/interbotix/install/lib/python3.12/site-packages:/home/derek-dietz/MSAI/ComputerVision/Final_Project/ros_ws/build/arm:/home/derek-dietz/MSAI/ComputerVision/Final_Project/ros_ws/install/arm/lib/python3.12/site-packages:/opt/ros/kilted/lib/python3.12/site-packages /usr/bin/cmake --install /home/derek-dietz/MSAI/ComputerVision/Final_Project/ws/interbotix/build/interbotix_xsarm_sim
[3.785s] Level 1:colcon.colcon_core.environment:create_environment_scripts_only(interbotix_xsarm_control)
[3.786s] Level 1:colcon.colcon_core.environment:checking '/home/derek-dietz/MSAI/ComputerVision/Final_Project/ws/interbotix/install' for CMake module files
[3.786s] DEBUG:colcon.colcon_core.event_handler.log_command:Invoked command in '/home/derek-dietz/MSAI/ComputerVision/Final_Project/ws/interbotix/build/interbotix_xsarm_control' returned '0': CMAKE_PREFIX_PATH=${CMAKE_PREFIX_PATH}:/opt/ros/kilted DEBUGINFOD_URLS=https://debuginfod.ubuntu.com PYTHONPATH=/home/derek-dietz/MSAI/ComputerVision/Final_Project/ws/interbotix/install/lib/python3.12/site-packages:/home/derek-dietz/MSAI/ComputerVision/Final_Project/ros_ws/build/arm:/home/derek-dietz/MSAI/ComputerVision/Final_Project/ros_ws/install/arm/lib/python3.12/site-packages:/opt/ros/kilted/lib/python3.12/site-packages /usr/bin/cmake --install /home/derek-dietz/MSAI/ComputerVision/Final_Project/ws/interbotix/build/interbotix_xsarm_control
[3.790s] Level 1:colcon.colcon_core.environment:checking '/home/derek-dietz/MSAI/ComputerVision/Final_Project/ws/interbotix/install' for CMake config files
[3.791s] Level 1:colcon.colcon_core.shell:create_environment_hook('interbotix_xsarm_control', 'cmake_prefix_path')
[3.791s] INFO:colcon.colcon_core.shell:Creating environment hook '/home/derek-dietz/MSAI/ComputerVision/Final_Project/ws/interbotix/install/share/interbotix_xsarm_control/hook/cmake_prefix_path.ps1'
[3.791s] INFO:colcon.colcon_core.shell:Creating environment descriptor '/home/derek-dietz/MSAI/ComputerVision/Final_Project/ws/interbotix/install/share/interbotix_xsarm_control/hook/cmake_prefix_path.dsv'
[3.792s] INFO:colcon.colcon_core.shell:Creating environment hook '/home/derek-dietz/MSAI/ComputerVision/Final_Project/ws/interbotix/install/share/interbotix_xsarm_control/hook/cmake_prefix_path.sh'
[3.792s] Level 1:colcon.colcon_core.environment:checking '/home/derek-dietz/MSAI/ComputerVision/Final_Project/ws/interbotix/install/lib'
[3.792s] Level 1:colcon.colcon_core.shell:create_environment_hook('interbotix_xsarm_control', 'ld_library_path_lib')
[3.793s] INFO:colcon.colcon_core.shell:Creating environment hook '/home/derek-dietz/MSAI/ComputerVision/Final_Project/ws/interbotix/install/share/interbotix_xsarm_control/hook/ld_library_path_lib.ps1'
[3.793s] INFO:colcon.colcon_core.shell:Creating environment descriptor '/home/derek-dietz/MSAI/ComputerVision/Final_Project/ws/interbotix/install/share/interbotix_xsarm_control/hook/ld_library_path_lib.dsv'
[3.793s] INFO:colcon.colcon_core.shell:Creating environment hook '/home/derek-dietz/MSAI/ComputerVision/Final_Project/ws/interbotix/install/share/interbotix_xsarm_control/hook/ld_library_path_lib.sh'
[3.794s] Level 1:colcon.colcon_core.environment:checking '/home/derek-dietz/MSAI/ComputerVision/Final_Project/ws/interbotix/install/bin'
[3.794s] Level 1:colcon.colcon_core.environment:checking '/home/derek-dietz/MSAI/ComputerVision/Final_Project/ws/interbotix/install/lib/pkgconfig/interbotix_xsarm_control.pc'
[3.794s] Level 1:colcon.colcon_core.environment:checking '/home/derek-dietz/MSAI/ComputerVision/Final_Project/ws/interbotix/install/lib/python3.12/site-packages'
[3.794s] Level 1:colcon.colcon_core.shell:create_environment_hook('interbotix_xsarm_control', 'pythonpath')
[3.794s] INFO:colcon.colcon_core.shell:Creating environment hook '/home/derek-dietz/MSAI/ComputerVision/Final_Project/ws/interbotix/install/share/interbotix_xsarm_control/hook/pythonpath.ps1'
[3.794s] INFO:colcon.colcon_core.shell:Creating environment descriptor '/home/derek-dietz/MSAI/ComputerVision/Final_Project/ws/interbotix/install/share/interbotix_xsarm_control/hook/pythonpath.dsv'
[3.795s] INFO:colcon.colcon_core.shell:Creating environment hook '/home/derek-dietz/MSAI/ComputerVision/Final_Project/ws/interbotix/install/share/interbotix_xsarm_control/hook/pythonpath.sh'
[3.795s] Level 1:colcon.colcon_core.environment:checking '/home/derek-dietz/MSAI/ComputerVision/Final_Project/ws/interbotix/install/bin'
[3.795s] INFO:colcon.colcon_core.shell:Creating package script '/home/derek-dietz/MSAI/ComputerVision/Final_Project/ws/interbotix/install/share/interbotix_xsarm_control/package.ps1'
[3.796s] INFO:colcon.colcon_core.shell:Creating package descriptor '/home/derek-dietz/MSAI/ComputerVision/Final_Project/ws/interbotix/install/share/interbotix_xsarm_control/package.dsv'
[3.796s] INFO:colcon.colcon_core.shell:Creating package script '/home/derek-dietz/MSAI/ComputerVision/Final_Project/ws/interbotix/install/share/interbotix_xsarm_control/package.sh'
[3.797s] INFO:colcon.colcon_core.shell:Creating package script '/home/derek-dietz/MSAI/ComputerVision/Final_Project/ws/interbotix/install/share/interbotix_xsarm_control/package.bash'
[3.797s] INFO:colcon.colcon_core.shell:Creating package script '/home/derek-dietz/MSAI/ComputerVision/Final_Project/ws/interbotix/install/share/interbotix_xsarm_control/package.zsh'
[3.797s] Level 1:colcon.colcon_core.environment:create_file_with_runtime_dependencies(/home/derek-dietz/MSAI/ComputerVision/Final_Project/ws/interbotix/install/share/colcon-core/packages/interbotix_xsarm_control)
[3.797s] Level 1:colcon.colcon_core.environment:create_environment_scripts_only(interbotix_xsarm_control)
[3.797s] Level 1:colcon.colcon_core.environment:checking '/home/derek-dietz/MSAI/ComputerVision/Final_Project/ws/interbotix/install' for CMake module files
[3.798s] Level 1:colcon.colcon_core.environment:checking '/home/derek-dietz/MSAI/ComputerVision/Final_Project/ws/interbotix/install' for CMake config files
[3.798s] Level 1:colcon.colcon_core.shell:create_environment_hook('interbotix_xsarm_control', 'cmake_prefix_path')
[3.798s] INFO:colcon.colcon_core.shell:Creating environment hook '/home/derek-dietz/MSAI/ComputerVision/Final_Project/ws/interbotix/install/share/interbotix_xsarm_control/hook/cmake_prefix_path.ps1'
[3.799s] INFO:colcon.colcon_core.shell:Creating environment descriptor '/home/derek-dietz/MSAI/ComputerVision/Final_Project/ws/interbotix/install/share/interbotix_xsarm_control/hook/cmake_prefix_path.dsv'
[3.799s] INFO:colcon.colcon_core.shell:Creating environment hook '/home/derek-dietz/MSAI/ComputerVision/Final_Project/ws/interbotix/install/share/interbotix_xsarm_control/hook/cmake_prefix_path.sh'
[3.799s] Level 1:colcon.colcon_core.environment:checking '/home/derek-dietz/MSAI/ComputerVision/Final_Project/ws/interbotix/install/lib'
[3.799s] Level 1:colcon.colcon_core.shell:create_environment_hook('interbotix_xsarm_control', 'ld_library_path_lib')
[3.799s] INFO:colcon.colcon_core.shell:Creating environment hook '/home/derek-dietz/MSAI/ComputerVision/Final_Project/ws/interbotix/install/share/interbotix_xsarm_control/hook/ld_library_path_lib.ps1'
[3.799s] INFO:colcon.colcon_core.shell:Creating environment descriptor '/home/derek-dietz/MSAI/ComputerVision/Final_Project/ws/interbotix/install/share/interbotix_xsarm_control/hook/ld_library_path_lib.dsv'
[3.800s] INFO:colcon.colcon_core.shell:Creating environment hook '/home/derek-dietz/MSAI/ComputerVision/Final_Project/ws/interbotix/install/share/interbotix_xsarm_control/hook/ld_library_path_lib.sh'
[3.800s] Level 1:colcon.colcon_core.environment:checking '/home/derek-dietz/MSAI/ComputerVision/Final_Project/ws/interbotix/install/bin'
[3.800s] Level 1:colcon.colcon_core.environment:checking '/home/derek-dietz/MSAI/ComputerVision/Final_Project/ws/interbotix/install/lib/pkgconfig/interbotix_xsarm_control.pc'
[3.800s] Level 1:colcon.colcon_core.environment:checking '/home/derek-dietz/MSAI/ComputerVision/Final_Project/ws/interbotix/install/lib/python3.12/site-packages'
[3.800s] Level 1:colcon.colcon_core.shell:create_environment_hook('interbotix_xsarm_control', 'pythonpath')
[3.800s] INFO:colcon.colcon_core.shell:Creating environment hook '/home/derek-dietz/MSAI/ComputerVision/Final_Project/ws/interbotix/install/share/interbotix_xsarm_control/hook/pythonpath.ps1'
[3.800s] INFO:colcon.colcon_core.shell:Creating environment descriptor '/home/derek-dietz/MSAI/ComputerVision/Final_Project/ws/interbotix/install/share/interbotix_xsarm_control/hook/pythonpath.dsv'
[3.800s] INFO:colcon.colcon_core.shell:Creating environment hook '/home/derek-dietz/MSAI/ComputerVision/Final_Project/ws/interbotix/install/share/interbotix_xsarm_control/hook/pythonpath.sh'
[3.801s] Level 1:colcon.colcon_core.environment:checking '/home/derek-dietz/MSAI/ComputerVision/Final_Project/ws/interbotix/install/bin'
[3.801s] INFO:colcon.colcon_core.shell:Creating package script '/home/derek-dietz/MSAI/ComputerVision/Final_Project/ws/interbotix/install/share/interbotix_xsarm_control/package.ps1'
[3.801s] INFO:colcon.colcon_core.shell:Creating package descriptor '/home/derek-dietz/MSAI/ComputerVision/Final_Project/ws/interbotix/install/share/interbotix_xsarm_control/package.dsv'
[3.801s] INFO:colcon.colcon_core.shell:Creating package script '/home/derek-dietz/MSAI/ComputerVision/Final_Project/ws/interbotix/install/share/interbotix_xsarm_control/package.sh'
[3.802s] INFO:colcon.colcon_core.shell:Creating package script '/home/derek-dietz/MSAI/ComputerVision/Final_Project/ws/interbotix/install/share/interbotix_xsarm_control/package.bash'
[3.803s] INFO:colcon.colcon_core.shell:Creating package script '/home/derek-dietz/MSAI/ComputerVision/Final_Project/ws/interbotix/install/share/interbotix_xsarm_control/package.zsh'
[3.803s] Level 1:colcon.colcon_core.environment:create_file_with_runtime_dependencies(/home/derek-dietz/MSAI/ComputerVision/Final_Project/ws/interbotix/install/share/colcon-core/packages/interbotix_xsarm_control)
[3.804s] INFO:colcon.colcon_ros.task.ament_cmake.build:Building ROS package in '/home/derek-dietz/MSAI/ComputerVision/Final_Project/ws/interbotix/src/interbotix_ros_manipulators/interbotix_ros_xsarms/interbotix_xsarm_ros_control' with build type 'ament_cmake'
[3.804s] INFO:colcon.colcon_cmake.task.cmake.build:Building CMake package in '/home/derek-dietz/MSAI/ComputerVision/Final_Project/ws/interbotix/src/interbotix_ros_manipulators/interbotix_ros_xsarms/interbotix_xsarm_ros_control'
[3.804s] INFO:colcon.colcon_core.shell:Skip shell extension 'powershell' for command environment: Not usable outside of PowerShell
[3.804s] DEBUG:colcon.colcon_core.shell:Skip shell extension 'dsv' for command environment
[3.810s] INFO:colcon.colcon_ros.task.ament_cmake.build:Building ROS package in '/home/derek-dietz/MSAI/ComputerVision/Final_Project/ws/interbotix/src/interbotix_ros_manipulators/interbotix_ros_xsarms/examples/interbotix_xsarm_joy' with build type 'ament_cmake'
[3.810s] INFO:colcon.colcon_cmake.task.cmake.build:Building CMake package in '/home/derek-dietz/MSAI/ComputerVision/Final_Project/ws/interbotix/src/interbotix_ros_manipulators/interbotix_ros_xsarms/examples/interbotix_xsarm_joy'
[3.811s] INFO:colcon.colcon_core.shell:Skip shell extension 'powershell' for command environment: Not usable outside of PowerShell
[3.811s] DEBUG:colcon.colcon_core.shell:Skip shell extension 'dsv' for command environment
[3.817s] INFO:colcon.colcon_ros.task.ament_cmake.build:Building ROS package in '/home/derek-dietz/MSAI/ComputerVision/Final_Project/ws/interbotix/src/interbotix_ros_manipulators/interbotix_ros_xsarms/examples/interbotix_xsarm_dual' with build type 'ament_cmake'
[3.817s] INFO:colcon.colcon_cmake.task.cmake.build:Building CMake package in '/home/derek-dietz/MSAI/ComputerVision/Final_Project/ws/interbotix/src/interbotix_ros_manipulators/interbotix_ros_xsarms/examples/interbotix_xsarm_dual'
[3.817s] INFO:colcon.colcon_core.shell:Skip shell extension 'powershell' for command environment: Not usable outside of PowerShell
[3.817s] DEBUG:colcon.colcon_core.shell:Skip shell extension 'dsv' for command environment
[3.822s] INFO:colcon.colcon_ros.task.ament_cmake.build:Building ROS package in '/home/derek-dietz/MSAI/ComputerVision/Final_Project/ws/interbotix/src/interbotix_ros_manipulators/interbotix_ros_xsarms/examples/interbotix_xsarm_puppet' with build type 'ament_cmake'
[3.823s] INFO:colcon.colcon_cmake.task.cmake.build:Building CMake package in '/home/derek-dietz/MSAI/ComputerVision/Final_Project/ws/interbotix/src/interbotix_ros_manipulators/interbotix_ros_xsarms/examples/interbotix_xsarm_puppet'
[3.823s] INFO:colcon.colcon_core.shell:Skip shell extension 'powershell' for command environment: Not usable outside of PowerShell
[3.823s] DEBUG:colcon.colcon_core.shell:Skip shell extension 'dsv' for command environment
[3.829s] Level 1:colcon.colcon_core.environment:create_environment_scripts_only(interbotix_xsarm_sim)
[3.829s] Level 1:colcon.colcon_core.environment:checking '/home/derek-dietz/MSAI/ComputerVision/Final_Project/ws/interbotix/install' for CMake module files
[3.829s] DEBUG:colcon.colcon_core.event_handler.log_command:Invoked command in '/home/derek-dietz/MSAI/ComputerVision/Final_Project/ws/interbotix/build/interbotix_xsarm_sim' returned '0': CMAKE_PREFIX_PATH=${CMAKE_PREFIX_PATH}:/opt/ros/kilted DEBUGINFOD_URLS=https://debuginfod.ubuntu.com PYTHONPATH=/home/derek-dietz/MSAI/ComputerVision/Final_Project/ws/interbotix/install/lib/python3.12/site-packages:/home/derek-dietz/MSAI/ComputerVision/Final_Project/ros_ws/build/arm:/home/derek-dietz/MSAI/ComputerVision/Final_Project/ros_ws/install/arm/lib/python3.12/site-packages:/opt/ros/kilted/lib/python3.12/site-packages /usr/bin/cmake --install /home/derek-dietz/MSAI/ComputerVision/Final_Project/ws/interbotix/build/interbotix_xsarm_sim
[3.830s] Level 1:colcon.colcon_core.environment:checking '/home/derek-dietz/MSAI/ComputerVision/Final_Project/ws/interbotix/install' for CMake config files
[3.830s] Level 1:colcon.colcon_core.shell:create_environment_hook('interbotix_xsarm_sim', 'cmake_prefix_path')
[3.831s] INFO:colcon.colcon_core.shell:Creating environment hook '/home/derek-dietz/MSAI/ComputerVision/Final_Project/ws/interbotix/install/share/interbotix_xsarm_sim/hook/cmake_prefix_path.ps1'
[3.831s] INFO:colcon.colcon_core.shell:Creating environment descriptor '/home/derek-dietz/MSAI/ComputerVision/Final_Project/ws/interbotix/install/share/interbotix_xsarm_sim/hook/cmake_prefix_path.dsv'
[3.831s] INFO:colcon.colcon_core.shell:Creating environment hook '/home/derek-dietz/MSAI/ComputerVision/Final_Project/ws/interbotix/install/share/interbotix_xsarm_sim/hook/cmake_prefix_path.sh'
[3.832s] Level 1:colcon.colcon_core.environment:checking '/home/derek-dietz/MSAI/ComputerVision/Final_Project/ws/interbotix/install/lib'
[3.832s] Level 1:colcon.colcon_core.shell:create_environment_hook('interbotix_xsarm_sim', 'ld_library_path_lib')
[3.832s] INFO:colcon.colcon_core.shell:Creating environment hook '/home/derek-dietz/MSAI/ComputerVision/Final_Project/ws/interbotix/install/share/interbotix_xsarm_sim/hook/ld_library_path_lib.ps1'
[3.832s] INFO:colcon.colcon_core.shell:Creating environment descriptor '/home/derek-dietz/MSAI/ComputerVision/Final_Project/ws/interbotix/install/share/interbotix_xsarm_sim/hook/ld_library_path_lib.dsv'
[3.833s] INFO:colcon.colcon_core.shell:Creating environment hook '/home/derek-dietz/MSAI/ComputerVision/Final_Project/ws/interbotix/install/share/interbotix_xsarm_sim/hook/ld_library_path_lib.sh'
[3.833s] Level 1:colcon.colcon_core.environment:checking '/home/derek-dietz/MSAI/ComputerVision/Final_Project/ws/interbotix/install/bin'
[3.833s] Level 1:colcon.colcon_core.environment:checking '/home/derek-dietz/MSAI/ComputerVision/Final_Project/ws/interbotix/install/lib/pkgconfig/interbotix_xsarm_sim.pc'
[3.833s] Level 1:colcon.colcon_core.environment:checking '/home/derek-dietz/MSAI/ComputerVision/Final_Project/ws/interbotix/install/lib/python3.12/site-packages'
[3.833s] Level 1:colcon.colcon_core.shell:create_environment_hook('interbotix_xsarm_sim', 'pythonpath')
[3.834s] INFO:colcon.colcon_core.shell:Creating environment hook '/home/derek-dietz/MSAI/ComputerVision/Final_Project/ws/interbotix/install/share/interbotix_xsarm_sim/hook/pythonpath.ps1'
[3.834s] INFO:colcon.colcon_core.shell:Creating environment descriptor '/home/derek-dietz/MSAI/ComputerVision/Final_Project/ws/interbotix/install/share/interbotix_xsarm_sim/hook/pythonpath.dsv'
[3.834s] INFO:colcon.colcon_core.shell:Creating environment hook '/home/derek-dietz/MSAI/ComputerVision/Final_Project/ws/interbotix/install/share/interbotix_xsarm_sim/hook/pythonpath.sh'
[3.835s] Level 1:colcon.colcon_core.environment:checking '/home/derek-dietz/MSAI/ComputerVision/Final_Project/ws/interbotix/install/bin'
[3.835s] INFO:colcon.colcon_core.shell:Creating package script '/home/derek-dietz/MSAI/ComputerVision/Final_Project/ws/interbotix/install/share/interbotix_xsarm_sim/package.ps1'
[3.835s] INFO:colcon.colcon_core.shell:Creating package descriptor '/home/derek-dietz/MSAI/ComputerVision/Final_Project/ws/interbotix/install/share/interbotix_xsarm_sim/package.dsv'
[3.836s] INFO:colcon.colcon_core.shell:Creating package script '/home/derek-dietz/MSAI/ComputerVision/Final_Project/ws/interbotix/install/share/interbotix_xsarm_sim/package.sh'
[3.836s] INFO:colcon.colcon_core.shell:Creating package script '/home/derek-dietz/MSAI/ComputerVision/Final_Project/ws/interbotix/install/share/interbotix_xsarm_sim/package.bash'
[3.836s] INFO:colcon.colcon_core.shell:Creating package script '/home/derek-dietz/MSAI/ComputerVision/Final_Project/ws/interbotix/install/share/interbotix_xsarm_sim/package.zsh'
[3.836s] Level 1:colcon.colcon_core.environment:create_file_with_runtime_dependencies(/home/derek-dietz/MSAI/ComputerVision/Final_Project/ws/interbotix/install/share/colcon-core/packages/interbotix_xsarm_sim)
[3.837s] Level 1:colcon.colcon_core.environment:create_environment_scripts_only(interbotix_xsarm_sim)
[3.837s] Level 1:colcon.colcon_core.environment:checking '/home/derek-dietz/MSAI/ComputerVision/Final_Project/ws/interbotix/install' for CMake module files
[3.837s] Level 1:colcon.colcon_core.environment:checking '/home/derek-dietz/MSAI/ComputerVision/Final_Project/ws/interbotix/install' for CMake config files
[3.837s] Level 1:colcon.colcon_core.shell:create_environment_hook('interbotix_xsarm_sim', 'cmake_prefix_path')
[3.838s] INFO:colcon.colcon_core.shell:Creating environment hook '/home/derek-dietz/MSAI/ComputerVision/Final_Project/ws/interbotix/install/share/interbotix_xsarm_sim/hook/cmake_prefix_path.ps1'
[3.838s] INFO:colcon.colcon_core.shell:Creating environment descriptor '/home/derek-dietz/MSAI/ComputerVision/Final_Project/ws/interbotix/install/share/interbotix_xsarm_sim/hook/cmake_prefix_path.dsv'
[3.838s] INFO:colcon.colcon_core.shell:Creating environment hook '/home/derek-dietz/MSAI/ComputerVision/Final_Project/ws/interbotix/install/share/interbotix_xsarm_sim/hook/cmake_prefix_path.sh'
[3.838s] Level 1:colcon.colcon_core.environment:checking '/home/derek-dietz/MSAI/ComputerVision/Final_Project/ws/interbotix/install/lib'
[3.838s] Level 1:colcon.colcon_core.shell:create_environment_hook('interbotix_xsarm_sim', 'ld_library_path_lib')
[3.838s] INFO:colcon.colcon_core.shell:Creating environment hook '/home/derek-dietz/MSAI/ComputerVision/Final_Project/ws/interbotix/install/share/interbotix_xsarm_sim/hook/ld_library_path_lib.ps1'
[3.839s] INFO:colcon.colcon_core.shell:Creating environment descriptor '/home/derek-dietz/MSAI/ComputerVision/Final_Project/ws/interbotix/install/share/interbotix_xsarm_sim/hook/ld_library_path_lib.dsv'
[3.839s] INFO:colcon.colcon_core.shell:Creating environment hook '/home/derek-dietz/MSAI/ComputerVision/Final_Project/ws/interbotix/install/share/interbotix_xsarm_sim/hook/ld_library_path_lib.sh'
[3.839s] Level 1:colcon.colcon_core.environment:checking '/home/derek-dietz/MSAI/ComputerVision/Final_Project/ws/interbotix/install/bin'
[3.839s] Level 1:colcon.colcon_core.environment:checking '/home/derek-dietz/MSAI/ComputerVision/Final_Project/ws/interbotix/install/lib/pkgconfig/interbotix_xsarm_sim.pc'
[3.839s] Level 1:colcon.colcon_core.environment:checking '/home/derek-dietz/MSAI/ComputerVision/Final_Project/ws/interbotix/install/lib/python3.12/site-packages'
[3.839s] Level 1:colcon.colcon_core.shell:create_environment_hook('interbotix_xsarm_sim', 'pythonpath')
[3.839s] INFO:colcon.colcon_core.shell:Creating environment hook '/home/derek-dietz/MSAI/ComputerVision/Final_Project/ws/interbotix/install/share/interbotix_xsarm_sim/hook/pythonpath.ps1'
[3.840s] INFO:colcon.colcon_core.shell:Creating environment descriptor '/home/derek-dietz/MSAI/ComputerVision/Final_Project/ws/interbotix/install/share/interbotix_xsarm_sim/hook/pythonpath.dsv'
[3.840s] INFO:colcon.colcon_core.shell:Creating environment hook '/home/derek-dietz/MSAI/ComputerVision/Final_Project/ws/interbotix/install/share/interbotix_xsarm_sim/hook/pythonpath.sh'
[3.840s] Level 1:colcon.colcon_core.environment:checking '/home/derek-dietz/MSAI/ComputerVision/Final_Project/ws/interbotix/install/bin'
[3.840s] INFO:colcon.colcon_core.shell:Creating package script '/home/derek-dietz/MSAI/ComputerVision/Final_Project/ws/interbotix/install/share/interbotix_xsarm_sim/package.ps1'
[3.841s] INFO:colcon.colcon_core.shell:Creating package descriptor '/home/derek-dietz/MSAI/ComputerVision/Final_Project/ws/interbotix/install/share/interbotix_xsarm_sim/package.dsv'
[3.841s] INFO:colcon.colcon_core.shell:Creating package script '/home/derek-dietz/MSAI/ComputerVision/Final_Project/ws/interbotix/install/share/interbotix_xsarm_sim/package.sh'
[3.841s] INFO:colcon.colcon_core.shell:Creating package script '/home/derek-dietz/MSAI/ComputerVision/Final_Project/ws/interbotix/install/share/interbotix_xsarm_sim/package.bash'
[3.841s] INFO:colcon.colcon_core.shell:Creating package script '/home/derek-dietz/MSAI/ComputerVision/Final_Project/ws/interbotix/install/share/interbotix_xsarm_sim/package.zsh'
[3.841s] Level 1:colcon.colcon_core.environment:create_file_with_runtime_dependencies(/home/derek-dietz/MSAI/ComputerVision/Final_Project/ws/interbotix/install/share/colcon-core/packages/interbotix_xsarm_sim)
[3.844s] DEBUG:colcon.colcon_core.event_handler.log_command:Invoking command in '/home/derek-dietz/MSAI/ComputerVision/Final_Project/ws/interbotix/build/interbotix_xsarm_ros_control': CMAKE_PREFIX_PATH=${CMAKE_PREFIX_PATH}:/opt/ros/kilted DEBUGINFOD_URLS=https://debuginfod.ubuntu.com PYTHONPATH=/home/derek-dietz/MSAI/ComputerVision/Final_Project/ws/interbotix/install/lib/python3.12/site-packages:/home/derek-dietz/MSAI/ComputerVision/Final_Project/ros_ws/build/arm:/home/derek-dietz/MSAI/ComputerVision/Final_Project/ros_ws/install/arm/lib/python3.12/site-packages:/opt/ros/kilted/lib/python3.12/site-packages /usr/bin/cmake --build /home/derek-dietz/MSAI/ComputerVision/Final_Project/ws/interbotix/build/interbotix_xsarm_ros_control -- -j22 -l22
[3.845s] DEBUG:colcon.colcon_core.event_handler.log_command:Invoking command in '/home/derek-dietz/MSAI/ComputerVision/Final_Project/ws/interbotix/build/interbotix_xsarm_joy': CMAKE_PREFIX_PATH=${CMAKE_PREFIX_PATH}:/opt/ros/kilted DEBUGINFOD_URLS=https://debuginfod.ubuntu.com PYTHONPATH=/home/derek-dietz/MSAI/ComputerVision/Final_Project/ws/interbotix/install/lib/python3.12/site-packages:/home/derek-dietz/MSAI/ComputerVision/Final_Project/ros_ws/build/arm:/home/derek-dietz/MSAI/ComputerVision/Final_Project/ros_ws/install/arm/lib/python3.12/site-packages:/opt/ros/kilted/lib/python3.12/site-packages /usr/bin/cmake --build /home/derek-dietz/MSAI/ComputerVision/Final_Project/ws/interbotix/build/interbotix_xsarm_joy -- -j22 -l22
[3.847s] DEBUG:colcon.colcon_core.event_handler.log_command:Invoking command in '/home/derek-dietz/MSAI/ComputerVision/Final_Project/ws/interbotix/build/interbotix_xsarm_dual': CMAKE_PREFIX_PATH=${CMAKE_PREFIX_PATH}:/opt/ros/kilted DEBUGINFOD_URLS=https://debuginfod.ubuntu.com PYTHONPATH=/home/derek-dietz/MSAI/ComputerVision/Final_Project/ws/interbotix/install/lib/python3.12/site-packages:/home/derek-dietz/MSAI/ComputerVision/Final_Project/ros_ws/build/arm:/home/derek-dietz/MSAI/ComputerVision/Final_Project/ros_ws/install/arm/lib/python3.12/site-packages:/opt/ros/kilted/lib/python3.12/site-packages /usr/bin/cmake --build /home/derek-dietz/MSAI/ComputerVision/Final_Project/ws/interbotix/build/interbotix_xsarm_dual -- -j22 -l22
[3.848s] DEBUG:colcon.colcon_core.event_handler.log_command:Invoking command in '/home/derek-dietz/MSAI/ComputerVision/Final_Project/ws/interbotix/build/interbotix_xsarm_puppet': CMAKE_PREFIX_PATH=${CMAKE_PREFIX_PATH}:/opt/ros/kilted DEBUGINFOD_URLS=https://debuginfod.ubuntu.com PYTHONPATH=/home/derek-dietz/MSAI/ComputerVision/Final_Project/ws/interbotix/install/lib/python3.12/site-packages:/home/derek-dietz/MSAI/ComputerVision/Final_Project/ros_ws/build/arm:/home/derek-dietz/MSAI/ComputerVision/Final_Project/ros_ws/install/arm/lib/python3.12/site-packages:/opt/ros/kilted/lib/python3.12/site-packages /usr/bin/cmake --build /home/derek-dietz/MSAI/ComputerVision/Final_Project/ws/interbotix/build/interbotix_xsarm_puppet -- -j22 -l22
[3.886s] DEBUG:colcon.colcon_core.event_handler.log_command:Invoked command in '/home/derek-dietz/MSAI/ComputerVision/Final_Project/ws/interbotix/build/interbotix_xsarm_dual' returned '0': CMAKE_PREFIX_PATH=${CMAKE_PREFIX_PATH}:/opt/ros/kilted DEBUGINFOD_URLS=https://debuginfod.ubuntu.com PYTHONPATH=/home/derek-dietz/MSAI/ComputerVision/Final_Project/ws/interbotix/install/lib/python3.12/site-packages:/home/derek-dietz/MSAI/ComputerVision/Final_Project/ros_ws/build/arm:/home/derek-dietz/MSAI/ComputerVision/Final_Project/ros_ws/install/arm/lib/python3.12/site-packages:/opt/ros/kilted/lib/python3.12/site-packages /usr/bin/cmake --build /home/derek-dietz/MSAI/ComputerVision/Final_Project/ws/interbotix/build/interbotix_xsarm_dual -- -j22 -l22
[3.888s] DEBUG:colcon.colcon_core.event_handler.log_command:Invoking command in '/home/derek-dietz/MSAI/ComputerVision/Final_Project/ws/interbotix/build/interbotix_xsarm_dual': CMAKE_PREFIX_PATH=${CMAKE_PREFIX_PATH}:/opt/ros/kilted DEBUGINFOD_URLS=https://debuginfod.ubuntu.com PYTHONPATH=/home/derek-dietz/MSAI/ComputerVision/Final_Project/ws/interbotix/install/lib/python3.12/site-packages:/home/derek-dietz/MSAI/ComputerVision/Final_Project/ros_ws/build/arm:/home/derek-dietz/MSAI/ComputerVision/Final_Project/ros_ws/install/arm/lib/python3.12/site-packages:/opt/ros/kilted/lib/python3.12/site-packages /usr/bin/cmake --install /home/derek-dietz/MSAI/ComputerVision/Final_Project/ws/interbotix/build/interbotix_xsarm_dual
[3.889s] DEBUG:colcon.colcon_core.event_handler.log_command:Invoked command in '/home/derek-dietz/MSAI/ComputerVision/Final_Project/ws/interbotix/build/interbotix_xsarm_ros_control' returned '0': CMAKE_PREFIX_PATH=${CMAKE_PREFIX_PATH}:/opt/ros/kilted DEBUGINFOD_URLS=https://debuginfod.ubuntu.com PYTHONPATH=/home/derek-dietz/MSAI/ComputerVision/Final_Project/ws/interbotix/install/lib/python3.12/site-packages:/home/derek-dietz/MSAI/ComputerVision/Final_Project/ros_ws/build/arm:/home/derek-dietz/MSAI/ComputerVision/Final_Project/ros_ws/install/arm/lib/python3.12/site-packages:/opt/ros/kilted/lib/python3.12/site-packages /usr/bin/cmake --build /home/derek-dietz/MSAI/ComputerVision/Final_Project/ws/interbotix/build/interbotix_xsarm_ros_control -- -j22 -l22
[3.889s] DEBUG:colcon.colcon_core.event_handler.log_command:Invoking command in '/home/derek-dietz/MSAI/ComputerVision/Final_Project/ws/interbotix/build/interbotix_xsarm_ros_control': CMAKE_PREFIX_PATH=${CMAKE_PREFIX_PATH}:/opt/ros/kilted DEBUGINFOD_URLS=https://debuginfod.ubuntu.com PYTHONPATH=/home/derek-dietz/MSAI/ComputerVision/Final_Project/ws/interbotix/install/lib/python3.12/site-packages:/home/derek-dietz/MSAI/ComputerVision/Final_Project/ros_ws/build/arm:/home/derek-dietz/MSAI/ComputerVision/Final_Project/ros_ws/install/arm/lib/python3.12/site-packages:/opt/ros/kilted/lib/python3.12/site-packages /usr/bin/cmake --install /home/derek-dietz/MSAI/ComputerVision/Final_Project/ws/interbotix/build/interbotix_xsarm_ros_control
[3.899s] Level 1:colcon.colcon_core.environment:create_environment_scripts_only(interbotix_xsarm_ros_control)
[3.899s] Level 1:colcon.colcon_core.environment:checking '/home/derek-dietz/MSAI/ComputerVision/Final_Project/ws/interbotix/install' for CMake module files
[3.900s] Level 1:colcon.colcon_core.environment:checking '/home/derek-dietz/MSAI/ComputerVision/Final_Project/ws/interbotix/install' for CMake config files
[3.903s] DEBUG:colcon.colcon_core.event_handler.log_command:Invoked command in '/home/derek-dietz/MSAI/ComputerVision/Final_Project/ws/interbotix/build/interbotix_xsarm_ros_control' returned '0': CMAKE_PREFIX_PATH=${CMAKE_PREFIX_PATH}:/opt/ros/kilted DEBUGINFOD_URLS=https://debuginfod.ubuntu.com PYTHONPATH=/home/derek-dietz/MSAI/ComputerVision/Final_Project/ws/interbotix/install/lib/python3.12/site-packages:/home/derek-dietz/MSAI/ComputerVision/Final_Project/ros_ws/build/arm:/home/derek-dietz/MSAI/ComputerVision/Final_Project/ros_ws/install/arm/lib/python3.12/site-packages:/opt/ros/kilted/lib/python3.12/site-packages /usr/bin/cmake --install /home/derek-dietz/MSAI/ComputerVision/Final_Project/ws/interbotix/build/interbotix_xsarm_ros_control
[3.904s] Level 1:colcon.colcon_core.shell:create_environment_hook('interbotix_xsarm_ros_control', 'cmake_prefix_path')
[3.904s] INFO:colcon.colcon_core.shell:Creating environment hook '/home/derek-dietz/MSAI/ComputerVision/Final_Project/ws/interbotix/install/share/interbotix_xsarm_ros_control/hook/cmake_prefix_path.ps1'
[3.904s] INFO:colcon.colcon_core.shell:Creating environment descriptor '/home/derek-dietz/MSAI/ComputerVision/Final_Project/ws/interbotix/install/share/interbotix_xsarm_ros_control/hook/cmake_prefix_path.dsv'
[3.905s] INFO:colcon.colcon_core.shell:Creating environment hook '/home/derek-dietz/MSAI/ComputerVision/Final_Project/ws/interbotix/install/share/interbotix_xsarm_ros_control/hook/cmake_prefix_path.sh'
[3.905s] Level 1:colcon.colcon_core.environment:checking '/home/derek-dietz/MSAI/ComputerVision/Final_Project/ws/interbotix/install/lib'
[3.905s] Level 1:colcon.colcon_core.shell:create_environment_hook('interbotix_xsarm_ros_control', 'ld_library_path_lib')
[3.905s] INFO:colcon.colcon_core.shell:Creating environment hook '/home/derek-dietz/MSAI/ComputerVision/Final_Project/ws/interbotix/install/share/interbotix_xsarm_ros_control/hook/ld_library_path_lib.ps1'
[3.906s] INFO:colcon.colcon_core.shell:Creating environment descriptor '/home/derek-dietz/MSAI/ComputerVision/Final_Project/ws/interbotix/install/share/interbotix_xsarm_ros_control/hook/ld_library_path_lib.dsv'
[3.906s] INFO:colcon.colcon_core.shell:Creating environment hook '/home/derek-dietz/MSAI/ComputerVision/Final_Project/ws/interbotix/install/share/interbotix_xsarm_ros_control/hook/ld_library_path_lib.sh'
[3.906s] Level 1:colcon.colcon_core.environment:checking '/home/derek-dietz/MSAI/ComputerVision/Final_Project/ws/interbotix/install/bin'
[3.906s] Level 1:colcon.colcon_core.environment:checking '/home/derek-dietz/MSAI/ComputerVision/Final_Project/ws/interbotix/install/lib/pkgconfig/interbotix_xsarm_ros_control.pc'
[3.906s] Level 1:colcon.colcon_core.environment:checking '/home/derek-dietz/MSAI/ComputerVision/Final_Project/ws/interbotix/install/lib/python3.12/site-packages'
[3.906s] Level 1:colcon.colcon_core.shell:create_environment_hook('interbotix_xsarm_ros_control', 'pythonpath')
[3.906s] INFO:colcon.colcon_core.shell:Creating environment hook '/home/derek-dietz/MSAI/ComputerVision/Final_Project/ws/interbotix/install/share/interbotix_xsarm_ros_control/hook/pythonpath.ps1'
[3.907s] INFO:colcon.colcon_core.shell:Creating environment descriptor '/home/derek-dietz/MSAI/ComputerVision/Final_Project/ws/interbotix/install/share/interbotix_xsarm_ros_control/hook/pythonpath.dsv'
[3.907s] INFO:colcon.colcon_core.shell:Creating environment hook '/home/derek-dietz/MSAI/ComputerVision/Final_Project/ws/interbotix/install/share/interbotix_xsarm_ros_control/hook/pythonpath.sh'
[3.907s] Level 1:colcon.colcon_core.environment:checking '/home/derek-dietz/MSAI/ComputerVision/Final_Project/ws/interbotix/install/bin'
[3.907s] INFO:colcon.colcon_core.shell:Creating package script '/home/derek-dietz/MSAI/ComputerVision/Final_Project/ws/interbotix/install/share/interbotix_xsarm_ros_control/package.ps1'
[3.908s] INFO:colcon.colcon_core.shell:Creating package descriptor '/home/derek-dietz/MSAI/ComputerVision/Final_Project/ws/interbotix/install/share/interbotix_xsarm_ros_control/package.dsv'
[3.908s] INFO:colcon.colcon_core.shell:Creating package script '/home/derek-dietz/MSAI/ComputerVision/Final_Project/ws/interbotix/install/share/interbotix_xsarm_ros_control/package.sh'
[3.908s] INFO:colcon.colcon_core.shell:Creating package script '/home/derek-dietz/MSAI/ComputerVision/Final_Project/ws/interbotix/install/share/interbotix_xsarm_ros_control/package.bash'
[3.908s] INFO:colcon.colcon_core.shell:Creating package script '/home/derek-dietz/MSAI/ComputerVision/Final_Project/ws/interbotix/install/share/interbotix_xsarm_ros_control/package.zsh'
[3.909s] Level 1:colcon.colcon_core.environment:create_file_with_runtime_dependencies(/home/derek-dietz/MSAI/ComputerVision/Final_Project/ws/interbotix/install/share/colcon-core/packages/interbotix_xsarm_ros_control)
[3.909s] Level 1:colcon.colcon_core.environment:create_environment_scripts_only(interbotix_xsarm_ros_control)
[3.909s] Level 1:colcon.colcon_core.environment:checking '/home/derek-dietz/MSAI/ComputerVision/Final_Project/ws/interbotix/install' for CMake module files
[3.909s] Level 1:colcon.colcon_core.environment:checking '/home/derek-dietz/MSAI/ComputerVision/Final_Project/ws/interbotix/install' for CMake config files
[3.910s] Level 1:colcon.colcon_core.shell:create_environment_hook('interbotix_xsarm_ros_control', 'cmake_prefix_path')
[3.910s] INFO:colcon.colcon_core.shell:Creating environment hook '/home/derek-dietz/MSAI/ComputerVision/Final_Project/ws/interbotix/install/share/interbotix_xsarm_ros_control/hook/cmake_prefix_path.ps1'
[3.910s] INFO:colcon.colcon_core.shell:Creating environment descriptor '/home/derek-dietz/MSAI/ComputerVision/Final_Project/ws/interbotix/install/share/interbotix_xsarm_ros_control/hook/cmake_prefix_path.dsv'
[3.910s] INFO:colcon.colcon_core.shell:Creating environment hook '/home/derek-dietz/MSAI/ComputerVision/Final_Project/ws/interbotix/install/share/interbotix_xsarm_ros_control/hook/cmake_prefix_path.sh'
[3.911s] Level 1:colcon.colcon_core.environment:checking '/home/derek-dietz/MSAI/ComputerVision/Final_Project/ws/interbotix/install/lib'
[3.911s] Level 1:colcon.colcon_core.shell:create_environment_hook('interbotix_xsarm_ros_control', 'ld_library_path_lib')
[3.911s] INFO:colcon.colcon_core.shell:Creating environment hook '/home/derek-dietz/MSAI/ComputerVision/Final_Project/ws/interbotix/install/share/interbotix_xsarm_ros_control/hook/ld_library_path_lib.ps1'
[3.911s] INFO:colcon.colcon_core.shell:Creating environment descriptor '/home/derek-dietz/MSAI/ComputerVision/Final_Project/ws/interbotix/install/share/interbotix_xsarm_ros_control/hook/ld_library_path_lib.dsv'
[3.911s] INFO:colcon.colcon_core.shell:Creating environment hook '/home/derek-dietz/MSAI/ComputerVision/Final_Project/ws/interbotix/install/share/interbotix_xsarm_ros_control/hook/ld_library_path_lib.sh'
[3.911s] Level 1:colcon.colcon_core.environment:checking '/home/derek-dietz/MSAI/ComputerVision/Final_Project/ws/interbotix/install/bin'
[3.911s] Level 1:colcon.colcon_core.environment:checking '/home/derek-dietz/MSAI/ComputerVision/Final_Project/ws/interbotix/install/lib/pkgconfig/interbotix_xsarm_ros_control.pc'
[3.912s] Level 1:colcon.colcon_core.environment:checking '/home/derek-dietz/MSAI/ComputerVision/Final_Project/ws/interbotix/install/lib/python3.12/site-packages'
[3.912s] Level 1:colcon.colcon_core.shell:create_environment_hook('interbotix_xsarm_ros_control', 'pythonpath')
[3.912s] INFO:colcon.colcon_core.shell:Creating environment hook '/home/derek-dietz/MSAI/ComputerVision/Final_Project/ws/interbotix/install/share/interbotix_xsarm_ros_control/hook/pythonpath.ps1'
[3.913s] INFO:colcon.colcon_core.shell:Creating environment descriptor '/home/derek-dietz/MSAI/ComputerVision/Final_Project/ws/interbotix/install/share/interbotix_xsarm_ros_control/hook/pythonpath.dsv'
[3.913s] INFO:colcon.colcon_core.shell:Creating environment hook '/home/derek-dietz/MSAI/ComputerVision/Final_Project/ws/interbotix/install/share/interbotix_xsarm_ros_control/hook/pythonpath.sh'
[3.914s] Level 1:colcon.colcon_core.environment:checking '/home/derek-dietz/MSAI/ComputerVision/Final_Project/ws/interbotix/install/bin'
[3.915s] INFO:colcon.colcon_core.shell:Creating package script '/home/derek-dietz/MSAI/ComputerVision/Final_Project/ws/interbotix/install/share/interbotix_xsarm_ros_control/package.ps1'
[3.915s] INFO:colcon.colcon_core.shell:Creating package descriptor '/home/derek-dietz/MSAI/ComputerVision/Final_Project/ws/interbotix/install/share/interbotix_xsarm_ros_control/package.dsv'
[3.916s] INFO:colcon.colcon_core.shell:Creating package script '/home/derek-dietz/MSAI/ComputerVision/Final_Project/ws/interbotix/install/share/interbotix_xsarm_ros_control/package.sh'
[3.917s] INFO:colcon.colcon_core.shell:Creating package script '/home/derek-dietz/MSAI/ComputerVision/Final_Project/ws/interbotix/install/share/interbotix_xsarm_ros_control/package.bash'
[3.917s] INFO:colcon.colcon_core.shell:Creating package script '/home/derek-dietz/MSAI/ComputerVision/Final_Project/ws/interbotix/install/share/interbotix_xsarm_ros_control/package.zsh'
[3.917s] Level 1:colcon.colcon_core.environment:create_file_with_runtime_dependencies(/home/derek-dietz/MSAI/ComputerVision/Final_Project/ws/interbotix/install/share/colcon-core/packages/interbotix_xsarm_ros_control)
[3.918s] INFO:colcon.colcon_ros.task.ament_cmake.build:Building ROS package in '/home/derek-dietz/MSAI/ComputerVision/Final_Project/ws/interbotix/src/interbotix_ros_manipulators/interbotix_ros_xsarms/interbotix_xsarm_moveit' with build type 'ament_cmake'
[3.918s] INFO:colcon.colcon_cmake.task.cmake.build:Building CMake package in '/home/derek-dietz/MSAI/ComputerVision/Final_Project/ws/interbotix/src/interbotix_ros_manipulators/interbotix_ros_xsarms/interbotix_xsarm_moveit'
[3.919s] INFO:colcon.colcon_core.shell:Skip shell extension 'powershell' for command environment: Not usable outside of PowerShell
[3.919s] DEBUG:colcon.colcon_core.shell:Skip shell extension 'dsv' for command environment
[3.925s] Level 1:colcon.colcon_core.environment:create_environment_scripts_only(interbotix_xsarm_dual)
[3.926s] Level 1:colcon.colcon_core.environment:checking '/home/derek-dietz/MSAI/ComputerVision/Final_Project/ws/interbotix/install' for CMake module files
[3.926s] DEBUG:colcon.colcon_core.event_handler.log_command:Invoked command in '/home/derek-dietz/MSAI/ComputerVision/Final_Project/ws/interbotix/build/interbotix_xsarm_dual' returned '0': CMAKE_PREFIX_PATH=${CMAKE_PREFIX_PATH}:/opt/ros/kilted DEBUGINFOD_URLS=https://debuginfod.ubuntu.com PYTHONPATH=/home/derek-dietz/MSAI/ComputerVision/Final_Project/ws/interbotix/install/lib/python3.12/site-packages:/home/derek-dietz/MSAI/ComputerVision/Final_Project/ros_ws/build/arm:/home/derek-dietz/MSAI/ComputerVision/Final_Project/ros_ws/install/arm/lib/python3.12/site-packages:/opt/ros/kilted/lib/python3.12/site-packages /usr/bin/cmake --install /home/derek-dietz/MSAI/ComputerVision/Final_Project/ws/interbotix/build/interbotix_xsarm_dual
[3.927s] Level 1:colcon.colcon_core.environment:checking '/home/derek-dietz/MSAI/ComputerVision/Final_Project/ws/interbotix/install' for CMake config files
[3.927s] Level 1:colcon.colcon_core.shell:create_environment_hook('interbotix_xsarm_dual', 'cmake_prefix_path')
[3.927s] INFO:colcon.colcon_core.shell:Creating environment hook '/home/derek-dietz/MSAI/ComputerVision/Final_Project/ws/interbotix/install/share/interbotix_xsarm_dual/hook/cmake_prefix_path.ps1'
[3.928s] INFO:colcon.colcon_core.shell:Creating environment descriptor '/home/derek-dietz/MSAI/ComputerVision/Final_Project/ws/interbotix/install/share/interbotix_xsarm_dual/hook/cmake_prefix_path.dsv'
[3.928s] INFO:colcon.colcon_core.shell:Creating environment hook '/home/derek-dietz/MSAI/ComputerVision/Final_Project/ws/interbotix/install/share/interbotix_xsarm_dual/hook/cmake_prefix_path.sh'
[3.929s] Level 1:colcon.colcon_core.environment:checking '/home/derek-dietz/MSAI/ComputerVision/Final_Project/ws/interbotix/install/lib'
[3.929s] Level 1:colcon.colcon_core.shell:create_environment_hook('interbotix_xsarm_dual', 'ld_library_path_lib')
[3.929s] INFO:colcon.colcon_core.shell:Creating environment hook '/home/derek-dietz/MSAI/ComputerVision/Final_Project/ws/interbotix/install/share/interbotix_xsarm_dual/hook/ld_library_path_lib.ps1'
[3.929s] INFO:colcon.colcon_core.shell:Creating environment descriptor '/home/derek-dietz/MSAI/ComputerVision/Final_Project/ws/interbotix/install/share/interbotix_xsarm_dual/hook/ld_library_path_lib.dsv'
[3.929s] INFO:colcon.colcon_core.shell:Creating environment hook '/home/derek-dietz/MSAI/ComputerVision/Final_Project/ws/interbotix/install/share/interbotix_xsarm_dual/hook/ld_library_path_lib.sh'
[3.930s] Level 1:colcon.colcon_core.environment:checking '/home/derek-dietz/MSAI/ComputerVision/Final_Project/ws/interbotix/install/bin'
[3.930s] Level 1:colcon.colcon_core.environment:checking '/home/derek-dietz/MSAI/ComputerVision/Final_Project/ws/interbotix/install/lib/pkgconfig/interbotix_xsarm_dual.pc'
[3.930s] Level 1:colcon.colcon_core.environment:checking '/home/derek-dietz/MSAI/ComputerVision/Final_Project/ws/interbotix/install/lib/python3.12/site-packages'
[3.930s] Level 1:colcon.colcon_core.shell:create_environment_hook('interbotix_xsarm_dual', 'pythonpath')
[3.930s] INFO:colcon.colcon_core.shell:Creating environment hook '/home/derek-dietz/MSAI/ComputerVision/Final_Project/ws/interbotix/install/share/interbotix_xsarm_dual/hook/pythonpath.ps1'
[3.930s] INFO:colcon.colcon_core.shell:Creating environment descriptor '/home/derek-dietz/MSAI/ComputerVision/Final_Project/ws/interbotix/install/share/interbotix_xsarm_dual/hook/pythonpath.dsv'
[3.931s] INFO:colcon.colcon_core.shell:Creating environment hook '/home/derek-dietz/MSAI/ComputerVision/Final_Project/ws/interbotix/install/share/interbotix_xsarm_dual/hook/pythonpath.sh'
[3.931s] Level 1:colcon.colcon_core.environment:checking '/home/derek-dietz/MSAI/ComputerVision/Final_Project/ws/interbotix/install/bin'
[3.932s] INFO:colcon.colcon_core.shell:Creating package script '/home/derek-dietz/MSAI/ComputerVision/Final_Project/ws/interbotix/install/share/interbotix_xsarm_dual/package.ps1'
[3.932s] INFO:colcon.colcon_core.shell:Creating package descriptor '/home/derek-dietz/MSAI/ComputerVision/Final_Project/ws/interbotix/install/share/interbotix_xsarm_dual/package.dsv'
[3.932s] INFO:colcon.colcon_core.shell:Creating package script '/home/derek-dietz/MSAI/ComputerVision/Final_Project/ws/interbotix/install/share/interbotix_xsarm_dual/package.sh'
[3.933s] INFO:colcon.colcon_core.shell:Creating package script '/home/derek-dietz/MSAI/ComputerVision/Final_Project/ws/interbotix/install/share/interbotix_xsarm_dual/package.bash'
[3.933s] INFO:colcon.colcon_core.shell:Creating package script '/home/derek-dietz/MSAI/ComputerVision/Final_Project/ws/interbotix/install/share/interbotix_xsarm_dual/package.zsh'
[3.933s] Level 1:colcon.colcon_core.environment:create_file_with_runtime_dependencies(/home/derek-dietz/MSAI/ComputerVision/Final_Project/ws/interbotix/install/share/colcon-core/packages/interbotix_xsarm_dual)
[3.933s] Level 1:colcon.colcon_core.environment:create_environment_scripts_only(interbotix_xsarm_dual)
[3.933s] Level 1:colcon.colcon_core.environment:checking '/home/derek-dietz/MSAI/ComputerVision/Final_Project/ws/interbotix/install' for CMake module files
[3.934s] Level 1:colcon.colcon_core.environment:checking '/home/derek-dietz/MSAI/ComputerVision/Final_Project/ws/interbotix/install' for CMake config files
[3.934s] Level 1:colcon.colcon_core.shell:create_environment_hook('interbotix_xsarm_dual', 'cmake_prefix_path')
[3.934s] INFO:colcon.colcon_core.shell:Creating environment hook '/home/derek-dietz/MSAI/ComputerVision/Final_Project/ws/interbotix/install/share/interbotix_xsarm_dual/hook/cmake_prefix_path.ps1'
[3.934s] INFO:colcon.colcon_core.shell:Creating environment descriptor '/home/derek-dietz/MSAI/ComputerVision/Final_Project/ws/interbotix/install/share/interbotix_xsarm_dual/hook/cmake_prefix_path.dsv'
[3.934s] INFO:colcon.colcon_core.shell:Creating environment hook '/home/derek-dietz/MSAI/ComputerVision/Final_Project/ws/interbotix/install/share/interbotix_xsarm_dual/hook/cmake_prefix_path.sh'
[3.935s] Level 1:colcon.colcon_core.environment:checking '/home/derek-dietz/MSAI/ComputerVision/Final_Project/ws/interbotix/install/lib'
[3.935s] Level 1:colcon.colcon_core.shell:create_environment_hook('interbotix_xsarm_dual', 'ld_library_path_lib')
[3.935s] INFO:colcon.colcon_core.shell:Creating environment hook '/home/derek-dietz/MSAI/ComputerVision/Final_Project/ws/interbotix/install/share/interbotix_xsarm_dual/hook/ld_library_path_lib.ps1'
[3.935s] INFO:colcon.colcon_core.shell:Creating environment descriptor '/home/derek-dietz/MSAI/ComputerVision/Final_Project/ws/interbotix/install/share/interbotix_xsarm_dual/hook/ld_library_path_lib.dsv'
[3.935s] INFO:colcon.colcon_core.shell:Creating environment hook '/home/derek-dietz/MSAI/ComputerVision/Final_Project/ws/interbotix/install/share/interbotix_xsarm_dual/hook/ld_library_path_lib.sh'
[3.935s] Level 1:colcon.colcon_core.environment:checking '/home/derek-dietz/MSAI/ComputerVision/Final_Project/ws/interbotix/install/bin'
[3.935s] Level 1:colcon.colcon_core.environment:checking '/home/derek-dietz/MSAI/ComputerVision/Final_Project/ws/interbotix/install/lib/pkgconfig/interbotix_xsarm_dual.pc'
[3.936s] Level 1:colcon.colcon_core.environment:checking '/home/derek-dietz/MSAI/ComputerVision/Final_Project/ws/interbotix/install/lib/python3.12/site-packages'
[3.936s] Level 1:colcon.colcon_core.shell:create_environment_hook('interbotix_xsarm_dual', 'pythonpath')
[3.936s] INFO:colcon.colcon_core.shell:Creating environment hook '/home/derek-dietz/MSAI/ComputerVision/Final_Project/ws/interbotix/install/share/interbotix_xsarm_dual/hook/pythonpath.ps1'
[3.936s] INFO:colcon.colcon_core.shell:Creating environment descriptor '/home/derek-dietz/MSAI/ComputerVision/Final_Project/ws/interbotix/install/share/interbotix_xsarm_dual/hook/pythonpath.dsv'
[3.936s] INFO:colcon.colcon_core.shell:Creating environment hook '/home/derek-dietz/MSAI/ComputerVision/Final_Project/ws/interbotix/install/share/interbotix_xsarm_dual/hook/pythonpath.sh'
[3.936s] Level 1:colcon.colcon_core.environment:checking '/home/derek-dietz/MSAI/ComputerVision/Final_Project/ws/interbotix/install/bin'
[3.936s] INFO:colcon.colcon_core.shell:Creating package script '/home/derek-dietz/MSAI/ComputerVision/Final_Project/ws/interbotix/install/share/interbotix_xsarm_dual/package.ps1'
[3.937s] INFO:colcon.colcon_core.shell:Creating package descriptor '/home/derek-dietz/MSAI/ComputerVision/Final_Project/ws/interbotix/install/share/interbotix_xsarm_dual/package.dsv'
[3.937s] INFO:colcon.colcon_core.shell:Creating package script '/home/derek-dietz/MSAI/ComputerVision/Final_Project/ws/interbotix/install/share/interbotix_xsarm_dual/package.sh'
[3.937s] INFO:colcon.colcon_core.shell:Creating package script '/home/derek-dietz/MSAI/ComputerVision/Final_Project/ws/interbotix/install/share/interbotix_xsarm_dual/package.bash'
[3.938s] INFO:colcon.colcon_core.shell:Creating package script '/home/derek-dietz/MSAI/ComputerVision/Final_Project/ws/interbotix/install/share/interbotix_xsarm_dual/package.zsh'
[3.938s] Level 1:colcon.colcon_core.environment:create_file_with_runtime_dependencies(/home/derek-dietz/MSAI/ComputerVision/Final_Project/ws/interbotix/install/share/colcon-core/packages/interbotix_xsarm_dual)
[3.940s] DEBUG:colcon.colcon_core.event_handler.log_command:Invoked command in '/home/derek-dietz/MSAI/ComputerVision/Final_Project/ws/interbotix/build/interbotix_xsarm_joy' returned '0': CMAKE_PREFIX_PATH=${CMAKE_PREFIX_PATH}:/opt/ros/kilted DEBUGINFOD_URLS=https://debuginfod.ubuntu.com PYTHONPATH=/home/derek-dietz/MSAI/ComputerVision/Final_Project/ws/interbotix/install/lib/python3.12/site-packages:/home/derek-dietz/MSAI/ComputerVision/Final_Project/ros_ws/build/arm:/home/derek-dietz/MSAI/ComputerVision/Final_Project/ros_ws/install/arm/lib/python3.12/site-packages:/opt/ros/kilted/lib/python3.12/site-packages /usr/bin/cmake --build /home/derek-dietz/MSAI/ComputerVision/Final_Project/ws/interbotix/build/interbotix_xsarm_joy -- -j22 -l22
[3.940s] DEBUG:colcon.colcon_core.event_handler.log_command:Invoking command in '/home/derek-dietz/MSAI/ComputerVision/Final_Project/ws/interbotix/build/interbotix_xsarm_joy': CMAKE_PREFIX_PATH=${CMAKE_PREFIX_PATH}:/opt/ros/kilted DEBUGINFOD_URLS=https://debuginfod.ubuntu.com PYTHONPATH=/home/derek-dietz/MSAI/ComputerVision/Final_Project/ws/interbotix/install/lib/python3.12/site-packages:/home/derek-dietz/MSAI/ComputerVision/Final_Project/ros_ws/build/arm:/home/derek-dietz/MSAI/ComputerVision/Final_Project/ros_ws/install/arm/lib/python3.12/site-packages:/opt/ros/kilted/lib/python3.12/site-packages /usr/bin/cmake --install /home/derek-dietz/MSAI/ComputerVision/Final_Project/ws/interbotix/build/interbotix_xsarm_joy
[3.940s] DEBUG:colcon.colcon_core.event_handler.log_command:Invoked command in '/home/derek-dietz/MSAI/ComputerVision/Final_Project/ws/interbotix/build/interbotix_xsarm_puppet' returned '0': CMAKE_PREFIX_PATH=${CMAKE_PREFIX_PATH}:/opt/ros/kilted DEBUGINFOD_URLS=https://debuginfod.ubuntu.com PYTHONPATH=/home/derek-dietz/MSAI/ComputerVision/Final_Project/ws/interbotix/install/lib/python3.12/site-packages:/home/derek-dietz/MSAI/ComputerVision/Final_Project/ros_ws/build/arm:/home/derek-dietz/MSAI/ComputerVision/Final_Project/ros_ws/install/arm/lib/python3.12/site-packages:/opt/ros/kilted/lib/python3.12/site-packages /usr/bin/cmake --build /home/derek-dietz/MSAI/ComputerVision/Final_Project/ws/interbotix/build/interbotix_xsarm_puppet -- -j22 -l22
[3.941s] DEBUG:colcon.colcon_core.event_handler.log_command:Invoking command in '/home/derek-dietz/MSAI/ComputerVision/Final_Project/ws/interbotix/build/interbotix_xsarm_puppet': CMAKE_PREFIX_PATH=${CMAKE_PREFIX_PATH}:/opt/ros/kilted DEBUGINFOD_URLS=https://debuginfod.ubuntu.com PYTHONPATH=/home/derek-dietz/MSAI/ComputerVision/Final_Project/ws/interbotix/install/lib/python3.12/site-packages:/home/derek-dietz/MSAI/ComputerVision/Final_Project/ros_ws/build/arm:/home/derek-dietz/MSAI/ComputerVision/Final_Project/ros_ws/install/arm/lib/python3.12/site-packages:/opt/ros/kilted/lib/python3.12/site-packages /usr/bin/cmake --install /home/derek-dietz/MSAI/ComputerVision/Final_Project/ws/interbotix/build/interbotix_xsarm_puppet
[3.948s] DEBUG:colcon.colcon_core.event_handler.log_command:Invoking command in '/home/derek-dietz/MSAI/ComputerVision/Final_Project/ws/interbotix/build/interbotix_xsarm_moveit': CMAKE_PREFIX_PATH=${CMAKE_PREFIX_PATH}:/opt/ros/kilted DEBUGINFOD_URLS=https://debuginfod.ubuntu.com PYTHONPATH=/home/derek-dietz/MSAI/ComputerVision/Final_Project/ws/interbotix/install/lib/python3.12/site-packages:/home/derek-dietz/MSAI/ComputerVision/Final_Project/ros_ws/build/arm:/home/derek-dietz/MSAI/ComputerVision/Final_Project/ros_ws/install/arm/lib/python3.12/site-packages:/opt/ros/kilted/lib/python3.12/site-packages /usr/bin/cmake --build /home/derek-dietz/MSAI/ComputerVision/Final_Project/ws/interbotix/build/interbotix_xsarm_moveit -- -j22 -l22
[3.950s] Level 1:colcon.colcon_core.environment:create_environment_scripts_only(interbotix_xsarm_puppet)
[3.951s] Level 1:colcon.colcon_core.environment:checking '/home/derek-dietz/MSAI/ComputerVision/Final_Project/ws/interbotix/install' for CMake module files
[3.953s] Level 1:colcon.colcon_core.environment:checking '/home/derek-dietz/MSAI/ComputerVision/Final_Project/ws/interbotix/install' for CMake config files
[3.953s] DEBUG:colcon.colcon_core.event_handler.log_command:Invoked command in '/home/derek-dietz/MSAI/ComputerVision/Final_Project/ws/interbotix/build/interbotix_xsarm_puppet' returned '0': CMAKE_PREFIX_PATH=${CMAKE_PREFIX_PATH}:/opt/ros/kilted DEBUGINFOD_URLS=https://debuginfod.ubuntu.com PYTHONPATH=/home/derek-dietz/MSAI/ComputerVision/Final_Project/ws/interbotix/install/lib/python3.12/site-packages:/home/derek-dietz/MSAI/ComputerVision/Final_Project/ros_ws/build/arm:/home/derek-dietz/MSAI/ComputerVision/Final_Project/ros_ws/install/arm/lib/python3.12/site-packages:/opt/ros/kilted/lib/python3.12/site-packages /usr/bin/cmake --install /home/derek-dietz/MSAI/ComputerVision/Final_Project/ws/interbotix/build/interbotix_xsarm_puppet
[3.954s] Level 1:colcon.colcon_core.shell:create_environment_hook('interbotix_xsarm_puppet', 'cmake_prefix_path')
[3.954s] INFO:colcon.colcon_core.shell:Creating environment hook '/home/derek-dietz/MSAI/ComputerVision/Final_Project/ws/interbotix/install/share/interbotix_xsarm_puppet/hook/cmake_prefix_path.ps1'
[3.954s] INFO:colcon.colcon_core.shell:Creating environment descriptor '/home/derek-dietz/MSAI/ComputerVision/Final_Project/ws/interbotix/install/share/interbotix_xsarm_puppet/hook/cmake_prefix_path.dsv'
[3.954s] INFO:colcon.colcon_core.shell:Creating environment hook '/home/derek-dietz/MSAI/ComputerVision/Final_Project/ws/interbotix/install/share/interbotix_xsarm_puppet/hook/cmake_prefix_path.sh'
[3.955s] Level 1:colcon.colcon_core.environment:checking '/home/derek-dietz/MSAI/ComputerVision/Final_Project/ws/interbotix/install/lib'
[3.955s] Level 1:colcon.colcon_core.shell:create_environment_hook('interbotix_xsarm_puppet', 'ld_library_path_lib')
[3.955s] INFO:colcon.colcon_core.shell:Creating environment hook '/home/derek-dietz/MSAI/ComputerVision/Final_Project/ws/interbotix/install/share/interbotix_xsarm_puppet/hook/ld_library_path_lib.ps1'
[3.955s] INFO:colcon.colcon_core.shell:Creating environment descriptor '/home/derek-dietz/MSAI/ComputerVision/Final_Project/ws/interbotix/install/share/interbotix_xsarm_puppet/hook/ld_library_path_lib.dsv'
[3.955s] INFO:colcon.colcon_core.shell:Creating environment hook '/home/derek-dietz/MSAI/ComputerVision/Final_Project/ws/interbotix/install/share/interbotix_xsarm_puppet/hook/ld_library_path_lib.sh'
[3.955s] Level 1:colcon.colcon_core.environment:checking '/home/derek-dietz/MSAI/ComputerVision/Final_Project/ws/interbotix/install/bin'
[3.956s] Level 1:colcon.colcon_core.environment:checking '/home/derek-dietz/MSAI/ComputerVision/Final_Project/ws/interbotix/install/lib/pkgconfig/interbotix_xsarm_puppet.pc'
[3.956s] Level 1:colcon.colcon_core.environment:checking '/home/derek-dietz/MSAI/ComputerVision/Final_Project/ws/interbotix/install/lib/python3.12/site-packages'
[3.956s] Level 1:colcon.colcon_core.shell:create_environment_hook('interbotix_xsarm_puppet', 'pythonpath')
[3.956s] INFO:colcon.colcon_core.shell:Creating environment hook '/home/derek-dietz/MSAI/ComputerVision/Final_Project/ws/interbotix/install/share/interbotix_xsarm_puppet/hook/pythonpath.ps1'
[3.956s] INFO:colcon.colcon_core.shell:Creating environment descriptor '/home/derek-dietz/MSAI/ComputerVision/Final_Project/ws/interbotix/install/share/interbotix_xsarm_puppet/hook/pythonpath.dsv'
[3.956s] INFO:colcon.colcon_core.shell:Creating environment hook '/home/derek-dietz/MSAI/ComputerVision/Final_Project/ws/interbotix/install/share/interbotix_xsarm_puppet/hook/pythonpath.sh'
[3.957s] Level 1:colcon.colcon_core.environment:checking '/home/derek-dietz/MSAI/ComputerVision/Final_Project/ws/interbotix/install/bin'
[3.957s] INFO:colcon.colcon_core.shell:Creating package script '/home/derek-dietz/MSAI/ComputerVision/Final_Project/ws/interbotix/install/share/interbotix_xsarm_puppet/package.ps1'
[3.957s] INFO:colcon.colcon_core.shell:Creating package descriptor '/home/derek-dietz/MSAI/ComputerVision/Final_Project/ws/interbotix/install/share/interbotix_xsarm_puppet/package.dsv'
[3.957s] INFO:colcon.colcon_core.shell:Creating package script '/home/derek-dietz/MSAI/ComputerVision/Final_Project/ws/interbotix/install/share/interbotix_xsarm_puppet/package.sh'
[3.957s] INFO:colcon.colcon_core.shell:Creating package script '/home/derek-dietz/MSAI/ComputerVision/Final_Project/ws/interbotix/install/share/interbotix_xsarm_puppet/package.bash'
[3.958s] INFO:colcon.colcon_core.shell:Creating package script '/home/derek-dietz/MSAI/ComputerVision/Final_Project/ws/interbotix/install/share/interbotix_xsarm_puppet/package.zsh'
[3.958s] Level 1:colcon.colcon_core.environment:create_file_with_runtime_dependencies(/home/derek-dietz/MSAI/ComputerVision/Final_Project/ws/interbotix/install/share/colcon-core/packages/interbotix_xsarm_puppet)
[3.958s] Level 1:colcon.colcon_core.environment:create_environment_scripts_only(interbotix_xsarm_puppet)
[3.958s] Level 1:colcon.colcon_core.environment:checking '/home/derek-dietz/MSAI/ComputerVision/Final_Project/ws/interbotix/install' for CMake module files
[3.958s] Level 1:colcon.colcon_core.environment:checking '/home/derek-dietz/MSAI/ComputerVision/Final_Project/ws/interbotix/install' for CMake config files
[3.959s] Level 1:colcon.colcon_core.shell:create_environment_hook('interbotix_xsarm_puppet', 'cmake_prefix_path')
[3.959s] INFO:colcon.colcon_core.shell:Creating environment hook '/home/derek-dietz/MSAI/ComputerVision/Final_Project/ws/interbotix/install/share/interbotix_xsarm_puppet/hook/cmake_prefix_path.ps1'
[3.959s] INFO:colcon.colcon_core.shell:Creating environment descriptor '/home/derek-dietz/MSAI/ComputerVision/Final_Project/ws/interbotix/install/share/interbotix_xsarm_puppet/hook/cmake_prefix_path.dsv'
[3.959s] INFO:colcon.colcon_core.shell:Creating environment hook '/home/derek-dietz/MSAI/ComputerVision/Final_Project/ws/interbotix/install/share/interbotix_xsarm_puppet/hook/cmake_prefix_path.sh'
[3.960s] Level 1:colcon.colcon_core.environment:checking '/home/derek-dietz/MSAI/ComputerVision/Final_Project/ws/interbotix/install/lib'
[3.960s] Level 1:colcon.colcon_core.shell:create_environment_hook('interbotix_xsarm_puppet', 'ld_library_path_lib')
[3.960s] INFO:colcon.colcon_core.shell:Creating environment hook '/home/derek-dietz/MSAI/ComputerVision/Final_Project/ws/interbotix/install/share/interbotix_xsarm_puppet/hook/ld_library_path_lib.ps1'
[3.960s] INFO:colcon.colcon_core.shell:Creating environment descriptor '/home/derek-dietz/MSAI/ComputerVision/Final_Project/ws/interbotix/install/share/interbotix_xsarm_puppet/hook/ld_library_path_lib.dsv'
[3.960s] INFO:colcon.colcon_core.shell:Creating environment hook '/home/derek-dietz/MSAI/ComputerVision/Final_Project/ws/interbotix/install/share/interbotix_xsarm_puppet/hook/ld_library_path_lib.sh'
[3.960s] Level 1:colcon.colcon_core.environment:checking '/home/derek-dietz/MSAI/ComputerVision/Final_Project/ws/interbotix/install/bin'
[3.960s] Level 1:colcon.colcon_core.environment:checking '/home/derek-dietz/MSAI/ComputerVision/Final_Project/ws/interbotix/install/lib/pkgconfig/interbotix_xsarm_puppet.pc'
[3.960s] Level 1:colcon.colcon_core.environment:checking '/home/derek-dietz/MSAI/ComputerVision/Final_Project/ws/interbotix/install/lib/python3.12/site-packages'
[3.961s] Level 1:colcon.colcon_core.shell:create_environment_hook('interbotix_xsarm_puppet', 'pythonpath')
[3.961s] INFO:colcon.colcon_core.shell:Creating environment hook '/home/derek-dietz/MSAI/ComputerVision/Final_Project/ws/interbotix/install/share/interbotix_xsarm_puppet/hook/pythonpath.ps1'
[3.961s] INFO:colcon.colcon_core.shell:Creating environment descriptor '/home/derek-dietz/MSAI/ComputerVision/Final_Project/ws/interbotix/install/share/interbotix_xsarm_puppet/hook/pythonpath.dsv'
[3.961s] INFO:colcon.colcon_core.shell:Creating environment hook '/home/derek-dietz/MSAI/ComputerVision/Final_Project/ws/interbotix/install/share/interbotix_xsarm_puppet/hook/pythonpath.sh'
[3.961s] Level 1:colcon.colcon_core.environment:checking '/home/derek-dietz/MSAI/ComputerVision/Final_Project/ws/interbotix/install/bin'
[3.962s] INFO:colcon.colcon_core.shell:Creating package script '/home/derek-dietz/MSAI/ComputerVision/Final_Project/ws/interbotix/install/share/interbotix_xsarm_puppet/package.ps1'
[3.962s] INFO:colcon.colcon_core.shell:Creating package descriptor '/home/derek-dietz/MSAI/ComputerVision/Final_Project/ws/interbotix/install/share/interbotix_xsarm_puppet/package.dsv'
[3.962s] INFO:colcon.colcon_core.shell:Creating package script '/home/derek-dietz/MSAI/ComputerVision/Final_Project/ws/interbotix/install/share/interbotix_xsarm_puppet/package.sh'
[3.962s] INFO:colcon.colcon_core.shell:Creating package script '/home/derek-dietz/MSAI/ComputerVision/Final_Project/ws/interbotix/install/share/interbotix_xsarm_puppet/package.bash'
[3.963s] INFO:colcon.colcon_core.shell:Creating package script '/home/derek-dietz/MSAI/ComputerVision/Final_Project/ws/interbotix/install/share/interbotix_xsarm_puppet/package.zsh'
[3.963s] Level 1:colcon.colcon_core.environment:create_file_with_runtime_dependencies(/home/derek-dietz/MSAI/ComputerVision/Final_Project/ws/interbotix/install/share/colcon-core/packages/interbotix_xsarm_puppet)
[3.964s] Level 1:colcon.colcon_core.environment:create_environment_scripts_only(interbotix_xsarm_joy)
[3.964s] Level 1:colcon.colcon_core.environment:checking '/home/derek-dietz/MSAI/ComputerVision/Final_Project/ws/interbotix/install' for CMake module files
[3.965s] DEBUG:colcon.colcon_core.event_handler.log_command:Invoked command in '/home/derek-dietz/MSAI/ComputerVision/Final_Project/ws/interbotix/build/interbotix_xsarm_joy' returned '0': CMAKE_PREFIX_PATH=${CMAKE_PREFIX_PATH}:/opt/ros/kilted DEBUGINFOD_URLS=https://debuginfod.ubuntu.com PYTHONPATH=/home/derek-dietz/MSAI/ComputerVision/Final_Project/ws/interbotix/install/lib/python3.12/site-packages:/home/derek-dietz/MSAI/ComputerVision/Final_Project/ros_ws/build/arm:/home/derek-dietz/MSAI/ComputerVision/Final_Project/ros_ws/install/arm/lib/python3.12/site-packages:/opt/ros/kilted/lib/python3.12/site-packages /usr/bin/cmake --install /home/derek-dietz/MSAI/ComputerVision/Final_Project/ws/interbotix/build/interbotix_xsarm_joy
[3.965s] Level 1:colcon.colcon_core.environment:checking '/home/derek-dietz/MSAI/ComputerVision/Final_Project/ws/interbotix/install' for CMake config files
[3.966s] Level 1:colcon.colcon_core.shell:create_environment_hook('interbotix_xsarm_joy', 'cmake_prefix_path')
[3.966s] INFO:colcon.colcon_core.shell:Creating environment hook '/home/derek-dietz/MSAI/ComputerVision/Final_Project/ws/interbotix/install/share/interbotix_xsarm_joy/hook/cmake_prefix_path.ps1'
[3.967s] INFO:colcon.colcon_core.shell:Creating environment descriptor '/home/derek-dietz/MSAI/ComputerVision/Final_Project/ws/interbotix/install/share/interbotix_xsarm_joy/hook/cmake_prefix_path.dsv'
[3.967s] INFO:colcon.colcon_core.shell:Creating environment hook '/home/derek-dietz/MSAI/ComputerVision/Final_Project/ws/interbotix/install/share/interbotix_xsarm_joy/hook/cmake_prefix_path.sh'
[3.968s] Level 1:colcon.colcon_core.environment:checking '/home/derek-dietz/MSAI/ComputerVision/Final_Project/ws/interbotix/install/lib'
[3.968s] Level 1:colcon.colcon_core.shell:create_environment_hook('interbotix_xsarm_joy', 'ld_library_path_lib')
[3.968s] INFO:colcon.colcon_core.shell:Creating environment hook '/home/derek-dietz/MSAI/ComputerVision/Final_Project/ws/interbotix/install/share/interbotix_xsarm_joy/hook/ld_library_path_lib.ps1'
[3.968s] INFO:colcon.colcon_core.shell:Creating environment descriptor '/home/derek-dietz/MSAI/ComputerVision/Final_Project/ws/interbotix/install/share/interbotix_xsarm_joy/hook/ld_library_path_lib.dsv'
[3.969s] INFO:colcon.colcon_core.shell:Creating environment hook '/home/derek-dietz/MSAI/ComputerVision/Final_Project/ws/interbotix/install/share/interbotix_xsarm_joy/hook/ld_library_path_lib.sh'
[3.969s] Level 1:colcon.colcon_core.environment:checking '/home/derek-dietz/MSAI/ComputerVision/Final_Project/ws/interbotix/install/bin'
[3.969s] Level 1:colcon.colcon_core.environment:checking '/home/derek-dietz/MSAI/ComputerVision/Final_Project/ws/interbotix/install/lib/pkgconfig/interbotix_xsarm_joy.pc'
[3.970s] Level 1:colcon.colcon_core.environment:checking '/home/derek-dietz/MSAI/ComputerVision/Final_Project/ws/interbotix/install/lib/python3.12/site-packages'
[3.970s] Level 1:colcon.colcon_core.shell:create_environment_hook('interbotix_xsarm_joy', 'pythonpath')
[3.970s] INFO:colcon.colcon_core.shell:Creating environment hook '/home/derek-dietz/MSAI/ComputerVision/Final_Project/ws/interbotix/install/share/interbotix_xsarm_joy/hook/pythonpath.ps1'
[3.970s] INFO:colcon.colcon_core.shell:Creating environment descriptor '/home/derek-dietz/MSAI/ComputerVision/Final_Project/ws/interbotix/install/share/interbotix_xsarm_joy/hook/pythonpath.dsv'
[3.971s] INFO:colcon.colcon_core.shell:Creating environment hook '/home/derek-dietz/MSAI/ComputerVision/Final_Project/ws/interbotix/install/share/interbotix_xsarm_joy/hook/pythonpath.sh'
[3.972s] Level 1:colcon.colcon_core.environment:checking '/home/derek-dietz/MSAI/ComputerVision/Final_Project/ws/interbotix/install/bin'
[3.972s] INFO:colcon.colcon_core.shell:Creating package script '/home/derek-dietz/MSAI/ComputerVision/Final_Project/ws/interbotix/install/share/interbotix_xsarm_joy/package.ps1'
[3.972s] INFO:colcon.colcon_core.shell:Creating package descriptor '/home/derek-dietz/MSAI/ComputerVision/Final_Project/ws/interbotix/install/share/interbotix_xsarm_joy/package.dsv'
[3.973s] INFO:colcon.colcon_core.shell:Creating package script '/home/derek-dietz/MSAI/ComputerVision/Final_Project/ws/interbotix/install/share/interbotix_xsarm_joy/package.sh'
[3.973s] INFO:colcon.colcon_core.shell:Creating package script '/home/derek-dietz/MSAI/ComputerVision/Final_Project/ws/interbotix/install/share/interbotix_xsarm_joy/package.bash'
[3.974s] INFO:colcon.colcon_core.shell:Creating package script '/home/derek-dietz/MSAI/ComputerVision/Final_Project/ws/interbotix/install/share/interbotix_xsarm_joy/package.zsh'
[3.974s] Level 1:colcon.colcon_core.environment:create_file_with_runtime_dependencies(/home/derek-dietz/MSAI/ComputerVision/Final_Project/ws/interbotix/install/share/colcon-core/packages/interbotix_xsarm_joy)
[3.975s] Level 1:colcon.colcon_core.environment:create_environment_scripts_only(interbotix_xsarm_joy)
[3.975s] Level 1:colcon.colcon_core.environment:checking '/home/derek-dietz/MSAI/ComputerVision/Final_Project/ws/interbotix/install' for CMake module files
[3.975s] Level 1:colcon.colcon_core.environment:checking '/home/derek-dietz/MSAI/ComputerVision/Final_Project/ws/interbotix/install' for CMake config files
[3.976s] Level 1:colcon.colcon_core.shell:create_environment_hook('interbotix_xsarm_joy', 'cmake_prefix_path')
[3.976s] INFO:colcon.colcon_core.shell:Creating environment hook '/home/derek-dietz/MSAI/ComputerVision/Final_Project/ws/interbotix/install/share/interbotix_xsarm_joy/hook/cmake_prefix_path.ps1'
[3.977s] INFO:colcon.colcon_core.shell:Creating environment descriptor '/home/derek-dietz/MSAI/ComputerVision/Final_Project/ws/interbotix/install/share/interbotix_xsarm_joy/hook/cmake_prefix_path.dsv'
[3.977s] INFO:colcon.colcon_core.shell:Creating environment hook '/home/derek-dietz/MSAI/ComputerVision/Final_Project/ws/interbotix/install/share/interbotix_xsarm_joy/hook/cmake_prefix_path.sh'
[3.978s] Level 1:colcon.colcon_core.environment:checking '/home/derek-dietz/MSAI/ComputerVision/Final_Project/ws/interbotix/install/lib'
[3.978s] Level 1:colcon.colcon_core.shell:create_environment_hook('interbotix_xsarm_joy', 'ld_library_path_lib')
[3.978s] INFO:colcon.colcon_core.shell:Creating environment hook '/home/derek-dietz/MSAI/ComputerVision/Final_Project/ws/interbotix/install/share/interbotix_xsarm_joy/hook/ld_library_path_lib.ps1'
[3.978s] INFO:colcon.colcon_core.shell:Creating environment descriptor '/home/derek-dietz/MSAI/ComputerVision/Final_Project/ws/interbotix/install/share/interbotix_xsarm_joy/hook/ld_library_path_lib.dsv'
[3.978s] INFO:colcon.colcon_core.shell:Creating environment hook '/home/derek-dietz/MSAI/ComputerVision/Final_Project/ws/interbotix/install/share/interbotix_xsarm_joy/hook/ld_library_path_lib.sh'
[3.979s] Level 1:colcon.colcon_core.environment:checking '/home/derek-dietz/MSAI/ComputerVision/Final_Project/ws/interbotix/install/bin'
[3.979s] Level 1:colcon.colcon_core.environment:checking '/home/derek-dietz/MSAI/ComputerVision/Final_Project/ws/interbotix/install/lib/pkgconfig/interbotix_xsarm_joy.pc'
[3.979s] Level 1:colcon.colcon_core.environment:checking '/home/derek-dietz/MSAI/ComputerVision/Final_Project/ws/interbotix/install/lib/python3.12/site-packages'
[3.979s] Level 1:colcon.colcon_core.shell:create_environment_hook('interbotix_xsarm_joy', 'pythonpath')
[3.979s] INFO:colcon.colcon_core.shell:Creating environment hook '/home/derek-dietz/MSAI/ComputerVision/Final_Project/ws/interbotix/install/share/interbotix_xsarm_joy/hook/pythonpath.ps1'
[3.979s] INFO:colcon.colcon_core.shell:Creating environment descriptor '/home/derek-dietz/MSAI/ComputerVision/Final_Project/ws/interbotix/install/share/interbotix_xsarm_joy/hook/pythonpath.dsv'
[3.980s] INFO:colcon.colcon_core.shell:Creating environment hook '/home/derek-dietz/MSAI/ComputerVision/Final_Project/ws/interbotix/install/share/interbotix_xsarm_joy/hook/pythonpath.sh'
[3.980s] Level 1:colcon.colcon_core.environment:checking '/home/derek-dietz/MSAI/ComputerVision/Final_Project/ws/interbotix/install/bin'
[3.980s] INFO:colcon.colcon_core.shell:Creating package script '/home/derek-dietz/MSAI/ComputerVision/Final_Project/ws/interbotix/install/share/interbotix_xsarm_joy/package.ps1'
[3.981s] INFO:colcon.colcon_core.shell:Creating package descriptor '/home/derek-dietz/MSAI/ComputerVision/Final_Project/ws/interbotix/install/share/interbotix_xsarm_joy/package.dsv'
[3.981s] INFO:colcon.colcon_core.shell:Creating package script '/home/derek-dietz/MSAI/ComputerVision/Final_Project/ws/interbotix/install/share/interbotix_xsarm_joy/package.sh'
[3.982s] INFO:colcon.colcon_core.shell:Creating package script '/home/derek-dietz/MSAI/ComputerVision/Final_Project/ws/interbotix/install/share/interbotix_xsarm_joy/package.bash'
[3.982s] INFO:colcon.colcon_core.shell:Creating package script '/home/derek-dietz/MSAI/ComputerVision/Final_Project/ws/interbotix/install/share/interbotix_xsarm_joy/package.zsh'
[3.982s] Level 1:colcon.colcon_core.environment:create_file_with_runtime_dependencies(/home/derek-dietz/MSAI/ComputerVision/Final_Project/ws/interbotix/install/share/colcon-core/packages/interbotix_xsarm_joy)
[3.991s] DEBUG:colcon.colcon_core.event_handler.log_command:Invoked command in '/home/derek-dietz/MSAI/ComputerVision/Final_Project/ws/interbotix/build/interbotix_xsarm_moveit' returned '0': CMAKE_PREFIX_PATH=${CMAKE_PREFIX_PATH}:/opt/ros/kilted DEBUGINFOD_URLS=https://debuginfod.ubuntu.com PYTHONPATH=/home/derek-dietz/MSAI/ComputerVision/Final_Project/ws/interbotix/install/lib/python3.12/site-packages:/home/derek-dietz/MSAI/ComputerVision/Final_Project/ros_ws/build/arm:/home/derek-dietz/MSAI/ComputerVision/Final_Project/ros_ws/install/arm/lib/python3.12/site-packages:/opt/ros/kilted/lib/python3.12/site-packages /usr/bin/cmake --build /home/derek-dietz/MSAI/ComputerVision/Final_Project/ws/interbotix/build/interbotix_xsarm_moveit -- -j22 -l22
[3.992s] DEBUG:colcon.colcon_core.event_handler.log_command:Invoking command in '/home/derek-dietz/MSAI/ComputerVision/Final_Project/ws/interbotix/build/interbotix_xsarm_moveit': CMAKE_PREFIX_PATH=${CMAKE_PREFIX_PATH}:/opt/ros/kilted DEBUGINFOD_URLS=https://debuginfod.ubuntu.com PYTHONPATH=/home/derek-dietz/MSAI/ComputerVision/Final_Project/ws/interbotix/install/lib/python3.12/site-packages:/home/derek-dietz/MSAI/ComputerVision/Final_Project/ros_ws/build/arm:/home/derek-dietz/MSAI/ComputerVision/Final_Project/ros_ws/install/arm/lib/python3.12/site-packages:/opt/ros/kilted/lib/python3.12/site-packages /usr/bin/cmake --install /home/derek-dietz/MSAI/ComputerVision/Final_Project/ws/interbotix/build/interbotix_xsarm_moveit
[4.009s] Level 1:colcon.colcon_core.environment:create_environment_scripts_only(interbotix_xsarm_moveit)
[4.009s] DEBUG:colcon.colcon_core.event_handler.log_command:Invoked command in '/home/derek-dietz/MSAI/ComputerVision/Final_Project/ws/interbotix/build/interbotix_xsarm_moveit' returned '0': CMAKE_PREFIX_PATH=${CMAKE_PREFIX_PATH}:/opt/ros/kilted DEBUGINFOD_URLS=https://debuginfod.ubuntu.com PYTHONPATH=/home/derek-dietz/MSAI/ComputerVision/Final_Project/ws/interbotix/install/lib/python3.12/site-packages:/home/derek-dietz/MSAI/ComputerVision/Final_Project/ros_ws/build/arm:/home/derek-dietz/MSAI/ComputerVision/Final_Project/ros_ws/install/arm/lib/python3.12/site-packages:/opt/ros/kilted/lib/python3.12/site-packages /usr/bin/cmake --install /home/derek-dietz/MSAI/ComputerVision/Final_Project/ws/interbotix/build/interbotix_xsarm_moveit
[4.009s] Level 1:colcon.colcon_core.environment:checking '/home/derek-dietz/MSAI/ComputerVision/Final_Project/ws/interbotix/install' for CMake module files
[4.010s] Level 1:colcon.colcon_core.environment:checking '/home/derek-dietz/MSAI/ComputerVision/Final_Project/ws/interbotix/install' for CMake config files
[4.011s] Level 1:colcon.colcon_core.shell:create_environment_hook('interbotix_xsarm_moveit', 'cmake_prefix_path')
[4.011s] INFO:colcon.colcon_core.shell:Creating environment hook '/home/derek-dietz/MSAI/ComputerVision/Final_Project/ws/interbotix/install/share/interbotix_xsarm_moveit/hook/cmake_prefix_path.ps1'
[4.011s] INFO:colcon.colcon_core.shell:Creating environment descriptor '/home/derek-dietz/MSAI/ComputerVision/Final_Project/ws/interbotix/install/share/interbotix_xsarm_moveit/hook/cmake_prefix_path.dsv'
[4.012s] INFO:colcon.colcon_core.shell:Creating environment hook '/home/derek-dietz/MSAI/ComputerVision/Final_Project/ws/interbotix/install/share/interbotix_xsarm_moveit/hook/cmake_prefix_path.sh'
[4.012s] Level 1:colcon.colcon_core.environment:checking '/home/derek-dietz/MSAI/ComputerVision/Final_Project/ws/interbotix/install/lib'
[4.012s] Level 1:colcon.colcon_core.shell:create_environment_hook('interbotix_xsarm_moveit', 'ld_library_path_lib')
[4.012s] INFO:colcon.colcon_core.shell:Creating environment hook '/home/derek-dietz/MSAI/ComputerVision/Final_Project/ws/interbotix/install/share/interbotix_xsarm_moveit/hook/ld_library_path_lib.ps1'
[4.013s] INFO:colcon.colcon_core.shell:Creating environment descriptor '/home/derek-dietz/MSAI/ComputerVision/Final_Project/ws/interbotix/install/share/interbotix_xsarm_moveit/hook/ld_library_path_lib.dsv'
[4.013s] INFO:colcon.colcon_core.shell:Creating environment hook '/home/derek-dietz/MSAI/ComputerVision/Final_Project/ws/interbotix/install/share/interbotix_xsarm_moveit/hook/ld_library_path_lib.sh'
[4.013s] Level 1:colcon.colcon_core.environment:checking '/home/derek-dietz/MSAI/ComputerVision/Final_Project/ws/interbotix/install/bin'
[4.013s] Level 1:colcon.colcon_core.environment:checking '/home/derek-dietz/MSAI/ComputerVision/Final_Project/ws/interbotix/install/lib/pkgconfig/interbotix_xsarm_moveit.pc'
[4.014s] Level 1:colcon.colcon_core.environment:checking '/home/derek-dietz/MSAI/ComputerVision/Final_Project/ws/interbotix/install/lib/python3.12/site-packages'
[4.014s] Level 1:colcon.colcon_core.shell:create_environment_hook('interbotix_xsarm_moveit', 'pythonpath')
[4.014s] INFO:colcon.colcon_core.shell:Creating environment hook '/home/derek-dietz/MSAI/ComputerVision/Final_Project/ws/interbotix/install/share/interbotix_xsarm_moveit/hook/pythonpath.ps1'
[4.014s] INFO:colcon.colcon_core.shell:Creating environment descriptor '/home/derek-dietz/MSAI/ComputerVision/Final_Project/ws/interbotix/install/share/interbotix_xsarm_moveit/hook/pythonpath.dsv'
[4.014s] INFO:colcon.colcon_core.shell:Creating environment hook '/home/derek-dietz/MSAI/ComputerVision/Final_Project/ws/interbotix/install/share/interbotix_xsarm_moveit/hook/pythonpath.sh'
[4.015s] Level 1:colcon.colcon_core.environment:checking '/home/derek-dietz/MSAI/ComputerVision/Final_Project/ws/interbotix/install/bin'
[4.015s] INFO:colcon.colcon_core.shell:Creating package script '/home/derek-dietz/MSAI/ComputerVision/Final_Project/ws/interbotix/install/share/interbotix_xsarm_moveit/package.ps1'
[4.016s] INFO:colcon.colcon_core.shell:Creating package descriptor '/home/derek-dietz/MSAI/ComputerVision/Final_Project/ws/interbotix/install/share/interbotix_xsarm_moveit/package.dsv'
[4.016s] INFO:colcon.colcon_core.shell:Creating package script '/home/derek-dietz/MSAI/ComputerVision/Final_Project/ws/interbotix/install/share/interbotix_xsarm_moveit/package.sh'
[4.016s] INFO:colcon.colcon_core.shell:Creating package script '/home/derek-dietz/MSAI/ComputerVision/Final_Project/ws/interbotix/install/share/interbotix_xsarm_moveit/package.bash'
[4.016s] INFO:colcon.colcon_core.shell:Creating package script '/home/derek-dietz/MSAI/ComputerVision/Final_Project/ws/interbotix/install/share/interbotix_xsarm_moveit/package.zsh'
[4.017s] Level 1:colcon.colcon_core.environment:create_file_with_runtime_dependencies(/home/derek-dietz/MSAI/ComputerVision/Final_Project/ws/interbotix/install/share/colcon-core/packages/interbotix_xsarm_moveit)
[4.017s] Level 1:colcon.colcon_core.environment:create_environment_scripts_only(interbotix_xsarm_moveit)
[4.017s] Level 1:colcon.colcon_core.environment:checking '/home/derek-dietz/MSAI/ComputerVision/Final_Project/ws/interbotix/install' for CMake module files
[4.017s] Level 1:colcon.colcon_core.environment:checking '/home/derek-dietz/MSAI/ComputerVision/Final_Project/ws/interbotix/install' for CMake config files
[4.018s] Level 1:colcon.colcon_core.shell:create_environment_hook('interbotix_xsarm_moveit', 'cmake_prefix_path')
[4.018s] INFO:colcon.colcon_core.shell:Creating environment hook '/home/derek-dietz/MSAI/ComputerVision/Final_Project/ws/interbotix/install/share/interbotix_xsarm_moveit/hook/cmake_prefix_path.ps1'
[4.018s] INFO:colcon.colcon_core.shell:Creating environment descriptor '/home/derek-dietz/MSAI/ComputerVision/Final_Project/ws/interbotix/install/share/interbotix_xsarm_moveit/hook/cmake_prefix_path.dsv'
[4.018s] INFO:colcon.colcon_core.shell:Creating environment hook '/home/derek-dietz/MSAI/ComputerVision/Final_Project/ws/interbotix/install/share/interbotix_xsarm_moveit/hook/cmake_prefix_path.sh'
[4.018s] Level 1:colcon.colcon_core.environment:checking '/home/derek-dietz/MSAI/ComputerVision/Final_Project/ws/interbotix/install/lib'
[4.018s] Level 1:colcon.colcon_core.shell:create_environment_hook('interbotix_xsarm_moveit', 'ld_library_path_lib')
[4.018s] INFO:colcon.colcon_core.shell:Creating environment hook '/home/derek-dietz/MSAI/ComputerVision/Final_Project/ws/interbotix/install/share/interbotix_xsarm_moveit/hook/ld_library_path_lib.ps1'
[4.019s] INFO:colcon.colcon_core.shell:Creating environment descriptor '/home/derek-dietz/MSAI/ComputerVision/Final_Project/ws/interbotix/install/share/interbotix_xsarm_moveit/hook/ld_library_path_lib.dsv'
[4.019s] INFO:colcon.colcon_core.shell:Creating environment hook '/home/derek-dietz/MSAI/ComputerVision/Final_Project/ws/interbotix/install/share/interbotix_xsarm_moveit/hook/ld_library_path_lib.sh'
[4.019s] Level 1:colcon.colcon_core.environment:checking '/home/derek-dietz/MSAI/ComputerVision/Final_Project/ws/interbotix/install/bin'
[4.019s] Level 1:colcon.colcon_core.environment:checking '/home/derek-dietz/MSAI/ComputerVision/Final_Project/ws/interbotix/install/lib/pkgconfig/interbotix_xsarm_moveit.pc'
[4.019s] Level 1:colcon.colcon_core.environment:checking '/home/derek-dietz/MSAI/ComputerVision/Final_Project/ws/interbotix/install/lib/python3.12/site-packages'
[4.019s] Level 1:colcon.colcon_core.shell:create_environment_hook('interbotix_xsarm_moveit', 'pythonpath')
[4.019s] INFO:colcon.colcon_core.shell:Creating environment hook '/home/derek-dietz/MSAI/ComputerVision/Final_Project/ws/interbotix/install/share/interbotix_xsarm_moveit/hook/pythonpath.ps1'
[4.019s] INFO:colcon.colcon_core.shell:Creating environment descriptor '/home/derek-dietz/MSAI/ComputerVision/Final_Project/ws/interbotix/install/share/interbotix_xsarm_moveit/hook/pythonpath.dsv'
[4.020s] INFO:colcon.colcon_core.shell:Creating environment hook '/home/derek-dietz/MSAI/ComputerVision/Final_Project/ws/interbotix/install/share/interbotix_xsarm_moveit/hook/pythonpath.sh'
[4.020s] Level 1:colcon.colcon_core.environment:checking '/home/derek-dietz/MSAI/ComputerVision/Final_Project/ws/interbotix/install/bin'
[4.020s] INFO:colcon.colcon_core.shell:Creating package script '/home/derek-dietz/MSAI/ComputerVision/Final_Project/ws/interbotix/install/share/interbotix_xsarm_moveit/package.ps1'
[4.020s] INFO:colcon.colcon_core.shell:Creating package descriptor '/home/derek-dietz/MSAI/ComputerVision/Final_Project/ws/interbotix/install/share/interbotix_xsarm_moveit/package.dsv'
[4.021s] INFO:colcon.colcon_core.shell:Creating package script '/home/derek-dietz/MSAI/ComputerVision/Final_Project/ws/interbotix/install/share/interbotix_xsarm_moveit/package.sh'
[4.021s] INFO:colcon.colcon_core.shell:Creating package script '/home/derek-dietz/MSAI/ComputerVision/Final_Project/ws/interbotix/install/share/interbotix_xsarm_moveit/package.bash'
[4.021s] INFO:colcon.colcon_core.shell:Creating package script '/home/derek-dietz/MSAI/ComputerVision/Final_Project/ws/interbotix/install/share/interbotix_xsarm_moveit/package.zsh'
[4.021s] Level 1:colcon.colcon_core.environment:create_file_with_runtime_dependencies(/home/derek-dietz/MSAI/ComputerVision/Final_Project/ws/interbotix/install/share/colcon-core/packages/interbotix_xsarm_moveit)
[4.021s] INFO:colcon.colcon_ros.task.ament_cmake.build:Building ROS package in '/home/derek-dietz/MSAI/ComputerVision/Final_Project/ws/interbotix/src/interbotix_ros_manipulators/interbotix_ros_xsarms/interbotix_ros_xsarms' with build type 'ament_cmake'
[4.022s] INFO:colcon.colcon_cmake.task.cmake.build:Building CMake package in '/home/derek-dietz/MSAI/ComputerVision/Final_Project/ws/interbotix/src/interbotix_ros_manipulators/interbotix_ros_xsarms/interbotix_ros_xsarms'
[4.022s] INFO:colcon.colcon_core.shell:Skip shell extension 'powershell' for command environment: Not usable outside of PowerShell
[4.022s] DEBUG:colcon.colcon_core.shell:Skip shell extension 'dsv' for command environment
[4.025s] INFO:colcon.colcon_ros.task.ament_cmake.build:Building ROS package in '/home/derek-dietz/MSAI/ComputerVision/Final_Project/ws/interbotix/src/interbotix_ros_manipulators/interbotix_ros_xsarms/examples/interbotix_xsarm_moveit_interface' with build type 'ament_cmake'
[4.025s] INFO:colcon.colcon_cmake.task.cmake.build:Building CMake package in '/home/derek-dietz/MSAI/ComputerVision/Final_Project/ws/interbotix/src/interbotix_ros_manipulators/interbotix_ros_xsarms/examples/interbotix_xsarm_moveit_interface'
[4.025s] INFO:colcon.colcon_core.shell:Skip shell extension 'powershell' for command environment: Not usable outside of PowerShell
[4.025s] DEBUG:colcon.colcon_core.shell:Skip shell extension 'dsv' for command environment
[4.049s] DEBUG:colcon.colcon_core.event_handler.log_command:Invoking command in '/home/derek-dietz/MSAI/ComputerVision/Final_Project/ws/interbotix/build/interbotix_ros_xsarms': CMAKE_PREFIX_PATH=${CMAKE_PREFIX_PATH}:/opt/ros/kilted DEBUGINFOD_URLS=https://debuginfod.ubuntu.com PYTHONPATH=/home/derek-dietz/MSAI/ComputerVision/Final_Project/ws/interbotix/install/lib/python3.12/site-packages:/home/derek-dietz/MSAI/ComputerVision/Final_Project/ros_ws/build/arm:/home/derek-dietz/MSAI/ComputerVision/Final_Project/ros_ws/install/arm/lib/python3.12/site-packages:/opt/ros/kilted/lib/python3.12/site-packages /usr/bin/cmake --build /home/derek-dietz/MSAI/ComputerVision/Final_Project/ws/interbotix/build/interbotix_ros_xsarms -- -j22 -l22
[4.055s] DEBUG:colcon.colcon_core.event_handler.log_command:Invoking command in '/home/derek-dietz/MSAI/ComputerVision/Final_Project/ws/interbotix/build/interbotix_xsarm_moveit_interface': CMAKE_PREFIX_PATH=${CMAKE_PREFIX_PATH}:/opt/ros/kilted DEBUGINFOD_URLS=https://debuginfod.ubuntu.com PYTHONPATH=/home/derek-dietz/MSAI/ComputerVision/Final_Project/ws/interbotix/install/lib/python3.12/site-packages:/home/derek-dietz/MSAI/ComputerVision/Final_Project/ros_ws/build/arm:/home/derek-dietz/MSAI/ComputerVision/Final_Project/ros_ws/install/arm/lib/python3.12/site-packages:/opt/ros/kilted/lib/python3.12/site-packages /usr/bin/cmake --build /home/derek-dietz/MSAI/ComputerVision/Final_Project/ws/interbotix/build/interbotix_xsarm_moveit_interface -- -j22 -l22
[4.092s] DEBUG:colcon.colcon_core.event_handler.log_command:Invoked command in '/home/derek-dietz/MSAI/ComputerVision/Final_Project/ws/interbotix/build/interbotix_ros_xsarms' returned '0': CMAKE_PREFIX_PATH=${CMAKE_PREFIX_PATH}:/opt/ros/kilted DEBUGINFOD_URLS=https://debuginfod.ubuntu.com PYTHONPATH=/home/derek-dietz/MSAI/ComputerVision/Final_Project/ws/interbotix/install/lib/python3.12/site-packages:/home/derek-dietz/MSAI/ComputerVision/Final_Project/ros_ws/build/arm:/home/derek-dietz/MSAI/ComputerVision/Final_Project/ros_ws/install/arm/lib/python3.12/site-packages:/opt/ros/kilted/lib/python3.12/site-packages /usr/bin/cmake --build /home/derek-dietz/MSAI/ComputerVision/Final_Project/ws/interbotix/build/interbotix_ros_xsarms -- -j22 -l22
[4.094s] DEBUG:colcon.colcon_core.event_handler.log_command:Invoking command in '/home/derek-dietz/MSAI/ComputerVision/Final_Project/ws/interbotix/build/interbotix_ros_xsarms': CMAKE_PREFIX_PATH=${CMAKE_PREFIX_PATH}:/opt/ros/kilted DEBUGINFOD_URLS=https://debuginfod.ubuntu.com PYTHONPATH=/home/derek-dietz/MSAI/ComputerVision/Final_Project/ws/interbotix/install/lib/python3.12/site-packages:/home/derek-dietz/MSAI/ComputerVision/Final_Project/ros_ws/build/arm:/home/derek-dietz/MSAI/ComputerVision/Final_Project/ros_ws/install/arm/lib/python3.12/site-packages:/opt/ros/kilted/lib/python3.12/site-packages /usr/bin/cmake --install /home/derek-dietz/MSAI/ComputerVision/Final_Project/ws/interbotix/build/interbotix_ros_xsarms
[4.099s] DEBUG:colcon.colcon_core.event_handler.log_command:Invoked command in '/home/derek-dietz/MSAI/ComputerVision/Final_Project/ws/interbotix/build/interbotix_xsarm_moveit_interface' returned '0': CMAKE_PREFIX_PATH=${CMAKE_PREFIX_PATH}:/opt/ros/kilted DEBUGINFOD_URLS=https://debuginfod.ubuntu.com PYTHONPATH=/home/derek-dietz/MSAI/ComputerVision/Final_Project/ws/interbotix/install/lib/python3.12/site-packages:/home/derek-dietz/MSAI/ComputerVision/Final_Project/ros_ws/build/arm:/home/derek-dietz/MSAI/ComputerVision/Final_Project/ros_ws/install/arm/lib/python3.12/site-packages:/opt/ros/kilted/lib/python3.12/site-packages /usr/bin/cmake --build /home/derek-dietz/MSAI/ComputerVision/Final_Project/ws/interbotix/build/interbotix_xsarm_moveit_interface -- -j22 -l22
[4.100s] DEBUG:colcon.colcon_core.event_handler.log_command:Invoking command in '/home/derek-dietz/MSAI/ComputerVision/Final_Project/ws/interbotix/build/interbotix_xsarm_moveit_interface': CMAKE_PREFIX_PATH=${CMAKE_PREFIX_PATH}:/opt/ros/kilted DEBUGINFOD_URLS=https://debuginfod.ubuntu.com PYTHONPATH=/home/derek-dietz/MSAI/ComputerVision/Final_Project/ws/interbotix/install/lib/python3.12/site-packages:/home/derek-dietz/MSAI/ComputerVision/Final_Project/ros_ws/build/arm:/home/derek-dietz/MSAI/ComputerVision/Final_Project/ros_ws/install/arm/lib/python3.12/site-packages:/opt/ros/kilted/lib/python3.12/site-packages /usr/bin/cmake --install /home/derek-dietz/MSAI/ComputerVision/Final_Project/ws/interbotix/build/interbotix_xsarm_moveit_interface
[4.104s] Level 1:colcon.colcon_core.environment:create_environment_scripts_only(interbotix_ros_xsarms)
[4.104s] Level 1:colcon.colcon_core.environment:checking '/home/derek-dietz/MSAI/ComputerVision/Final_Project/ws/interbotix/install' for CMake module files
[4.105s] DEBUG:colcon.colcon_core.event_handler.log_command:Invoked command in '/home/derek-dietz/MSAI/ComputerVision/Final_Project/ws/interbotix/build/interbotix_ros_xsarms' returned '0': CMAKE_PREFIX_PATH=${CMAKE_PREFIX_PATH}:/opt/ros/kilted DEBUGINFOD_URLS=https://debuginfod.ubuntu.com PYTHONPATH=/home/derek-dietz/MSAI/ComputerVision/Final_Project/ws/interbotix/install/lib/python3.12/site-packages:/home/derek-dietz/MSAI/ComputerVision/Final_Project/ros_ws/build/arm:/home/derek-dietz/MSAI/ComputerVision/Final_Project/ros_ws/install/arm/lib/python3.12/site-packages:/opt/ros/kilted/lib/python3.12/site-packages /usr/bin/cmake --install /home/derek-dietz/MSAI/ComputerVision/Final_Project/ws/interbotix/build/interbotix_ros_xsarms
[4.105s] Level 1:colcon.colcon_core.environment:checking '/home/derek-dietz/MSAI/ComputerVision/Final_Project/ws/interbotix/install' for CMake config files
[4.106s] Level 1:colcon.colcon_core.shell:create_environment_hook('interbotix_ros_xsarms', 'cmake_prefix_path')
[4.106s] INFO:colcon.colcon_core.shell:Creating environment hook '/home/derek-dietz/MSAI/ComputerVision/Final_Project/ws/interbotix/install/share/interbotix_ros_xsarms/hook/cmake_prefix_path.ps1'
[4.107s] INFO:colcon.colcon_core.shell:Creating environment descriptor '/home/derek-dietz/MSAI/ComputerVision/Final_Project/ws/interbotix/install/share/interbotix_ros_xsarms/hook/cmake_prefix_path.dsv'
[4.107s] INFO:colcon.colcon_core.shell:Creating environment hook '/home/derek-dietz/MSAI/ComputerVision/Final_Project/ws/interbotix/install/share/interbotix_ros_xsarms/hook/cmake_prefix_path.sh'
[4.108s] Level 1:colcon.colcon_core.environment:checking '/home/derek-dietz/MSAI/ComputerVision/Final_Project/ws/interbotix/install/lib'
[4.108s] Level 1:colcon.colcon_core.shell:create_environment_hook('interbotix_ros_xsarms', 'ld_library_path_lib')
[4.108s] INFO:colcon.colcon_core.shell:Creating environment hook '/home/derek-dietz/MSAI/ComputerVision/Final_Project/ws/interbotix/install/share/interbotix_ros_xsarms/hook/ld_library_path_lib.ps1'
[4.108s] INFO:colcon.colcon_core.shell:Creating environment descriptor '/home/derek-dietz/MSAI/ComputerVision/Final_Project/ws/interbotix/install/share/interbotix_ros_xsarms/hook/ld_library_path_lib.dsv'
[4.109s] INFO:colcon.colcon_core.shell:Creating environment hook '/home/derek-dietz/MSAI/ComputerVision/Final_Project/ws/interbotix/install/share/interbotix_ros_xsarms/hook/ld_library_path_lib.sh'
[4.113s] Level 1:colcon.colcon_core.environment:checking '/home/derek-dietz/MSAI/ComputerVision/Final_Project/ws/interbotix/install/bin'
[4.113s] Level 1:colcon.colcon_core.environment:checking '/home/derek-dietz/MSAI/ComputerVision/Final_Project/ws/interbotix/install/lib/pkgconfig/interbotix_ros_xsarms.pc'
[4.113s] Level 1:colcon.colcon_core.environment:checking '/home/derek-dietz/MSAI/ComputerVision/Final_Project/ws/interbotix/install/lib/python3.12/site-packages'
[4.113s] Level 1:colcon.colcon_core.shell:create_environment_hook('interbotix_ros_xsarms', 'pythonpath')
[4.113s] INFO:colcon.colcon_core.shell:Creating environment hook '/home/derek-dietz/MSAI/ComputerVision/Final_Project/ws/interbotix/install/share/interbotix_ros_xsarms/hook/pythonpath.ps1'
[4.114s] INFO:colcon.colcon_core.shell:Creating environment descriptor '/home/derek-dietz/MSAI/ComputerVision/Final_Project/ws/interbotix/install/share/interbotix_ros_xsarms/hook/pythonpath.dsv'
[4.114s] INFO:colcon.colcon_core.shell:Creating environment hook '/home/derek-dietz/MSAI/ComputerVision/Final_Project/ws/interbotix/install/share/interbotix_ros_xsarms/hook/pythonpath.sh'
[4.115s] Level 1:colcon.colcon_core.environment:checking '/home/derek-dietz/MSAI/ComputerVision/Final_Project/ws/interbotix/install/bin'
[4.115s] INFO:colcon.colcon_core.shell:Creating package script '/home/derek-dietz/MSAI/ComputerVision/Final_Project/ws/interbotix/install/share/interbotix_ros_xsarms/package.ps1'
[4.116s] INFO:colcon.colcon_core.shell:Creating package descriptor '/home/derek-dietz/MSAI/ComputerVision/Final_Project/ws/interbotix/install/share/interbotix_ros_xsarms/package.dsv'
[4.117s] INFO:colcon.colcon_core.shell:Creating package script '/home/derek-dietz/MSAI/ComputerVision/Final_Project/ws/interbotix/install/share/interbotix_ros_xsarms/package.sh'
[4.117s] INFO:colcon.colcon_core.shell:Creating package script '/home/derek-dietz/MSAI/ComputerVision/Final_Project/ws/interbotix/install/share/interbotix_ros_xsarms/package.bash'
[4.118s] INFO:colcon.colcon_core.shell:Creating package script '/home/derek-dietz/MSAI/ComputerVision/Final_Project/ws/interbotix/install/share/interbotix_ros_xsarms/package.zsh'
[4.118s] Level 1:colcon.colcon_core.environment:create_file_with_runtime_dependencies(/home/derek-dietz/MSAI/ComputerVision/Final_Project/ws/interbotix/install/share/colcon-core/packages/interbotix_ros_xsarms)
[4.118s] Level 1:colcon.colcon_core.environment:create_environment_scripts_only(interbotix_ros_xsarms)
[4.119s] Level 1:colcon.colcon_core.environment:checking '/home/derek-dietz/MSAI/ComputerVision/Final_Project/ws/interbotix/install' for CMake module files
[4.119s] Level 1:colcon.colcon_core.environment:checking '/home/derek-dietz/MSAI/ComputerVision/Final_Project/ws/interbotix/install' for CMake config files
[4.120s] Level 1:colcon.colcon_core.shell:create_environment_hook('interbotix_ros_xsarms', 'cmake_prefix_path')
[4.120s] INFO:colcon.colcon_core.shell:Creating environment hook '/home/derek-dietz/MSAI/ComputerVision/Final_Project/ws/interbotix/install/share/interbotix_ros_xsarms/hook/cmake_prefix_path.ps1'
[4.121s] INFO:colcon.colcon_core.shell:Creating environment descriptor '/home/derek-dietz/MSAI/ComputerVision/Final_Project/ws/interbotix/install/share/interbotix_ros_xsarms/hook/cmake_prefix_path.dsv'
[4.121s] INFO:colcon.colcon_core.shell:Creating environment hook '/home/derek-dietz/MSAI/ComputerVision/Final_Project/ws/interbotix/install/share/interbotix_ros_xsarms/hook/cmake_prefix_path.sh'
[4.122s] Level 1:colcon.colcon_core.environment:checking '/home/derek-dietz/MSAI/ComputerVision/Final_Project/ws/interbotix/install/lib'
[4.122s] Level 1:colcon.colcon_core.shell:create_environment_hook('interbotix_ros_xsarms', 'ld_library_path_lib')
[4.122s] INFO:colcon.colcon_core.shell:Creating environment hook '/home/derek-dietz/MSAI/ComputerVision/Final_Project/ws/interbotix/install/share/interbotix_ros_xsarms/hook/ld_library_path_lib.ps1'
[4.122s] INFO:colcon.colcon_core.shell:Creating environment descriptor '/home/derek-dietz/MSAI/ComputerVision/Final_Project/ws/interbotix/install/share/interbotix_ros_xsarms/hook/ld_library_path_lib.dsv'
[4.123s] INFO:colcon.colcon_core.shell:Creating environment hook '/home/derek-dietz/MSAI/ComputerVision/Final_Project/ws/interbotix/install/share/interbotix_ros_xsarms/hook/ld_library_path_lib.sh'
[4.123s] Level 1:colcon.colcon_core.environment:checking '/home/derek-dietz/MSAI/ComputerVision/Final_Project/ws/interbotix/install/bin'
[4.123s] Level 1:colcon.colcon_core.environment:checking '/home/derek-dietz/MSAI/ComputerVision/Final_Project/ws/interbotix/install/lib/pkgconfig/interbotix_ros_xsarms.pc'
[4.123s] Level 1:colcon.colcon_core.environment:checking '/home/derek-dietz/MSAI/ComputerVision/Final_Project/ws/interbotix/install/lib/python3.12/site-packages'
[4.124s] Level 1:colcon.colcon_core.shell:create_environment_hook('interbotix_ros_xsarms', 'pythonpath')
[4.124s] INFO:colcon.colcon_core.shell:Creating environment hook '/home/derek-dietz/MSAI/ComputerVision/Final_Project/ws/interbotix/install/share/interbotix_ros_xsarms/hook/pythonpath.ps1'
[4.124s] INFO:colcon.colcon_core.shell:Creating environment descriptor '/home/derek-dietz/MSAI/ComputerVision/Final_Project/ws/interbotix/install/share/interbotix_ros_xsarms/hook/pythonpath.dsv'
[4.124s] INFO:colcon.colcon_core.shell:Creating environment hook '/home/derek-dietz/MSAI/ComputerVision/Final_Project/ws/interbotix/install/share/interbotix_ros_xsarms/hook/pythonpath.sh'
[4.125s] Level 1:colcon.colcon_core.environment:checking '/home/derek-dietz/MSAI/ComputerVision/Final_Project/ws/interbotix/install/bin'
[4.125s] INFO:colcon.colcon_core.shell:Creating package script '/home/derek-dietz/MSAI/ComputerVision/Final_Project/ws/interbotix/install/share/interbotix_ros_xsarms/package.ps1'
[4.126s] INFO:colcon.colcon_core.shell:Creating package descriptor '/home/derek-dietz/MSAI/ComputerVision/Final_Project/ws/interbotix/install/share/interbotix_ros_xsarms/package.dsv'
[4.126s] INFO:colcon.colcon_core.shell:Creating package script '/home/derek-dietz/MSAI/ComputerVision/Final_Project/ws/interbotix/install/share/interbotix_ros_xsarms/package.sh'
[4.126s] INFO:colcon.colcon_core.shell:Creating package script '/home/derek-dietz/MSAI/ComputerVision/Final_Project/ws/interbotix/install/share/interbotix_ros_xsarms/package.bash'
[4.127s] INFO:colcon.colcon_core.shell:Creating package script '/home/derek-dietz/MSAI/ComputerVision/Final_Project/ws/interbotix/install/share/interbotix_ros_xsarms/package.zsh'
[4.127s] Level 1:colcon.colcon_core.environment:create_file_with_runtime_dependencies(/home/derek-dietz/MSAI/ComputerVision/Final_Project/ws/interbotix/install/share/colcon-core/packages/interbotix_ros_xsarms)
[4.128s] Level 1:colcon.colcon_core.environment:create_environment_scripts_only(interbotix_xsarm_moveit_interface)
[4.128s] Level 1:colcon.colcon_core.environment:checking '/home/derek-dietz/MSAI/ComputerVision/Final_Project/ws/interbotix/install' for CMake module files
[4.129s] DEBUG:colcon.colcon_core.event_handler.log_command:Invoked command in '/home/derek-dietz/MSAI/ComputerVision/Final_Project/ws/interbotix/build/interbotix_xsarm_moveit_interface' returned '0': CMAKE_PREFIX_PATH=${CMAKE_PREFIX_PATH}:/opt/ros/kilted DEBUGINFOD_URLS=https://debuginfod.ubuntu.com PYTHONPATH=/home/derek-dietz/MSAI/ComputerVision/Final_Project/ws/interbotix/install/lib/python3.12/site-packages:/home/derek-dietz/MSAI/ComputerVision/Final_Project/ros_ws/build/arm:/home/derek-dietz/MSAI/ComputerVision/Final_Project/ros_ws/install/arm/lib/python3.12/site-packages:/opt/ros/kilted/lib/python3.12/site-packages /usr/bin/cmake --install /home/derek-dietz/MSAI/ComputerVision/Final_Project/ws/interbotix/build/interbotix_xsarm_moveit_interface
[4.129s] Level 1:colcon.colcon_core.environment:checking '/home/derek-dietz/MSAI/ComputerVision/Final_Project/ws/interbotix/install' for CMake config files
[4.129s] Level 1:colcon.colcon_core.shell:create_environment_hook('interbotix_xsarm_moveit_interface', 'cmake_prefix_path')
[4.129s] INFO:colcon.colcon_core.shell:Creating environment hook '/home/derek-dietz/MSAI/ComputerVision/Final_Project/ws/interbotix/install/share/interbotix_xsarm_moveit_interface/hook/cmake_prefix_path.ps1'
[4.130s] INFO:colcon.colcon_core.shell:Creating environment descriptor '/home/derek-dietz/MSAI/ComputerVision/Final_Project/ws/interbotix/install/share/interbotix_xsarm_moveit_interface/hook/cmake_prefix_path.dsv'
[4.130s] INFO:colcon.colcon_core.shell:Creating environment hook '/home/derek-dietz/MSAI/ComputerVision/Final_Project/ws/interbotix/install/share/interbotix_xsarm_moveit_interface/hook/cmake_prefix_path.sh'
[4.130s] Level 1:colcon.colcon_core.environment:checking '/home/derek-dietz/MSAI/ComputerVision/Final_Project/ws/interbotix/install/lib'
[4.130s] Level 1:colcon.colcon_core.shell:create_environment_hook('interbotix_xsarm_moveit_interface', 'ld_library_path_lib')
[4.130s] INFO:colcon.colcon_core.shell:Creating environment hook '/home/derek-dietz/MSAI/ComputerVision/Final_Project/ws/interbotix/install/share/interbotix_xsarm_moveit_interface/hook/ld_library_path_lib.ps1'
[4.131s] INFO:colcon.colcon_core.shell:Creating environment descriptor '/home/derek-dietz/MSAI/ComputerVision/Final_Project/ws/interbotix/install/share/interbotix_xsarm_moveit_interface/hook/ld_library_path_lib.dsv'
[4.131s] INFO:colcon.colcon_core.shell:Creating environment hook '/home/derek-dietz/MSAI/ComputerVision/Final_Project/ws/interbotix/install/share/interbotix_xsarm_moveit_interface/hook/ld_library_path_lib.sh'
[4.131s] Level 1:colcon.colcon_core.environment:checking '/home/derek-dietz/MSAI/ComputerVision/Final_Project/ws/interbotix/install/bin'
[4.131s] Level 1:colcon.colcon_core.environment:checking '/home/derek-dietz/MSAI/ComputerVision/Final_Project/ws/interbotix/install/lib/pkgconfig/interbotix_xsarm_moveit_interface.pc'
[4.131s] Level 1:colcon.colcon_core.environment:checking '/home/derek-dietz/MSAI/ComputerVision/Final_Project/ws/interbotix/install/lib/python3.12/site-packages'
[4.131s] Level 1:colcon.colcon_core.shell:create_environment_hook('interbotix_xsarm_moveit_interface', 'pythonpath')
[4.131s] INFO:colcon.colcon_core.shell:Creating environment hook '/home/derek-dietz/MSAI/ComputerVision/Final_Project/ws/interbotix/install/share/interbotix_xsarm_moveit_interface/hook/pythonpath.ps1'
[4.131s] INFO:colcon.colcon_core.shell:Creating environment descriptor '/home/derek-dietz/MSAI/ComputerVision/Final_Project/ws/interbotix/install/share/interbotix_xsarm_moveit_interface/hook/pythonpath.dsv'
[4.132s] INFO:colcon.colcon_core.shell:Creating environment hook '/home/derek-dietz/MSAI/ComputerVision/Final_Project/ws/interbotix/install/share/interbotix_xsarm_moveit_interface/hook/pythonpath.sh'
[4.132s] Level 1:colcon.colcon_core.environment:checking '/home/derek-dietz/MSAI/ComputerVision/Final_Project/ws/interbotix/install/bin'
[4.132s] INFO:colcon.colcon_core.shell:Creating package script '/home/derek-dietz/MSAI/ComputerVision/Final_Project/ws/interbotix/install/share/interbotix_xsarm_moveit_interface/package.ps1'
[4.132s] INFO:colcon.colcon_core.shell:Creating package descriptor '/home/derek-dietz/MSAI/ComputerVision/Final_Project/ws/interbotix/install/share/interbotix_xsarm_moveit_interface/package.dsv'
[4.133s] INFO:colcon.colcon_core.shell:Creating package script '/home/derek-dietz/MSAI/ComputerVision/Final_Project/ws/interbotix/install/share/interbotix_xsarm_moveit_interface/package.sh'
[4.133s] INFO:colcon.colcon_core.shell:Creating package script '/home/derek-dietz/MSAI/ComputerVision/Final_Project/ws/interbotix/install/share/interbotix_xsarm_moveit_interface/package.bash'
[4.133s] INFO:colcon.colcon_core.shell:Creating package script '/home/derek-dietz/MSAI/ComputerVision/Final_Project/ws/interbotix/install/share/interbotix_xsarm_moveit_interface/package.zsh'
[4.133s] Level 1:colcon.colcon_core.environment:create_file_with_runtime_dependencies(/home/derek-dietz/MSAI/ComputerVision/Final_Project/ws/interbotix/install/share/colcon-core/packages/interbotix_xsarm_moveit_interface)
[4.133s] Level 1:colcon.colcon_core.environment:create_environment_scripts_only(interbotix_xsarm_moveit_interface)
[4.133s] Level 1:colcon.colcon_core.environment:checking '/home/derek-dietz/MSAI/ComputerVision/Final_Project/ws/interbotix/install' for CMake module files
[4.134s] Level 1:colcon.colcon_core.environment:checking '/home/derek-dietz/MSAI/ComputerVision/Final_Project/ws/interbotix/install' for CMake config files
[4.134s] Level 1:colcon.colcon_core.shell:create_environment_hook('interbotix_xsarm_moveit_interface', 'cmake_prefix_path')
[4.134s] INFO:colcon.colcon_core.shell:Creating environment hook '/home/derek-dietz/MSAI/ComputerVision/Final_Project/ws/interbotix/install/share/interbotix_xsarm_moveit_interface/hook/cmake_prefix_path.ps1'
[4.134s] INFO:colcon.colcon_core.shell:Creating environment descriptor '/home/derek-dietz/MSAI/ComputerVision/Final_Project/ws/interbotix/install/share/interbotix_xsarm_moveit_interface/hook/cmake_prefix_path.dsv'
[4.134s] INFO:colcon.colcon_core.shell:Creating environment hook '/home/derek-dietz/MSAI/ComputerVision/Final_Project/ws/interbotix/install/share/interbotix_xsarm_moveit_interface/hook/cmake_prefix_path.sh'
[4.135s] Level 1:colcon.colcon_core.environment:checking '/home/derek-dietz/MSAI/ComputerVision/Final_Project/ws/interbotix/install/lib'
[4.135s] Level 1:colcon.colcon_core.shell:create_environment_hook('interbotix_xsarm_moveit_interface', 'ld_library_path_lib')
[4.135s] INFO:colcon.colcon_core.shell:Creating environment hook '/home/derek-dietz/MSAI/ComputerVision/Final_Project/ws/interbotix/install/share/interbotix_xsarm_moveit_interface/hook/ld_library_path_lib.ps1'
[4.135s] INFO:colcon.colcon_core.shell:Creating environment descriptor '/home/derek-dietz/MSAI/ComputerVision/Final_Project/ws/interbotix/install/share/interbotix_xsarm_moveit_interface/hook/ld_library_path_lib.dsv'
[4.135s] INFO:colcon.colcon_core.shell:Creating environment hook '/home/derek-dietz/MSAI/ComputerVision/Final_Project/ws/interbotix/install/share/interbotix_xsarm_moveit_interface/hook/ld_library_path_lib.sh'
[4.135s] Level 1:colcon.colcon_core.environment:checking '/home/derek-dietz/MSAI/ComputerVision/Final_Project/ws/interbotix/install/bin'
[4.135s] Level 1:colcon.colcon_core.environment:checking '/home/derek-dietz/MSAI/ComputerVision/Final_Project/ws/interbotix/install/lib/pkgconfig/interbotix_xsarm_moveit_interface.pc'
[4.135s] Level 1:colcon.colcon_core.environment:checking '/home/derek-dietz/MSAI/ComputerVision/Final_Project/ws/interbotix/install/lib/python3.12/site-packages'
[4.136s] Level 1:colcon.colcon_core.shell:create_environment_hook('interbotix_xsarm_moveit_interface', 'pythonpath')
[4.136s] INFO:colcon.colcon_core.shell:Creating environment hook '/home/derek-dietz/MSAI/ComputerVision/Final_Project/ws/interbotix/install/share/interbotix_xsarm_moveit_interface/hook/pythonpath.ps1'
[4.136s] INFO:colcon.colcon_core.shell:Creating environment descriptor '/home/derek-dietz/MSAI/ComputerVision/Final_Project/ws/interbotix/install/share/interbotix_xsarm_moveit_interface/hook/pythonpath.dsv'
[4.136s] INFO:colcon.colcon_core.shell:Creating environment hook '/home/derek-dietz/MSAI/ComputerVision/Final_Project/ws/interbotix/install/share/interbotix_xsarm_moveit_interface/hook/pythonpath.sh'
[4.136s] Level 1:colcon.colcon_core.environment:checking '/home/derek-dietz/MSAI/ComputerVision/Final_Project/ws/interbotix/install/bin'
[4.136s] INFO:colcon.colcon_core.shell:Creating package script '/home/derek-dietz/MSAI/ComputerVision/Final_Project/ws/interbotix/install/share/interbotix_xsarm_moveit_interface/package.ps1'
[4.137s] INFO:colcon.colcon_core.shell:Creating package descriptor '/home/derek-dietz/MSAI/ComputerVision/Final_Project/ws/interbotix/install/share/interbotix_xsarm_moveit_interface/package.dsv'
[4.137s] INFO:colcon.colcon_core.shell:Creating package script '/home/derek-dietz/MSAI/ComputerVision/Final_Project/ws/interbotix/install/share/interbotix_xsarm_moveit_interface/package.sh'
[4.137s] INFO:colcon.colcon_core.shell:Creating package script '/home/derek-dietz/MSAI/ComputerVision/Final_Project/ws/interbotix/install/share/interbotix_xsarm_moveit_interface/package.bash'
[4.137s] INFO:colcon.colcon_core.shell:Creating package script '/home/derek-dietz/MSAI/ComputerVision/Final_Project/ws/interbotix/install/share/interbotix_xsarm_moveit_interface/package.zsh'
[4.138s] Level 1:colcon.colcon_core.environment:create_file_with_runtime_dependencies(/home/derek-dietz/MSAI/ComputerVision/Final_Project/ws/interbotix/install/share/colcon-core/packages/interbotix_xsarm_moveit_interface)
[4.138s] INFO:colcon.colcon_ros.task.ament_cmake.build:Building ROS package in '/home/derek-dietz/MSAI/ComputerVision/Final_Project/ws/interbotix/src/interbotix_ros_manipulators/interbotix_ros_xsarms/examples/interbotix_ros_xsarms_examples' with build type 'ament_cmake'
[4.138s] INFO:colcon.colcon_cmake.task.cmake.build:Building CMake package in '/home/derek-dietz/MSAI/ComputerVision/Final_Project/ws/interbotix/src/interbotix_ros_manipulators/interbotix_ros_xsarms/examples/interbotix_ros_xsarms_examples'
[4.138s] INFO:colcon.colcon_core.shell:Skip shell extension 'powershell' for command environment: Not usable outside of PowerShell
[4.138s] DEBUG:colcon.colcon_core.shell:Skip shell extension 'dsv' for command environment
[4.177s] DEBUG:colcon.colcon_core.event_handler.log_command:Invoking command in '/home/derek-dietz/MSAI/ComputerVision/Final_Project/ws/interbotix/build/interbotix_ros_xsarms_examples': CMAKE_PREFIX_PATH=${CMAKE_PREFIX_PATH}:/opt/ros/kilted DEBUGINFOD_URLS=https://debuginfod.ubuntu.com PYTHONPATH=/home/derek-dietz/MSAI/ComputerVision/Final_Project/ws/interbotix/install/lib/python3.12/site-packages:/home/derek-dietz/MSAI/ComputerVision/Final_Project/ros_ws/build/arm:/home/derek-dietz/MSAI/ComputerVision/Final_Project/ros_ws/install/arm/lib/python3.12/site-packages:/opt/ros/kilted/lib/python3.12/site-packages /usr/bin/cmake --build /home/derek-dietz/MSAI/ComputerVision/Final_Project/ws/interbotix/build/interbotix_ros_xsarms_examples -- -j22 -l22
[4.224s] DEBUG:colcon.colcon_core.event_handler.log_command:Invoked command in '/home/derek-dietz/MSAI/ComputerVision/Final_Project/ws/interbotix/build/interbotix_ros_xsarms_examples' returned '0': CMAKE_PREFIX_PATH=${CMAKE_PREFIX_PATH}:/opt/ros/kilted DEBUGINFOD_URLS=https://debuginfod.ubuntu.com PYTHONPATH=/home/derek-dietz/MSAI/ComputerVision/Final_Project/ws/interbotix/install/lib/python3.12/site-packages:/home/derek-dietz/MSAI/ComputerVision/Final_Project/ros_ws/build/arm:/home/derek-dietz/MSAI/ComputerVision/Final_Project/ros_ws/install/arm/lib/python3.12/site-packages:/opt/ros/kilted/lib/python3.12/site-packages /usr/bin/cmake --build /home/derek-dietz/MSAI/ComputerVision/Final_Project/ws/interbotix/build/interbotix_ros_xsarms_examples -- -j22 -l22
[4.225s] DEBUG:colcon.colcon_core.event_handler.log_command:Invoking command in '/home/derek-dietz/MSAI/ComputerVision/Final_Project/ws/interbotix/build/interbotix_ros_xsarms_examples': CMAKE_PREFIX_PATH=${CMAKE_PREFIX_PATH}:/opt/ros/kilted DEBUGINFOD_URLS=https://debuginfod.ubuntu.com PYTHONPATH=/home/derek-dietz/MSAI/ComputerVision/Final_Project/ws/interbotix/install/lib/python3.12/site-packages:/home/derek-dietz/MSAI/ComputerVision/Final_Project/ros_ws/build/arm:/home/derek-dietz/MSAI/ComputerVision/Final_Project/ros_ws/install/arm/lib/python3.12/site-packages:/opt/ros/kilted/lib/python3.12/site-packages /usr/bin/cmake --install /home/derek-dietz/MSAI/ComputerVision/Final_Project/ws/interbotix/build/interbotix_ros_xsarms_examples
[4.235s] Level 1:colcon.colcon_core.environment:create_environment_scripts_only(interbotix_ros_xsarms_examples)
[4.236s] DEBUG:colcon.colcon_core.event_handler.log_command:Invoked command in '/home/derek-dietz/MSAI/ComputerVision/Final_Project/ws/interbotix/build/interbotix_ros_xsarms_examples' returned '0': CMAKE_PREFIX_PATH=${CMAKE_PREFIX_PATH}:/opt/ros/kilted DEBUGINFOD_URLS=https://debuginfod.ubuntu.com PYTHONPATH=/home/derek-dietz/MSAI/ComputerVision/Final_Project/ws/interbotix/install/lib/python3.12/site-packages:/home/derek-dietz/MSAI/ComputerVision/Final_Project/ros_ws/build/arm:/home/derek-dietz/MSAI/ComputerVision/Final_Project/ros_ws/install/arm/lib/python3.12/site-packages:/opt/ros/kilted/lib/python3.12/site-packages /usr/bin/cmake --install /home/derek-dietz/MSAI/ComputerVision/Final_Project/ws/interbotix/build/interbotix_ros_xsarms_examples
[4.236s] Level 1:colcon.colcon_core.environment:checking '/home/derek-dietz/MSAI/ComputerVision/Final_Project/ws/interbotix/install' for CMake module files
[4.236s] Level 1:colcon.colcon_core.environment:checking '/home/derek-dietz/MSAI/ComputerVision/Final_Project/ws/interbotix/install' for CMake config files
[4.237s] Level 1:colcon.colcon_core.shell:create_environment_hook('interbotix_ros_xsarms_examples', 'cmake_prefix_path')
[4.238s] INFO:colcon.colcon_core.shell:Creating environment hook '/home/derek-dietz/MSAI/ComputerVision/Final_Project/ws/interbotix/install/share/interbotix_ros_xsarms_examples/hook/cmake_prefix_path.ps1'
[4.238s] INFO:colcon.colcon_core.shell:Creating environment descriptor '/home/derek-dietz/MSAI/ComputerVision/Final_Project/ws/interbotix/install/share/interbotix_ros_xsarms_examples/hook/cmake_prefix_path.dsv'
[4.238s] INFO:colcon.colcon_core.shell:Creating environment hook '/home/derek-dietz/MSAI/ComputerVision/Final_Project/ws/interbotix/install/share/interbotix_ros_xsarms_examples/hook/cmake_prefix_path.sh'
[4.239s] Level 1:colcon.colcon_core.environment:checking '/home/derek-dietz/MSAI/ComputerVision/Final_Project/ws/interbotix/install/lib'
[4.239s] Level 1:colcon.colcon_core.shell:create_environment_hook('interbotix_ros_xsarms_examples', 'ld_library_path_lib')
[4.239s] INFO:colcon.colcon_core.shell:Creating environment hook '/home/derek-dietz/MSAI/ComputerVision/Final_Project/ws/interbotix/install/share/interbotix_ros_xsarms_examples/hook/ld_library_path_lib.ps1'
[4.240s] INFO:colcon.colcon_core.shell:Creating environment descriptor '/home/derek-dietz/MSAI/ComputerVision/Final_Project/ws/interbotix/install/share/interbotix_ros_xsarms_examples/hook/ld_library_path_lib.dsv'
[4.240s] INFO:colcon.colcon_core.shell:Creating environment hook '/home/derek-dietz/MSAI/ComputerVision/Final_Project/ws/interbotix/install/share/interbotix_ros_xsarms_examples/hook/ld_library_path_lib.sh'
[4.241s] Level 1:colcon.colcon_core.environment:checking '/home/derek-dietz/MSAI/ComputerVision/Final_Project/ws/interbotix/install/bin'
[4.241s] Level 1:colcon.colcon_core.environment:checking '/home/derek-dietz/MSAI/ComputerVision/Final_Project/ws/interbotix/install/lib/pkgconfig/interbotix_ros_xsarms_examples.pc'
[4.241s] Level 1:colcon.colcon_core.environment:checking '/home/derek-dietz/MSAI/ComputerVision/Final_Project/ws/interbotix/install/lib/python3.12/site-packages'
[4.241s] Level 1:colcon.colcon_core.shell:create_environment_hook('interbotix_ros_xsarms_examples', 'pythonpath')
[4.241s] INFO:colcon.colcon_core.shell:Creating environment hook '/home/derek-dietz/MSAI/ComputerVision/Final_Project/ws/interbotix/install/share/interbotix_ros_xsarms_examples/hook/pythonpath.ps1'
[4.242s] INFO:colcon.colcon_core.shell:Creating environment descriptor '/home/derek-dietz/MSAI/ComputerVision/Final_Project/ws/interbotix/install/share/interbotix_ros_xsarms_examples/hook/pythonpath.dsv'
[4.242s] INFO:colcon.colcon_core.shell:Creating environment hook '/home/derek-dietz/MSAI/ComputerVision/Final_Project/ws/interbotix/install/share/interbotix_ros_xsarms_examples/hook/pythonpath.sh'
[4.243s] Level 1:colcon.colcon_core.environment:checking '/home/derek-dietz/MSAI/ComputerVision/Final_Project/ws/interbotix/install/bin'
[4.243s] INFO:colcon.colcon_core.shell:Creating package script '/home/derek-dietz/MSAI/ComputerVision/Final_Project/ws/interbotix/install/share/interbotix_ros_xsarms_examples/package.ps1'
[4.244s] INFO:colcon.colcon_core.shell:Creating package descriptor '/home/derek-dietz/MSAI/ComputerVision/Final_Project/ws/interbotix/install/share/interbotix_ros_xsarms_examples/package.dsv'
[4.245s] INFO:colcon.colcon_core.shell:Creating package script '/home/derek-dietz/MSAI/ComputerVision/Final_Project/ws/interbotix/install/share/interbotix_ros_xsarms_examples/package.sh'
[4.245s] INFO:colcon.colcon_core.shell:Creating package script '/home/derek-dietz/MSAI/ComputerVision/Final_Project/ws/interbotix/install/share/interbotix_ros_xsarms_examples/package.bash'
[4.245s] INFO:colcon.colcon_core.shell:Creating package script '/home/derek-dietz/MSAI/ComputerVision/Final_Project/ws/interbotix/install/share/interbotix_ros_xsarms_examples/package.zsh'
[4.246s] Level 1:colcon.colcon_core.environment:create_file_with_runtime_dependencies(/home/derek-dietz/MSAI/ComputerVision/Final_Project/ws/interbotix/install/share/colcon-core/packages/interbotix_ros_xsarms_examples)
[4.246s] Level 1:colcon.colcon_core.environment:create_environment_scripts_only(interbotix_ros_xsarms_examples)
[4.246s] Level 1:colcon.colcon_core.environment:checking '/home/derek-dietz/MSAI/ComputerVision/Final_Project/ws/interbotix/install' for CMake module files
[4.247s] Level 1:colcon.colcon_core.environment:checking '/home/derek-dietz/MSAI/ComputerVision/Final_Project/ws/interbotix/install' for CMake config files
[4.248s] Level 1:colcon.colcon_core.shell:create_environment_hook('interbotix_ros_xsarms_examples', 'cmake_prefix_path')
[4.248s] INFO:colcon.colcon_core.shell:Creating environment hook '/home/derek-dietz/MSAI/ComputerVision/Final_Project/ws/interbotix/install/share/interbotix_ros_xsarms_examples/hook/cmake_prefix_path.ps1'
[4.248s] INFO:colcon.colcon_core.shell:Creating environment descriptor '/home/derek-dietz/MSAI/ComputerVision/Final_Project/ws/interbotix/install/share/interbotix_ros_xsarms_examples/hook/cmake_prefix_path.dsv'
[4.249s] INFO:colcon.colcon_core.shell:Creating environment hook '/home/derek-dietz/MSAI/ComputerVision/Final_Project/ws/interbotix/install/share/interbotix_ros_xsarms_examples/hook/cmake_prefix_path.sh'
[4.249s] Level 1:colcon.colcon_core.environment:checking '/home/derek-dietz/MSAI/ComputerVision/Final_Project/ws/interbotix/install/lib'
[4.250s] Level 1:colcon.colcon_core.shell:create_environment_hook('interbotix_ros_xsarms_examples', 'ld_library_path_lib')
[4.250s] INFO:colcon.colcon_core.shell:Creating environment hook '/home/derek-dietz/MSAI/ComputerVision/Final_Project/ws/interbotix/install/share/interbotix_ros_xsarms_examples/hook/ld_library_path_lib.ps1'
[4.250s] INFO:colcon.colcon_core.shell:Creating environment descriptor '/home/derek-dietz/MSAI/ComputerVision/Final_Project/ws/interbotix/install/share/interbotix_ros_xsarms_examples/hook/ld_library_path_lib.dsv'
[4.250s] INFO:colcon.colcon_core.shell:Creating environment hook '/home/derek-dietz/MSAI/ComputerVision/Final_Project/ws/interbotix/install/share/interbotix_ros_xsarms_examples/hook/ld_library_path_lib.sh'
[4.251s] Level 1:colcon.colcon_core.environment:checking '/home/derek-dietz/MSAI/ComputerVision/Final_Project/ws/interbotix/install/bin'
[4.251s] Level 1:colcon.colcon_core.environment:checking '/home/derek-dietz/MSAI/ComputerVision/Final_Project/ws/interbotix/install/lib/pkgconfig/interbotix_ros_xsarms_examples.pc'
[4.251s] Level 1:colcon.colcon_core.environment:checking '/home/derek-dietz/MSAI/ComputerVision/Final_Project/ws/interbotix/install/lib/python3.12/site-packages'
[4.251s] Level 1:colcon.colcon_core.shell:create_environment_hook('interbotix_ros_xsarms_examples', 'pythonpath')
[4.252s] INFO:colcon.colcon_core.shell:Creating environment hook '/home/derek-dietz/MSAI/ComputerVision/Final_Project/ws/interbotix/install/share/interbotix_ros_xsarms_examples/hook/pythonpath.ps1'
[4.252s] INFO:colcon.colcon_core.shell:Creating environment descriptor '/home/derek-dietz/MSAI/ComputerVision/Final_Project/ws/interbotix/install/share/interbotix_ros_xsarms_examples/hook/pythonpath.dsv'
[4.252s] INFO:colcon.colcon_core.shell:Creating environment hook '/home/derek-dietz/MSAI/ComputerVision/Final_Project/ws/interbotix/install/share/interbotix_ros_xsarms_examples/hook/pythonpath.sh'
[4.253s] Level 1:colcon.colcon_core.environment:checking '/home/derek-dietz/MSAI/ComputerVision/Final_Project/ws/interbotix/install/bin'
[4.253s] INFO:colcon.colcon_core.shell:Creating package script '/home/derek-dietz/MSAI/ComputerVision/Final_Project/ws/interbotix/install/share/interbotix_ros_xsarms_examples/package.ps1'
[4.254s] INFO:colcon.colcon_core.shell:Creating package descriptor '/home/derek-dietz/MSAI/ComputerVision/Final_Project/ws/interbotix/install/share/interbotix_ros_xsarms_examples/package.dsv'
[4.255s] INFO:colcon.colcon_core.shell:Creating package script '/home/derek-dietz/MSAI/ComputerVision/Final_Project/ws/interbotix/install/share/interbotix_ros_xsarms_examples/package.sh'
[4.255s] INFO:colcon.colcon_core.shell:Creating package script '/home/derek-dietz/MSAI/ComputerVision/Final_Project/ws/interbotix/install/share/interbotix_ros_xsarms_examples/package.bash'
[4.255s] INFO:colcon.colcon_core.shell:Creating package script '/home/derek-dietz/MSAI/ComputerVision/Final_Project/ws/interbotix/install/share/interbotix_ros_xsarms_examples/package.zsh'
[4.256s] Level 1:colcon.colcon_core.environment:create_file_with_runtime_dependencies(/home/derek-dietz/MSAI/ComputerVision/Final_Project/ws/interbotix/install/share/colcon-core/packages/interbotix_ros_xsarms_examples)
[4.256s] DEBUG:colcon.colcon_parallel_executor.executor.parallel:closing loop
[4.256s] DEBUG:colcon.colcon_parallel_executor.executor.parallel:loop closed
[4.256s] DEBUG:colcon.colcon_parallel_executor.executor.parallel:run_until_complete finished with '0'
[4.257s] DEBUG:colcon.colcon_core.event_reactor:joining thread
[4.265s] INFO:colcon.colcon_core.plugin_system:Skipping extension 'colcon_notification.desktop_notification.terminal_notifier': Not used on non-Darwin systems
[4.265s] INFO:colcon.colcon_core.plugin_system:Skipping extension 'colcon_notification.desktop_notification.win32': Not used on non-Windows systems
[4.265s] INFO:colcon.colcon_notification.desktop_notification:Sending desktop notification using 'notify2'
[4.283s] DEBUG:colcon.colcon_core.event_reactor:joined thread
[4.284s] INFO:colcon.colcon_core.shell:Creating prefix script '/home/derek-dietz/MSAI/ComputerVision/Final_Project/ws/interbotix/install/local_setup.ps1'
[4.285s] INFO:colcon.colcon_core.shell:Creating prefix util module '/home/derek-dietz/MSAI/ComputerVision/Final_Project/ws/interbotix/install/_local_setup_util_ps1.py'
[4.286s] INFO:colcon.colcon_core.shell:Creating prefix chain script '/home/derek-dietz/MSAI/ComputerVision/Final_Project/ws/interbotix/install/setup.ps1'
[4.287s] INFO:colcon.colcon_core.shell:Creating prefix script '/home/derek-dietz/MSAI/ComputerVision/Final_Project/ws/interbotix/install/local_setup.sh'
[4.288s] INFO:colcon.colcon_core.shell:Creating prefix util module '/home/derek-dietz/MSAI/ComputerVision/Final_Project/ws/interbotix/install/_local_setup_util_sh.py'
[4.288s] INFO:colcon.colcon_core.shell:Creating prefix chain script '/home/derek-dietz/MSAI/ComputerVision/Final_Project/ws/interbotix/install/setup.sh'
[4.290s] INFO:colcon.colcon_core.shell:Creating prefix script '/home/derek-dietz/MSAI/ComputerVision/Final_Project/ws/interbotix/install/local_setup.bash'
[4.290s] INFO:colcon.colcon_core.shell:Creating prefix chain script '/home/derek-dietz/MSAI/ComputerVision/Final_Project/ws/interbotix/install/setup.bash'
[4.291s] INFO:colcon.colcon_core.shell:Creating prefix script '/home/derek-dietz/MSAI/ComputerVision/Final_Project/ws/interbotix/install/local_setup.zsh'
[4.292s] INFO:colcon.colcon_core.shell:Creating prefix chain script '/home/derek-dietz/MSAI/ComputerVision/Final_Project/ws/interbotix/install/setup.zsh'
