[0.102s] DEBUG:colcon:Command line arguments: ['/usr/bin/colcon', 'build', '--merge-install']
[0.102s] DEBUG:colcon:Parsed command line arguments: Namespace(log_base=None, log_level=None, verb_name='build', build_base='build', install_base='install', merge_install=True, symlink_install=False, test_result_base=None, continue_on_error=False, executor='parallel', parallel_workers=22, event_handlers=None, ignore_user_meta=False, metas=['./colcon.meta'], base_paths=['.'], packages_ignore=None, packages_ignore_regex=None, paths=None, packages_up_to=None, packages_up_to_regex=None, packages_above=None, packages_above_and_dependencies=None, packages_above_depth=None, packages_select_by_dep=None, packages_skip_by_dep=None, packages_skip_up_to=None, packages_select_build_failed=False, packages_skip_build_finished=False, packages_select_test_failures=False, packages_skip_test_passed=False, packages_select=None, packages_skip=None, packages_select_regex=None, packages_skip_regex=None, packages_start=None, packages_end=None, allow_overriding=[], cmake_args=None, cmake_target=None, cmake_target_skip_unavailable=False, cmake_clean_cache=False, cmake_clean_first=False, cmake_force_configure=False, ament_cmake_args=None, catkin_cmake_args=None, catkin_skip_building_tests=False, mixin_files=None, mixin=None, verb_parser=<colcon_mixin.mixin.mixin_argument.MixinArgumentDecorator object at 0x7cbb6a552d50>, verb_extension=<colcon_core.verb.build.BuildVerb object at 0x7cbb6a552780>, main=<bound method BuildVerb.main of <colcon_core.verb.build.BuildVerb object at 0x7cbb6a552780>>, mixin_verb=('build',))
[0.124s] Level 1:colcon.colcon_core.package_discovery:discover_packages(colcon_meta) check parameters
[0.124s] Level 1:colcon.colcon_core.package_discovery:discover_packages(recursive) check parameters
[0.124s] Level 1:colcon.colcon_core.package_discovery:discover_packages(ignore) check parameters
[0.124s] Level 1:colcon.colcon_core.package_discovery:discover_packages(path) check parameters
[0.124s] Level 1:colcon.colcon_core.package_discovery:discover_packages(colcon_meta) discover
[0.124s] Level 1:colcon.colcon_core.package_discovery:discover_packages(recursive) discover
[0.124s] INFO:colcon.colcon_core.package_discovery:Crawling recursively for packages in '/home/derek-dietz/MSAI/ComputerVision/Final_Project/ws/interbotix'
[0.124s] Level 1:colcon.colcon_core.package_identification:_identify(.) by extensions ['ignore', 'ignore_ament_install']
[0.124s] Level 1:colcon.colcon_core.package_identification:_identify(.) by extension 'ignore'
[0.124s] Level 1:colcon.colcon_core.package_identification:_identify(.) by extension 'ignore_ament_install'
[0.124s] Level 1:colcon.colcon_core.package_identification:_identify(.) by extensions ['colcon_pkg']
[0.124s] Level 1:colcon.colcon_core.package_identification:_identify(.) by extension 'colcon_pkg'
[0.124s] Level 1:colcon.colcon_core.package_identification:_identify(.) by extensions ['colcon_meta']
[0.124s] Level 1:colcon.colcon_core.package_identification:_identify(.) by extension 'colcon_meta'
[0.124s] Level 1:colcon.colcon_core.package_identification:_identify(.) by extensions ['ros']
[0.124s] Level 1:colcon.colcon_core.package_identification:_identify(.) by extension 'ros'
[0.140s] Level 1:colcon.colcon_core.package_identification:_identify(.) by extensions ['cmake', 'python']
[0.140s] Level 1:colcon.colcon_core.package_identification:_identify(.) by extension 'cmake'
[0.141s] Level 1:colcon.colcon_core.package_identification:_identify(.) by extension 'python'
[0.141s] Level 1:colcon.colcon_core.package_identification:_identify(.) by extensions ['python_setup_py']
[0.141s] Level 1:colcon.colcon_core.package_identification:_identify(.) by extension 'python_setup_py'
[0.141s] Level 1:colcon.colcon_core.package_identification:_identify(build) by extensions ['ignore', 'ignore_ament_install']
[0.141s] Level 1:colcon.colcon_core.package_identification:_identify(build) by extension 'ignore'
[0.141s] Level 1:colcon.colcon_core.package_identification:_identify(build) ignored
[0.141s] Level 1:colcon.colcon_core.package_identification:_identify(install) by extensions ['ignore', 'ignore_ament_install']
[0.141s] Level 1:colcon.colcon_core.package_identification:_identify(install) by extension 'ignore'
[0.141s] Level 1:colcon.colcon_core.package_identification:_identify(install) ignored
[0.141s] Level 1:colcon.colcon_core.package_identification:_identify(log) by extensions ['ignore', 'ignore_ament_install']
[0.141s] Level 1:colcon.colcon_core.package_identification:_identify(log) by extension 'ignore'
[0.141s] Level 1:colcon.colcon_core.package_identification:_identify(log) ignored
[0.141s] Level 1:colcon.colcon_core.package_identification:_identify(src) by extensions ['ignore', 'ignore_ament_install']
[0.141s] Level 1:colcon.colcon_core.package_identification:_identify(src) by extension 'ignore'
[0.141s] Level 1:colcon.colcon_core.package_identification:_identify(src) by extension 'ignore_ament_install'
[0.141s] Level 1:colcon.colcon_core.package_identification:_identify(src) by extensions ['colcon_pkg']
[0.141s] Level 1:colcon.colcon_core.package_identification:_identify(src) by extension 'colcon_pkg'
[0.141s] Level 1:colcon.colcon_core.package_identification:_identify(src) by extensions ['colcon_meta']
[0.141s] Level 1:colcon.colcon_core.package_identification:_identify(src) by extension 'colcon_meta'
[0.141s] Level 1:colcon.colcon_core.package_identification:_identify(src) by extensions ['ros']
[0.141s] Level 1:colcon.colcon_core.package_identification:_identify(src) by extension 'ros'
[0.141s] Level 1:colcon.colcon_core.package_identification:_identify(src) by extensions ['cmake', 'python']
[0.141s] Level 1:colcon.colcon_core.package_identification:_identify(src) by extension 'cmake'
[0.141s] Level 1:colcon.colcon_core.package_identification:_identify(src) by extension 'python'
[0.141s] Level 1:colcon.colcon_core.package_identification:_identify(src) by extensions ['python_setup_py']
[0.141s] Level 1:colcon.colcon_core.package_identification:_identify(src) by extension 'python_setup_py'
[0.141s] Level 1:colcon.colcon_core.package_identification:_identify(src/ModernRobotics) by extensions ['ignore', 'ignore_ament_install']
[0.141s] Level 1:colcon.colcon_core.package_identification:_identify(src/ModernRobotics) by extension 'ignore'
[0.142s] Level 1:colcon.colcon_core.package_identification:_identify(src/ModernRobotics) by extension 'ignore_ament_install'
[0.142s] Level 1:colcon.colcon_core.package_identification:_identify(src/ModernRobotics) by extensions ['colcon_pkg']
[0.142s] Level 1:colcon.colcon_core.package_identification:_identify(src/ModernRobotics) by extension 'colcon_pkg'
[0.142s] Level 1:colcon.colcon_core.package_identification:_identify(src/ModernRobotics) by extensions ['colcon_meta']
[0.142s] Level 1:colcon.colcon_core.package_identification:_identify(src/ModernRobotics) by extension 'colcon_meta'
[0.142s] Level 1:colcon.colcon_core.package_identification:_identify(src/ModernRobotics) by extensions ['ros']
[0.142s] Level 1:colcon.colcon_core.package_identification:_identify(src/ModernRobotics) by extension 'ros'
[0.142s] Level 1:colcon.colcon_core.package_identification:_identify(src/ModernRobotics) by extensions ['cmake', 'python']
[0.142s] Level 1:colcon.colcon_core.package_identification:_identify(src/ModernRobotics) by extension 'cmake'
[0.142s] Level 1:colcon.colcon_core.package_identification:_identify(src/ModernRobotics) by extension 'python'
[0.142s] Level 1:colcon.colcon_core.package_identification:_identify(src/ModernRobotics) by extensions ['python_setup_py']
[0.142s] Level 1:colcon.colcon_core.package_identification:_identify(src/ModernRobotics) by extension 'python_setup_py'
[0.142s] Level 1:colcon.colcon_core.package_identification:_identify(src/ModernRobotics/doc) by extensions ['ignore', 'ignore_ament_install']
[0.142s] Level 1:colcon.colcon_core.package_identification:_identify(src/ModernRobotics/doc) by extension 'ignore'
[0.142s] Level 1:colcon.colcon_core.package_identification:_identify(src/ModernRobotics/doc) by extension 'ignore_ament_install'
[0.142s] Level 1:colcon.colcon_core.package_identification:_identify(src/ModernRobotics/doc) by extensions ['colcon_pkg']
[0.142s] Level 1:colcon.colcon_core.package_identification:_identify(src/ModernRobotics/doc) by extension 'colcon_pkg'
[0.142s] Level 1:colcon.colcon_core.package_identification:_identify(src/ModernRobotics/doc) by extensions ['colcon_meta']
[0.142s] Level 1:colcon.colcon_core.package_identification:_identify(src/ModernRobotics/doc) by extension 'colcon_meta'
[0.142s] Level 1:colcon.colcon_core.package_identification:_identify(src/ModernRobotics/doc) by extensions ['ros']
[0.142s] Level 1:colcon.colcon_core.package_identification:_identify(src/ModernRobotics/doc) by extension 'ros'
[0.142s] Level 1:colcon.colcon_core.package_identification:_identify(src/ModernRobotics/doc) by extensions ['cmake', 'python']
[0.142s] Level 1:colcon.colcon_core.package_identification:_identify(src/ModernRobotics/doc) by extension 'cmake'
[0.142s] Level 1:colcon.colcon_core.package_identification:_identify(src/ModernRobotics/doc) by extension 'python'
[0.142s] Level 1:colcon.colcon_core.package_identification:_identify(src/ModernRobotics/doc) by extensions ['python_setup_py']
[0.142s] Level 1:colcon.colcon_core.package_identification:_identify(src/ModernRobotics/doc) by extension 'python_setup_py'
[0.142s] Level 1:colcon.colcon_core.package_identification:_identify(src/ModernRobotics/packages) by extensions ['ignore', 'ignore_ament_install']
[0.142s] Level 1:colcon.colcon_core.package_identification:_identify(src/ModernRobotics/packages) by extension 'ignore'
[0.142s] Level 1:colcon.colcon_core.package_identification:_identify(src/ModernRobotics/packages) by extension 'ignore_ament_install'
[0.142s] Level 1:colcon.colcon_core.package_identification:_identify(src/ModernRobotics/packages) by extensions ['colcon_pkg']
[0.142s] Level 1:colcon.colcon_core.package_identification:_identify(src/ModernRobotics/packages) by extension 'colcon_pkg'
[0.142s] Level 1:colcon.colcon_core.package_identification:_identify(src/ModernRobotics/packages) by extensions ['colcon_meta']
[0.142s] Level 1:colcon.colcon_core.package_identification:_identify(src/ModernRobotics/packages) by extension 'colcon_meta'
[0.142s] Level 1:colcon.colcon_core.package_identification:_identify(src/ModernRobotics/packages) by extensions ['ros']
[0.142s] Level 1:colcon.colcon_core.package_identification:_identify(src/ModernRobotics/packages) by extension 'ros'
[0.142s] Level 1:colcon.colcon_core.package_identification:_identify(src/ModernRobotics/packages) by extensions ['cmake', 'python']
[0.142s] Level 1:colcon.colcon_core.package_identification:_identify(src/ModernRobotics/packages) by extension 'cmake'
[0.142s] Level 1:colcon.colcon_core.package_identification:_identify(src/ModernRobotics/packages) by extension 'python'
[0.142s] Level 1:colcon.colcon_core.package_identification:_identify(src/ModernRobotics/packages) by extensions ['python_setup_py']
[0.142s] Level 1:colcon.colcon_core.package_identification:_identify(src/ModernRobotics/packages) by extension 'python_setup_py'
[0.143s] Level 1:colcon.colcon_core.package_identification:_identify(src/ModernRobotics/packages/MATLAB) by extensions ['ignore', 'ignore_ament_install']
[0.143s] Level 1:colcon.colcon_core.package_identification:_identify(src/ModernRobotics/packages/MATLAB) by extension 'ignore'
[0.143s] Level 1:colcon.colcon_core.package_identification:_identify(src/ModernRobotics/packages/MATLAB) by extension 'ignore_ament_install'
[0.143s] Level 1:colcon.colcon_core.package_identification:_identify(src/ModernRobotics/packages/MATLAB) by extensions ['colcon_pkg']
[0.143s] Level 1:colcon.colcon_core.package_identification:_identify(src/ModernRobotics/packages/MATLAB) by extension 'colcon_pkg'
[0.143s] Level 1:colcon.colcon_core.package_identification:_identify(src/ModernRobotics/packages/MATLAB) by extensions ['colcon_meta']
[0.143s] Level 1:colcon.colcon_core.package_identification:_identify(src/ModernRobotics/packages/MATLAB) by extension 'colcon_meta'
[0.143s] Level 1:colcon.colcon_core.package_identification:_identify(src/ModernRobotics/packages/MATLAB) by extensions ['ros']
[0.143s] Level 1:colcon.colcon_core.package_identification:_identify(src/ModernRobotics/packages/MATLAB) by extension 'ros'
[0.143s] Level 1:colcon.colcon_core.package_identification:_identify(src/ModernRobotics/packages/MATLAB) by extensions ['cmake', 'python']
[0.143s] Level 1:colcon.colcon_core.package_identification:_identify(src/ModernRobotics/packages/MATLAB) by extension 'cmake'
[0.143s] Level 1:colcon.colcon_core.package_identification:_identify(src/ModernRobotics/packages/MATLAB) by extension 'python'
[0.143s] Level 1:colcon.colcon_core.package_identification:_identify(src/ModernRobotics/packages/MATLAB) by extensions ['python_setup_py']
[0.143s] Level 1:colcon.colcon_core.package_identification:_identify(src/ModernRobotics/packages/MATLAB) by extension 'python_setup_py'
[0.143s] Level 1:colcon.colcon_core.package_identification:_identify(src/ModernRobotics/packages/MATLAB/mr) by extensions ['ignore', 'ignore_ament_install']
[0.143s] Level 1:colcon.colcon_core.package_identification:_identify(src/ModernRobotics/packages/MATLAB/mr) by extension 'ignore'
[0.143s] Level 1:colcon.colcon_core.package_identification:_identify(src/ModernRobotics/packages/MATLAB/mr) by extension 'ignore_ament_install'
[0.143s] Level 1:colcon.colcon_core.package_identification:_identify(src/ModernRobotics/packages/MATLAB/mr) by extensions ['colcon_pkg']
[0.143s] Level 1:colcon.colcon_core.package_identification:_identify(src/ModernRobotics/packages/MATLAB/mr) by extension 'colcon_pkg'
[0.143s] Level 1:colcon.colcon_core.package_identification:_identify(src/ModernRobotics/packages/MATLAB/mr) by extensions ['colcon_meta']
[0.143s] Level 1:colcon.colcon_core.package_identification:_identify(src/ModernRobotics/packages/MATLAB/mr) by extension 'colcon_meta'
[0.143s] Level 1:colcon.colcon_core.package_identification:_identify(src/ModernRobotics/packages/MATLAB/mr) by extensions ['ros']
[0.143s] Level 1:colcon.colcon_core.package_identification:_identify(src/ModernRobotics/packages/MATLAB/mr) by extension 'ros'
[0.143s] Level 1:colcon.colcon_core.package_identification:_identify(src/ModernRobotics/packages/MATLAB/mr) by extensions ['cmake', 'python']
[0.143s] Level 1:colcon.colcon_core.package_identification:_identify(src/ModernRobotics/packages/MATLAB/mr) by extension 'cmake'
[0.143s] Level 1:colcon.colcon_core.package_identification:_identify(src/ModernRobotics/packages/MATLAB/mr) by extension 'python'
[0.143s] Level 1:colcon.colcon_core.package_identification:_identify(src/ModernRobotics/packages/MATLAB/mr) by extensions ['python_setup_py']
[0.143s] Level 1:colcon.colcon_core.package_identification:_identify(src/ModernRobotics/packages/MATLAB/mr) by extension 'python_setup_py'
[0.143s] Level 1:colcon.colcon_core.package_identification:_identify(src/ModernRobotics/packages/Mathematica) by extensions ['ignore', 'ignore_ament_install']
[0.143s] Level 1:colcon.colcon_core.package_identification:_identify(src/ModernRobotics/packages/Mathematica) by extension 'ignore'
[0.143s] Level 1:colcon.colcon_core.package_identification:_identify(src/ModernRobotics/packages/Mathematica) by extension 'ignore_ament_install'
[0.143s] Level 1:colcon.colcon_core.package_identification:_identify(src/ModernRobotics/packages/Mathematica) by extensions ['colcon_pkg']
[0.143s] Level 1:colcon.colcon_core.package_identification:_identify(src/ModernRobotics/packages/Mathematica) by extension 'colcon_pkg'
[0.143s] Level 1:colcon.colcon_core.package_identification:_identify(src/ModernRobotics/packages/Mathematica) by extensions ['colcon_meta']
[0.143s] Level 1:colcon.colcon_core.package_identification:_identify(src/ModernRobotics/packages/Mathematica) by extension 'colcon_meta'
[0.143s] Level 1:colcon.colcon_core.package_identification:_identify(src/ModernRobotics/packages/Mathematica) by extensions ['ros']
[0.143s] Level 1:colcon.colcon_core.package_identification:_identify(src/ModernRobotics/packages/Mathematica) by extension 'ros'
[0.143s] Level 1:colcon.colcon_core.package_identification:_identify(src/ModernRobotics/packages/Mathematica) by extensions ['cmake', 'python']
[0.144s] Level 1:colcon.colcon_core.package_identification:_identify(src/ModernRobotics/packages/Mathematica) by extension 'cmake'
[0.144s] Level 1:colcon.colcon_core.package_identification:_identify(src/ModernRobotics/packages/Mathematica) by extension 'python'
[0.144s] Level 1:colcon.colcon_core.package_identification:_identify(src/ModernRobotics/packages/Mathematica) by extensions ['python_setup_py']
[0.144s] Level 1:colcon.colcon_core.package_identification:_identify(src/ModernRobotics/packages/Mathematica) by extension 'python_setup_py'
[0.144s] Level 1:colcon.colcon_core.package_identification:_identify(src/ModernRobotics/packages/Python) by extensions ['ignore', 'ignore_ament_install']
[0.144s] Level 1:colcon.colcon_core.package_identification:_identify(src/ModernRobotics/packages/Python) by extension 'ignore'
[0.144s] Level 1:colcon.colcon_core.package_identification:_identify(src/ModernRobotics/packages/Python) by extension 'ignore_ament_install'
[0.144s] Level 1:colcon.colcon_core.package_identification:_identify(src/ModernRobotics/packages/Python) by extensions ['colcon_pkg']
[0.144s] Level 1:colcon.colcon_core.package_identification:_identify(src/ModernRobotics/packages/Python) by extension 'colcon_pkg'
[0.144s] Level 1:colcon.colcon_core.package_identification:_identify(src/ModernRobotics/packages/Python) by extensions ['colcon_meta']
[0.144s] Level 1:colcon.colcon_core.package_identification:_identify(src/ModernRobotics/packages/Python) by extension 'colcon_meta'
[0.144s] Level 1:colcon.colcon_core.package_identification:_identify(src/ModernRobotics/packages/Python) by extensions ['ros']
[0.144s] Level 1:colcon.colcon_core.package_identification:_identify(src/ModernRobotics/packages/Python) by extension 'ros'
[0.144s] Level 1:colcon.colcon_core.package_identification:_identify(src/ModernRobotics/packages/Python) by extensions ['cmake', 'python']
[0.144s] Level 1:colcon.colcon_core.package_identification:_identify(src/ModernRobotics/packages/Python) by extension 'cmake'
[0.144s] Level 1:colcon.colcon_core.package_identification:_identify(src/ModernRobotics/packages/Python) by extension 'python'
[0.144s] Level 1:colcon.colcon_core.package_identification:_identify(src/ModernRobotics/packages/Python) by extensions ['python_setup_py']
[0.144s] Level 1:colcon.colcon_core.package_identification:_identify(src/ModernRobotics/packages/Python) by extension 'python_setup_py'
[0.308s] DEBUG:colcon.colcon_core.package_identification:Package 'src/ModernRobotics/packages/Python' with type 'python' and name 'modern_robotics'
[0.308s] Level 1:colcon.colcon_core.package_identification:_identify(src/arm) by extensions ['ignore', 'ignore_ament_install']
[0.308s] Level 1:colcon.colcon_core.package_identification:_identify(src/arm) by extension 'ignore'
[0.309s] Level 1:colcon.colcon_core.package_identification:_identify(src/arm) by extension 'ignore_ament_install'
[0.309s] Level 1:colcon.colcon_core.package_identification:_identify(src/arm) by extensions ['colcon_pkg']
[0.309s] Level 1:colcon.colcon_core.package_identification:_identify(src/arm) by extension 'colcon_pkg'
[0.309s] Level 1:colcon.colcon_core.package_identification:_identify(src/arm) by extensions ['colcon_meta']
[0.309s] Level 1:colcon.colcon_core.package_identification:_identify(src/arm) by extension 'colcon_meta'
[0.309s] Level 1:colcon.colcon_core.package_identification:_identify(src/arm) by extensions ['ros']
[0.309s] Level 1:colcon.colcon_core.package_identification:_identify(src/arm) by extension 'ros'
[0.310s] DEBUG:colcon.colcon_core.package_identification:Failed to parse potential ROS package manifest in'src/arm': Error(s) in package 'src/arm/package.xml':
The manifest contains invalid XML:
mismatched tag: line 28, column 2
[0.311s] Level 1:colcon.colcon_core.package_identification:_identify(src/arm) by extensions ['cmake', 'python']
[0.311s] Level 1:colcon.colcon_core.package_identification:_identify(src/arm) by extension 'cmake'
[0.311s] Level 1:colcon.colcon_core.package_identification:_identify(src/arm) by extension 'python'
[0.311s] DEBUG:colcon.colcon_core.package_identification:Python package in 'src/arm' passes arguments to the setup() function which requires a different identification extension than 'python'
[0.311s] Level 1:colcon.colcon_core.package_identification:_identify(src/arm) by extensions ['python_setup_py']
[0.311s] Level 1:colcon.colcon_core.package_identification:_identify(src/arm) by extension 'python_setup_py'
[0.478s] DEBUG:colcon.colcon_core.package_identification:Package 'src/arm' with type 'python' and name 'arm'
[0.479s] Level 1:colcon.colcon_core.package_identification:_identify(src/interbotix_ros_core) by extensions ['ignore', 'ignore_ament_install']
[0.479s] Level 1:colcon.colcon_core.package_identification:_identify(src/interbotix_ros_core) by extension 'ignore'
[0.479s] Level 1:colcon.colcon_core.package_identification:_identify(src/interbotix_ros_core) by extension 'ignore_ament_install'
[0.479s] Level 1:colcon.colcon_core.package_identification:_identify(src/interbotix_ros_core) by extensions ['colcon_pkg']
[0.479s] Level 1:colcon.colcon_core.package_identification:_identify(src/interbotix_ros_core) by extension 'colcon_pkg'
[0.479s] Level 1:colcon.colcon_core.package_identification:_identify(src/interbotix_ros_core) by extensions ['colcon_meta']
[0.479s] Level 1:colcon.colcon_core.package_identification:_identify(src/interbotix_ros_core) by extension 'colcon_meta'
[0.479s] Level 1:colcon.colcon_core.package_identification:_identify(src/interbotix_ros_core) by extensions ['ros']
[0.479s] Level 1:colcon.colcon_core.package_identification:_identify(src/interbotix_ros_core) by extension 'ros'
[0.479s] Level 1:colcon.colcon_core.package_identification:_identify(src/interbotix_ros_core) by extensions ['cmake', 'python']
[0.479s] Level 1:colcon.colcon_core.package_identification:_identify(src/interbotix_ros_core) by extension 'cmake'
[0.479s] Level 1:colcon.colcon_core.package_identification:_identify(src/interbotix_ros_core) by extension 'python'
[0.479s] Level 1:colcon.colcon_core.package_identification:_identify(src/interbotix_ros_core) by extensions ['python_setup_py']
[0.479s] Level 1:colcon.colcon_core.package_identification:_identify(src/interbotix_ros_core) by extension 'python_setup_py'
[0.480s] Level 1:colcon.colcon_core.package_identification:_identify(src/interbotix_ros_core/images) by extensions ['ignore', 'ignore_ament_install']
[0.480s] Level 1:colcon.colcon_core.package_identification:_identify(src/interbotix_ros_core/images) by extension 'ignore'
[0.480s] Level 1:colcon.colcon_core.package_identification:_identify(src/interbotix_ros_core/images) by extension 'ignore_ament_install'
[0.480s] Level 1:colcon.colcon_core.package_identification:_identify(src/interbotix_ros_core/images) by extensions ['colcon_pkg']
[0.480s] Level 1:colcon.colcon_core.package_identification:_identify(src/interbotix_ros_core/images) by extension 'colcon_pkg'
[0.480s] Level 1:colcon.colcon_core.package_identification:_identify(src/interbotix_ros_core/images) by extensions ['colcon_meta']
[0.480s] Level 1:colcon.colcon_core.package_identification:_identify(src/interbotix_ros_core/images) by extension 'colcon_meta'
[0.480s] Level 1:colcon.colcon_core.package_identification:_identify(src/interbotix_ros_core/images) by extensions ['ros']
[0.480s] Level 1:colcon.colcon_core.package_identification:_identify(src/interbotix_ros_core/images) by extension 'ros'
[0.480s] Level 1:colcon.colcon_core.package_identification:_identify(src/interbotix_ros_core/images) by extensions ['cmake', 'python']
[0.480s] Level 1:colcon.colcon_core.package_identification:_identify(src/interbotix_ros_core/images) by extension 'cmake'
[0.480s] Level 1:colcon.colcon_core.package_identification:_identify(src/interbotix_ros_core/images) by extension 'python'
[0.480s] Level 1:colcon.colcon_core.package_identification:_identify(src/interbotix_ros_core/images) by extensions ['python_setup_py']
[0.480s] Level 1:colcon.colcon_core.package_identification:_identify(src/interbotix_ros_core/images) by extension 'python_setup_py'
[0.481s] Level 1:colcon.colcon_core.package_identification:_identify(src/interbotix_ros_core/interbotix_ros_common_drivers) by extensions ['ignore', 'ignore_ament_install']
[0.481s] Level 1:colcon.colcon_core.package_identification:_identify(src/interbotix_ros_core/interbotix_ros_common_drivers) by extension 'ignore'
[0.481s] Level 1:colcon.colcon_core.package_identification:_identify(src/interbotix_ros_core/interbotix_ros_common_drivers) ignored
[0.481s] Level 1:colcon.colcon_core.package_identification:_identify(src/interbotix_ros_core/interbotix_ros_slate) by extensions ['ignore', 'ignore_ament_install']
[0.481s] Level 1:colcon.colcon_core.package_identification:_identify(src/interbotix_ros_core/interbotix_ros_slate) by extension 'ignore'
[0.481s] Level 1:colcon.colcon_core.package_identification:_identify(src/interbotix_ros_core/interbotix_ros_slate) ignored
[0.481s] Level 1:colcon.colcon_core.package_identification:_identify(src/interbotix_ros_core/interbotix_ros_xseries) by extensions ['ignore', 'ignore_ament_install']
[0.481s] Level 1:colcon.colcon_core.package_identification:_identify(src/interbotix_ros_core/interbotix_ros_xseries) by extension 'ignore'
[0.481s] Level 1:colcon.colcon_core.package_identification:_identify(src/interbotix_ros_core/interbotix_ros_xseries) by extension 'ignore_ament_install'
[0.481s] Level 1:colcon.colcon_core.package_identification:_identify(src/interbotix_ros_core/interbotix_ros_xseries) by extensions ['colcon_pkg']
[0.481s] Level 1:colcon.colcon_core.package_identification:_identify(src/interbotix_ros_core/interbotix_ros_xseries) by extension 'colcon_pkg'
[0.481s] Level 1:colcon.colcon_core.package_identification:_identify(src/interbotix_ros_core/interbotix_ros_xseries) by extensions ['colcon_meta']
[0.482s] Level 1:colcon.colcon_core.package_identification:_identify(src/interbotix_ros_core/interbotix_ros_xseries) by extension 'colcon_meta'
[0.482s] Level 1:colcon.colcon_core.package_identification:_identify(src/interbotix_ros_core/interbotix_ros_xseries) by extensions ['ros']
[0.482s] Level 1:colcon.colcon_core.package_identification:_identify(src/interbotix_ros_core/interbotix_ros_xseries) by extension 'ros'
[0.482s] Level 1:colcon.colcon_core.package_identification:_identify(src/interbotix_ros_core/interbotix_ros_xseries) by extensions ['cmake', 'python']
[0.482s] Level 1:colcon.colcon_core.package_identification:_identify(src/interbotix_ros_core/interbotix_ros_xseries) by extension 'cmake'
[0.482s] Level 1:colcon.colcon_core.package_identification:_identify(src/interbotix_ros_core/interbotix_ros_xseries) by extension 'python'
[0.482s] Level 1:colcon.colcon_core.package_identification:_identify(src/interbotix_ros_core/interbotix_ros_xseries) by extensions ['python_setup_py']
[0.482s] Level 1:colcon.colcon_core.package_identification:_identify(src/interbotix_ros_core/interbotix_ros_xseries) by extension 'python_setup_py'
[0.482s] Level 1:colcon.colcon_core.package_identification:_identify(src/interbotix_ros_core/interbotix_ros_xseries/dynamixel_workbench_toolbox) by extensions ['ignore', 'ignore_ament_install']
[0.482s] Level 1:colcon.colcon_core.package_identification:_identify(src/interbotix_ros_core/interbotix_ros_xseries/dynamixel_workbench_toolbox) by extension 'ignore'
[0.482s] Level 1:colcon.colcon_core.package_identification:_identify(src/interbotix_ros_core/interbotix_ros_xseries/dynamixel_workbench_toolbox) by extension 'ignore_ament_install'
[0.482s] Level 1:colcon.colcon_core.package_identification:_identify(src/interbotix_ros_core/interbotix_ros_xseries/dynamixel_workbench_toolbox) by extensions ['colcon_pkg']
[0.482s] Level 1:colcon.colcon_core.package_identification:_identify(src/interbotix_ros_core/interbotix_ros_xseries/dynamixel_workbench_toolbox) by extension 'colcon_pkg'
[0.482s] Level 1:colcon.colcon_core.package_identification:_identify(src/interbotix_ros_core/interbotix_ros_xseries/dynamixel_workbench_toolbox) by extensions ['colcon_meta']
[0.482s] Level 1:colcon.colcon_core.package_identification:_identify(src/interbotix_ros_core/interbotix_ros_xseries/dynamixel_workbench_toolbox) by extension 'colcon_meta'
[0.482s] Level 1:colcon.colcon_core.package_identification:_identify(src/interbotix_ros_core/interbotix_ros_xseries/dynamixel_workbench_toolbox) by extensions ['ros']
[0.482s] Level 1:colcon.colcon_core.package_identification:_identify(src/interbotix_ros_core/interbotix_ros_xseries/dynamixel_workbench_toolbox) by extension 'ros'
[0.482s] Level 1:colcon.colcon_core.package_identification:_identify(src/interbotix_ros_core/interbotix_ros_xseries/dynamixel_workbench_toolbox) by extensions ['cmake', 'python']
[0.483s] Level 1:colcon.colcon_core.package_identification:_identify(src/interbotix_ros_core/interbotix_ros_xseries/dynamixel_workbench_toolbox) by extension 'cmake'
[0.483s] Level 1:colcon.colcon_core.package_identification:_identify(src/interbotix_ros_core/interbotix_ros_xseries/dynamixel_workbench_toolbox) by extension 'python'
[0.483s] Level 1:colcon.colcon_core.package_identification:_identify(src/interbotix_ros_core/interbotix_ros_xseries/dynamixel_workbench_toolbox) by extensions ['python_setup_py']
[0.483s] Level 1:colcon.colcon_core.package_identification:_identify(src/interbotix_ros_core/interbotix_ros_xseries/dynamixel_workbench_toolbox) by extension 'python_setup_py'
[0.483s] Level 1:colcon.colcon_core.package_identification:_identify(src/interbotix_ros_core/interbotix_ros_xseries/interbotix_ros_xseries) by extensions ['ignore', 'ignore_ament_install']
[0.483s] Level 1:colcon.colcon_core.package_identification:_identify(src/interbotix_ros_core/interbotix_ros_xseries/interbotix_ros_xseries) by extension 'ignore'
[0.483s] Level 1:colcon.colcon_core.package_identification:_identify(src/interbotix_ros_core/interbotix_ros_xseries/interbotix_ros_xseries) by extension 'ignore_ament_install'
[0.483s] Level 1:colcon.colcon_core.package_identification:_identify(src/interbotix_ros_core/interbotix_ros_xseries/interbotix_ros_xseries) by extensions ['colcon_pkg']
[0.483s] Level 1:colcon.colcon_core.package_identification:_identify(src/interbotix_ros_core/interbotix_ros_xseries/interbotix_ros_xseries) by extension 'colcon_pkg'
[0.483s] Level 1:colcon.colcon_core.package_identification:_identify(src/interbotix_ros_core/interbotix_ros_xseries/interbotix_ros_xseries) by extensions ['colcon_meta']
[0.483s] Level 1:colcon.colcon_core.package_identification:_identify(src/interbotix_ros_core/interbotix_ros_xseries/interbotix_ros_xseries) by extension 'colcon_meta'
[0.483s] Level 1:colcon.colcon_core.package_identification:_identify(src/interbotix_ros_core/interbotix_ros_xseries/interbotix_ros_xseries) by extensions ['ros']
[0.483s] Level 1:colcon.colcon_core.package_identification:_identify(src/interbotix_ros_core/interbotix_ros_xseries/interbotix_ros_xseries) by extension 'ros'
[0.485s] DEBUG:colcon.colcon_core.package_identification:Package 'src/interbotix_ros_core/interbotix_ros_xseries/interbotix_ros_xseries' with type 'ros.ament_cmake' and name 'interbotix_ros_xseries'
[0.485s] Level 1:colcon.colcon_core.package_identification:_identify(src/interbotix_ros_core/interbotix_ros_xseries/interbotix_xs_driver) by extensions ['ignore', 'ignore_ament_install']
[0.486s] Level 1:colcon.colcon_core.package_identification:_identify(src/interbotix_ros_core/interbotix_ros_xseries/interbotix_xs_driver) by extension 'ignore'
[0.486s] Level 1:colcon.colcon_core.package_identification:_identify(src/interbotix_ros_core/interbotix_ros_xseries/interbotix_xs_driver) by extension 'ignore_ament_install'
[0.486s] Level 1:colcon.colcon_core.package_identification:_identify(src/interbotix_ros_core/interbotix_ros_xseries/interbotix_xs_driver) by extensions ['colcon_pkg']
[0.486s] Level 1:colcon.colcon_core.package_identification:_identify(src/interbotix_ros_core/interbotix_ros_xseries/interbotix_xs_driver) by extension 'colcon_pkg'
[0.486s] Level 1:colcon.colcon_core.package_identification:_identify(src/interbotix_ros_core/interbotix_ros_xseries/interbotix_xs_driver) by extensions ['colcon_meta']
[0.486s] Level 1:colcon.colcon_core.package_identification:_identify(src/interbotix_ros_core/interbotix_ros_xseries/interbotix_xs_driver) by extension 'colcon_meta'
[0.486s] Level 1:colcon.colcon_core.package_identification:_identify(src/interbotix_ros_core/interbotix_ros_xseries/interbotix_xs_driver) by extensions ['ros']
[0.486s] Level 1:colcon.colcon_core.package_identification:_identify(src/interbotix_ros_core/interbotix_ros_xseries/interbotix_xs_driver) by extension 'ros'
[0.486s] Level 1:colcon.colcon_core.package_identification:_identify(src/interbotix_ros_core/interbotix_ros_xseries/interbotix_xs_driver) by extensions ['cmake', 'python']
[0.486s] Level 1:colcon.colcon_core.package_identification:_identify(src/interbotix_ros_core/interbotix_ros_xseries/interbotix_xs_driver) by extension 'cmake'
[0.486s] Level 1:colcon.colcon_core.package_identification:_identify(src/interbotix_ros_core/interbotix_ros_xseries/interbotix_xs_driver) by extension 'python'
[0.486s] Level 1:colcon.colcon_core.package_identification:_identify(src/interbotix_ros_core/interbotix_ros_xseries/interbotix_xs_driver) by extensions ['python_setup_py']
[0.486s] Level 1:colcon.colcon_core.package_identification:_identify(src/interbotix_ros_core/interbotix_ros_xseries/interbotix_xs_driver) by extension 'python_setup_py'
[0.486s] Level 1:colcon.colcon_core.package_identification:_identify(src/interbotix_ros_core/interbotix_ros_xseries/interbotix_xs_msgs) by extensions ['ignore', 'ignore_ament_install']
[0.487s] Level 1:colcon.colcon_core.package_identification:_identify(src/interbotix_ros_core/interbotix_ros_xseries/interbotix_xs_msgs) by extension 'ignore'
[0.487s] Level 1:colcon.colcon_core.package_identification:_identify(src/interbotix_ros_core/interbotix_ros_xseries/interbotix_xs_msgs) by extension 'ignore_ament_install'
[0.487s] Level 1:colcon.colcon_core.package_identification:_identify(src/interbotix_ros_core/interbotix_ros_xseries/interbotix_xs_msgs) by extensions ['colcon_pkg']
[0.487s] Level 1:colcon.colcon_core.package_identification:_identify(src/interbotix_ros_core/interbotix_ros_xseries/interbotix_xs_msgs) by extension 'colcon_pkg'
[0.487s] Level 1:colcon.colcon_core.package_identification:_identify(src/interbotix_ros_core/interbotix_ros_xseries/interbotix_xs_msgs) by extensions ['colcon_meta']
[0.487s] Level 1:colcon.colcon_core.package_identification:_identify(src/interbotix_ros_core/interbotix_ros_xseries/interbotix_xs_msgs) by extension 'colcon_meta'
[0.487s] Level 1:colcon.colcon_core.package_identification:_identify(src/interbotix_ros_core/interbotix_ros_xseries/interbotix_xs_msgs) by extensions ['ros']
[0.487s] Level 1:colcon.colcon_core.package_identification:_identify(src/interbotix_ros_core/interbotix_ros_xseries/interbotix_xs_msgs) by extension 'ros'
[0.488s] DEBUG:colcon.colcon_core.package_identification:Package 'src/interbotix_ros_core/interbotix_ros_xseries/interbotix_xs_msgs' with type 'ros.ament_cmake' and name 'interbotix_xs_msgs'
[0.488s] Level 1:colcon.colcon_core.package_identification:_identify(src/interbotix_ros_core/interbotix_ros_xseries/interbotix_xs_sdk) by extensions ['ignore', 'ignore_ament_install']
[0.488s] Level 1:colcon.colcon_core.package_identification:_identify(src/interbotix_ros_core/interbotix_ros_xseries/interbotix_xs_sdk) by extension 'ignore'
[0.488s] Level 1:colcon.colcon_core.package_identification:_identify(src/interbotix_ros_core/interbotix_ros_xseries/interbotix_xs_sdk) by extension 'ignore_ament_install'
[0.488s] Level 1:colcon.colcon_core.package_identification:_identify(src/interbotix_ros_core/interbotix_ros_xseries/interbotix_xs_sdk) by extensions ['colcon_pkg']
[0.488s] Level 1:colcon.colcon_core.package_identification:_identify(src/interbotix_ros_core/interbotix_ros_xseries/interbotix_xs_sdk) by extension 'colcon_pkg'
[0.488s] Level 1:colcon.colcon_core.package_identification:_identify(src/interbotix_ros_core/interbotix_ros_xseries/interbotix_xs_sdk) by extensions ['colcon_meta']
[0.488s] Level 1:colcon.colcon_core.package_identification:_identify(src/interbotix_ros_core/interbotix_ros_xseries/interbotix_xs_sdk) by extension 'colcon_meta'
[0.488s] Level 1:colcon.colcon_core.package_identification:_identify(src/interbotix_ros_core/interbotix_ros_xseries/interbotix_xs_sdk) by extensions ['ros']
[0.488s] Level 1:colcon.colcon_core.package_identification:_identify(src/interbotix_ros_core/interbotix_ros_xseries/interbotix_xs_sdk) by extension 'ros'
[0.489s] DEBUG:colcon.colcon_core.package_identification:Package 'src/interbotix_ros_core/interbotix_ros_xseries/interbotix_xs_sdk' with type 'ros.ament_cmake' and name 'interbotix_xs_sdk'
[0.489s] Level 1:colcon.colcon_core.package_identification:_identify(src/interbotix_ros_manipulators) by extensions ['ignore', 'ignore_ament_install']
[0.489s] Level 1:colcon.colcon_core.package_identification:_identify(src/interbotix_ros_manipulators) by extension 'ignore'
[0.490s] Level 1:colcon.colcon_core.package_identification:_identify(src/interbotix_ros_manipulators) by extension 'ignore_ament_install'
[0.490s] Level 1:colcon.colcon_core.package_identification:_identify(src/interbotix_ros_manipulators) by extensions ['colcon_pkg']
[0.490s] Level 1:colcon.colcon_core.package_identification:_identify(src/interbotix_ros_manipulators) by extension 'colcon_pkg'
[0.490s] Level 1:colcon.colcon_core.package_identification:_identify(src/interbotix_ros_manipulators) by extensions ['colcon_meta']
[0.490s] Level 1:colcon.colcon_core.package_identification:_identify(src/interbotix_ros_manipulators) by extension 'colcon_meta'
[0.490s] Level 1:colcon.colcon_core.package_identification:_identify(src/interbotix_ros_manipulators) by extensions ['ros']
[0.490s] Level 1:colcon.colcon_core.package_identification:_identify(src/interbotix_ros_manipulators) by extension 'ros'
[0.490s] Level 1:colcon.colcon_core.package_identification:_identify(src/interbotix_ros_manipulators) by extensions ['cmake', 'python']
[0.490s] Level 1:colcon.colcon_core.package_identification:_identify(src/interbotix_ros_manipulators) by extension 'cmake'
[0.490s] Level 1:colcon.colcon_core.package_identification:_identify(src/interbotix_ros_manipulators) by extension 'python'
[0.490s] Level 1:colcon.colcon_core.package_identification:_identify(src/interbotix_ros_manipulators) by extensions ['python_setup_py']
[0.490s] Level 1:colcon.colcon_core.package_identification:_identify(src/interbotix_ros_manipulators) by extension 'python_setup_py'
[0.490s] Level 1:colcon.colcon_core.package_identification:_identify(src/interbotix_ros_manipulators/images) by extensions ['ignore', 'ignore_ament_install']
[0.490s] Level 1:colcon.colcon_core.package_identification:_identify(src/interbotix_ros_manipulators/images) by extension 'ignore'
[0.490s] Level 1:colcon.colcon_core.package_identification:_identify(src/interbotix_ros_manipulators/images) by extension 'ignore_ament_install'
[0.490s] Level 1:colcon.colcon_core.package_identification:_identify(src/interbotix_ros_manipulators/images) by extensions ['colcon_pkg']
[0.490s] Level 1:colcon.colcon_core.package_identification:_identify(src/interbotix_ros_manipulators/images) by extension 'colcon_pkg'
[0.490s] Level 1:colcon.colcon_core.package_identification:_identify(src/interbotix_ros_manipulators/images) by extensions ['colcon_meta']
[0.490s] Level 1:colcon.colcon_core.package_identification:_identify(src/interbotix_ros_manipulators/images) by extension 'colcon_meta'
[0.491s] Level 1:colcon.colcon_core.package_identification:_identify(src/interbotix_ros_manipulators/images) by extensions ['ros']
[0.491s] Level 1:colcon.colcon_core.package_identification:_identify(src/interbotix_ros_manipulators/images) by extension 'ros'
[0.491s] Level 1:colcon.colcon_core.package_identification:_identify(src/interbotix_ros_manipulators/images) by extensions ['cmake', 'python']
[0.491s] Level 1:colcon.colcon_core.package_identification:_identify(src/interbotix_ros_manipulators/images) by extension 'cmake'
[0.491s] Level 1:colcon.colcon_core.package_identification:_identify(src/interbotix_ros_manipulators/images) by extension 'python'
[0.491s] Level 1:colcon.colcon_core.package_identification:_identify(src/interbotix_ros_manipulators/images) by extensions ['python_setup_py']
[0.491s] Level 1:colcon.colcon_core.package_identification:_identify(src/interbotix_ros_manipulators/images) by extension 'python_setup_py'
[0.491s] Level 1:colcon.colcon_core.package_identification:_identify(src/interbotix_ros_manipulators/interbotix_ros_xsarms) by extensions ['ignore', 'ignore_ament_install']
[0.491s] Level 1:colcon.colcon_core.package_identification:_identify(src/interbotix_ros_manipulators/interbotix_ros_xsarms) by extension 'ignore'
[0.491s] Level 1:colcon.colcon_core.package_identification:_identify(src/interbotix_ros_manipulators/interbotix_ros_xsarms) by extension 'ignore_ament_install'
[0.491s] Level 1:colcon.colcon_core.package_identification:_identify(src/interbotix_ros_manipulators/interbotix_ros_xsarms) by extensions ['colcon_pkg']
[0.491s] Level 1:colcon.colcon_core.package_identification:_identify(src/interbotix_ros_manipulators/interbotix_ros_xsarms) by extension 'colcon_pkg'
[0.491s] Level 1:colcon.colcon_core.package_identification:_identify(src/interbotix_ros_manipulators/interbotix_ros_xsarms) by extensions ['colcon_meta']
[0.491s] Level 1:colcon.colcon_core.package_identification:_identify(src/interbotix_ros_manipulators/interbotix_ros_xsarms) by extension 'colcon_meta'
[0.491s] Level 1:colcon.colcon_core.package_identification:_identify(src/interbotix_ros_manipulators/interbotix_ros_xsarms) by extensions ['ros']
[0.491s] Level 1:colcon.colcon_core.package_identification:_identify(src/interbotix_ros_manipulators/interbotix_ros_xsarms) by extension 'ros'
[0.491s] Level 1:colcon.colcon_core.package_identification:_identify(src/interbotix_ros_manipulators/interbotix_ros_xsarms) by extensions ['cmake', 'python']
[0.491s] Level 1:colcon.colcon_core.package_identification:_identify(src/interbotix_ros_manipulators/interbotix_ros_xsarms) by extension 'cmake'
[0.491s] Level 1:colcon.colcon_core.package_identification:_identify(src/interbotix_ros_manipulators/interbotix_ros_xsarms) by extension 'python'
[0.492s] Level 1:colcon.colcon_core.package_identification:_identify(src/interbotix_ros_manipulators/interbotix_ros_xsarms) by extensions ['python_setup_py']
[0.492s] Level 1:colcon.colcon_core.package_identification:_identify(src/interbotix_ros_manipulators/interbotix_ros_xsarms) by extension 'python_setup_py'
[0.492s] Level 1:colcon.colcon_core.package_identification:_identify(src/interbotix_ros_manipulators/interbotix_ros_xsarms/examples) by extensions ['ignore', 'ignore_ament_install']
[0.492s] Level 1:colcon.colcon_core.package_identification:_identify(src/interbotix_ros_manipulators/interbotix_ros_xsarms/examples) by extension 'ignore'
[0.492s] Level 1:colcon.colcon_core.package_identification:_identify(src/interbotix_ros_manipulators/interbotix_ros_xsarms/examples) by extension 'ignore_ament_install'
[0.492s] Level 1:colcon.colcon_core.package_identification:_identify(src/interbotix_ros_manipulators/interbotix_ros_xsarms/examples) by extensions ['colcon_pkg']
[0.492s] Level 1:colcon.colcon_core.package_identification:_identify(src/interbotix_ros_manipulators/interbotix_ros_xsarms/examples) by extension 'colcon_pkg'
[0.492s] Level 1:colcon.colcon_core.package_identification:_identify(src/interbotix_ros_manipulators/interbotix_ros_xsarms/examples) by extensions ['colcon_meta']
[0.492s] Level 1:colcon.colcon_core.package_identification:_identify(src/interbotix_ros_manipulators/interbotix_ros_xsarms/examples) by extension 'colcon_meta'
[0.492s] Level 1:colcon.colcon_core.package_identification:_identify(src/interbotix_ros_manipulators/interbotix_ros_xsarms/examples) by extensions ['ros']
[0.492s] Level 1:colcon.colcon_core.package_identification:_identify(src/interbotix_ros_manipulators/interbotix_ros_xsarms/examples) by extension 'ros'
[0.492s] Level 1:colcon.colcon_core.package_identification:_identify(src/interbotix_ros_manipulators/interbotix_ros_xsarms/examples) by extensions ['cmake', 'python']
[0.492s] Level 1:colcon.colcon_core.package_identification:_identify(src/interbotix_ros_manipulators/interbotix_ros_xsarms/examples) by extension 'cmake'
[0.492s] Level 1:colcon.colcon_core.package_identification:_identify(src/interbotix_ros_manipulators/interbotix_ros_xsarms/examples) by extension 'python'
[0.492s] Level 1:colcon.colcon_core.package_identification:_identify(src/interbotix_ros_manipulators/interbotix_ros_xsarms/examples) by extensions ['python_setup_py']
[0.492s] Level 1:colcon.colcon_core.package_identification:_identify(src/interbotix_ros_manipulators/interbotix_ros_xsarms/examples) by extension 'python_setup_py'
[0.492s] Level 1:colcon.colcon_core.package_identification:_identify(src/interbotix_ros_manipulators/interbotix_ros_xsarms/examples/interbotix_ros_xsarms_examples) by extensions ['ignore', 'ignore_ament_install']
[0.493s] Level 1:colcon.colcon_core.package_identification:_identify(src/interbotix_ros_manipulators/interbotix_ros_xsarms/examples/interbotix_ros_xsarms_examples) by extension 'ignore'
[0.493s] Level 1:colcon.colcon_core.package_identification:_identify(src/interbotix_ros_manipulators/interbotix_ros_xsarms/examples/interbotix_ros_xsarms_examples) by extension 'ignore_ament_install'
[0.493s] Level 1:colcon.colcon_core.package_identification:_identify(src/interbotix_ros_manipulators/interbotix_ros_xsarms/examples/interbotix_ros_xsarms_examples) by extensions ['colcon_pkg']
[0.493s] Level 1:colcon.colcon_core.package_identification:_identify(src/interbotix_ros_manipulators/interbotix_ros_xsarms/examples/interbotix_ros_xsarms_examples) by extension 'colcon_pkg'
[0.493s] Level 1:colcon.colcon_core.package_identification:_identify(src/interbotix_ros_manipulators/interbotix_ros_xsarms/examples/interbotix_ros_xsarms_examples) by extensions ['colcon_meta']
[0.493s] Level 1:colcon.colcon_core.package_identification:_identify(src/interbotix_ros_manipulators/interbotix_ros_xsarms/examples/interbotix_ros_xsarms_examples) by extension 'colcon_meta'
[0.493s] Level 1:colcon.colcon_core.package_identification:_identify(src/interbotix_ros_manipulators/interbotix_ros_xsarms/examples/interbotix_ros_xsarms_examples) by extensions ['ros']
[0.493s] Level 1:colcon.colcon_core.package_identification:_identify(src/interbotix_ros_manipulators/interbotix_ros_xsarms/examples/interbotix_ros_xsarms_examples) by extension 'ros'
[0.494s] DEBUG:colcon.colcon_core.package_identification:Package 'src/interbotix_ros_manipulators/interbotix_ros_xsarms/examples/interbotix_ros_xsarms_examples' with type 'ros.ament_cmake' and name 'interbotix_ros_xsarms_examples'
[0.494s] Level 1:colcon.colcon_core.package_identification:_identify(src/interbotix_ros_manipulators/interbotix_ros_xsarms/examples/interbotix_xsarm_diagnostic_tool) by extensions ['ignore', 'ignore_ament_install']
[0.494s] Level 1:colcon.colcon_core.package_identification:_identify(src/interbotix_ros_manipulators/interbotix_ros_xsarms/examples/interbotix_xsarm_diagnostic_tool) by extension 'ignore'
[0.494s] Level 1:colcon.colcon_core.package_identification:_identify(src/interbotix_ros_manipulators/interbotix_ros_xsarms/examples/interbotix_xsarm_diagnostic_tool) ignored
[0.494s] Level 1:colcon.colcon_core.package_identification:_identify(src/interbotix_ros_manipulators/interbotix_ros_xsarms/examples/interbotix_xsarm_dual) by extensions ['ignore', 'ignore_ament_install']
[0.494s] Level 1:colcon.colcon_core.package_identification:_identify(src/interbotix_ros_manipulators/interbotix_ros_xsarms/examples/interbotix_xsarm_dual) by extension 'ignore'
[0.494s] Level 1:colcon.colcon_core.package_identification:_identify(src/interbotix_ros_manipulators/interbotix_ros_xsarms/examples/interbotix_xsarm_dual) by extension 'ignore_ament_install'
[0.494s] Level 1:colcon.colcon_core.package_identification:_identify(src/interbotix_ros_manipulators/interbotix_ros_xsarms/examples/interbotix_xsarm_dual) by extensions ['colcon_pkg']
[0.494s] Level 1:colcon.colcon_core.package_identification:_identify(src/interbotix_ros_manipulators/interbotix_ros_xsarms/examples/interbotix_xsarm_dual) by extension 'colcon_pkg'
[0.494s] Level 1:colcon.colcon_core.package_identification:_identify(src/interbotix_ros_manipulators/interbotix_ros_xsarms/examples/interbotix_xsarm_dual) by extensions ['colcon_meta']
[0.494s] Level 1:colcon.colcon_core.package_identification:_identify(src/interbotix_ros_manipulators/interbotix_ros_xsarms/examples/interbotix_xsarm_dual) by extension 'colcon_meta'
[0.494s] Level 1:colcon.colcon_core.package_identification:_identify(src/interbotix_ros_manipulators/interbotix_ros_xsarms/examples/interbotix_xsarm_dual) by extensions ['ros']
[0.495s] Level 1:colcon.colcon_core.package_identification:_identify(src/interbotix_ros_manipulators/interbotix_ros_xsarms/examples/interbotix_xsarm_dual) by extension 'ros'
[0.495s] DEBUG:colcon.colcon_core.package_identification:Package 'src/interbotix_ros_manipulators/interbotix_ros_xsarms/examples/interbotix_xsarm_dual' with type 'ros.ament_cmake' and name 'interbotix_xsarm_dual'
[0.496s] Level 1:colcon.colcon_core.package_identification:_identify(src/interbotix_ros_manipulators/interbotix_ros_xsarms/examples/interbotix_xsarm_dual_joy) by extensions ['ignore', 'ignore_ament_install']
[0.496s] Level 1:colcon.colcon_core.package_identification:_identify(src/interbotix_ros_manipulators/interbotix_ros_xsarms/examples/interbotix_xsarm_dual_joy) by extension 'ignore'
[0.496s] Level 1:colcon.colcon_core.package_identification:_identify(src/interbotix_ros_manipulators/interbotix_ros_xsarms/examples/interbotix_xsarm_dual_joy) ignored
[0.496s] Level 1:colcon.colcon_core.package_identification:_identify(src/interbotix_ros_manipulators/interbotix_ros_xsarms/examples/interbotix_xsarm_joy) by extensions ['ignore', 'ignore_ament_install']
[0.496s] Level 1:colcon.colcon_core.package_identification:_identify(src/interbotix_ros_manipulators/interbotix_ros_xsarms/examples/interbotix_xsarm_joy) by extension 'ignore'
[0.496s] Level 1:colcon.colcon_core.package_identification:_identify(src/interbotix_ros_manipulators/interbotix_ros_xsarms/examples/interbotix_xsarm_joy) by extension 'ignore_ament_install'
[0.496s] Level 1:colcon.colcon_core.package_identification:_identify(src/interbotix_ros_manipulators/interbotix_ros_xsarms/examples/interbotix_xsarm_joy) by extensions ['colcon_pkg']
[0.496s] Level 1:colcon.colcon_core.package_identification:_identify(src/interbotix_ros_manipulators/interbotix_ros_xsarms/examples/interbotix_xsarm_joy) by extension 'colcon_pkg'
[0.496s] Level 1:colcon.colcon_core.package_identification:_identify(src/interbotix_ros_manipulators/interbotix_ros_xsarms/examples/interbotix_xsarm_joy) by extensions ['colcon_meta']
[0.496s] Level 1:colcon.colcon_core.package_identification:_identify(src/interbotix_ros_manipulators/interbotix_ros_xsarms/examples/interbotix_xsarm_joy) by extension 'colcon_meta'
[0.496s] Level 1:colcon.colcon_core.package_identification:_identify(src/interbotix_ros_manipulators/interbotix_ros_xsarms/examples/interbotix_xsarm_joy) by extensions ['ros']
[0.496s] Level 1:colcon.colcon_core.package_identification:_identify(src/interbotix_ros_manipulators/interbotix_ros_xsarms/examples/interbotix_xsarm_joy) by extension 'ros'
[0.497s] DEBUG:colcon.colcon_core.package_identification:Package 'src/interbotix_ros_manipulators/interbotix_ros_xsarms/examples/interbotix_xsarm_joy' with type 'ros.ament_cmake' and name 'interbotix_xsarm_joy'
[0.497s] Level 1:colcon.colcon_core.package_identification:_identify(src/interbotix_ros_manipulators/interbotix_ros_xsarms/examples/interbotix_xsarm_moveit_interface) by extensions ['ignore', 'ignore_ament_install']
[0.498s] Level 1:colcon.colcon_core.package_identification:_identify(src/interbotix_ros_manipulators/interbotix_ros_xsarms/examples/interbotix_xsarm_moveit_interface) by extension 'ignore'
[0.498s] Level 1:colcon.colcon_core.package_identification:_identify(src/interbotix_ros_manipulators/interbotix_ros_xsarms/examples/interbotix_xsarm_moveit_interface) by extension 'ignore_ament_install'
[0.498s] Level 1:colcon.colcon_core.package_identification:_identify(src/interbotix_ros_manipulators/interbotix_ros_xsarms/examples/interbotix_xsarm_moveit_interface) by extensions ['colcon_pkg']
[0.498s] Level 1:colcon.colcon_core.package_identification:_identify(src/interbotix_ros_manipulators/interbotix_ros_xsarms/examples/interbotix_xsarm_moveit_interface) by extension 'colcon_pkg'
[0.498s] Level 1:colcon.colcon_core.package_identification:_identify(src/interbotix_ros_manipulators/interbotix_ros_xsarms/examples/interbotix_xsarm_moveit_interface) by extensions ['colcon_meta']
[0.498s] Level 1:colcon.colcon_core.package_identification:_identify(src/interbotix_ros_manipulators/interbotix_ros_xsarms/examples/interbotix_xsarm_moveit_interface) by extension 'colcon_meta'
[0.498s] Level 1:colcon.colcon_core.package_identification:_identify(src/interbotix_ros_manipulators/interbotix_ros_xsarms/examples/interbotix_xsarm_moveit_interface) by extensions ['ros']
[0.498s] Level 1:colcon.colcon_core.package_identification:_identify(src/interbotix_ros_manipulators/interbotix_ros_xsarms/examples/interbotix_xsarm_moveit_interface) by extension 'ros'
[0.498s] DEBUG:colcon.colcon_core.package_identification:Package 'src/interbotix_ros_manipulators/interbotix_ros_xsarms/examples/interbotix_xsarm_moveit_interface' with type 'ros.ament_cmake' and name 'interbotix_xsarm_moveit_interface'
[0.498s] Level 1:colcon.colcon_core.package_identification:_identify(src/interbotix_ros_manipulators/interbotix_ros_xsarms/examples/interbotix_xsarm_pid) by extensions ['ignore', 'ignore_ament_install']
[0.499s] Level 1:colcon.colcon_core.package_identification:_identify(src/interbotix_ros_manipulators/interbotix_ros_xsarms/examples/interbotix_xsarm_pid) by extension 'ignore'
[0.499s] Level 1:colcon.colcon_core.package_identification:_identify(src/interbotix_ros_manipulators/interbotix_ros_xsarms/examples/interbotix_xsarm_pid) ignored
[0.499s] Level 1:colcon.colcon_core.package_identification:_identify(src/interbotix_ros_manipulators/interbotix_ros_xsarms/examples/interbotix_xsarm_puppet) by extensions ['ignore', 'ignore_ament_install']
[0.499s] Level 1:colcon.colcon_core.package_identification:_identify(src/interbotix_ros_manipulators/interbotix_ros_xsarms/examples/interbotix_xsarm_puppet) by extension 'ignore'
[0.499s] Level 1:colcon.colcon_core.package_identification:_identify(src/interbotix_ros_manipulators/interbotix_ros_xsarms/examples/interbotix_xsarm_puppet) by extension 'ignore_ament_install'
[0.499s] Level 1:colcon.colcon_core.package_identification:_identify(src/interbotix_ros_manipulators/interbotix_ros_xsarms/examples/interbotix_xsarm_puppet) by extensions ['colcon_pkg']
[0.499s] Level 1:colcon.colcon_core.package_identification:_identify(src/interbotix_ros_manipulators/interbotix_ros_xsarms/examples/interbotix_xsarm_puppet) by extension 'colcon_pkg'
[0.499s] Level 1:colcon.colcon_core.package_identification:_identify(src/interbotix_ros_manipulators/interbotix_ros_xsarms/examples/interbotix_xsarm_puppet) by extensions ['colcon_meta']
[0.499s] Level 1:colcon.colcon_core.package_identification:_identify(src/interbotix_ros_manipulators/interbotix_ros_xsarms/examples/interbotix_xsarm_puppet) by extension 'colcon_meta'
[0.499s] Level 1:colcon.colcon_core.package_identification:_identify(src/interbotix_ros_manipulators/interbotix_ros_xsarms/examples/interbotix_xsarm_puppet) by extensions ['ros']
[0.499s] Level 1:colcon.colcon_core.package_identification:_identify(src/interbotix_ros_manipulators/interbotix_ros_xsarms/examples/interbotix_xsarm_puppet) by extension 'ros'
[0.500s] DEBUG:colcon.colcon_core.package_identification:Package 'src/interbotix_ros_manipulators/interbotix_ros_xsarms/examples/interbotix_xsarm_puppet' with type 'ros.ament_cmake' and name 'interbotix_xsarm_puppet'
[0.500s] Level 1:colcon.colcon_core.package_identification:_identify(src/interbotix_ros_manipulators/interbotix_ros_xsarms/images) by extensions ['ignore', 'ignore_ament_install']
[0.500s] Level 1:colcon.colcon_core.package_identification:_identify(src/interbotix_ros_manipulators/interbotix_ros_xsarms/images) by extension 'ignore'
[0.500s] Level 1:colcon.colcon_core.package_identification:_identify(src/interbotix_ros_manipulators/interbotix_ros_xsarms/images) by extension 'ignore_ament_install'
[0.500s] Level 1:colcon.colcon_core.package_identification:_identify(src/interbotix_ros_manipulators/interbotix_ros_xsarms/images) by extensions ['colcon_pkg']
[0.500s] Level 1:colcon.colcon_core.package_identification:_identify(src/interbotix_ros_manipulators/interbotix_ros_xsarms/images) by extension 'colcon_pkg'
[0.500s] Level 1:colcon.colcon_core.package_identification:_identify(src/interbotix_ros_manipulators/interbotix_ros_xsarms/images) by extensions ['colcon_meta']
[0.500s] Level 1:colcon.colcon_core.package_identification:_identify(src/interbotix_ros_manipulators/interbotix_ros_xsarms/images) by extension 'colcon_meta'
[0.500s] Level 1:colcon.colcon_core.package_identification:_identify(src/interbotix_ros_manipulators/interbotix_ros_xsarms/images) by extensions ['ros']
[0.500s] Level 1:colcon.colcon_core.package_identification:_identify(src/interbotix_ros_manipulators/interbotix_ros_xsarms/images) by extension 'ros'
[0.500s] Level 1:colcon.colcon_core.package_identification:_identify(src/interbotix_ros_manipulators/interbotix_ros_xsarms/images) by extensions ['cmake', 'python']
[0.500s] Level 1:colcon.colcon_core.package_identification:_identify(src/interbotix_ros_manipulators/interbotix_ros_xsarms/images) by extension 'cmake'
[0.500s] Level 1:colcon.colcon_core.package_identification:_identify(src/interbotix_ros_manipulators/interbotix_ros_xsarms/images) by extension 'python'
[0.500s] Level 1:colcon.colcon_core.package_identification:_identify(src/interbotix_ros_manipulators/interbotix_ros_xsarms/images) by extensions ['python_setup_py']
[0.500s] Level 1:colcon.colcon_core.package_identification:_identify(src/interbotix_ros_manipulators/interbotix_ros_xsarms/images) by extension 'python_setup_py'
[0.500s] Level 1:colcon.colcon_core.package_identification:_identify(src/interbotix_ros_manipulators/interbotix_ros_xsarms/install) by extensions ['ignore', 'ignore_ament_install']
[0.500s] Level 1:colcon.colcon_core.package_identification:_identify(src/interbotix_ros_manipulators/interbotix_ros_xsarms/install) by extension 'ignore'
[0.500s] Level 1:colcon.colcon_core.package_identification:_identify(src/interbotix_ros_manipulators/interbotix_ros_xsarms/install) by extension 'ignore_ament_install'
[0.500s] Level 1:colcon.colcon_core.package_identification:_identify(src/interbotix_ros_manipulators/interbotix_ros_xsarms/install) by extensions ['colcon_pkg']
[0.500s] Level 1:colcon.colcon_core.package_identification:_identify(src/interbotix_ros_manipulators/interbotix_ros_xsarms/install) by extension 'colcon_pkg'
[0.500s] Level 1:colcon.colcon_core.package_identification:_identify(src/interbotix_ros_manipulators/interbotix_ros_xsarms/install) by extensions ['colcon_meta']
[0.500s] Level 1:colcon.colcon_core.package_identification:_identify(src/interbotix_ros_manipulators/interbotix_ros_xsarms/install) by extension 'colcon_meta'
[0.500s] Level 1:colcon.colcon_core.package_identification:_identify(src/interbotix_ros_manipulators/interbotix_ros_xsarms/install) by extensions ['ros']
[0.501s] Level 1:colcon.colcon_core.package_identification:_identify(src/interbotix_ros_manipulators/interbotix_ros_xsarms/install) by extension 'ros'
[0.501s] Level 1:colcon.colcon_core.package_identification:_identify(src/interbotix_ros_manipulators/interbotix_ros_xsarms/install) by extensions ['cmake', 'python']
[0.501s] Level 1:colcon.colcon_core.package_identification:_identify(src/interbotix_ros_manipulators/interbotix_ros_xsarms/install) by extension 'cmake'
[0.501s] Level 1:colcon.colcon_core.package_identification:_identify(src/interbotix_ros_manipulators/interbotix_ros_xsarms/install) by extension 'python'
[0.501s] Level 1:colcon.colcon_core.package_identification:_identify(src/interbotix_ros_manipulators/interbotix_ros_xsarms/install) by extensions ['python_setup_py']
[0.501s] Level 1:colcon.colcon_core.package_identification:_identify(src/interbotix_ros_manipulators/interbotix_ros_xsarms/install) by extension 'python_setup_py'
[0.501s] Level 1:colcon.colcon_core.package_identification:_identify(src/interbotix_ros_manipulators/interbotix_ros_xsarms/install/amd64) by extensions ['ignore', 'ignore_ament_install']
[0.501s] Level 1:colcon.colcon_core.package_identification:_identify(src/interbotix_ros_manipulators/interbotix_ros_xsarms/install/amd64) by extension 'ignore'
[0.501s] Level 1:colcon.colcon_core.package_identification:_identify(src/interbotix_ros_manipulators/interbotix_ros_xsarms/install/amd64) by extension 'ignore_ament_install'
[0.501s] Level 1:colcon.colcon_core.package_identification:_identify(src/interbotix_ros_manipulators/interbotix_ros_xsarms/install/amd64) by extensions ['colcon_pkg']
[0.501s] Level 1:colcon.colcon_core.package_identification:_identify(src/interbotix_ros_manipulators/interbotix_ros_xsarms/install/amd64) by extension 'colcon_pkg'
[0.501s] Level 1:colcon.colcon_core.package_identification:_identify(src/interbotix_ros_manipulators/interbotix_ros_xsarms/install/amd64) by extensions ['colcon_meta']
[0.501s] Level 1:colcon.colcon_core.package_identification:_identify(src/interbotix_ros_manipulators/interbotix_ros_xsarms/install/amd64) by extension 'colcon_meta'
[0.501s] Level 1:colcon.colcon_core.package_identification:_identify(src/interbotix_ros_manipulators/interbotix_ros_xsarms/install/amd64) by extensions ['ros']
[0.501s] Level 1:colcon.colcon_core.package_identification:_identify(src/interbotix_ros_manipulators/interbotix_ros_xsarms/install/amd64) by extension 'ros'
[0.501s] Level 1:colcon.colcon_core.package_identification:_identify(src/interbotix_ros_manipulators/interbotix_ros_xsarms/install/amd64) by extensions ['cmake', 'python']
[0.501s] Level 1:colcon.colcon_core.package_identification:_identify(src/interbotix_ros_manipulators/interbotix_ros_xsarms/install/amd64) by extension 'cmake'
[0.501s] Level 1:colcon.colcon_core.package_identification:_identify(src/interbotix_ros_manipulators/interbotix_ros_xsarms/install/amd64) by extension 'python'
[0.501s] Level 1:colcon.colcon_core.package_identification:_identify(src/interbotix_ros_manipulators/interbotix_ros_xsarms/install/amd64) by extensions ['python_setup_py']
[0.501s] Level 1:colcon.colcon_core.package_identification:_identify(src/interbotix_ros_manipulators/interbotix_ros_xsarms/install/amd64) by extension 'python_setup_py'
[0.501s] Level 1:colcon.colcon_core.package_identification:_identify(src/interbotix_ros_manipulators/interbotix_ros_xsarms/install/rpi4) by extensions ['ignore', 'ignore_ament_install']
[0.501s] Level 1:colcon.colcon_core.package_identification:_identify(src/interbotix_ros_manipulators/interbotix_ros_xsarms/install/rpi4) by extension 'ignore'
[0.501s] Level 1:colcon.colcon_core.package_identification:_identify(src/interbotix_ros_manipulators/interbotix_ros_xsarms/install/rpi4) by extension 'ignore_ament_install'
[0.501s] Level 1:colcon.colcon_core.package_identification:_identify(src/interbotix_ros_manipulators/interbotix_ros_xsarms/install/rpi4) by extensions ['colcon_pkg']
[0.501s] Level 1:colcon.colcon_core.package_identification:_identify(src/interbotix_ros_manipulators/interbotix_ros_xsarms/install/rpi4) by extension 'colcon_pkg'
[0.501s] Level 1:colcon.colcon_core.package_identification:_identify(src/interbotix_ros_manipulators/interbotix_ros_xsarms/install/rpi4) by extensions ['colcon_meta']
[0.501s] Level 1:colcon.colcon_core.package_identification:_identify(src/interbotix_ros_manipulators/interbotix_ros_xsarms/install/rpi4) by extension 'colcon_meta'
[0.501s] Level 1:colcon.colcon_core.package_identification:_identify(src/interbotix_ros_manipulators/interbotix_ros_xsarms/install/rpi4) by extensions ['ros']
[0.501s] Level 1:colcon.colcon_core.package_identification:_identify(src/interbotix_ros_manipulators/interbotix_ros_xsarms/install/rpi4) by extension 'ros'
[0.502s] Level 1:colcon.colcon_core.package_identification:_identify(src/interbotix_ros_manipulators/interbotix_ros_xsarms/install/rpi4) by extensions ['cmake', 'python']
[0.502s] Level 1:colcon.colcon_core.package_identification:_identify(src/interbotix_ros_manipulators/interbotix_ros_xsarms/install/rpi4) by extension 'cmake'
[0.502s] Level 1:colcon.colcon_core.package_identification:_identify(src/interbotix_ros_manipulators/interbotix_ros_xsarms/install/rpi4) by extension 'python'
[0.502s] Level 1:colcon.colcon_core.package_identification:_identify(src/interbotix_ros_manipulators/interbotix_ros_xsarms/install/rpi4) by extensions ['python_setup_py']
[0.502s] Level 1:colcon.colcon_core.package_identification:_identify(src/interbotix_ros_manipulators/interbotix_ros_xsarms/install/rpi4) by extension 'python_setup_py'
[0.502s] Level 1:colcon.colcon_core.package_identification:_identify(src/interbotix_ros_manipulators/interbotix_ros_xsarms/interbotix_ros_xsarms) by extensions ['ignore', 'ignore_ament_install']
[0.502s] Level 1:colcon.colcon_core.package_identification:_identify(src/interbotix_ros_manipulators/interbotix_ros_xsarms/interbotix_ros_xsarms) by extension 'ignore'
[0.502s] Level 1:colcon.colcon_core.package_identification:_identify(src/interbotix_ros_manipulators/interbotix_ros_xsarms/interbotix_ros_xsarms) by extension 'ignore_ament_install'
[0.502s] Level 1:colcon.colcon_core.package_identification:_identify(src/interbotix_ros_manipulators/interbotix_ros_xsarms/interbotix_ros_xsarms) by extensions ['colcon_pkg']
[0.502s] Level 1:colcon.colcon_core.package_identification:_identify(src/interbotix_ros_manipulators/interbotix_ros_xsarms/interbotix_ros_xsarms) by extension 'colcon_pkg'
[0.502s] Level 1:colcon.colcon_core.package_identification:_identify(src/interbotix_ros_manipulators/interbotix_ros_xsarms/interbotix_ros_xsarms) by extensions ['colcon_meta']
[0.502s] Level 1:colcon.colcon_core.package_identification:_identify(src/interbotix_ros_manipulators/interbotix_ros_xsarms/interbotix_ros_xsarms) by extension 'colcon_meta'
[0.502s] Level 1:colcon.colcon_core.package_identification:_identify(src/interbotix_ros_manipulators/interbotix_ros_xsarms/interbotix_ros_xsarms) by extensions ['ros']
[0.502s] Level 1:colcon.colcon_core.package_identification:_identify(src/interbotix_ros_manipulators/interbotix_ros_xsarms/interbotix_ros_xsarms) by extension 'ros'
[0.502s] DEBUG:colcon.colcon_core.package_identification:Package 'src/interbotix_ros_manipulators/interbotix_ros_xsarms/interbotix_ros_xsarms' with type 'ros.ament_cmake' and name 'interbotix_ros_xsarms'
[0.503s] Level 1:colcon.colcon_core.package_identification:_identify(src/interbotix_ros_manipulators/interbotix_ros_xsarms/interbotix_xsarm_control) by extensions ['ignore', 'ignore_ament_install']
[0.503s] Level 1:colcon.colcon_core.package_identification:_identify(src/interbotix_ros_manipulators/interbotix_ros_xsarms/interbotix_xsarm_control) by extension 'ignore'
[0.503s] Level 1:colcon.colcon_core.package_identification:_identify(src/interbotix_ros_manipulators/interbotix_ros_xsarms/interbotix_xsarm_control) by extension 'ignore_ament_install'
[0.503s] Level 1:colcon.colcon_core.package_identification:_identify(src/interbotix_ros_manipulators/interbotix_ros_xsarms/interbotix_xsarm_control) by extensions ['colcon_pkg']
[0.503s] Level 1:colcon.colcon_core.package_identification:_identify(src/interbotix_ros_manipulators/interbotix_ros_xsarms/interbotix_xsarm_control) by extension 'colcon_pkg'
[0.503s] Level 1:colcon.colcon_core.package_identification:_identify(src/interbotix_ros_manipulators/interbotix_ros_xsarms/interbotix_xsarm_control) by extensions ['colcon_meta']
[0.503s] Level 1:colcon.colcon_core.package_identification:_identify(src/interbotix_ros_manipulators/interbotix_ros_xsarms/interbotix_xsarm_control) by extension 'colcon_meta'
[0.503s] Level 1:colcon.colcon_core.package_identification:_identify(src/interbotix_ros_manipulators/interbotix_ros_xsarms/interbotix_xsarm_control) by extensions ['ros']
[0.503s] Level 1:colcon.colcon_core.package_identification:_identify(src/interbotix_ros_manipulators/interbotix_ros_xsarms/interbotix_xsarm_control) by extension 'ros'
[0.503s] DEBUG:colcon.colcon_core.package_identification:Package 'src/interbotix_ros_manipulators/interbotix_ros_xsarms/interbotix_xsarm_control' with type 'ros.ament_cmake' and name 'interbotix_xsarm_control'
[0.503s] Level 1:colcon.colcon_core.package_identification:_identify(src/interbotix_ros_manipulators/interbotix_ros_xsarms/interbotix_xsarm_descriptions) by extensions ['ignore', 'ignore_ament_install']
[0.503s] Level 1:colcon.colcon_core.package_identification:_identify(src/interbotix_ros_manipulators/interbotix_ros_xsarms/interbotix_xsarm_descriptions) by extension 'ignore'
[0.503s] Level 1:colcon.colcon_core.package_identification:_identify(src/interbotix_ros_manipulators/interbotix_ros_xsarms/interbotix_xsarm_descriptions) by extension 'ignore_ament_install'
[0.503s] Level 1:colcon.colcon_core.package_identification:_identify(src/interbotix_ros_manipulators/interbotix_ros_xsarms/interbotix_xsarm_descriptions) by extensions ['colcon_pkg']
[0.503s] Level 1:colcon.colcon_core.package_identification:_identify(src/interbotix_ros_manipulators/interbotix_ros_xsarms/interbotix_xsarm_descriptions) by extension 'colcon_pkg'
[0.503s] Level 1:colcon.colcon_core.package_identification:_identify(src/interbotix_ros_manipulators/interbotix_ros_xsarms/interbotix_xsarm_descriptions) by extensions ['colcon_meta']
[0.503s] Level 1:colcon.colcon_core.package_identification:_identify(src/interbotix_ros_manipulators/interbotix_ros_xsarms/interbotix_xsarm_descriptions) by extension 'colcon_meta'
[0.503s] Level 1:colcon.colcon_core.package_identification:_identify(src/interbotix_ros_manipulators/interbotix_ros_xsarms/interbotix_xsarm_descriptions) by extensions ['ros']
[0.503s] Level 1:colcon.colcon_core.package_identification:_identify(src/interbotix_ros_manipulators/interbotix_ros_xsarms/interbotix_xsarm_descriptions) by extension 'ros'
[0.504s] DEBUG:colcon.colcon_core.package_identification:Package 'src/interbotix_ros_manipulators/interbotix_ros_xsarms/interbotix_xsarm_descriptions' with type 'ros.ament_cmake' and name 'interbotix_xsarm_descriptions'
[0.504s] Level 1:colcon.colcon_core.package_identification:_identify(src/interbotix_ros_manipulators/interbotix_ros_xsarms/interbotix_xsarm_moveit) by extensions ['ignore', 'ignore_ament_install']
[0.504s] Level 1:colcon.colcon_core.package_identification:_identify(src/interbotix_ros_manipulators/interbotix_ros_xsarms/interbotix_xsarm_moveit) by extension 'ignore'
[0.504s] Level 1:colcon.colcon_core.package_identification:_identify(src/interbotix_ros_manipulators/interbotix_ros_xsarms/interbotix_xsarm_moveit) by extension 'ignore_ament_install'
[0.504s] Level 1:colcon.colcon_core.package_identification:_identify(src/interbotix_ros_manipulators/interbotix_ros_xsarms/interbotix_xsarm_moveit) by extensions ['colcon_pkg']
[0.504s] Level 1:colcon.colcon_core.package_identification:_identify(src/interbotix_ros_manipulators/interbotix_ros_xsarms/interbotix_xsarm_moveit) by extension 'colcon_pkg'
[0.504s] Level 1:colcon.colcon_core.package_identification:_identify(src/interbotix_ros_manipulators/interbotix_ros_xsarms/interbotix_xsarm_moveit) by extensions ['colcon_meta']
[0.504s] Level 1:colcon.colcon_core.package_identification:_identify(src/interbotix_ros_manipulators/interbotix_ros_xsarms/interbotix_xsarm_moveit) by extension 'colcon_meta'
[0.504s] Level 1:colcon.colcon_core.package_identification:_identify(src/interbotix_ros_manipulators/interbotix_ros_xsarms/interbotix_xsarm_moveit) by extensions ['ros']
[0.504s] Level 1:colcon.colcon_core.package_identification:_identify(src/interbotix_ros_manipulators/interbotix_ros_xsarms/interbotix_xsarm_moveit) by extension 'ros'
[0.505s] DEBUG:colcon.colcon_core.package_identification:Package 'src/interbotix_ros_manipulators/interbotix_ros_xsarms/interbotix_xsarm_moveit' with type 'ros.ament_cmake' and name 'interbotix_xsarm_moveit'
[0.505s] Level 1:colcon.colcon_core.package_identification:_identify(src/interbotix_ros_manipulators/interbotix_ros_xsarms/interbotix_xsarm_perception) by extensions ['ignore', 'ignore_ament_install']
[0.505s] Level 1:colcon.colcon_core.package_identification:_identify(src/interbotix_ros_manipulators/interbotix_ros_xsarms/interbotix_xsarm_perception) by extension 'ignore'
[0.505s] Level 1:colcon.colcon_core.package_identification:_identify(src/interbotix_ros_manipulators/interbotix_ros_xsarms/interbotix_xsarm_perception) ignored
[0.505s] Level 1:colcon.colcon_core.package_identification:_identify(src/interbotix_ros_manipulators/interbotix_ros_xsarms/interbotix_xsarm_ros_control) by extensions ['ignore', 'ignore_ament_install']
[0.505s] Level 1:colcon.colcon_core.package_identification:_identify(src/interbotix_ros_manipulators/interbotix_ros_xsarms/interbotix_xsarm_ros_control) by extension 'ignore'
[0.505s] Level 1:colcon.colcon_core.package_identification:_identify(src/interbotix_ros_manipulators/interbotix_ros_xsarms/interbotix_xsarm_ros_control) by extension 'ignore_ament_install'
[0.505s] Level 1:colcon.colcon_core.package_identification:_identify(src/interbotix_ros_manipulators/interbotix_ros_xsarms/interbotix_xsarm_ros_control) by extensions ['colcon_pkg']
[0.505s] Level 1:colcon.colcon_core.package_identification:_identify(src/interbotix_ros_manipulators/interbotix_ros_xsarms/interbotix_xsarm_ros_control) by extension 'colcon_pkg'
[0.505s] Level 1:colcon.colcon_core.package_identification:_identify(src/interbotix_ros_manipulators/interbotix_ros_xsarms/interbotix_xsarm_ros_control) by extensions ['colcon_meta']
[0.505s] Level 1:colcon.colcon_core.package_identification:_identify(src/interbotix_ros_manipulators/interbotix_ros_xsarms/interbotix_xsarm_ros_control) by extension 'colcon_meta'
[0.505s] Level 1:colcon.colcon_core.package_identification:_identify(src/interbotix_ros_manipulators/interbotix_ros_xsarms/interbotix_xsarm_ros_control) by extensions ['ros']
[0.505s] Level 1:colcon.colcon_core.package_identification:_identify(src/interbotix_ros_manipulators/interbotix_ros_xsarms/interbotix_xsarm_ros_control) by extension 'ros'
[0.505s] DEBUG:colcon.colcon_core.package_identification:Package 'src/interbotix_ros_manipulators/interbotix_ros_xsarms/interbotix_xsarm_ros_control' with type 'ros.ament_cmake' and name 'interbotix_xsarm_ros_control'
[0.505s] Level 1:colcon.colcon_core.package_identification:_identify(src/interbotix_ros_manipulators/interbotix_ros_xsarms/interbotix_xsarm_sim) by extensions ['ignore', 'ignore_ament_install']
[0.505s] Level 1:colcon.colcon_core.package_identification:_identify(src/interbotix_ros_manipulators/interbotix_ros_xsarms/interbotix_xsarm_sim) by extension 'ignore'
[0.505s] Level 1:colcon.colcon_core.package_identification:_identify(src/interbotix_ros_manipulators/interbotix_ros_xsarms/interbotix_xsarm_sim) by extension 'ignore_ament_install'
[0.505s] Level 1:colcon.colcon_core.package_identification:_identify(src/interbotix_ros_manipulators/interbotix_ros_xsarms/interbotix_xsarm_sim) by extensions ['colcon_pkg']
[0.505s] Level 1:colcon.colcon_core.package_identification:_identify(src/interbotix_ros_manipulators/interbotix_ros_xsarms/interbotix_xsarm_sim) by extension 'colcon_pkg'
[0.506s] Level 1:colcon.colcon_core.package_identification:_identify(src/interbotix_ros_manipulators/interbotix_ros_xsarms/interbotix_xsarm_sim) by extensions ['colcon_meta']
[0.506s] Level 1:colcon.colcon_core.package_identification:_identify(src/interbotix_ros_manipulators/interbotix_ros_xsarms/interbotix_xsarm_sim) by extension 'colcon_meta'
[0.506s] Level 1:colcon.colcon_core.package_identification:_identify(src/interbotix_ros_manipulators/interbotix_ros_xsarms/interbotix_xsarm_sim) by extensions ['ros']
[0.506s] Level 1:colcon.colcon_core.package_identification:_identify(src/interbotix_ros_manipulators/interbotix_ros_xsarms/interbotix_xsarm_sim) by extension 'ros'
[0.506s] DEBUG:colcon.colcon_core.package_identification:Package 'src/interbotix_ros_manipulators/interbotix_ros_xsarms/interbotix_xsarm_sim' with type 'ros.ament_cmake' and name 'interbotix_xsarm_sim'
[0.506s] Level 1:colcon.colcon_core.package_identification:_identify(src/interbotix_ros_toolboxes) by extensions ['ignore', 'ignore_ament_install']
[0.506s] Level 1:colcon.colcon_core.package_identification:_identify(src/interbotix_ros_toolboxes) by extension 'ignore'
[0.506s] Level 1:colcon.colcon_core.package_identification:_identify(src/interbotix_ros_toolboxes) by extension 'ignore_ament_install'
[0.506s] Level 1:colcon.colcon_core.package_identification:_identify(src/interbotix_ros_toolboxes) by extensions ['colcon_pkg']
[0.506s] Level 1:colcon.colcon_core.package_identification:_identify(src/interbotix_ros_toolboxes) by extension 'colcon_pkg'
[0.506s] Level 1:colcon.colcon_core.package_identification:_identify(src/interbotix_ros_toolboxes) by extensions ['colcon_meta']
[0.506s] Level 1:colcon.colcon_core.package_identification:_identify(src/interbotix_ros_toolboxes) by extension 'colcon_meta'
[0.506s] Level 1:colcon.colcon_core.package_identification:_identify(src/interbotix_ros_toolboxes) by extensions ['ros']
[0.506s] Level 1:colcon.colcon_core.package_identification:_identify(src/interbotix_ros_toolboxes) by extension 'ros'
[0.506s] Level 1:colcon.colcon_core.package_identification:_identify(src/interbotix_ros_toolboxes) by extensions ['cmake', 'python']
[0.506s] Level 1:colcon.colcon_core.package_identification:_identify(src/interbotix_ros_toolboxes) by extension 'cmake'
[0.506s] Level 1:colcon.colcon_core.package_identification:_identify(src/interbotix_ros_toolboxes) by extension 'python'
[0.506s] Level 1:colcon.colcon_core.package_identification:_identify(src/interbotix_ros_toolboxes) by extensions ['python_setup_py']
[0.506s] Level 1:colcon.colcon_core.package_identification:_identify(src/interbotix_ros_toolboxes) by extension 'python_setup_py'
[0.506s] Level 1:colcon.colcon_core.package_identification:_identify(src/interbotix_ros_toolboxes/images) by extensions ['ignore', 'ignore_ament_install']
[0.506s] Level 1:colcon.colcon_core.package_identification:_identify(src/interbotix_ros_toolboxes/images) by extension 'ignore'
[0.506s] Level 1:colcon.colcon_core.package_identification:_identify(src/interbotix_ros_toolboxes/images) by extension 'ignore_ament_install'
[0.506s] Level 1:colcon.colcon_core.package_identification:_identify(src/interbotix_ros_toolboxes/images) by extensions ['colcon_pkg']
[0.506s] Level 1:colcon.colcon_core.package_identification:_identify(src/interbotix_ros_toolboxes/images) by extension 'colcon_pkg'
[0.506s] Level 1:colcon.colcon_core.package_identification:_identify(src/interbotix_ros_toolboxes/images) by extensions ['colcon_meta']
[0.506s] Level 1:colcon.colcon_core.package_identification:_identify(src/interbotix_ros_toolboxes/images) by extension 'colcon_meta'
[0.507s] Level 1:colcon.colcon_core.package_identification:_identify(src/interbotix_ros_toolboxes/images) by extensions ['ros']
[0.507s] Level 1:colcon.colcon_core.package_identification:_identify(src/interbotix_ros_toolboxes/images) by extension 'ros'
[0.507s] Level 1:colcon.colcon_core.package_identification:_identify(src/interbotix_ros_toolboxes/images) by extensions ['cmake', 'python']
[0.507s] Level 1:colcon.colcon_core.package_identification:_identify(src/interbotix_ros_toolboxes/images) by extension 'cmake'
[0.507s] Level 1:colcon.colcon_core.package_identification:_identify(src/interbotix_ros_toolboxes/images) by extension 'python'
[0.507s] Level 1:colcon.colcon_core.package_identification:_identify(src/interbotix_ros_toolboxes/images) by extensions ['python_setup_py']
[0.507s] Level 1:colcon.colcon_core.package_identification:_identify(src/interbotix_ros_toolboxes/images) by extension 'python_setup_py'
[0.507s] Level 1:colcon.colcon_core.package_identification:_identify(src/interbotix_ros_toolboxes/interbotix_common_toolbox) by extensions ['ignore', 'ignore_ament_install']
[0.507s] Level 1:colcon.colcon_core.package_identification:_identify(src/interbotix_ros_toolboxes/interbotix_common_toolbox) by extension 'ignore'
[0.507s] Level 1:colcon.colcon_core.package_identification:_identify(src/interbotix_ros_toolboxes/interbotix_common_toolbox) by extension 'ignore_ament_install'
[0.507s] Level 1:colcon.colcon_core.package_identification:_identify(src/interbotix_ros_toolboxes/interbotix_common_toolbox) by extensions ['colcon_pkg']
[0.507s] Level 1:colcon.colcon_core.package_identification:_identify(src/interbotix_ros_toolboxes/interbotix_common_toolbox) by extension 'colcon_pkg'
[0.507s] Level 1:colcon.colcon_core.package_identification:_identify(src/interbotix_ros_toolboxes/interbotix_common_toolbox) by extensions ['colcon_meta']
[0.507s] Level 1:colcon.colcon_core.package_identification:_identify(src/interbotix_ros_toolboxes/interbotix_common_toolbox) by extension 'colcon_meta'
[0.507s] Level 1:colcon.colcon_core.package_identification:_identify(src/interbotix_ros_toolboxes/interbotix_common_toolbox) by extensions ['ros']
[0.507s] Level 1:colcon.colcon_core.package_identification:_identify(src/interbotix_ros_toolboxes/interbotix_common_toolbox) by extension 'ros'
[0.507s] Level 1:colcon.colcon_core.package_identification:_identify(src/interbotix_ros_toolboxes/interbotix_common_toolbox) by extensions ['cmake', 'python']
[0.507s] Level 1:colcon.colcon_core.package_identification:_identify(src/interbotix_ros_toolboxes/interbotix_common_toolbox) by extension 'cmake'
[0.507s] Level 1:colcon.colcon_core.package_identification:_identify(src/interbotix_ros_toolboxes/interbotix_common_toolbox) by extension 'python'
[0.507s] Level 1:colcon.colcon_core.package_identification:_identify(src/interbotix_ros_toolboxes/interbotix_common_toolbox) by extensions ['python_setup_py']
[0.507s] Level 1:colcon.colcon_core.package_identification:_identify(src/interbotix_ros_toolboxes/interbotix_common_toolbox) by extension 'python_setup_py'
[0.507s] Level 1:colcon.colcon_core.package_identification:_identify(src/interbotix_ros_toolboxes/interbotix_common_toolbox/interbotix_common_modules) by extensions ['ignore', 'ignore_ament_install']
[0.507s] Level 1:colcon.colcon_core.package_identification:_identify(src/interbotix_ros_toolboxes/interbotix_common_toolbox/interbotix_common_modules) by extension 'ignore'
[0.507s] Level 1:colcon.colcon_core.package_identification:_identify(src/interbotix_ros_toolboxes/interbotix_common_toolbox/interbotix_common_modules) by extension 'ignore_ament_install'
[0.507s] Level 1:colcon.colcon_core.package_identification:_identify(src/interbotix_ros_toolboxes/interbotix_common_toolbox/interbotix_common_modules) by extensions ['colcon_pkg']
[0.507s] Level 1:colcon.colcon_core.package_identification:_identify(src/interbotix_ros_toolboxes/interbotix_common_toolbox/interbotix_common_modules) by extension 'colcon_pkg'
[0.507s] Level 1:colcon.colcon_core.package_identification:_identify(src/interbotix_ros_toolboxes/interbotix_common_toolbox/interbotix_common_modules) by extensions ['colcon_meta']
[0.507s] Level 1:colcon.colcon_core.package_identification:_identify(src/interbotix_ros_toolboxes/interbotix_common_toolbox/interbotix_common_modules) by extension 'colcon_meta'
[0.507s] Level 1:colcon.colcon_core.package_identification:_identify(src/interbotix_ros_toolboxes/interbotix_common_toolbox/interbotix_common_modules) by extensions ['ros']
[0.507s] Level 1:colcon.colcon_core.package_identification:_identify(src/interbotix_ros_toolboxes/interbotix_common_toolbox/interbotix_common_modules) by extension 'ros'
[0.507s] DEBUG:colcon.colcon_core.package_identification:Package 'src/interbotix_ros_toolboxes/interbotix_common_toolbox/interbotix_common_modules' with type 'ros.ament_python' and name 'interbotix_common_modules'
[0.507s] Level 1:colcon.colcon_core.package_identification:_identify(src/interbotix_ros_toolboxes/interbotix_common_toolbox/interbotix_common_sim) by extensions ['ignore', 'ignore_ament_install']
[0.507s] Level 1:colcon.colcon_core.package_identification:_identify(src/interbotix_ros_toolboxes/interbotix_common_toolbox/interbotix_common_sim) by extension 'ignore'
[0.507s] Level 1:colcon.colcon_core.package_identification:_identify(src/interbotix_ros_toolboxes/interbotix_common_toolbox/interbotix_common_sim) by extension 'ignore_ament_install'
[0.508s] Level 1:colcon.colcon_core.package_identification:_identify(src/interbotix_ros_toolboxes/interbotix_common_toolbox/interbotix_common_sim) by extensions ['colcon_pkg']
[0.508s] Level 1:colcon.colcon_core.package_identification:_identify(src/interbotix_ros_toolboxes/interbotix_common_toolbox/interbotix_common_sim) by extension 'colcon_pkg'
[0.508s] Level 1:colcon.colcon_core.package_identification:_identify(src/interbotix_ros_toolboxes/interbotix_common_toolbox/interbotix_common_sim) by extensions ['colcon_meta']
[0.508s] Level 1:colcon.colcon_core.package_identification:_identify(src/interbotix_ros_toolboxes/interbotix_common_toolbox/interbotix_common_sim) by extension 'colcon_meta'
[0.508s] Level 1:colcon.colcon_core.package_identification:_identify(src/interbotix_ros_toolboxes/interbotix_common_toolbox/interbotix_common_sim) by extensions ['ros']
[0.508s] Level 1:colcon.colcon_core.package_identification:_identify(src/interbotix_ros_toolboxes/interbotix_common_toolbox/interbotix_common_sim) by extension 'ros'
[0.508s] DEBUG:colcon.colcon_core.package_identification:Package 'src/interbotix_ros_toolboxes/interbotix_common_toolbox/interbotix_common_sim' with type 'ros.ament_cmake' and name 'interbotix_common_sim'
[0.508s] Level 1:colcon.colcon_core.package_identification:_identify(src/interbotix_ros_toolboxes/interbotix_common_toolbox/interbotix_common_toolbox) by extensions ['ignore', 'ignore_ament_install']
[0.508s] Level 1:colcon.colcon_core.package_identification:_identify(src/interbotix_ros_toolboxes/interbotix_common_toolbox/interbotix_common_toolbox) by extension 'ignore'
[0.508s] Level 1:colcon.colcon_core.package_identification:_identify(src/interbotix_ros_toolboxes/interbotix_common_toolbox/interbotix_common_toolbox) by extension 'ignore_ament_install'
[0.508s] Level 1:colcon.colcon_core.package_identification:_identify(src/interbotix_ros_toolboxes/interbotix_common_toolbox/interbotix_common_toolbox) by extensions ['colcon_pkg']
[0.508s] Level 1:colcon.colcon_core.package_identification:_identify(src/interbotix_ros_toolboxes/interbotix_common_toolbox/interbotix_common_toolbox) by extension 'colcon_pkg'
[0.508s] Level 1:colcon.colcon_core.package_identification:_identify(src/interbotix_ros_toolboxes/interbotix_common_toolbox/interbotix_common_toolbox) by extensions ['colcon_meta']
[0.508s] Level 1:colcon.colcon_core.package_identification:_identify(src/interbotix_ros_toolboxes/interbotix_common_toolbox/interbotix_common_toolbox) by extension 'colcon_meta'
[0.508s] Level 1:colcon.colcon_core.package_identification:_identify(src/interbotix_ros_toolboxes/interbotix_common_toolbox/interbotix_common_toolbox) by extensions ['ros']
[0.508s] Level 1:colcon.colcon_core.package_identification:_identify(src/interbotix_ros_toolboxes/interbotix_common_toolbox/interbotix_common_toolbox) by extension 'ros'
[0.508s] DEBUG:colcon.colcon_core.package_identification:Package 'src/interbotix_ros_toolboxes/interbotix_common_toolbox/interbotix_common_toolbox' with type 'ros.ament_cmake' and name 'interbotix_common_toolbox'
[0.508s] Level 1:colcon.colcon_core.package_identification:_identify(src/interbotix_ros_toolboxes/interbotix_common_toolbox/interbotix_landmark_modules) by extensions ['ignore', 'ignore_ament_install']
[0.508s] Level 1:colcon.colcon_core.package_identification:_identify(src/interbotix_ros_toolboxes/interbotix_common_toolbox/interbotix_landmark_modules) by extension 'ignore'
[0.508s] Level 1:colcon.colcon_core.package_identification:_identify(src/interbotix_ros_toolboxes/interbotix_common_toolbox/interbotix_landmark_modules) ignored
[0.508s] Level 1:colcon.colcon_core.package_identification:_identify(src/interbotix_ros_toolboxes/interbotix_common_toolbox/interbotix_moveit_interface) by extensions ['ignore', 'ignore_ament_install']
[0.508s] Level 1:colcon.colcon_core.package_identification:_identify(src/interbotix_ros_toolboxes/interbotix_common_toolbox/interbotix_moveit_interface) by extension 'ignore'
[0.508s] Level 1:colcon.colcon_core.package_identification:_identify(src/interbotix_ros_toolboxes/interbotix_common_toolbox/interbotix_moveit_interface) by extension 'ignore_ament_install'
[0.508s] Level 1:colcon.colcon_core.package_identification:_identify(src/interbotix_ros_toolboxes/interbotix_common_toolbox/interbotix_moveit_interface) by extensions ['colcon_pkg']
[0.509s] Level 1:colcon.colcon_core.package_identification:_identify(src/interbotix_ros_toolboxes/interbotix_common_toolbox/interbotix_moveit_interface) by extension 'colcon_pkg'
[0.509s] Level 1:colcon.colcon_core.package_identification:_identify(src/interbotix_ros_toolboxes/interbotix_common_toolbox/interbotix_moveit_interface) by extensions ['colcon_meta']
[0.509s] Level 1:colcon.colcon_core.package_identification:_identify(src/interbotix_ros_toolboxes/interbotix_common_toolbox/interbotix_moveit_interface) by extension 'colcon_meta'
[0.509s] Level 1:colcon.colcon_core.package_identification:_identify(src/interbotix_ros_toolboxes/interbotix_common_toolbox/interbotix_moveit_interface) by extensions ['ros']
[0.509s] Level 1:colcon.colcon_core.package_identification:_identify(src/interbotix_ros_toolboxes/interbotix_common_toolbox/interbotix_moveit_interface) by extension 'ros'
[0.509s] DEBUG:colcon.colcon_core.package_identification:Package 'src/interbotix_ros_toolboxes/interbotix_common_toolbox/interbotix_moveit_interface' with type 'ros.ament_cmake' and name 'interbotix_moveit_interface'
[0.509s] Level 1:colcon.colcon_core.package_identification:_identify(src/interbotix_ros_toolboxes/interbotix_common_toolbox/interbotix_moveit_interface_msgs) by extensions ['ignore', 'ignore_ament_install']
[0.509s] Level 1:colcon.colcon_core.package_identification:_identify(src/interbotix_ros_toolboxes/interbotix_common_toolbox/interbotix_moveit_interface_msgs) by extension 'ignore'
[0.509s] Level 1:colcon.colcon_core.package_identification:_identify(src/interbotix_ros_toolboxes/interbotix_common_toolbox/interbotix_moveit_interface_msgs) by extension 'ignore_ament_install'
[0.509s] Level 1:colcon.colcon_core.package_identification:_identify(src/interbotix_ros_toolboxes/interbotix_common_toolbox/interbotix_moveit_interface_msgs) by extensions ['colcon_pkg']
[0.509s] Level 1:colcon.colcon_core.package_identification:_identify(src/interbotix_ros_toolboxes/interbotix_common_toolbox/interbotix_moveit_interface_msgs) by extension 'colcon_pkg'
[0.509s] Level 1:colcon.colcon_core.package_identification:_identify(src/interbotix_ros_toolboxes/interbotix_common_toolbox/interbotix_moveit_interface_msgs) by extensions ['colcon_meta']
[0.509s] Level 1:colcon.colcon_core.package_identification:_identify(src/interbotix_ros_toolboxes/interbotix_common_toolbox/interbotix_moveit_interface_msgs) by extension 'colcon_meta'
[0.509s] Level 1:colcon.colcon_core.package_identification:_identify(src/interbotix_ros_toolboxes/interbotix_common_toolbox/interbotix_moveit_interface_msgs) by extensions ['ros']
[0.509s] Level 1:colcon.colcon_core.package_identification:_identify(src/interbotix_ros_toolboxes/interbotix_common_toolbox/interbotix_moveit_interface_msgs) by extension 'ros'
[0.510s] DEBUG:colcon.colcon_core.package_identification:Package 'src/interbotix_ros_toolboxes/interbotix_common_toolbox/interbotix_moveit_interface_msgs' with type 'ros.ament_cmake' and name 'interbotix_moveit_interface_msgs'
[0.510s] Level 1:colcon.colcon_core.package_identification:_identify(src/interbotix_ros_toolboxes/interbotix_common_toolbox/interbotix_tf_tools) by extensions ['ignore', 'ignore_ament_install']
[0.510s] Level 1:colcon.colcon_core.package_identification:_identify(src/interbotix_ros_toolboxes/interbotix_common_toolbox/interbotix_tf_tools) by extension 'ignore'
[0.510s] Level 1:colcon.colcon_core.package_identification:_identify(src/interbotix_ros_toolboxes/interbotix_common_toolbox/interbotix_tf_tools) by extension 'ignore_ament_install'
[0.510s] Level 1:colcon.colcon_core.package_identification:_identify(src/interbotix_ros_toolboxes/interbotix_common_toolbox/interbotix_tf_tools) by extensions ['colcon_pkg']
[0.510s] Level 1:colcon.colcon_core.package_identification:_identify(src/interbotix_ros_toolboxes/interbotix_common_toolbox/interbotix_tf_tools) by extension 'colcon_pkg'
[0.510s] Level 1:colcon.colcon_core.package_identification:_identify(src/interbotix_ros_toolboxes/interbotix_common_toolbox/interbotix_tf_tools) by extensions ['colcon_meta']
[0.510s] Level 1:colcon.colcon_core.package_identification:_identify(src/interbotix_ros_toolboxes/interbotix_common_toolbox/interbotix_tf_tools) by extension 'colcon_meta'
[0.510s] Level 1:colcon.colcon_core.package_identification:_identify(src/interbotix_ros_toolboxes/interbotix_common_toolbox/interbotix_tf_tools) by extensions ['ros']
[0.510s] Level 1:colcon.colcon_core.package_identification:_identify(src/interbotix_ros_toolboxes/interbotix_common_toolbox/interbotix_tf_tools) by extension 'ros'
[0.510s] DEBUG:colcon.colcon_core.package_identification:Package 'src/interbotix_ros_toolboxes/interbotix_common_toolbox/interbotix_tf_tools' with type 'ros.ament_cmake' and name 'interbotix_tf_tools'
[0.510s] Level 1:colcon.colcon_core.package_identification:_identify(src/interbotix_ros_toolboxes/interbotix_io_toolbox) by extensions ['ignore', 'ignore_ament_install']
[0.510s] Level 1:colcon.colcon_core.package_identification:_identify(src/interbotix_ros_toolboxes/interbotix_io_toolbox) by extension 'ignore'
[0.510s] Level 1:colcon.colcon_core.package_identification:_identify(src/interbotix_ros_toolboxes/interbotix_io_toolbox) ignored
[0.511s] Level 1:colcon.colcon_core.package_identification:_identify(src/interbotix_ros_toolboxes/interbotix_perception_toolbox) by extensions ['ignore', 'ignore_ament_install']
[0.511s] Level 1:colcon.colcon_core.package_identification:_identify(src/interbotix_ros_toolboxes/interbotix_perception_toolbox) by extension 'ignore'
[0.511s] Level 1:colcon.colcon_core.package_identification:_identify(src/interbotix_ros_toolboxes/interbotix_perception_toolbox) ignored
[0.511s] Level 1:colcon.colcon_core.package_identification:_identify(src/interbotix_ros_toolboxes/interbotix_rpi_toolbox) by extensions ['ignore', 'ignore_ament_install']
[0.511s] Level 1:colcon.colcon_core.package_identification:_identify(src/interbotix_ros_toolboxes/interbotix_rpi_toolbox) by extension 'ignore'
[0.511s] Level 1:colcon.colcon_core.package_identification:_identify(src/interbotix_ros_toolboxes/interbotix_rpi_toolbox) ignored
[0.511s] Level 1:colcon.colcon_core.package_identification:_identify(src/interbotix_ros_toolboxes/interbotix_xs_toolbox) by extensions ['ignore', 'ignore_ament_install']
[0.511s] Level 1:colcon.colcon_core.package_identification:_identify(src/interbotix_ros_toolboxes/interbotix_xs_toolbox) by extension 'ignore'
[0.511s] Level 1:colcon.colcon_core.package_identification:_identify(src/interbotix_ros_toolboxes/interbotix_xs_toolbox) by extension 'ignore_ament_install'
[0.511s] Level 1:colcon.colcon_core.package_identification:_identify(src/interbotix_ros_toolboxes/interbotix_xs_toolbox) by extensions ['colcon_pkg']
[0.511s] Level 1:colcon.colcon_core.package_identification:_identify(src/interbotix_ros_toolboxes/interbotix_xs_toolbox) by extension 'colcon_pkg'
[0.511s] Level 1:colcon.colcon_core.package_identification:_identify(src/interbotix_ros_toolboxes/interbotix_xs_toolbox) by extensions ['colcon_meta']
[0.511s] Level 1:colcon.colcon_core.package_identification:_identify(src/interbotix_ros_toolboxes/interbotix_xs_toolbox) by extension 'colcon_meta'
[0.511s] Level 1:colcon.colcon_core.package_identification:_identify(src/interbotix_ros_toolboxes/interbotix_xs_toolbox) by extensions ['ros']
[0.511s] Level 1:colcon.colcon_core.package_identification:_identify(src/interbotix_ros_toolboxes/interbotix_xs_toolbox) by extension 'ros'
[0.511s] Level 1:colcon.colcon_core.package_identification:_identify(src/interbotix_ros_toolboxes/interbotix_xs_toolbox) by extensions ['cmake', 'python']
[0.511s] Level 1:colcon.colcon_core.package_identification:_identify(src/interbotix_ros_toolboxes/interbotix_xs_toolbox) by extension 'cmake'
[0.511s] Level 1:colcon.colcon_core.package_identification:_identify(src/interbotix_ros_toolboxes/interbotix_xs_toolbox) by extension 'python'
[0.511s] Level 1:colcon.colcon_core.package_identification:_identify(src/interbotix_ros_toolboxes/interbotix_xs_toolbox) by extensions ['python_setup_py']
[0.511s] Level 1:colcon.colcon_core.package_identification:_identify(src/interbotix_ros_toolboxes/interbotix_xs_toolbox) by extension 'python_setup_py'
[0.511s] Level 1:colcon.colcon_core.package_identification:_identify(src/interbotix_ros_toolboxes/interbotix_xs_toolbox/interbotix_xs_modules) by extensions ['ignore', 'ignore_ament_install']
[0.511s] Level 1:colcon.colcon_core.package_identification:_identify(src/interbotix_ros_toolboxes/interbotix_xs_toolbox/interbotix_xs_modules) by extension 'ignore'
[0.511s] Level 1:colcon.colcon_core.package_identification:_identify(src/interbotix_ros_toolboxes/interbotix_xs_toolbox/interbotix_xs_modules) by extension 'ignore_ament_install'
[0.511s] Level 1:colcon.colcon_core.package_identification:_identify(src/interbotix_ros_toolboxes/interbotix_xs_toolbox/interbotix_xs_modules) by extensions ['colcon_pkg']
[0.511s] Level 1:colcon.colcon_core.package_identification:_identify(src/interbotix_ros_toolboxes/interbotix_xs_toolbox/interbotix_xs_modules) by extension 'colcon_pkg'
[0.511s] Level 1:colcon.colcon_core.package_identification:_identify(src/interbotix_ros_toolboxes/interbotix_xs_toolbox/interbotix_xs_modules) by extensions ['colcon_meta']
[0.511s] Level 1:colcon.colcon_core.package_identification:_identify(src/interbotix_ros_toolboxes/interbotix_xs_toolbox/interbotix_xs_modules) by extension 'colcon_meta'
[0.511s] Level 1:colcon.colcon_core.package_identification:_identify(src/interbotix_ros_toolboxes/interbotix_xs_toolbox/interbotix_xs_modules) by extensions ['ros']
[0.511s] Level 1:colcon.colcon_core.package_identification:_identify(src/interbotix_ros_toolboxes/interbotix_xs_toolbox/interbotix_xs_modules) by extension 'ros'
[0.512s] DEBUG:colcon.colcon_core.package_identification:Package 'src/interbotix_ros_toolboxes/interbotix_xs_toolbox/interbotix_xs_modules' with type 'ros.ament_python' and name 'interbotix_xs_modules'
[0.512s] Level 1:colcon.colcon_core.package_identification:_identify(src/interbotix_ros_toolboxes/interbotix_xs_toolbox/interbotix_xs_ros_control) by extensions ['ignore', 'ignore_ament_install']
[0.512s] Level 1:colcon.colcon_core.package_identification:_identify(src/interbotix_ros_toolboxes/interbotix_xs_toolbox/interbotix_xs_ros_control) by extension 'ignore'
[0.512s] Level 1:colcon.colcon_core.package_identification:_identify(src/interbotix_ros_toolboxes/interbotix_xs_toolbox/interbotix_xs_ros_control) by extension 'ignore_ament_install'
[0.512s] Level 1:colcon.colcon_core.package_identification:_identify(src/interbotix_ros_toolboxes/interbotix_xs_toolbox/interbotix_xs_ros_control) by extensions ['colcon_pkg']
[0.512s] Level 1:colcon.colcon_core.package_identification:_identify(src/interbotix_ros_toolboxes/interbotix_xs_toolbox/interbotix_xs_ros_control) by extension 'colcon_pkg'
[0.512s] Level 1:colcon.colcon_core.package_identification:_identify(src/interbotix_ros_toolboxes/interbotix_xs_toolbox/interbotix_xs_ros_control) by extensions ['colcon_meta']
[0.512s] Level 1:colcon.colcon_core.package_identification:_identify(src/interbotix_ros_toolboxes/interbotix_xs_toolbox/interbotix_xs_ros_control) by extension 'colcon_meta'
[0.512s] Level 1:colcon.colcon_core.package_identification:_identify(src/interbotix_ros_toolboxes/interbotix_xs_toolbox/interbotix_xs_ros_control) by extensions ['ros']
[0.512s] Level 1:colcon.colcon_core.package_identification:_identify(src/interbotix_ros_toolboxes/interbotix_xs_toolbox/interbotix_xs_ros_control) by extension 'ros'
[0.512s] DEBUG:colcon.colcon_core.package_identification:Package 'src/interbotix_ros_toolboxes/interbotix_xs_toolbox/interbotix_xs_ros_control' with type 'ros.ament_cmake' and name 'interbotix_xs_ros_control'
[0.513s] Level 1:colcon.colcon_core.package_identification:_identify(src/interbotix_ros_toolboxes/interbotix_xs_toolbox/interbotix_xs_rviz) by extensions ['ignore', 'ignore_ament_install']
[0.513s] Level 1:colcon.colcon_core.package_identification:_identify(src/interbotix_ros_toolboxes/interbotix_xs_toolbox/interbotix_xs_rviz) by extension 'ignore'
[0.513s] Level 1:colcon.colcon_core.package_identification:_identify(src/interbotix_ros_toolboxes/interbotix_xs_toolbox/interbotix_xs_rviz) by extension 'ignore_ament_install'
[0.513s] Level 1:colcon.colcon_core.package_identification:_identify(src/interbotix_ros_toolboxes/interbotix_xs_toolbox/interbotix_xs_rviz) by extensions ['colcon_pkg']
[0.513s] Level 1:colcon.colcon_core.package_identification:_identify(src/interbotix_ros_toolboxes/interbotix_xs_toolbox/interbotix_xs_rviz) by extension 'colcon_pkg'
[0.513s] Level 1:colcon.colcon_core.package_identification:_identify(src/interbotix_ros_toolboxes/interbotix_xs_toolbox/interbotix_xs_rviz) by extensions ['colcon_meta']
[0.513s] Level 1:colcon.colcon_core.package_identification:_identify(src/interbotix_ros_toolboxes/interbotix_xs_toolbox/interbotix_xs_rviz) by extension 'colcon_meta'
[0.513s] Level 1:colcon.colcon_core.package_identification:_identify(src/interbotix_ros_toolboxes/interbotix_xs_toolbox/interbotix_xs_rviz) by extensions ['ros']
[0.513s] Level 1:colcon.colcon_core.package_identification:_identify(src/interbotix_ros_toolboxes/interbotix_xs_toolbox/interbotix_xs_rviz) by extension 'ros'
[0.513s] DEBUG:colcon.colcon_core.package_identification:Package 'src/interbotix_ros_toolboxes/interbotix_xs_toolbox/interbotix_xs_rviz' with type 'ros.ament_cmake' and name 'interbotix_xs_rviz'
[0.513s] Level 1:colcon.colcon_core.package_identification:_identify(src/interbotix_ros_toolboxes/interbotix_xs_toolbox/interbotix_xs_toolbox) by extensions ['ignore', 'ignore_ament_install']
[0.513s] Level 1:colcon.colcon_core.package_identification:_identify(src/interbotix_ros_toolboxes/interbotix_xs_toolbox/interbotix_xs_toolbox) by extension 'ignore'
[0.513s] Level 1:colcon.colcon_core.package_identification:_identify(src/interbotix_ros_toolboxes/interbotix_xs_toolbox/interbotix_xs_toolbox) by extension 'ignore_ament_install'
[0.513s] Level 1:colcon.colcon_core.package_identification:_identify(src/interbotix_ros_toolboxes/interbotix_xs_toolbox/interbotix_xs_toolbox) by extensions ['colcon_pkg']
[0.513s] Level 1:colcon.colcon_core.package_identification:_identify(src/interbotix_ros_toolboxes/interbotix_xs_toolbox/interbotix_xs_toolbox) by extension 'colcon_pkg'
[0.513s] Level 1:colcon.colcon_core.package_identification:_identify(src/interbotix_ros_toolboxes/interbotix_xs_toolbox/interbotix_xs_toolbox) by extensions ['colcon_meta']
[0.513s] Level 1:colcon.colcon_core.package_identification:_identify(src/interbotix_ros_toolboxes/interbotix_xs_toolbox/interbotix_xs_toolbox) by extension 'colcon_meta'
[0.513s] Level 1:colcon.colcon_core.package_identification:_identify(src/interbotix_ros_toolboxes/interbotix_xs_toolbox/interbotix_xs_toolbox) by extensions ['ros']
[0.513s] Level 1:colcon.colcon_core.package_identification:_identify(src/interbotix_ros_toolboxes/interbotix_xs_toolbox/interbotix_xs_toolbox) by extension 'ros'
[0.514s] DEBUG:colcon.colcon_core.package_identification:Package 'src/interbotix_ros_toolboxes/interbotix_xs_toolbox/interbotix_xs_toolbox' with type 'ros.ament_cmake' and name 'interbotix_xs_toolbox'
[0.514s] Level 1:colcon.colcon_core.package_identification:_identify(src/interbotix_ros_toolboxes/third_party_libraries) by extensions ['ignore', 'ignore_ament_install']
[0.514s] Level 1:colcon.colcon_core.package_identification:_identify(src/interbotix_ros_toolboxes/third_party_libraries) by extension 'ignore'
[0.514s] Level 1:colcon.colcon_core.package_identification:_identify(src/interbotix_ros_toolboxes/third_party_libraries) by extension 'ignore_ament_install'
[0.514s] Level 1:colcon.colcon_core.package_identification:_identify(src/interbotix_ros_toolboxes/third_party_libraries) by extensions ['colcon_pkg']
[0.514s] Level 1:colcon.colcon_core.package_identification:_identify(src/interbotix_ros_toolboxes/third_party_libraries) by extension 'colcon_pkg'
[0.514s] Level 1:colcon.colcon_core.package_identification:_identify(src/interbotix_ros_toolboxes/third_party_libraries) by extensions ['colcon_meta']
[0.514s] Level 1:colcon.colcon_core.package_identification:_identify(src/interbotix_ros_toolboxes/third_party_libraries) by extension 'colcon_meta'
[0.514s] Level 1:colcon.colcon_core.package_identification:_identify(src/interbotix_ros_toolboxes/third_party_libraries) by extensions ['ros']
[0.514s] Level 1:colcon.colcon_core.package_identification:_identify(src/interbotix_ros_toolboxes/third_party_libraries) by extension 'ros'
[0.514s] Level 1:colcon.colcon_core.package_identification:_identify(src/interbotix_ros_toolboxes/third_party_libraries) by extensions ['cmake', 'python']
[0.514s] Level 1:colcon.colcon_core.package_identification:_identify(src/interbotix_ros_toolboxes/third_party_libraries) by extension 'cmake'
[0.514s] Level 1:colcon.colcon_core.package_identification:_identify(src/interbotix_ros_toolboxes/third_party_libraries) by extension 'python'
[0.514s] Level 1:colcon.colcon_core.package_identification:_identify(src/interbotix_ros_toolboxes/third_party_libraries) by extensions ['python_setup_py']
[0.514s] Level 1:colcon.colcon_core.package_identification:_identify(src/interbotix_ros_toolboxes/third_party_libraries) by extension 'python_setup_py'
[0.514s] Level 1:colcon.colcon_core.package_identification:_identify(src/interbotix_ros_toolboxes/third_party_libraries/ModernRobotics) by extensions ['ignore', 'ignore_ament_install']
[0.514s] Level 1:colcon.colcon_core.package_identification:_identify(src/interbotix_ros_toolboxes/third_party_libraries/ModernRobotics) by extension 'ignore'
[0.514s] Level 1:colcon.colcon_core.package_identification:_identify(src/interbotix_ros_toolboxes/third_party_libraries/ModernRobotics) by extension 'ignore_ament_install'
[0.514s] Level 1:colcon.colcon_core.package_identification:_identify(src/interbotix_ros_toolboxes/third_party_libraries/ModernRobotics) by extensions ['colcon_pkg']
[0.514s] Level 1:colcon.colcon_core.package_identification:_identify(src/interbotix_ros_toolboxes/third_party_libraries/ModernRobotics) by extension 'colcon_pkg'
[0.514s] Level 1:colcon.colcon_core.package_identification:_identify(src/interbotix_ros_toolboxes/third_party_libraries/ModernRobotics) by extensions ['colcon_meta']
[0.514s] Level 1:colcon.colcon_core.package_identification:_identify(src/interbotix_ros_toolboxes/third_party_libraries/ModernRobotics) by extension 'colcon_meta'
[0.514s] Level 1:colcon.colcon_core.package_identification:_identify(src/interbotix_ros_toolboxes/third_party_libraries/ModernRobotics) by extensions ['ros']
[0.514s] Level 1:colcon.colcon_core.package_identification:_identify(src/interbotix_ros_toolboxes/third_party_libraries/ModernRobotics) by extension 'ros'
[0.514s] Level 1:colcon.colcon_core.package_identification:_identify(src/interbotix_ros_toolboxes/third_party_libraries/ModernRobotics) by extensions ['cmake', 'python']
[0.514s] Level 1:colcon.colcon_core.package_identification:_identify(src/interbotix_ros_toolboxes/third_party_libraries/ModernRobotics) by extension 'cmake'
[0.514s] Level 1:colcon.colcon_core.package_identification:_identify(src/interbotix_ros_toolboxes/third_party_libraries/ModernRobotics) by extension 'python'
[0.514s] Level 1:colcon.colcon_core.package_identification:_identify(src/interbotix_ros_toolboxes/third_party_libraries/ModernRobotics) by extensions ['python_setup_py']
[0.514s] Level 1:colcon.colcon_core.package_identification:_identify(src/interbotix_ros_toolboxes/third_party_libraries/ModernRobotics) by extension 'python_setup_py'
[0.514s] Level 1:colcon.colcon_core.package_identification:_identify(src/interbotix_xs_driver) by extensions ['ignore', 'ignore_ament_install']
[0.514s] Level 1:colcon.colcon_core.package_identification:_identify(src/interbotix_xs_driver) by extension 'ignore'
[0.515s] Level 1:colcon.colcon_core.package_identification:_identify(src/interbotix_xs_driver) by extension 'ignore_ament_install'
[0.515s] Level 1:colcon.colcon_core.package_identification:_identify(src/interbotix_xs_driver) by extensions ['colcon_pkg']
[0.515s] Level 1:colcon.colcon_core.package_identification:_identify(src/interbotix_xs_driver) by extension 'colcon_pkg'
[0.515s] Level 1:colcon.colcon_core.package_identification:_identify(src/interbotix_xs_driver) by extensions ['colcon_meta']
[0.515s] Level 1:colcon.colcon_core.package_identification:_identify(src/interbotix_xs_driver) by extension 'colcon_meta'
[0.515s] Level 1:colcon.colcon_core.package_identification:_identify(src/interbotix_xs_driver) by extensions ['ros']
[0.515s] Level 1:colcon.colcon_core.package_identification:_identify(src/interbotix_xs_driver) by extension 'ros'
[0.515s] DEBUG:colcon.colcon_core.package_identification:Package 'src/interbotix_xs_driver' with type 'ros.ament_cmake' and name 'interbotix_xs_driver'
[0.515s] Level 1:colcon.colcon_core.package_discovery:discover_packages(recursive) using defaults
[0.515s] Level 1:colcon.colcon_core.package_discovery:discover_packages(ignore) discover
[0.515s] Level 1:colcon.colcon_core.package_discovery:discover_packages(ignore) using defaults
[0.515s] Level 1:colcon.colcon_core.package_discovery:discover_packages(path) discover
[0.515s] Level 1:colcon.colcon_core.package_discovery:discover_packages(path) using defaults
[0.532s] Level 1:colcon.colcon_core.package_discovery:discover_packages(prefix_path) check parameters
[0.532s] Level 1:colcon.colcon_core.package_discovery:discover_packages(prefix_path) discover
[0.533s] DEBUG:colcon.colcon_installed_package_information.package_discovery:Found 27 installed packages in /home/derek-dietz/MSAI/ComputerVision/Final_Project/ws/interbotix/install
[0.533s] DEBUG:colcon.colcon_installed_package_information.package_discovery:Found 1 installed packages in /home/derek-dietz/MSAI/ComputerVision/Final_Project/ros_ws/install
[0.535s] DEBUG:colcon.colcon_installed_package_information.package_discovery:Found 436 installed packages in /opt/ros/kilted
[0.535s] Level 1:colcon.colcon_core.package_discovery:discover_packages(prefix_path) using defaults
[0.577s] Level 5:colcon.colcon_core.verb:set package 'arm' build argument 'cmake_args' from command line to 'None'
[0.577s] Level 5:colcon.colcon_core.verb:set package 'arm' build argument 'cmake_target' from command line to 'None'
[0.577s] Level 5:colcon.colcon_core.verb:set package 'arm' build argument 'cmake_target_skip_unavailable' from command line to 'False'
[0.577s] Level 5:colcon.colcon_core.verb:set package 'arm' build argument 'cmake_clean_cache' from command line to 'False'
[0.577s] Level 5:colcon.colcon_core.verb:set package 'arm' build argument 'cmake_clean_first' from command line to 'False'
[0.577s] Level 5:colcon.colcon_core.verb:set package 'arm' build argument 'cmake_force_configure' from command line to 'False'
[0.577s] Level 5:colcon.colcon_core.verb:set package 'arm' build argument 'ament_cmake_args' from command line to 'None'
[0.577s] Level 5:colcon.colcon_core.verb:set package 'arm' build argument 'catkin_cmake_args' from command line to 'None'
[0.577s] Level 5:colcon.colcon_core.verb:set package 'arm' build argument 'catkin_skip_building_tests' from command line to 'False'
[0.577s] DEBUG:colcon.colcon_core.verb:Building package 'arm' with the following arguments: {'ament_cmake_args': None, 'build_base': '/home/derek-dietz/MSAI/ComputerVision/Final_Project/ws/interbotix/build/arm', 'catkin_cmake_args': None, 'catkin_skip_building_tests': False, 'cmake_args': None, 'cmake_clean_cache': False, 'cmake_clean_first': False, 'cmake_force_configure': False, 'cmake_target': None, 'cmake_target_skip_unavailable': False, 'install_base': '/home/derek-dietz/MSAI/ComputerVision/Final_Project/ws/interbotix/install', 'merge_install': True, 'path': '/home/derek-dietz/MSAI/ComputerVision/Final_Project/ws/interbotix/src/arm', 'symlink_install': False, 'test_result_base': None}
[0.578s] Level 5:colcon.colcon_core.verb:set package 'interbotix_common_modules' build argument 'cmake_args' from command line to 'None'
[0.578s] Level 5:colcon.colcon_core.verb:set package 'interbotix_common_modules' build argument 'cmake_target' from command line to 'None'
[0.578s] Level 5:colcon.colcon_core.verb:set package 'interbotix_common_modules' build argument 'cmake_target_skip_unavailable' from command line to 'False'
[0.578s] Level 5:colcon.colcon_core.verb:set package 'interbotix_common_modules' build argument 'cmake_clean_cache' from command line to 'False'
[0.578s] Level 5:colcon.colcon_core.verb:set package 'interbotix_common_modules' build argument 'cmake_clean_first' from command line to 'False'
[0.578s] Level 5:colcon.colcon_core.verb:set package 'interbotix_common_modules' build argument 'cmake_force_configure' from command line to 'False'
[0.578s] Level 5:colcon.colcon_core.verb:set package 'interbotix_common_modules' build argument 'ament_cmake_args' from command line to 'None'
[0.578s] Level 5:colcon.colcon_core.verb:set package 'interbotix_common_modules' build argument 'catkin_cmake_args' from command line to 'None'
[0.578s] Level 5:colcon.colcon_core.verb:set package 'interbotix_common_modules' build argument 'catkin_skip_building_tests' from command line to 'False'
[0.578s] DEBUG:colcon.colcon_core.verb:Building package 'interbotix_common_modules' with the following arguments: {'ament_cmake_args': None, 'build_base': '/home/derek-dietz/MSAI/ComputerVision/Final_Project/ws/interbotix/build/interbotix_common_modules', 'catkin_cmake_args': None, 'catkin_skip_building_tests': False, 'cmake_args': None, 'cmake_clean_cache': False, 'cmake_clean_first': False, 'cmake_force_configure': False, 'cmake_target': None, 'cmake_target_skip_unavailable': False, 'install_base': '/home/derek-dietz/MSAI/ComputerVision/Final_Project/ws/interbotix/install', 'merge_install': True, 'path': '/home/derek-dietz/MSAI/ComputerVision/Final_Project/ws/interbotix/src/interbotix_ros_toolboxes/interbotix_common_toolbox/interbotix_common_modules', 'symlink_install': False, 'test_result_base': None}
[0.578s] Level 5:colcon.colcon_core.verb:set package 'interbotix_common_sim' build argument 'cmake_args' from command line to 'None'
[0.578s] Level 5:colcon.colcon_core.verb:set package 'interbotix_common_sim' build argument 'cmake_target' from command line to 'None'
[0.578s] Level 5:colcon.colcon_core.verb:set package 'interbotix_common_sim' build argument 'cmake_target_skip_unavailable' from command line to 'False'
[0.578s] Level 5:colcon.colcon_core.verb:set package 'interbotix_common_sim' build argument 'cmake_clean_cache' from command line to 'False'
[0.578s] Level 5:colcon.colcon_core.verb:set package 'interbotix_common_sim' build argument 'cmake_clean_first' from command line to 'False'
[0.578s] Level 5:colcon.colcon_core.verb:set package 'interbotix_common_sim' build argument 'cmake_force_configure' from command line to 'False'
[0.578s] Level 5:colcon.colcon_core.verb:set package 'interbotix_common_sim' build argument 'ament_cmake_args' from command line to 'None'
[0.578s] Level 5:colcon.colcon_core.verb:set package 'interbotix_common_sim' build argument 'catkin_cmake_args' from command line to 'None'
[0.578s] Level 5:colcon.colcon_core.verb:set package 'interbotix_common_sim' build argument 'catkin_skip_building_tests' from command line to 'False'
[0.578s] DEBUG:colcon.colcon_core.verb:Building package 'interbotix_common_sim' with the following arguments: {'ament_cmake_args': None, 'build_base': '/home/derek-dietz/MSAI/ComputerVision/Final_Project/ws/interbotix/build/interbotix_common_sim', 'catkin_cmake_args': None, 'catkin_skip_building_tests': False, 'cmake_args': None, 'cmake_clean_cache': False, 'cmake_clean_first': False, 'cmake_force_configure': False, 'cmake_target': None, 'cmake_target_skip_unavailable': False, 'install_base': '/home/derek-dietz/MSAI/ComputerVision/Final_Project/ws/interbotix/install', 'merge_install': True, 'path': '/home/derek-dietz/MSAI/ComputerVision/Final_Project/ws/interbotix/src/interbotix_ros_toolboxes/interbotix_common_toolbox/interbotix_common_sim', 'symlink_install': False, 'test_result_base': None}
[0.578s] Level 5:colcon.colcon_core.verb:set package 'interbotix_moveit_interface_msgs' build argument 'cmake_args' from command line to 'None'
[0.578s] Level 5:colcon.colcon_core.verb:set package 'interbotix_moveit_interface_msgs' build argument 'cmake_target' from command line to 'None'
[0.578s] Level 5:colcon.colcon_core.verb:set package 'interbotix_moveit_interface_msgs' build argument 'cmake_target_skip_unavailable' from command line to 'False'
[0.578s] Level 5:colcon.colcon_core.verb:set package 'interbotix_moveit_interface_msgs' build argument 'cmake_clean_cache' from command line to 'False'
[0.578s] Level 5:colcon.colcon_core.verb:set package 'interbotix_moveit_interface_msgs' build argument 'cmake_clean_first' from command line to 'False'
[0.578s] Level 5:colcon.colcon_core.verb:set package 'interbotix_moveit_interface_msgs' build argument 'cmake_force_configure' from command line to 'False'
[0.578s] Level 5:colcon.colcon_core.verb:set package 'interbotix_moveit_interface_msgs' build argument 'ament_cmake_args' from command line to 'None'
[0.578s] Level 5:colcon.colcon_core.verb:set package 'interbotix_moveit_interface_msgs' build argument 'catkin_cmake_args' from command line to 'None'
[0.578s] Level 5:colcon.colcon_core.verb:set package 'interbotix_moveit_interface_msgs' build argument 'catkin_skip_building_tests' from command line to 'False'
[0.578s] DEBUG:colcon.colcon_core.verb:Building package 'interbotix_moveit_interface_msgs' with the following arguments: {'ament_cmake_args': None, 'build_base': '/home/derek-dietz/MSAI/ComputerVision/Final_Project/ws/interbotix/build/interbotix_moveit_interface_msgs', 'catkin_cmake_args': None, 'catkin_skip_building_tests': False, 'cmake_args': None, 'cmake_clean_cache': False, 'cmake_clean_first': False, 'cmake_force_configure': False, 'cmake_target': None, 'cmake_target_skip_unavailable': False, 'install_base': '/home/derek-dietz/MSAI/ComputerVision/Final_Project/ws/interbotix/install', 'merge_install': True, 'path': '/home/derek-dietz/MSAI/ComputerVision/Final_Project/ws/interbotix/src/interbotix_ros_toolboxes/interbotix_common_toolbox/interbotix_moveit_interface_msgs', 'symlink_install': False, 'test_result_base': None}
[0.578s] Level 5:colcon.colcon_core.verb:set package 'interbotix_tf_tools' build argument 'cmake_args' from command line to 'None'
[0.578s] Level 5:colcon.colcon_core.verb:set package 'interbotix_tf_tools' build argument 'cmake_target' from command line to 'None'
[0.578s] Level 5:colcon.colcon_core.verb:set package 'interbotix_tf_tools' build argument 'cmake_target_skip_unavailable' from command line to 'False'
[0.578s] Level 5:colcon.colcon_core.verb:set package 'interbotix_tf_tools' build argument 'cmake_clean_cache' from command line to 'False'
[0.578s] Level 5:colcon.colcon_core.verb:set package 'interbotix_tf_tools' build argument 'cmake_clean_first' from command line to 'False'
[0.578s] Level 5:colcon.colcon_core.verb:set package 'interbotix_tf_tools' build argument 'cmake_force_configure' from command line to 'False'
[0.578s] Level 5:colcon.colcon_core.verb:set package 'interbotix_tf_tools' build argument 'ament_cmake_args' from command line to 'None'
[0.578s] Level 5:colcon.colcon_core.verb:set package 'interbotix_tf_tools' build argument 'catkin_cmake_args' from command line to 'None'
[0.578s] Level 5:colcon.colcon_core.verb:set package 'interbotix_tf_tools' build argument 'catkin_skip_building_tests' from command line to 'False'
[0.578s] DEBUG:colcon.colcon_core.verb:Building package 'interbotix_tf_tools' with the following arguments: {'ament_cmake_args': None, 'build_base': '/home/derek-dietz/MSAI/ComputerVision/Final_Project/ws/interbotix/build/interbotix_tf_tools', 'catkin_cmake_args': None, 'catkin_skip_building_tests': False, 'cmake_args': None, 'cmake_clean_cache': False, 'cmake_clean_first': False, 'cmake_force_configure': False, 'cmake_target': None, 'cmake_target_skip_unavailable': False, 'install_base': '/home/derek-dietz/MSAI/ComputerVision/Final_Project/ws/interbotix/install', 'merge_install': True, 'path': '/home/derek-dietz/MSAI/ComputerVision/Final_Project/ws/interbotix/src/interbotix_ros_toolboxes/interbotix_common_toolbox/interbotix_tf_tools', 'symlink_install': False, 'test_result_base': None}
[0.579s] Level 5:colcon.colcon_core.verb:set package 'interbotix_xs_driver' build argument 'cmake_args' from command line to 'None'
[0.579s] Level 5:colcon.colcon_core.verb:set package 'interbotix_xs_driver' build argument 'cmake_target' from command line to 'None'
[0.579s] Level 5:colcon.colcon_core.verb:set package 'interbotix_xs_driver' build argument 'cmake_target_skip_unavailable' from command line to 'False'
[0.579s] Level 5:colcon.colcon_core.verb:set package 'interbotix_xs_driver' build argument 'cmake_clean_cache' from command line to 'False'
[0.579s] Level 5:colcon.colcon_core.verb:set package 'interbotix_xs_driver' build argument 'cmake_clean_first' from command line to 'False'
[0.579s] Level 5:colcon.colcon_core.verb:set package 'interbotix_xs_driver' build argument 'cmake_force_configure' from command line to 'False'
[0.579s] Level 5:colcon.colcon_core.verb:set package 'interbotix_xs_driver' build argument 'ament_cmake_args' from command line to 'None'
[0.579s] Level 5:colcon.colcon_core.verb:set package 'interbotix_xs_driver' build argument 'catkin_cmake_args' from command line to 'None'
[0.579s] Level 5:colcon.colcon_core.verb:set package 'interbotix_xs_driver' build argument 'catkin_skip_building_tests' from command line to 'False'
[0.579s] DEBUG:colcon.colcon_core.verb:Building package 'interbotix_xs_driver' with the following arguments: {'ament_cmake_args': None, 'build_base': '/home/derek-dietz/MSAI/ComputerVision/Final_Project/ws/interbotix/build/interbotix_xs_driver', 'catkin_cmake_args': None, 'catkin_skip_building_tests': False, 'cmake_args': None, 'cmake_clean_cache': False, 'cmake_clean_first': False, 'cmake_force_configure': False, 'cmake_target': None, 'cmake_target_skip_unavailable': False, 'install_base': '/home/derek-dietz/MSAI/ComputerVision/Final_Project/ws/interbotix/install', 'merge_install': True, 'path': '/home/derek-dietz/MSAI/ComputerVision/Final_Project/ws/interbotix/src/interbotix_xs_driver', 'symlink_install': False, 'test_result_base': None}
[0.579s] Level 5:colcon.colcon_core.verb:set package 'interbotix_xs_msgs' build argument 'cmake_args' from command line to 'None'
[0.579s] Level 5:colcon.colcon_core.verb:set package 'interbotix_xs_msgs' build argument 'cmake_target' from command line to 'None'
[0.579s] Level 5:colcon.colcon_core.verb:set package 'interbotix_xs_msgs' build argument 'cmake_target_skip_unavailable' from command line to 'False'
[0.579s] Level 5:colcon.colcon_core.verb:set package 'interbotix_xs_msgs' build argument 'cmake_clean_cache' from command line to 'False'
[0.579s] Level 5:colcon.colcon_core.verb:set package 'interbotix_xs_msgs' build argument 'cmake_clean_first' from command line to 'False'
[0.579s] Level 5:colcon.colcon_core.verb:set package 'interbotix_xs_msgs' build argument 'cmake_force_configure' from command line to 'False'
[0.579s] Level 5:colcon.colcon_core.verb:set package 'interbotix_xs_msgs' build argument 'ament_cmake_args' from command line to 'None'
[0.579s] Level 5:colcon.colcon_core.verb:set package 'interbotix_xs_msgs' build argument 'catkin_cmake_args' from command line to 'None'
[0.579s] Level 5:colcon.colcon_core.verb:set package 'interbotix_xs_msgs' build argument 'catkin_skip_building_tests' from command line to 'False'
[0.579s] DEBUG:colcon.colcon_core.verb:Building package 'interbotix_xs_msgs' with the following arguments: {'ament_cmake_args': None, 'build_base': '/home/derek-dietz/MSAI/ComputerVision/Final_Project/ws/interbotix/build/interbotix_xs_msgs', 'catkin_cmake_args': None, 'catkin_skip_building_tests': False, 'cmake_args': None, 'cmake_clean_cache': False, 'cmake_clean_first': False, 'cmake_force_configure': False, 'cmake_target': None, 'cmake_target_skip_unavailable': False, 'install_base': '/home/derek-dietz/MSAI/ComputerVision/Final_Project/ws/interbotix/install', 'merge_install': True, 'path': '/home/derek-dietz/MSAI/ComputerVision/Final_Project/ws/interbotix/src/interbotix_ros_core/interbotix_ros_xseries/interbotix_xs_msgs', 'symlink_install': False, 'test_result_base': None}
[0.579s] Level 5:colcon.colcon_core.verb:set package 'modern_robotics' build argument 'cmake_args' from command line to 'None'
[0.579s] Level 5:colcon.colcon_core.verb:set package 'modern_robotics' build argument 'cmake_target' from command line to 'None'
[0.579s] Level 5:colcon.colcon_core.verb:set package 'modern_robotics' build argument 'cmake_target_skip_unavailable' from command line to 'False'
[0.579s] Level 5:colcon.colcon_core.verb:set package 'modern_robotics' build argument 'cmake_clean_cache' from command line to 'False'
[0.579s] Level 5:colcon.colcon_core.verb:set package 'modern_robotics' build argument 'cmake_clean_first' from command line to 'False'
[0.579s] Level 5:colcon.colcon_core.verb:set package 'modern_robotics' build argument 'cmake_force_configure' from command line to 'False'
[0.579s] Level 5:colcon.colcon_core.verb:set package 'modern_robotics' build argument 'ament_cmake_args' from command line to 'None'
[0.579s] Level 5:colcon.colcon_core.verb:set package 'modern_robotics' build argument 'catkin_cmake_args' from command line to 'None'
[0.579s] Level 5:colcon.colcon_core.verb:set package 'modern_robotics' build argument 'catkin_skip_building_tests' from command line to 'False'
[0.579s] DEBUG:colcon.colcon_core.verb:Building package 'modern_robotics' with the following arguments: {'ament_cmake_args': None, 'build_base': '/home/derek-dietz/MSAI/ComputerVision/Final_Project/ws/interbotix/build/modern_robotics', 'catkin_cmake_args': None, 'catkin_skip_building_tests': False, 'cmake_args': None, 'cmake_clean_cache': False, 'cmake_clean_first': False, 'cmake_force_configure': False, 'cmake_target': None, 'cmake_target_skip_unavailable': False, 'install_base': '/home/derek-dietz/MSAI/ComputerVision/Final_Project/ws/interbotix/install', 'merge_install': True, 'path': '/home/derek-dietz/MSAI/ComputerVision/Final_Project/ws/interbotix/src/ModernRobotics/packages/Python', 'symlink_install': False, 'test_result_base': None}
[0.579s] Level 5:colcon.colcon_core.verb:set package 'interbotix_common_toolbox' build argument 'cmake_args' from command line to 'None'
[0.579s] Level 5:colcon.colcon_core.verb:set package 'interbotix_common_toolbox' build argument 'cmake_target' from command line to 'None'
[0.579s] Level 5:colcon.colcon_core.verb:set package 'interbotix_common_toolbox' build argument 'cmake_target_skip_unavailable' from command line to 'False'
[0.579s] Level 5:colcon.colcon_core.verb:set package 'interbotix_common_toolbox' build argument 'cmake_clean_cache' from command line to 'False'
[0.579s] Level 5:colcon.colcon_core.verb:set package 'interbotix_common_toolbox' build argument 'cmake_clean_first' from command line to 'False'
[0.579s] Level 5:colcon.colcon_core.verb:set package 'interbotix_common_toolbox' build argument 'cmake_force_configure' from command line to 'False'
[0.579s] Level 5:colcon.colcon_core.verb:set package 'interbotix_common_toolbox' build argument 'ament_cmake_args' from command line to 'None'
[0.579s] Level 5:colcon.colcon_core.verb:set package 'interbotix_common_toolbox' build argument 'catkin_cmake_args' from command line to 'None'
[0.579s] Level 5:colcon.colcon_core.verb:set package 'interbotix_common_toolbox' build argument 'catkin_skip_building_tests' from command line to 'False'
[0.579s] DEBUG:colcon.colcon_core.verb:Building package 'interbotix_common_toolbox' with the following arguments: {'ament_cmake_args': None, 'build_base': '/home/derek-dietz/MSAI/ComputerVision/Final_Project/ws/interbotix/build/interbotix_common_toolbox', 'catkin_cmake_args': None, 'catkin_skip_building_tests': False, 'cmake_args': None, 'cmake_clean_cache': False, 'cmake_clean_first': False, 'cmake_force_configure': False, 'cmake_target': None, 'cmake_target_skip_unavailable': False, 'install_base': '/home/derek-dietz/MSAI/ComputerVision/Final_Project/ws/interbotix/install', 'merge_install': True, 'path': '/home/derek-dietz/MSAI/ComputerVision/Final_Project/ws/interbotix/src/interbotix_ros_toolboxes/interbotix_common_toolbox/interbotix_common_toolbox', 'symlink_install': False, 'test_result_base': None}
[0.580s] Level 5:colcon.colcon_core.verb:set package 'interbotix_moveit_interface' build argument 'cmake_args' from command line to 'None'
[0.580s] Level 5:colcon.colcon_core.verb:set package 'interbotix_moveit_interface' build argument 'cmake_target' from command line to 'None'
[0.580s] Level 5:colcon.colcon_core.verb:set package 'interbotix_moveit_interface' build argument 'cmake_target_skip_unavailable' from command line to 'False'
[0.580s] Level 5:colcon.colcon_core.verb:set package 'interbotix_moveit_interface' build argument 'cmake_clean_cache' from command line to 'False'
[0.580s] Level 5:colcon.colcon_core.verb:set package 'interbotix_moveit_interface' build argument 'cmake_clean_first' from command line to 'False'
[0.580s] Level 5:colcon.colcon_core.verb:set package 'interbotix_moveit_interface' build argument 'cmake_force_configure' from command line to 'False'
[0.580s] Level 5:colcon.colcon_core.verb:set package 'interbotix_moveit_interface' build argument 'ament_cmake_args' from command line to 'None'
[0.580s] Level 5:colcon.colcon_core.verb:set package 'interbotix_moveit_interface' build argument 'catkin_cmake_args' from command line to 'None'
[0.580s] Level 5:colcon.colcon_core.verb:set package 'interbotix_moveit_interface' build argument 'catkin_skip_building_tests' from command line to 'False'
[0.580s] DEBUG:colcon.colcon_core.verb:Building package 'interbotix_moveit_interface' with the following arguments: {'ament_cmake_args': None, 'build_base': '/home/derek-dietz/MSAI/ComputerVision/Final_Project/ws/interbotix/build/interbotix_moveit_interface', 'catkin_cmake_args': None, 'catkin_skip_building_tests': False, 'cmake_args': None, 'cmake_clean_cache': False, 'cmake_clean_first': False, 'cmake_force_configure': False, 'cmake_target': None, 'cmake_target_skip_unavailable': False, 'install_base': '/home/derek-dietz/MSAI/ComputerVision/Final_Project/ws/interbotix/install', 'merge_install': True, 'path': '/home/derek-dietz/MSAI/ComputerVision/Final_Project/ws/interbotix/src/interbotix_ros_toolboxes/interbotix_common_toolbox/interbotix_moveit_interface', 'symlink_install': False, 'test_result_base': None}
[0.580s] Level 5:colcon.colcon_core.verb:set package 'interbotix_xs_ros_control' build argument 'cmake_args' from command line to 'None'
[0.580s] Level 5:colcon.colcon_core.verb:set package 'interbotix_xs_ros_control' build argument 'cmake_target' from command line to 'None'
[0.580s] Level 5:colcon.colcon_core.verb:set package 'interbotix_xs_ros_control' build argument 'cmake_target_skip_unavailable' from command line to 'False'
[0.580s] Level 5:colcon.colcon_core.verb:set package 'interbotix_xs_ros_control' build argument 'cmake_clean_cache' from command line to 'False'
[0.580s] Level 5:colcon.colcon_core.verb:set package 'interbotix_xs_ros_control' build argument 'cmake_clean_first' from command line to 'False'
[0.580s] Level 5:colcon.colcon_core.verb:set package 'interbotix_xs_ros_control' build argument 'cmake_force_configure' from command line to 'False'
[0.580s] Level 5:colcon.colcon_core.verb:set package 'interbotix_xs_ros_control' build argument 'ament_cmake_args' from command line to 'None'
[0.580s] Level 5:colcon.colcon_core.verb:set package 'interbotix_xs_ros_control' build argument 'catkin_cmake_args' from command line to 'None'
[0.580s] Level 5:colcon.colcon_core.verb:set package 'interbotix_xs_ros_control' build argument 'catkin_skip_building_tests' from command line to 'False'
[0.580s] DEBUG:colcon.colcon_core.verb:Building package 'interbotix_xs_ros_control' with the following arguments: {'ament_cmake_args': None, 'build_base': '/home/derek-dietz/MSAI/ComputerVision/Final_Project/ws/interbotix/build/interbotix_xs_ros_control', 'catkin_cmake_args': None, 'catkin_skip_building_tests': False, 'cmake_args': None, 'cmake_clean_cache': False, 'cmake_clean_first': False, 'cmake_force_configure': False, 'cmake_target': None, 'cmake_target_skip_unavailable': False, 'install_base': '/home/derek-dietz/MSAI/ComputerVision/Final_Project/ws/interbotix/install', 'merge_install': True, 'path': '/home/derek-dietz/MSAI/ComputerVision/Final_Project/ws/interbotix/src/interbotix_ros_toolboxes/interbotix_xs_toolbox/interbotix_xs_ros_control', 'symlink_install': False, 'test_result_base': None}
[0.580s] Level 5:colcon.colcon_core.verb:set package 'interbotix_xs_sdk' build argument 'cmake_args' from command line to 'None'
[0.580s] Level 5:colcon.colcon_core.verb:set package 'interbotix_xs_sdk' build argument 'cmake_target' from command line to 'None'
[0.580s] Level 5:colcon.colcon_core.verb:set package 'interbotix_xs_sdk' build argument 'cmake_target_skip_unavailable' from command line to 'False'
[0.580s] Level 5:colcon.colcon_core.verb:set package 'interbotix_xs_sdk' build argument 'cmake_clean_cache' from command line to 'False'
[0.580s] Level 5:colcon.colcon_core.verb:set package 'interbotix_xs_sdk' build argument 'cmake_clean_first' from command line to 'False'
[0.580s] Level 5:colcon.colcon_core.verb:set package 'interbotix_xs_sdk' build argument 'cmake_force_configure' from command line to 'False'
[0.580s] Level 5:colcon.colcon_core.verb:set package 'interbotix_xs_sdk' build argument 'ament_cmake_args' from command line to 'None'
[0.580s] Level 5:colcon.colcon_core.verb:set package 'interbotix_xs_sdk' build argument 'catkin_cmake_args' from command line to 'None'
[0.580s] Level 5:colcon.colcon_core.verb:set package 'interbotix_xs_sdk' build argument 'catkin_skip_building_tests' from command line to 'False'
[0.580s] DEBUG:colcon.colcon_core.verb:Building package 'interbotix_xs_sdk' with the following arguments: {'ament_cmake_args': None, 'build_base': '/home/derek-dietz/MSAI/ComputerVision/Final_Project/ws/interbotix/build/interbotix_xs_sdk', 'catkin_cmake_args': None, 'catkin_skip_building_tests': False, 'cmake_args': None, 'cmake_clean_cache': False, 'cmake_clean_first': False, 'cmake_force_configure': False, 'cmake_target': None, 'cmake_target_skip_unavailable': False, 'install_base': '/home/derek-dietz/MSAI/ComputerVision/Final_Project/ws/interbotix/install', 'merge_install': True, 'path': '/home/derek-dietz/MSAI/ComputerVision/Final_Project/ws/interbotix/src/interbotix_ros_core/interbotix_ros_xseries/interbotix_xs_sdk', 'symlink_install': False, 'test_result_base': None}
[0.580s] Level 5:colcon.colcon_core.verb:set package 'interbotix_ros_xseries' build argument 'cmake_args' from command line to 'None'
[0.580s] Level 5:colcon.colcon_core.verb:set package 'interbotix_ros_xseries' build argument 'cmake_target' from command line to 'None'
[0.580s] Level 5:colcon.colcon_core.verb:set package 'interbotix_ros_xseries' build argument 'cmake_target_skip_unavailable' from command line to 'False'
[0.580s] Level 5:colcon.colcon_core.verb:set package 'interbotix_ros_xseries' build argument 'cmake_clean_cache' from command line to 'False'
[0.580s] Level 5:colcon.colcon_core.verb:set package 'interbotix_ros_xseries' build argument 'cmake_clean_first' from command line to 'False'
[0.580s] Level 5:colcon.colcon_core.verb:set package 'interbotix_ros_xseries' build argument 'cmake_force_configure' from command line to 'False'
[0.580s] Level 5:colcon.colcon_core.verb:set package 'interbotix_ros_xseries' build argument 'ament_cmake_args' from command line to 'None'
[0.580s] Level 5:colcon.colcon_core.verb:set package 'interbotix_ros_xseries' build argument 'catkin_cmake_args' from command line to 'None'
[0.580s] Level 5:colcon.colcon_core.verb:set package 'interbotix_ros_xseries' build argument 'catkin_skip_building_tests' from command line to 'False'
[0.580s] DEBUG:colcon.colcon_core.verb:Building package 'interbotix_ros_xseries' with the following arguments: {'ament_cmake_args': None, 'build_base': '/home/derek-dietz/MSAI/ComputerVision/Final_Project/ws/interbotix/build/interbotix_ros_xseries', 'catkin_cmake_args': None, 'catkin_skip_building_tests': False, 'cmake_args': None, 'cmake_clean_cache': False, 'cmake_clean_first': False, 'cmake_force_configure': False, 'cmake_target': None, 'cmake_target_skip_unavailable': False, 'install_base': '/home/derek-dietz/MSAI/ComputerVision/Final_Project/ws/interbotix/install', 'merge_install': True, 'path': '/home/derek-dietz/MSAI/ComputerVision/Final_Project/ws/interbotix/src/interbotix_ros_core/interbotix_ros_xseries/interbotix_ros_xseries', 'symlink_install': False, 'test_result_base': None}
[0.580s] Level 5:colcon.colcon_core.verb:set package 'interbotix_xs_modules' build argument 'cmake_args' from command line to 'None'
[0.580s] Level 5:colcon.colcon_core.verb:set package 'interbotix_xs_modules' build argument 'cmake_target' from command line to 'None'
[0.580s] Level 5:colcon.colcon_core.verb:set package 'interbotix_xs_modules' build argument 'cmake_target_skip_unavailable' from command line to 'False'
[0.580s] Level 5:colcon.colcon_core.verb:set package 'interbotix_xs_modules' build argument 'cmake_clean_cache' from command line to 'False'
[0.581s] Level 5:colcon.colcon_core.verb:set package 'interbotix_xs_modules' build argument 'cmake_clean_first' from command line to 'False'
[0.581s] Level 5:colcon.colcon_core.verb:set package 'interbotix_xs_modules' build argument 'cmake_force_configure' from command line to 'False'
[0.581s] Level 5:colcon.colcon_core.verb:set package 'interbotix_xs_modules' build argument 'ament_cmake_args' from command line to 'None'
[0.581s] Level 5:colcon.colcon_core.verb:set package 'interbotix_xs_modules' build argument 'catkin_cmake_args' from command line to 'None'
[0.581s] Level 5:colcon.colcon_core.verb:set package 'interbotix_xs_modules' build argument 'catkin_skip_building_tests' from command line to 'False'
[0.581s] DEBUG:colcon.colcon_core.verb:Building package 'interbotix_xs_modules' with the following arguments: {'ament_cmake_args': None, 'build_base': '/home/derek-dietz/MSAI/ComputerVision/Final_Project/ws/interbotix/build/interbotix_xs_modules', 'catkin_cmake_args': None, 'catkin_skip_building_tests': False, 'cmake_args': None, 'cmake_clean_cache': False, 'cmake_clean_first': False, 'cmake_force_configure': False, 'cmake_target': None, 'cmake_target_skip_unavailable': False, 'install_base': '/home/derek-dietz/MSAI/ComputerVision/Final_Project/ws/interbotix/install', 'merge_install': True, 'path': '/home/derek-dietz/MSAI/ComputerVision/Final_Project/ws/interbotix/src/interbotix_ros_toolboxes/interbotix_xs_toolbox/interbotix_xs_modules', 'symlink_install': False, 'test_result_base': None}
[0.581s] Level 5:colcon.colcon_core.verb:set package 'interbotix_xs_rviz' build argument 'cmake_args' from command line to 'None'
[0.581s] Level 5:colcon.colcon_core.verb:set package 'interbotix_xs_rviz' build argument 'cmake_target' from command line to 'None'
[0.581s] Level 5:colcon.colcon_core.verb:set package 'interbotix_xs_rviz' build argument 'cmake_target_skip_unavailable' from command line to 'False'
[0.581s] Level 5:colcon.colcon_core.verb:set package 'interbotix_xs_rviz' build argument 'cmake_clean_cache' from command line to 'False'
[0.581s] Level 5:colcon.colcon_core.verb:set package 'interbotix_xs_rviz' build argument 'cmake_clean_first' from command line to 'False'
[0.581s] Level 5:colcon.colcon_core.verb:set package 'interbotix_xs_rviz' build argument 'cmake_force_configure' from command line to 'False'
[0.581s] Level 5:colcon.colcon_core.verb:set package 'interbotix_xs_rviz' build argument 'ament_cmake_args' from command line to 'None'
[0.581s] Level 5:colcon.colcon_core.verb:set package 'interbotix_xs_rviz' build argument 'catkin_cmake_args' from command line to 'None'
[0.581s] Level 5:colcon.colcon_core.verb:set package 'interbotix_xs_rviz' build argument 'catkin_skip_building_tests' from command line to 'False'
[0.581s] DEBUG:colcon.colcon_core.verb:Building package 'interbotix_xs_rviz' with the following arguments: {'ament_cmake_args': None, 'build_base': '/home/derek-dietz/MSAI/ComputerVision/Final_Project/ws/interbotix/build/interbotix_xs_rviz', 'catkin_cmake_args': None, 'catkin_skip_building_tests': False, 'cmake_args': None, 'cmake_clean_cache': False, 'cmake_clean_first': False, 'cmake_force_configure': False, 'cmake_target': None, 'cmake_target_skip_unavailable': False, 'install_base': '/home/derek-dietz/MSAI/ComputerVision/Final_Project/ws/interbotix/install', 'merge_install': True, 'path': '/home/derek-dietz/MSAI/ComputerVision/Final_Project/ws/interbotix/src/interbotix_ros_toolboxes/interbotix_xs_toolbox/interbotix_xs_rviz', 'symlink_install': False, 'test_result_base': None}
[0.581s] Level 5:colcon.colcon_core.verb:set package 'interbotix_xs_toolbox' build argument 'cmake_args' from command line to 'None'
[0.581s] Level 5:colcon.colcon_core.verb:set package 'interbotix_xs_toolbox' build argument 'cmake_target' from command line to 'None'
[0.581s] Level 5:colcon.colcon_core.verb:set package 'interbotix_xs_toolbox' build argument 'cmake_target_skip_unavailable' from command line to 'False'
[0.581s] Level 5:colcon.colcon_core.verb:set package 'interbotix_xs_toolbox' build argument 'cmake_clean_cache' from command line to 'False'
[0.581s] Level 5:colcon.colcon_core.verb:set package 'interbotix_xs_toolbox' build argument 'cmake_clean_first' from command line to 'False'
[0.581s] Level 5:colcon.colcon_core.verb:set package 'interbotix_xs_toolbox' build argument 'cmake_force_configure' from command line to 'False'
[0.581s] Level 5:colcon.colcon_core.verb:set package 'interbotix_xs_toolbox' build argument 'ament_cmake_args' from command line to 'None'
[0.581s] Level 5:colcon.colcon_core.verb:set package 'interbotix_xs_toolbox' build argument 'catkin_cmake_args' from command line to 'None'
[0.581s] Level 5:colcon.colcon_core.verb:set package 'interbotix_xs_toolbox' build argument 'catkin_skip_building_tests' from command line to 'False'
[0.581s] DEBUG:colcon.colcon_core.verb:Building package 'interbotix_xs_toolbox' with the following arguments: {'ament_cmake_args': None, 'build_base': '/home/derek-dietz/MSAI/ComputerVision/Final_Project/ws/interbotix/build/interbotix_xs_toolbox', 'catkin_cmake_args': None, 'catkin_skip_building_tests': False, 'cmake_args': None, 'cmake_clean_cache': False, 'cmake_clean_first': False, 'cmake_force_configure': False, 'cmake_target': None, 'cmake_target_skip_unavailable': False, 'install_base': '/home/derek-dietz/MSAI/ComputerVision/Final_Project/ws/interbotix/install', 'merge_install': True, 'path': '/home/derek-dietz/MSAI/ComputerVision/Final_Project/ws/interbotix/src/interbotix_ros_toolboxes/interbotix_xs_toolbox/interbotix_xs_toolbox', 'symlink_install': False, 'test_result_base': None}
[0.581s] Level 5:colcon.colcon_core.verb:set package 'interbotix_xsarm_descriptions' build argument 'cmake_args' from command line to 'None'
[0.581s] Level 5:colcon.colcon_core.verb:set package 'interbotix_xsarm_descriptions' build argument 'cmake_target' from command line to 'None'
[0.581s] Level 5:colcon.colcon_core.verb:set package 'interbotix_xsarm_descriptions' build argument 'cmake_target_skip_unavailable' from command line to 'False'
[0.581s] Level 5:colcon.colcon_core.verb:set package 'interbotix_xsarm_descriptions' build argument 'cmake_clean_cache' from command line to 'False'
[0.581s] Level 5:colcon.colcon_core.verb:set package 'interbotix_xsarm_descriptions' build argument 'cmake_clean_first' from command line to 'False'
[0.581s] Level 5:colcon.colcon_core.verb:set package 'interbotix_xsarm_descriptions' build argument 'cmake_force_configure' from command line to 'False'
[0.581s] Level 5:colcon.colcon_core.verb:set package 'interbotix_xsarm_descriptions' build argument 'ament_cmake_args' from command line to 'None'
[0.581s] Level 5:colcon.colcon_core.verb:set package 'interbotix_xsarm_descriptions' build argument 'catkin_cmake_args' from command line to 'None'
[0.581s] Level 5:colcon.colcon_core.verb:set package 'interbotix_xsarm_descriptions' build argument 'catkin_skip_building_tests' from command line to 'False'
[0.581s] DEBUG:colcon.colcon_core.verb:Building package 'interbotix_xsarm_descriptions' with the following arguments: {'ament_cmake_args': None, 'build_base': '/home/derek-dietz/MSAI/ComputerVision/Final_Project/ws/interbotix/build/interbotix_xsarm_descriptions', 'catkin_cmake_args': None, 'catkin_skip_building_tests': False, 'cmake_args': None, 'cmake_clean_cache': False, 'cmake_clean_first': False, 'cmake_force_configure': False, 'cmake_target': None, 'cmake_target_skip_unavailable': False, 'install_base': '/home/derek-dietz/MSAI/ComputerVision/Final_Project/ws/interbotix/install', 'merge_install': True, 'path': '/home/derek-dietz/MSAI/ComputerVision/Final_Project/ws/interbotix/src/interbotix_ros_manipulators/interbotix_ros_xsarms/interbotix_xsarm_descriptions', 'symlink_install': False, 'test_result_base': None}
[0.581s] Level 5:colcon.colcon_core.verb:set package 'interbotix_xsarm_control' build argument 'cmake_args' from command line to 'None'
[0.581s] Level 5:colcon.colcon_core.verb:set package 'interbotix_xsarm_control' build argument 'cmake_target' from command line to 'None'
[0.581s] Level 5:colcon.colcon_core.verb:set package 'interbotix_xsarm_control' build argument 'cmake_target_skip_unavailable' from command line to 'False'
[0.581s] Level 5:colcon.colcon_core.verb:set package 'interbotix_xsarm_control' build argument 'cmake_clean_cache' from command line to 'False'
[0.581s] Level 5:colcon.colcon_core.verb:set package 'interbotix_xsarm_control' build argument 'cmake_clean_first' from command line to 'False'
[0.581s] Level 5:colcon.colcon_core.verb:set package 'interbotix_xsarm_control' build argument 'cmake_force_configure' from command line to 'False'
[0.581s] Level 5:colcon.colcon_core.verb:set package 'interbotix_xsarm_control' build argument 'ament_cmake_args' from command line to 'None'
[0.581s] Level 5:colcon.colcon_core.verb:set package 'interbotix_xsarm_control' build argument 'catkin_cmake_args' from command line to 'None'
[0.581s] Level 5:colcon.colcon_core.verb:set package 'interbotix_xsarm_control' build argument 'catkin_skip_building_tests' from command line to 'False'
[0.581s] DEBUG:colcon.colcon_core.verb:Building package 'interbotix_xsarm_control' with the following arguments: {'ament_cmake_args': None, 'build_base': '/home/derek-dietz/MSAI/ComputerVision/Final_Project/ws/interbotix/build/interbotix_xsarm_control', 'catkin_cmake_args': None, 'catkin_skip_building_tests': False, 'cmake_args': None, 'cmake_clean_cache': False, 'cmake_clean_first': False, 'cmake_force_configure': False, 'cmake_target': None, 'cmake_target_skip_unavailable': False, 'install_base': '/home/derek-dietz/MSAI/ComputerVision/Final_Project/ws/interbotix/install', 'merge_install': True, 'path': '/home/derek-dietz/MSAI/ComputerVision/Final_Project/ws/interbotix/src/interbotix_ros_manipulators/interbotix_ros_xsarms/interbotix_xsarm_control', 'symlink_install': False, 'test_result_base': None}
[0.582s] Level 5:colcon.colcon_core.verb:set package 'interbotix_xsarm_sim' build argument 'cmake_args' from command line to 'None'
[0.582s] Level 5:colcon.colcon_core.verb:set package 'interbotix_xsarm_sim' build argument 'cmake_target' from command line to 'None'
[0.582s] Level 5:colcon.colcon_core.verb:set package 'interbotix_xsarm_sim' build argument 'cmake_target_skip_unavailable' from command line to 'False'
[0.582s] Level 5:colcon.colcon_core.verb:set package 'interbotix_xsarm_sim' build argument 'cmake_clean_cache' from command line to 'False'
[0.582s] Level 5:colcon.colcon_core.verb:set package 'interbotix_xsarm_sim' build argument 'cmake_clean_first' from command line to 'False'
[0.582s] Level 5:colcon.colcon_core.verb:set package 'interbotix_xsarm_sim' build argument 'cmake_force_configure' from command line to 'False'
[0.582s] Level 5:colcon.colcon_core.verb:set package 'interbotix_xsarm_sim' build argument 'ament_cmake_args' from command line to 'None'
[0.582s] Level 5:colcon.colcon_core.verb:set package 'interbotix_xsarm_sim' build argument 'catkin_cmake_args' from command line to 'None'
[0.582s] Level 5:colcon.colcon_core.verb:set package 'interbotix_xsarm_sim' build argument 'catkin_skip_building_tests' from command line to 'False'
[0.582s] DEBUG:colcon.colcon_core.verb:Building package 'interbotix_xsarm_sim' with the following arguments: {'ament_cmake_args': None, 'build_base': '/home/derek-dietz/MSAI/ComputerVision/Final_Project/ws/interbotix/build/interbotix_xsarm_sim', 'catkin_cmake_args': None, 'catkin_skip_building_tests': False, 'cmake_args': None, 'cmake_clean_cache': False, 'cmake_clean_first': False, 'cmake_force_configure': False, 'cmake_target': None, 'cmake_target_skip_unavailable': False, 'install_base': '/home/derek-dietz/MSAI/ComputerVision/Final_Project/ws/interbotix/install', 'merge_install': True, 'path': '/home/derek-dietz/MSAI/ComputerVision/Final_Project/ws/interbotix/src/interbotix_ros_manipulators/interbotix_ros_xsarms/interbotix_xsarm_sim', 'symlink_install': False, 'test_result_base': None}
[0.582s] Level 5:colcon.colcon_core.verb:set package 'interbotix_xsarm_dual' build argument 'cmake_args' from command line to 'None'
[0.582s] Level 5:colcon.colcon_core.verb:set package 'interbotix_xsarm_dual' build argument 'cmake_target' from command line to 'None'
[0.582s] Level 5:colcon.colcon_core.verb:set package 'interbotix_xsarm_dual' build argument 'cmake_target_skip_unavailable' from command line to 'False'
[0.582s] Level 5:colcon.colcon_core.verb:set package 'interbotix_xsarm_dual' build argument 'cmake_clean_cache' from command line to 'False'
[0.582s] Level 5:colcon.colcon_core.verb:set package 'interbotix_xsarm_dual' build argument 'cmake_clean_first' from command line to 'False'
[0.582s] Level 5:colcon.colcon_core.verb:set package 'interbotix_xsarm_dual' build argument 'cmake_force_configure' from command line to 'False'
[0.582s] Level 5:colcon.colcon_core.verb:set package 'interbotix_xsarm_dual' build argument 'ament_cmake_args' from command line to 'None'
[0.582s] Level 5:colcon.colcon_core.verb:set package 'interbotix_xsarm_dual' build argument 'catkin_cmake_args' from command line to 'None'
[0.582s] Level 5:colcon.colcon_core.verb:set package 'interbotix_xsarm_dual' build argument 'catkin_skip_building_tests' from command line to 'False'
[0.582s] DEBUG:colcon.colcon_core.verb:Building package 'interbotix_xsarm_dual' with the following arguments: {'ament_cmake_args': None, 'build_base': '/home/derek-dietz/MSAI/ComputerVision/Final_Project/ws/interbotix/build/interbotix_xsarm_dual', 'catkin_cmake_args': None, 'catkin_skip_building_tests': False, 'cmake_args': None, 'cmake_clean_cache': False, 'cmake_clean_first': False, 'cmake_force_configure': False, 'cmake_target': None, 'cmake_target_skip_unavailable': False, 'install_base': '/home/derek-dietz/MSAI/ComputerVision/Final_Project/ws/interbotix/install', 'merge_install': True, 'path': '/home/derek-dietz/MSAI/ComputerVision/Final_Project/ws/interbotix/src/interbotix_ros_manipulators/interbotix_ros_xsarms/examples/interbotix_xsarm_dual', 'symlink_install': False, 'test_result_base': None}
[0.582s] Level 5:colcon.colcon_core.verb:set package 'interbotix_xsarm_joy' build argument 'cmake_args' from command line to 'None'
[0.582s] Level 5:colcon.colcon_core.verb:set package 'interbotix_xsarm_joy' build argument 'cmake_target' from command line to 'None'
[0.582s] Level 5:colcon.colcon_core.verb:set package 'interbotix_xsarm_joy' build argument 'cmake_target_skip_unavailable' from command line to 'False'
[0.582s] Level 5:colcon.colcon_core.verb:set package 'interbotix_xsarm_joy' build argument 'cmake_clean_cache' from command line to 'False'
[0.582s] Level 5:colcon.colcon_core.verb:set package 'interbotix_xsarm_joy' build argument 'cmake_clean_first' from command line to 'False'
[0.582s] Level 5:colcon.colcon_core.verb:set package 'interbotix_xsarm_joy' build argument 'cmake_force_configure' from command line to 'False'
[0.582s] Level 5:colcon.colcon_core.verb:set package 'interbotix_xsarm_joy' build argument 'ament_cmake_args' from command line to 'None'
[0.582s] Level 5:colcon.colcon_core.verb:set package 'interbotix_xsarm_joy' build argument 'catkin_cmake_args' from command line to 'None'
[0.582s] Level 5:colcon.colcon_core.verb:set package 'interbotix_xsarm_joy' build argument 'catkin_skip_building_tests' from command line to 'False'
[0.582s] DEBUG:colcon.colcon_core.verb:Building package 'interbotix_xsarm_joy' with the following arguments: {'ament_cmake_args': None, 'build_base': '/home/derek-dietz/MSAI/ComputerVision/Final_Project/ws/interbotix/build/interbotix_xsarm_joy', 'catkin_cmake_args': None, 'catkin_skip_building_tests': False, 'cmake_args': None, 'cmake_clean_cache': False, 'cmake_clean_first': False, 'cmake_force_configure': False, 'cmake_target': None, 'cmake_target_skip_unavailable': False, 'install_base': '/home/derek-dietz/MSAI/ComputerVision/Final_Project/ws/interbotix/install', 'merge_install': True, 'path': '/home/derek-dietz/MSAI/ComputerVision/Final_Project/ws/interbotix/src/interbotix_ros_manipulators/interbotix_ros_xsarms/examples/interbotix_xsarm_joy', 'symlink_install': False, 'test_result_base': None}
[0.582s] Level 5:colcon.colcon_core.verb:set package 'interbotix_xsarm_puppet' build argument 'cmake_args' from command line to 'None'
[0.582s] Level 5:colcon.colcon_core.verb:set package 'interbotix_xsarm_puppet' build argument 'cmake_target' from command line to 'None'
[0.582s] Level 5:colcon.colcon_core.verb:set package 'interbotix_xsarm_puppet' build argument 'cmake_target_skip_unavailable' from command line to 'False'
[0.582s] Level 5:colcon.colcon_core.verb:set package 'interbotix_xsarm_puppet' build argument 'cmake_clean_cache' from command line to 'False'
[0.582s] Level 5:colcon.colcon_core.verb:set package 'interbotix_xsarm_puppet' build argument 'cmake_clean_first' from command line to 'False'
[0.582s] Level 5:colcon.colcon_core.verb:set package 'interbotix_xsarm_puppet' build argument 'cmake_force_configure' from command line to 'False'
[0.582s] Level 5:colcon.colcon_core.verb:set package 'interbotix_xsarm_puppet' build argument 'ament_cmake_args' from command line to 'None'
[0.582s] Level 5:colcon.colcon_core.verb:set package 'interbotix_xsarm_puppet' build argument 'catkin_cmake_args' from command line to 'None'
[0.582s] Level 5:colcon.colcon_core.verb:set package 'interbotix_xsarm_puppet' build argument 'catkin_skip_building_tests' from command line to 'False'
[0.582s] DEBUG:colcon.colcon_core.verb:Building package 'interbotix_xsarm_puppet' with the following arguments: {'ament_cmake_args': None, 'build_base': '/home/derek-dietz/MSAI/ComputerVision/Final_Project/ws/interbotix/build/interbotix_xsarm_puppet', 'catkin_cmake_args': None, 'catkin_skip_building_tests': False, 'cmake_args': None, 'cmake_clean_cache': False, 'cmake_clean_first': False, 'cmake_force_configure': False, 'cmake_target': None, 'cmake_target_skip_unavailable': False, 'install_base': '/home/derek-dietz/MSAI/ComputerVision/Final_Project/ws/interbotix/install', 'merge_install': True, 'path': '/home/derek-dietz/MSAI/ComputerVision/Final_Project/ws/interbotix/src/interbotix_ros_manipulators/interbotix_ros_xsarms/examples/interbotix_xsarm_puppet', 'symlink_install': False, 'test_result_base': None}
[0.583s] Level 5:colcon.colcon_core.verb:set package 'interbotix_xsarm_ros_control' build argument 'cmake_args' from command line to 'None'
[0.583s] Level 5:colcon.colcon_core.verb:set package 'interbotix_xsarm_ros_control' build argument 'cmake_target' from command line to 'None'
[0.583s] Level 5:colcon.colcon_core.verb:set package 'interbotix_xsarm_ros_control' build argument 'cmake_target_skip_unavailable' from command line to 'False'
[0.583s] Level 5:colcon.colcon_core.verb:set package 'interbotix_xsarm_ros_control' build argument 'cmake_clean_cache' from command line to 'False'
[0.583s] Level 5:colcon.colcon_core.verb:set package 'interbotix_xsarm_ros_control' build argument 'cmake_clean_first' from command line to 'False'
[0.583s] Level 5:colcon.colcon_core.verb:set package 'interbotix_xsarm_ros_control' build argument 'cmake_force_configure' from command line to 'False'
[0.583s] Level 5:colcon.colcon_core.verb:set package 'interbotix_xsarm_ros_control' build argument 'ament_cmake_args' from command line to 'None'
[0.583s] Level 5:colcon.colcon_core.verb:set package 'interbotix_xsarm_ros_control' build argument 'catkin_cmake_args' from command line to 'None'
[0.583s] Level 5:colcon.colcon_core.verb:set package 'interbotix_xsarm_ros_control' build argument 'catkin_skip_building_tests' from command line to 'False'
[0.583s] DEBUG:colcon.colcon_core.verb:Building package 'interbotix_xsarm_ros_control' with the following arguments: {'ament_cmake_args': None, 'build_base': '/home/derek-dietz/MSAI/ComputerVision/Final_Project/ws/interbotix/build/interbotix_xsarm_ros_control', 'catkin_cmake_args': None, 'catkin_skip_building_tests': False, 'cmake_args': None, 'cmake_clean_cache': False, 'cmake_clean_first': False, 'cmake_force_configure': False, 'cmake_target': None, 'cmake_target_skip_unavailable': False, 'install_base': '/home/derek-dietz/MSAI/ComputerVision/Final_Project/ws/interbotix/install', 'merge_install': True, 'path': '/home/derek-dietz/MSAI/ComputerVision/Final_Project/ws/interbotix/src/interbotix_ros_manipulators/interbotix_ros_xsarms/interbotix_xsarm_ros_control', 'symlink_install': False, 'test_result_base': None}
[0.583s] Level 5:colcon.colcon_core.verb:set package 'interbotix_xsarm_moveit' build argument 'cmake_args' from command line to 'None'
[0.583s] Level 5:colcon.colcon_core.verb:set package 'interbotix_xsarm_moveit' build argument 'cmake_target' from command line to 'None'
[0.583s] Level 5:colcon.colcon_core.verb:set package 'interbotix_xsarm_moveit' build argument 'cmake_target_skip_unavailable' from command line to 'False'
[0.583s] Level 5:colcon.colcon_core.verb:set package 'interbotix_xsarm_moveit' build argument 'cmake_clean_cache' from command line to 'False'
[0.583s] Level 5:colcon.colcon_core.verb:set package 'interbotix_xsarm_moveit' build argument 'cmake_clean_first' from command line to 'False'
[0.583s] Level 5:colcon.colcon_core.verb:set package 'interbotix_xsarm_moveit' build argument 'cmake_force_configure' from command line to 'False'
[0.583s] Level 5:colcon.colcon_core.verb:set package 'interbotix_xsarm_moveit' build argument 'ament_cmake_args' from command line to 'None'
[0.583s] Level 5:colcon.colcon_core.verb:set package 'interbotix_xsarm_moveit' build argument 'catkin_cmake_args' from command line to 'None'
[0.583s] Level 5:colcon.colcon_core.verb:set package 'interbotix_xsarm_moveit' build argument 'catkin_skip_building_tests' from command line to 'False'
[0.583s] DEBUG:colcon.colcon_core.verb:Building package 'interbotix_xsarm_moveit' with the following arguments: {'ament_cmake_args': None, 'build_base': '/home/derek-dietz/MSAI/ComputerVision/Final_Project/ws/interbotix/build/interbotix_xsarm_moveit', 'catkin_cmake_args': None, 'catkin_skip_building_tests': False, 'cmake_args': None, 'cmake_clean_cache': False, 'cmake_clean_first': False, 'cmake_force_configure': False, 'cmake_target': None, 'cmake_target_skip_unavailable': False, 'install_base': '/home/derek-dietz/MSAI/ComputerVision/Final_Project/ws/interbotix/install', 'merge_install': True, 'path': '/home/derek-dietz/MSAI/ComputerVision/Final_Project/ws/interbotix/src/interbotix_ros_manipulators/interbotix_ros_xsarms/interbotix_xsarm_moveit', 'symlink_install': False, 'test_result_base': None}
[0.583s] Level 5:colcon.colcon_core.verb:set package 'interbotix_ros_xsarms' build argument 'cmake_args' from command line to 'None'
[0.583s] Level 5:colcon.colcon_core.verb:set package 'interbotix_ros_xsarms' build argument 'cmake_target' from command line to 'None'
[0.583s] Level 5:colcon.colcon_core.verb:set package 'interbotix_ros_xsarms' build argument 'cmake_target_skip_unavailable' from command line to 'False'
[0.583s] Level 5:colcon.colcon_core.verb:set package 'interbotix_ros_xsarms' build argument 'cmake_clean_cache' from command line to 'False'
[0.583s] Level 5:colcon.colcon_core.verb:set package 'interbotix_ros_xsarms' build argument 'cmake_clean_first' from command line to 'False'
[0.583s] Level 5:colcon.colcon_core.verb:set package 'interbotix_ros_xsarms' build argument 'cmake_force_configure' from command line to 'False'
[0.583s] Level 5:colcon.colcon_core.verb:set package 'interbotix_ros_xsarms' build argument 'ament_cmake_args' from command line to 'None'
[0.583s] Level 5:colcon.colcon_core.verb:set package 'interbotix_ros_xsarms' build argument 'catkin_cmake_args' from command line to 'None'
[0.583s] Level 5:colcon.colcon_core.verb:set package 'interbotix_ros_xsarms' build argument 'catkin_skip_building_tests' from command line to 'False'
[0.583s] DEBUG:colcon.colcon_core.verb:Building package 'interbotix_ros_xsarms' with the following arguments: {'ament_cmake_args': None, 'build_base': '/home/derek-dietz/MSAI/ComputerVision/Final_Project/ws/interbotix/build/interbotix_ros_xsarms', 'catkin_cmake_args': None, 'catkin_skip_building_tests': False, 'cmake_args': None, 'cmake_clean_cache': False, 'cmake_clean_first': False, 'cmake_force_configure': False, 'cmake_target': None, 'cmake_target_skip_unavailable': False, 'install_base': '/home/derek-dietz/MSAI/ComputerVision/Final_Project/ws/interbotix/install', 'merge_install': True, 'path': '/home/derek-dietz/MSAI/ComputerVision/Final_Project/ws/interbotix/src/interbotix_ros_manipulators/interbotix_ros_xsarms/interbotix_ros_xsarms', 'symlink_install': False, 'test_result_base': None}
[0.583s] Level 5:colcon.colcon_core.verb:set package 'interbotix_xsarm_moveit_interface' build argument 'cmake_args' from command line to 'None'
[0.583s] Level 5:colcon.colcon_core.verb:set package 'interbotix_xsarm_moveit_interface' build argument 'cmake_target' from command line to 'None'
[0.583s] Level 5:colcon.colcon_core.verb:set package 'interbotix_xsarm_moveit_interface' build argument 'cmake_target_skip_unavailable' from command line to 'False'
[0.583s] Level 5:colcon.colcon_core.verb:set package 'interbotix_xsarm_moveit_interface' build argument 'cmake_clean_cache' from command line to 'False'
[0.583s] Level 5:colcon.colcon_core.verb:set package 'interbotix_xsarm_moveit_interface' build argument 'cmake_clean_first' from command line to 'False'
[0.583s] Level 5:colcon.colcon_core.verb:set package 'interbotix_xsarm_moveit_interface' build argument 'cmake_force_configure' from command line to 'False'
[0.583s] Level 5:colcon.colcon_core.verb:set package 'interbotix_xsarm_moveit_interface' build argument 'ament_cmake_args' from command line to 'None'
[0.583s] Level 5:colcon.colcon_core.verb:set package 'interbotix_xsarm_moveit_interface' build argument 'catkin_cmake_args' from command line to 'None'
[0.583s] Level 5:colcon.colcon_core.verb:set package 'interbotix_xsarm_moveit_interface' build argument 'catkin_skip_building_tests' from command line to 'False'
[0.583s] DEBUG:colcon.colcon_core.verb:Building package 'interbotix_xsarm_moveit_interface' with the following arguments: {'ament_cmake_args': None, 'build_base': '/home/derek-dietz/MSAI/ComputerVision/Final_Project/ws/interbotix/build/interbotix_xsarm_moveit_interface', 'catkin_cmake_args': None, 'catkin_skip_building_tests': False, 'cmake_args': None, 'cmake_clean_cache': False, 'cmake_clean_first': False, 'cmake_force_configure': False, 'cmake_target': None, 'cmake_target_skip_unavailable': False, 'install_base': '/home/derek-dietz/MSAI/ComputerVision/Final_Project/ws/interbotix/install', 'merge_install': True, 'path': '/home/derek-dietz/MSAI/ComputerVision/Final_Project/ws/interbotix/src/interbotix_ros_manipulators/interbotix_ros_xsarms/examples/interbotix_xsarm_moveit_interface', 'symlink_install': False, 'test_result_base': None}
[0.583s] Level 5:colcon.colcon_core.verb:set package 'interbotix_ros_xsarms_examples' build argument 'cmake_args' from command line to 'None'
[0.583s] Level 5:colcon.colcon_core.verb:set package 'interbotix_ros_xsarms_examples' build argument 'cmake_target' from command line to 'None'
[0.583s] Level 5:colcon.colcon_core.verb:set package 'interbotix_ros_xsarms_examples' build argument 'cmake_target_skip_unavailable' from command line to 'False'
[0.583s] Level 5:colcon.colcon_core.verb:set package 'interbotix_ros_xsarms_examples' build argument 'cmake_clean_cache' from command line to 'False'
[0.583s] Level 5:colcon.colcon_core.verb:set package 'interbotix_ros_xsarms_examples' build argument 'cmake_clean_first' from command line to 'False'
[0.583s] Level 5:colcon.colcon_core.verb:set package 'interbotix_ros_xsarms_examples' build argument 'cmake_force_configure' from command line to 'False'
[0.583s] Level 5:colcon.colcon_core.verb:set package 'interbotix_ros_xsarms_examples' build argument 'ament_cmake_args' from command line to 'None'
[0.583s] Level 5:colcon.colcon_core.verb:set package 'interbotix_ros_xsarms_examples' build argument 'catkin_cmake_args' from command line to 'None'
[0.584s] Level 5:colcon.colcon_core.verb:set package 'interbotix_ros_xsarms_examples' build argument 'catkin_skip_building_tests' from command line to 'False'
[0.584s] DEBUG:colcon.colcon_core.verb:Building package 'interbotix_ros_xsarms_examples' with the following arguments: {'ament_cmake_args': None, 'build_base': '/home/derek-dietz/MSAI/ComputerVision/Final_Project/ws/interbotix/build/interbotix_ros_xsarms_examples', 'catkin_cmake_args': None, 'catkin_skip_building_tests': False, 'cmake_args': None, 'cmake_clean_cache': False, 'cmake_clean_first': False, 'cmake_force_configure': False, 'cmake_target': None, 'cmake_target_skip_unavailable': False, 'install_base': '/home/derek-dietz/MSAI/ComputerVision/Final_Project/ws/interbotix/install', 'merge_install': True, 'path': '/home/derek-dietz/MSAI/ComputerVision/Final_Project/ws/interbotix/src/interbotix_ros_manipulators/interbotix_ros_xsarms/examples/interbotix_ros_xsarms_examples', 'symlink_install': False, 'test_result_base': None}
[0.584s] INFO:colcon.colcon_core.executor:Executing jobs using 'parallel' executor
[0.585s] DEBUG:colcon.colcon_parallel_executor.executor.parallel:run_until_complete
[0.586s] INFO:colcon.colcon_ros.task.ament_cmake.build:Building ROS package in '/home/derek-dietz/MSAI/ComputerVision/Final_Project/ws/interbotix/src/interbotix_ros_core/interbotix_ros_xseries/interbotix_xs_msgs' with build type 'ament_cmake'
[0.586s] INFO:colcon.colcon_cmake.task.cmake.build:Building CMake package in '/home/derek-dietz/MSAI/ComputerVision/Final_Project/ws/interbotix/src/interbotix_ros_core/interbotix_ros_xseries/interbotix_xs_msgs'
[0.588s] INFO:colcon.colcon_core.plugin_system:Skipping extension 'colcon_core.shell.bat': Not used on non-Windows systems
[0.588s] INFO:colcon.colcon_core.shell:Skip shell extension 'powershell' for command environment: Not usable outside of PowerShell
[0.588s] DEBUG:colcon.colcon_core.shell:Skip shell extension 'dsv' for command environment
[0.593s] INFO:colcon.colcon_ros.task.ament_cmake.build:Building ROS package in '/home/derek-dietz/MSAI/ComputerVision/Final_Project/ws/interbotix/src/interbotix_xs_driver' with build type 'ament_cmake'
[0.593s] INFO:colcon.colcon_cmake.task.cmake.build:Building CMake package in '/home/derek-dietz/MSAI/ComputerVision/Final_Project/ws/interbotix/src/interbotix_xs_driver'
[0.593s] INFO:colcon.colcon_core.shell:Skip shell extension 'powershell' for command environment: Not usable outside of PowerShell
[0.593s] DEBUG:colcon.colcon_core.shell:Skip shell extension 'dsv' for command environment
[0.596s] INFO:colcon.colcon_ros.task.ament_python.build:Building ROS package in '/home/derek-dietz/MSAI/ComputerVision/Final_Project/ws/interbotix/src/interbotix_ros_toolboxes/interbotix_common_toolbox/interbotix_common_modules' with build type 'ament_python'
[0.596s] Level 1:colcon.colcon_core.shell:create_environment_hook('interbotix_common_modules', 'ament_prefix_path')
[0.596s] INFO:colcon.colcon_core.shell:Creating environment hook '/home/derek-dietz/MSAI/ComputerVision/Final_Project/ws/interbotix/install/share/interbotix_common_modules/hook/ament_prefix_path.ps1'
[0.596s] INFO:colcon.colcon_core.shell:Creating environment descriptor '/home/derek-dietz/MSAI/ComputerVision/Final_Project/ws/interbotix/install/share/interbotix_common_modules/hook/ament_prefix_path.dsv'
[0.596s] INFO:colcon.colcon_core.shell:Creating environment hook '/home/derek-dietz/MSAI/ComputerVision/Final_Project/ws/interbotix/install/share/interbotix_common_modules/hook/ament_prefix_path.sh'
[0.597s] INFO:colcon.colcon_core.shell:Skip shell extension 'powershell' for command environment: Not usable outside of PowerShell
[0.597s] DEBUG:colcon.colcon_core.shell:Skip shell extension 'dsv' for command environment
[0.599s] INFO:colcon.colcon_ros.task.ament_cmake.build:Building ROS package in '/home/derek-dietz/MSAI/ComputerVision/Final_Project/ws/interbotix/src/interbotix_ros_toolboxes/interbotix_common_toolbox/interbotix_common_sim' with build type 'ament_cmake'
[0.599s] INFO:colcon.colcon_cmake.task.cmake.build:Building CMake package in '/home/derek-dietz/MSAI/ComputerVision/Final_Project/ws/interbotix/src/interbotix_ros_toolboxes/interbotix_common_toolbox/interbotix_common_sim'
[0.599s] INFO:colcon.colcon_core.shell:Skip shell extension 'powershell' for command environment: Not usable outside of PowerShell
[0.599s] DEBUG:colcon.colcon_core.shell:Skip shell extension 'dsv' for command environment
[0.604s] INFO:colcon.colcon_ros.task.ament_cmake.build:Building ROS package in '/home/derek-dietz/MSAI/ComputerVision/Final_Project/ws/interbotix/src/interbotix_ros_toolboxes/interbotix_common_toolbox/interbotix_moveit_interface_msgs' with build type 'ament_cmake'
[0.604s] INFO:colcon.colcon_cmake.task.cmake.build:Building CMake package in '/home/derek-dietz/MSAI/ComputerVision/Final_Project/ws/interbotix/src/interbotix_ros_toolboxes/interbotix_common_toolbox/interbotix_moveit_interface_msgs'
[0.605s] INFO:colcon.colcon_core.shell:Skip shell extension 'powershell' for command environment: Not usable outside of PowerShell
[0.605s] DEBUG:colcon.colcon_core.shell:Skip shell extension 'dsv' for command environment
[0.609s] INFO:colcon.colcon_core.task.python.build:Building Python package in '/home/derek-dietz/MSAI/ComputerVision/Final_Project/ws/interbotix/src/arm'
[0.609s] INFO:colcon.colcon_core.shell:Skip shell extension 'powershell' for command environment: Not usable outside of PowerShell
[0.609s] DEBUG:colcon.colcon_core.shell:Skip shell extension 'dsv' for command environment
[0.613s] INFO:colcon.colcon_ros.task.ament_cmake.build:Building ROS package in '/home/derek-dietz/MSAI/ComputerVision/Final_Project/ws/interbotix/src/interbotix_ros_toolboxes/interbotix_common_toolbox/interbotix_tf_tools' with build type 'ament_cmake'
[0.613s] INFO:colcon.colcon_cmake.task.cmake.build:Building CMake package in '/home/derek-dietz/MSAI/ComputerVision/Final_Project/ws/interbotix/src/interbotix_ros_toolboxes/interbotix_common_toolbox/interbotix_tf_tools'
[0.613s] INFO:colcon.colcon_core.shell:Skip shell extension 'powershell' for command environment: Not usable outside of PowerShell
[0.613s] DEBUG:colcon.colcon_core.shell:Skip shell extension 'dsv' for command environment
[0.616s] INFO:colcon.colcon_core.task.python.build:Building Python package in '/home/derek-dietz/MSAI/ComputerVision/Final_Project/ws/interbotix/src/ModernRobotics/packages/Python'
[0.616s] INFO:colcon.colcon_core.shell:Skip shell extension 'powershell' for command environment: Not usable outside of PowerShell
[0.616s] DEBUG:colcon.colcon_core.shell:Skip shell extension 'dsv' for command environment
[0.624s] DEBUG:colcon.colcon_core.event_handler.log_command:Invoking command in '/home/derek-dietz/MSAI/ComputerVision/Final_Project/ws/interbotix/build/interbotix_xs_msgs': CMAKE_PREFIX_PATH=${CMAKE_PREFIX_PATH}:/opt/ros/kilted DEBUGINFOD_URLS=https://debuginfod.ubuntu.com /usr/bin/cmake --build /home/derek-dietz/MSAI/ComputerVision/Final_Project/ws/interbotix/build/interbotix_xs_msgs -- -j22 -l22
[0.626s] DEBUG:colcon.colcon_core.event_handler.log_command:Invoking command in '/home/derek-dietz/MSAI/ComputerVision/Final_Project/ws/interbotix/build/interbotix_xs_driver': CMAKE_PREFIX_PATH=${CMAKE_PREFIX_PATH}:/opt/ros/kilted DEBUGINFOD_URLS=https://debuginfod.ubuntu.com /usr/bin/cmake --build /home/derek-dietz/MSAI/ComputerVision/Final_Project/ws/interbotix/build/interbotix_xs_driver -- -j22 -l22
[0.798s] INFO:colcon.colcon_core.task.python.build:Building Python package in '/home/derek-dietz/MSAI/ComputerVision/Final_Project/ws/interbotix/src/interbotix_ros_toolboxes/interbotix_common_toolbox/interbotix_common_modules'
[0.798s] INFO:colcon.colcon_core.shell:Skip shell extension 'powershell' for command environment: Not usable outside of PowerShell
[0.798s] DEBUG:colcon.colcon_core.shell:Skip shell extension 'dsv' for command environment
[0.803s] DEBUG:colcon.colcon_core.event_handler.log_command:Invoking command in '/home/derek-dietz/MSAI/ComputerVision/Final_Project/ws/interbotix/build/interbotix_common_sim': CMAKE_PREFIX_PATH=${CMAKE_PREFIX_PATH}:/opt/ros/kilted DEBUGINFOD_URLS=https://debuginfod.ubuntu.com /usr/bin/cmake --build /home/derek-dietz/MSAI/ComputerVision/Final_Project/ws/interbotix/build/interbotix_common_sim -- -j22 -l22
[0.804s] DEBUG:colcon.colcon_core.event_handler.log_command:Invoking command in '/home/derek-dietz/MSAI/ComputerVision/Final_Project/ws/interbotix/build/interbotix_moveit_interface_msgs': CMAKE_PREFIX_PATH=${CMAKE_PREFIX_PATH}:/opt/ros/kilted DEBUGINFOD_URLS=https://debuginfod.ubuntu.com /usr/bin/cmake --build /home/derek-dietz/MSAI/ComputerVision/Final_Project/ws/interbotix/build/interbotix_moveit_interface_msgs -- -j22 -l22
[0.985s] DEBUG:colcon.colcon_core.event_handler.log_command:Invoking command in '/home/derek-dietz/MSAI/ComputerVision/Final_Project/ws/interbotix/build/interbotix_tf_tools': CMAKE_PREFIX_PATH=${CMAKE_PREFIX_PATH}:/opt/ros/kilted DEBUGINFOD_URLS=https://debuginfod.ubuntu.com /usr/bin/cmake --build /home/derek-dietz/MSAI/ComputerVision/Final_Project/ws/interbotix/build/interbotix_tf_tools -- -j22 -l22
[0.994s] DEBUG:colcon.colcon_core.event_handler.log_command:Invoked command in '/home/derek-dietz/MSAI/ComputerVision/Final_Project/ws/interbotix/build/interbotix_xs_driver' returned '0': CMAKE_PREFIX_PATH=${CMAKE_PREFIX_PATH}:/opt/ros/kilted DEBUGINFOD_URLS=https://debuginfod.ubuntu.com /usr/bin/cmake --build /home/derek-dietz/MSAI/ComputerVision/Final_Project/ws/interbotix/build/interbotix_xs_driver -- -j22 -l22
[1.005s] DEBUG:colcon.colcon_core.event_handler.log_command:Invoking command in '/home/derek-dietz/MSAI/ComputerVision/Final_Project/ws/interbotix/build/interbotix_xs_driver': CMAKE_PREFIX_PATH=${CMAKE_PREFIX_PATH}:/opt/ros/kilted DEBUGINFOD_URLS=https://debuginfod.ubuntu.com /usr/bin/cmake --install /home/derek-dietz/MSAI/ComputerVision/Final_Project/ws/interbotix/build/interbotix_xs_driver
[1.005s] DEBUG:colcon.colcon_core.event_handler.log_command:Invoked command in '/home/derek-dietz/MSAI/ComputerVision/Final_Project/ws/interbotix/build/interbotix_common_sim' returned '0': CMAKE_PREFIX_PATH=${CMAKE_PREFIX_PATH}:/opt/ros/kilted DEBUGINFOD_URLS=https://debuginfod.ubuntu.com /usr/bin/cmake --build /home/derek-dietz/MSAI/ComputerVision/Final_Project/ws/interbotix/build/interbotix_common_sim -- -j22 -l22
[1.006s] DEBUG:colcon.colcon_core.event_handler.log_command:Invoking command in '/home/derek-dietz/MSAI/ComputerVision/Final_Project/ws/interbotix/build/interbotix_common_sim': CMAKE_PREFIX_PATH=${CMAKE_PREFIX_PATH}:/opt/ros/kilted DEBUGINFOD_URLS=https://debuginfod.ubuntu.com /usr/bin/cmake --install /home/derek-dietz/MSAI/ComputerVision/Final_Project/ws/interbotix/build/interbotix_common_sim
[1.197s] Level 1:colcon.colcon_core.environment:create_environment_scripts_only(interbotix_common_sim)
[1.198s] DEBUG:colcon.colcon_core.event_handler.log_command:Invoked command in '/home/derek-dietz/MSAI/ComputerVision/Final_Project/ws/interbotix/build/interbotix_common_sim' returned '0': CMAKE_PREFIX_PATH=${CMAKE_PREFIX_PATH}:/opt/ros/kilted DEBUGINFOD_URLS=https://debuginfod.ubuntu.com /usr/bin/cmake --install /home/derek-dietz/MSAI/ComputerVision/Final_Project/ws/interbotix/build/interbotix_common_sim
[1.200s] Level 1:colcon.colcon_core.environment:checking '/home/derek-dietz/MSAI/ComputerVision/Final_Project/ws/interbotix/install' for CMake module files
[1.200s] Level 1:colcon.colcon_core.environment:checking '/home/derek-dietz/MSAI/ComputerVision/Final_Project/ws/interbotix/install' for CMake config files
[1.201s] Level 1:colcon.colcon_core.shell:create_environment_hook('interbotix_common_sim', 'cmake_prefix_path')
[1.202s] INFO:colcon.colcon_core.shell:Creating environment hook '/home/derek-dietz/MSAI/ComputerVision/Final_Project/ws/interbotix/install/share/interbotix_common_sim/hook/cmake_prefix_path.ps1'
[1.202s] INFO:colcon.colcon_core.shell:Creating environment descriptor '/home/derek-dietz/MSAI/ComputerVision/Final_Project/ws/interbotix/install/share/interbotix_common_sim/hook/cmake_prefix_path.dsv'
[1.203s] INFO:colcon.colcon_core.shell:Creating environment hook '/home/derek-dietz/MSAI/ComputerVision/Final_Project/ws/interbotix/install/share/interbotix_common_sim/hook/cmake_prefix_path.sh'
[1.203s] Level 1:colcon.colcon_core.environment:checking '/home/derek-dietz/MSAI/ComputerVision/Final_Project/ws/interbotix/install/lib'
[1.204s] Level 1:colcon.colcon_core.shell:create_environment_hook('interbotix_common_sim', 'ld_library_path_lib')
[1.204s] INFO:colcon.colcon_core.shell:Creating environment hook '/home/derek-dietz/MSAI/ComputerVision/Final_Project/ws/interbotix/install/share/interbotix_common_sim/hook/ld_library_path_lib.ps1'
[1.204s] INFO:colcon.colcon_core.shell:Creating environment descriptor '/home/derek-dietz/MSAI/ComputerVision/Final_Project/ws/interbotix/install/share/interbotix_common_sim/hook/ld_library_path_lib.dsv'
[1.205s] INFO:colcon.colcon_core.shell:Creating environment hook '/home/derek-dietz/MSAI/ComputerVision/Final_Project/ws/interbotix/install/share/interbotix_common_sim/hook/ld_library_path_lib.sh'
[1.205s] Level 1:colcon.colcon_core.environment:checking '/home/derek-dietz/MSAI/ComputerVision/Final_Project/ws/interbotix/install/bin'
[1.205s] Level 1:colcon.colcon_core.environment:checking '/home/derek-dietz/MSAI/ComputerVision/Final_Project/ws/interbotix/install/lib/pkgconfig/interbotix_common_sim.pc'
[1.205s] Level 1:colcon.colcon_core.environment:checking '/home/derek-dietz/MSAI/ComputerVision/Final_Project/ws/interbotix/install/lib/python3.12/site-packages'
[1.206s] Level 1:colcon.colcon_core.shell:create_environment_hook('interbotix_common_sim', 'pythonpath')
[1.206s] INFO:colcon.colcon_core.shell:Creating environment hook '/home/derek-dietz/MSAI/ComputerVision/Final_Project/ws/interbotix/install/share/interbotix_common_sim/hook/pythonpath.ps1'
[1.206s] INFO:colcon.colcon_core.shell:Creating environment descriptor '/home/derek-dietz/MSAI/ComputerVision/Final_Project/ws/interbotix/install/share/interbotix_common_sim/hook/pythonpath.dsv'
[1.207s] INFO:colcon.colcon_core.shell:Creating environment hook '/home/derek-dietz/MSAI/ComputerVision/Final_Project/ws/interbotix/install/share/interbotix_common_sim/hook/pythonpath.sh'
[1.207s] Level 1:colcon.colcon_core.environment:checking '/home/derek-dietz/MSAI/ComputerVision/Final_Project/ws/interbotix/install/bin'
[1.208s] INFO:colcon.colcon_core.shell:Creating package script '/home/derek-dietz/MSAI/ComputerVision/Final_Project/ws/interbotix/install/share/interbotix_common_sim/package.ps1'
[1.209s] INFO:colcon.colcon_core.shell:Creating package descriptor '/home/derek-dietz/MSAI/ComputerVision/Final_Project/ws/interbotix/install/share/interbotix_common_sim/package.dsv'
[1.209s] INFO:colcon.colcon_core.shell:Creating package script '/home/derek-dietz/MSAI/ComputerVision/Final_Project/ws/interbotix/install/share/interbotix_common_sim/package.sh'
[1.210s] INFO:colcon.colcon_core.shell:Creating package script '/home/derek-dietz/MSAI/ComputerVision/Final_Project/ws/interbotix/install/share/interbotix_common_sim/package.bash'
[1.211s] INFO:colcon.colcon_core.shell:Creating package script '/home/derek-dietz/MSAI/ComputerVision/Final_Project/ws/interbotix/install/share/interbotix_common_sim/package.zsh'
[1.211s] Level 1:colcon.colcon_core.environment:create_file_with_runtime_dependencies(/home/derek-dietz/MSAI/ComputerVision/Final_Project/ws/interbotix/install/share/colcon-core/packages/interbotix_common_sim)
[1.212s] Level 1:colcon.colcon_core.environment:create_environment_scripts_only(interbotix_common_sim)
[1.212s] Level 1:colcon.colcon_core.environment:checking '/home/derek-dietz/MSAI/ComputerVision/Final_Project/ws/interbotix/install' for CMake module files
[1.212s] Level 1:colcon.colcon_core.environment:checking '/home/derek-dietz/MSAI/ComputerVision/Final_Project/ws/interbotix/install' for CMake config files
[1.213s] Level 1:colcon.colcon_core.shell:create_environment_hook('interbotix_common_sim', 'cmake_prefix_path')
[1.213s] INFO:colcon.colcon_core.shell:Creating environment hook '/home/derek-dietz/MSAI/ComputerVision/Final_Project/ws/interbotix/install/share/interbotix_common_sim/hook/cmake_prefix_path.ps1'
[1.214s] INFO:colcon.colcon_core.shell:Creating environment descriptor '/home/derek-dietz/MSAI/ComputerVision/Final_Project/ws/interbotix/install/share/interbotix_common_sim/hook/cmake_prefix_path.dsv'
[1.214s] INFO:colcon.colcon_core.shell:Creating environment hook '/home/derek-dietz/MSAI/ComputerVision/Final_Project/ws/interbotix/install/share/interbotix_common_sim/hook/cmake_prefix_path.sh'
[1.215s] Level 1:colcon.colcon_core.environment:checking '/home/derek-dietz/MSAI/ComputerVision/Final_Project/ws/interbotix/install/lib'
[1.215s] Level 1:colcon.colcon_core.shell:create_environment_hook('interbotix_common_sim', 'ld_library_path_lib')
[1.215s] INFO:colcon.colcon_core.shell:Creating environment hook '/home/derek-dietz/MSAI/ComputerVision/Final_Project/ws/interbotix/install/share/interbotix_common_sim/hook/ld_library_path_lib.ps1'
[1.216s] INFO:colcon.colcon_core.shell:Creating environment descriptor '/home/derek-dietz/MSAI/ComputerVision/Final_Project/ws/interbotix/install/share/interbotix_common_sim/hook/ld_library_path_lib.dsv'
[1.216s] INFO:colcon.colcon_core.shell:Creating environment hook '/home/derek-dietz/MSAI/ComputerVision/Final_Project/ws/interbotix/install/share/interbotix_common_sim/hook/ld_library_path_lib.sh'
[1.217s] Level 1:colcon.colcon_core.environment:checking '/home/derek-dietz/MSAI/ComputerVision/Final_Project/ws/interbotix/install/bin'
[1.217s] Level 1:colcon.colcon_core.environment:checking '/home/derek-dietz/MSAI/ComputerVision/Final_Project/ws/interbotix/install/lib/pkgconfig/interbotix_common_sim.pc'
[1.217s] Level 1:colcon.colcon_core.environment:checking '/home/derek-dietz/MSAI/ComputerVision/Final_Project/ws/interbotix/install/lib/python3.12/site-packages'
[1.217s] Level 1:colcon.colcon_core.shell:create_environment_hook('interbotix_common_sim', 'pythonpath')
[1.217s] INFO:colcon.colcon_core.shell:Creating environment hook '/home/derek-dietz/MSAI/ComputerVision/Final_Project/ws/interbotix/install/share/interbotix_common_sim/hook/pythonpath.ps1'
[1.218s] INFO:colcon.colcon_core.shell:Creating environment descriptor '/home/derek-dietz/MSAI/ComputerVision/Final_Project/ws/interbotix/install/share/interbotix_common_sim/hook/pythonpath.dsv'
[1.218s] INFO:colcon.colcon_core.shell:Creating environment hook '/home/derek-dietz/MSAI/ComputerVision/Final_Project/ws/interbotix/install/share/interbotix_common_sim/hook/pythonpath.sh'
[1.219s] Level 1:colcon.colcon_core.environment:checking '/home/derek-dietz/MSAI/ComputerVision/Final_Project/ws/interbotix/install/bin'
[1.219s] INFO:colcon.colcon_core.shell:Creating package script '/home/derek-dietz/MSAI/ComputerVision/Final_Project/ws/interbotix/install/share/interbotix_common_sim/package.ps1'
[1.220s] INFO:colcon.colcon_core.shell:Creating package descriptor '/home/derek-dietz/MSAI/ComputerVision/Final_Project/ws/interbotix/install/share/interbotix_common_sim/package.dsv'
[1.220s] INFO:colcon.colcon_core.shell:Creating package script '/home/derek-dietz/MSAI/ComputerVision/Final_Project/ws/interbotix/install/share/interbotix_common_sim/package.sh'
[1.221s] INFO:colcon.colcon_core.shell:Creating package script '/home/derek-dietz/MSAI/ComputerVision/Final_Project/ws/interbotix/install/share/interbotix_common_sim/package.bash'
[1.221s] INFO:colcon.colcon_core.shell:Creating package script '/home/derek-dietz/MSAI/ComputerVision/Final_Project/ws/interbotix/install/share/interbotix_common_sim/package.zsh'
[1.221s] Level 1:colcon.colcon_core.environment:create_file_with_runtime_dependencies(/home/derek-dietz/MSAI/ComputerVision/Final_Project/ws/interbotix/install/share/colcon-core/packages/interbotix_common_sim)
[1.223s] DEBUG:colcon.colcon_core.event_handler.log_command:Invoked command in '/home/derek-dietz/MSAI/ComputerVision/Final_Project/ws/interbotix/build/interbotix_xs_msgs' returned '0': CMAKE_PREFIX_PATH=${CMAKE_PREFIX_PATH}:/opt/ros/kilted DEBUGINFOD_URLS=https://debuginfod.ubuntu.com /usr/bin/cmake --build /home/derek-dietz/MSAI/ComputerVision/Final_Project/ws/interbotix/build/interbotix_xs_msgs -- -j22 -l22
[1.224s] DEBUG:colcon.colcon_core.event_handler.log_command:Invoking command in '/home/derek-dietz/MSAI/ComputerVision/Final_Project/ws/interbotix/build/interbotix_xs_msgs': CMAKE_PREFIX_PATH=${CMAKE_PREFIX_PATH}:/opt/ros/kilted DEBUGINFOD_URLS=https://debuginfod.ubuntu.com /usr/bin/cmake --install /home/derek-dietz/MSAI/ComputerVision/Final_Project/ws/interbotix/build/interbotix_xs_msgs
[1.224s] Level 1:colcon.colcon_core.environment:create_environment_scripts_only(interbotix_xs_driver)
[1.224s] Level 1:colcon.colcon_core.environment:checking '/home/derek-dietz/MSAI/ComputerVision/Final_Project/ws/interbotix/install' for CMake module files
[1.224s] DEBUG:colcon.colcon_core.event_handler.log_command:Invoked command in '/home/derek-dietz/MSAI/ComputerVision/Final_Project/ws/interbotix/build/interbotix_xs_driver' returned '0': CMAKE_PREFIX_PATH=${CMAKE_PREFIX_PATH}:/opt/ros/kilted DEBUGINFOD_URLS=https://debuginfod.ubuntu.com /usr/bin/cmake --install /home/derek-dietz/MSAI/ComputerVision/Final_Project/ws/interbotix/build/interbotix_xs_driver
[1.225s] Level 1:colcon.colcon_core.environment:checking '/home/derek-dietz/MSAI/ComputerVision/Final_Project/ws/interbotix/install' for CMake config files
[1.226s] Level 1:colcon.colcon_core.shell:create_environment_hook('interbotix_xs_driver', 'cmake_prefix_path')
[1.226s] INFO:colcon.colcon_core.shell:Creating environment hook '/home/derek-dietz/MSAI/ComputerVision/Final_Project/ws/interbotix/install/share/interbotix_xs_driver/hook/cmake_prefix_path.ps1'
[1.226s] INFO:colcon.colcon_core.shell:Creating environment descriptor '/home/derek-dietz/MSAI/ComputerVision/Final_Project/ws/interbotix/install/share/interbotix_xs_driver/hook/cmake_prefix_path.dsv'
[1.227s] INFO:colcon.colcon_core.shell:Creating environment hook '/home/derek-dietz/MSAI/ComputerVision/Final_Project/ws/interbotix/install/share/interbotix_xs_driver/hook/cmake_prefix_path.sh'
[1.227s] Level 1:colcon.colcon_core.environment:checking '/home/derek-dietz/MSAI/ComputerVision/Final_Project/ws/interbotix/install/lib'
[1.227s] Level 1:colcon.colcon_core.shell:create_environment_hook('interbotix_xs_driver', 'ld_library_path_lib')
[1.228s] INFO:colcon.colcon_core.shell:Creating environment hook '/home/derek-dietz/MSAI/ComputerVision/Final_Project/ws/interbotix/install/share/interbotix_xs_driver/hook/ld_library_path_lib.ps1'
[1.228s] INFO:colcon.colcon_core.shell:Creating environment descriptor '/home/derek-dietz/MSAI/ComputerVision/Final_Project/ws/interbotix/install/share/interbotix_xs_driver/hook/ld_library_path_lib.dsv'
[1.228s] INFO:colcon.colcon_core.shell:Creating environment hook '/home/derek-dietz/MSAI/ComputerVision/Final_Project/ws/interbotix/install/share/interbotix_xs_driver/hook/ld_library_path_lib.sh'
[1.229s] Level 1:colcon.colcon_core.environment:checking '/home/derek-dietz/MSAI/ComputerVision/Final_Project/ws/interbotix/install/bin'
[1.229s] Level 1:colcon.colcon_core.environment:checking '/home/derek-dietz/MSAI/ComputerVision/Final_Project/ws/interbotix/install/lib/pkgconfig/interbotix_xs_driver.pc'
[1.229s] Level 1:colcon.colcon_core.environment:checking '/home/derek-dietz/MSAI/ComputerVision/Final_Project/ws/interbotix/install/lib/python3.12/site-packages'
[1.229s] Level 1:colcon.colcon_core.shell:create_environment_hook('interbotix_xs_driver', 'pythonpath')
[1.229s] INFO:colcon.colcon_core.shell:Creating environment hook '/home/derek-dietz/MSAI/ComputerVision/Final_Project/ws/interbotix/install/share/interbotix_xs_driver/hook/pythonpath.ps1'
[1.230s] INFO:colcon.colcon_core.shell:Creating environment descriptor '/home/derek-dietz/MSAI/ComputerVision/Final_Project/ws/interbotix/install/share/interbotix_xs_driver/hook/pythonpath.dsv'
[1.230s] INFO:colcon.colcon_core.shell:Creating environment hook '/home/derek-dietz/MSAI/ComputerVision/Final_Project/ws/interbotix/install/share/interbotix_xs_driver/hook/pythonpath.sh'
[1.231s] Level 1:colcon.colcon_core.environment:checking '/home/derek-dietz/MSAI/ComputerVision/Final_Project/ws/interbotix/install/bin'
[1.231s] INFO:colcon.colcon_core.shell:Creating package script '/home/derek-dietz/MSAI/ComputerVision/Final_Project/ws/interbotix/install/share/interbotix_xs_driver/package.ps1'
[1.232s] INFO:colcon.colcon_core.shell:Creating package descriptor '/home/derek-dietz/MSAI/ComputerVision/Final_Project/ws/interbotix/install/share/interbotix_xs_driver/package.dsv'
[1.232s] INFO:colcon.colcon_core.shell:Creating package script '/home/derek-dietz/MSAI/ComputerVision/Final_Project/ws/interbotix/install/share/interbotix_xs_driver/package.sh'
[1.233s] INFO:colcon.colcon_core.shell:Creating package script '/home/derek-dietz/MSAI/ComputerVision/Final_Project/ws/interbotix/install/share/interbotix_xs_driver/package.bash'
[1.233s] INFO:colcon.colcon_core.shell:Creating package script '/home/derek-dietz/MSAI/ComputerVision/Final_Project/ws/interbotix/install/share/interbotix_xs_driver/package.zsh'
[1.234s] Level 1:colcon.colcon_core.environment:create_file_with_runtime_dependencies(/home/derek-dietz/MSAI/ComputerVision/Final_Project/ws/interbotix/install/share/colcon-core/packages/interbotix_xs_driver)
[1.234s] Level 1:colcon.colcon_core.environment:create_environment_scripts_only(interbotix_xs_driver)
[1.235s] Level 1:colcon.colcon_core.environment:checking '/home/derek-dietz/MSAI/ComputerVision/Final_Project/ws/interbotix/install' for CMake module files
[1.235s] Level 1:colcon.colcon_core.environment:checking '/home/derek-dietz/MSAI/ComputerVision/Final_Project/ws/interbotix/install' for CMake config files
[1.236s] Level 1:colcon.colcon_core.shell:create_environment_hook('interbotix_xs_driver', 'cmake_prefix_path')
[1.236s] INFO:colcon.colcon_core.shell:Creating environment hook '/home/derek-dietz/MSAI/ComputerVision/Final_Project/ws/interbotix/install/share/interbotix_xs_driver/hook/cmake_prefix_path.ps1'
[1.237s] INFO:colcon.colcon_core.shell:Creating environment descriptor '/home/derek-dietz/MSAI/ComputerVision/Final_Project/ws/interbotix/install/share/interbotix_xs_driver/hook/cmake_prefix_path.dsv'
[1.237s] INFO:colcon.colcon_core.shell:Creating environment hook '/home/derek-dietz/MSAI/ComputerVision/Final_Project/ws/interbotix/install/share/interbotix_xs_driver/hook/cmake_prefix_path.sh'
[1.238s] Level 1:colcon.colcon_core.environment:checking '/home/derek-dietz/MSAI/ComputerVision/Final_Project/ws/interbotix/install/lib'
[1.238s] Level 1:colcon.colcon_core.shell:create_environment_hook('interbotix_xs_driver', 'ld_library_path_lib')
[1.238s] INFO:colcon.colcon_core.shell:Creating environment hook '/home/derek-dietz/MSAI/ComputerVision/Final_Project/ws/interbotix/install/share/interbotix_xs_driver/hook/ld_library_path_lib.ps1'
[1.238s] INFO:colcon.colcon_core.shell:Creating environment descriptor '/home/derek-dietz/MSAI/ComputerVision/Final_Project/ws/interbotix/install/share/interbotix_xs_driver/hook/ld_library_path_lib.dsv'
[1.239s] INFO:colcon.colcon_core.shell:Creating environment hook '/home/derek-dietz/MSAI/ComputerVision/Final_Project/ws/interbotix/install/share/interbotix_xs_driver/hook/ld_library_path_lib.sh'
[1.239s] Level 1:colcon.colcon_core.environment:checking '/home/derek-dietz/MSAI/ComputerVision/Final_Project/ws/interbotix/install/bin'
[1.239s] Level 1:colcon.colcon_core.environment:checking '/home/derek-dietz/MSAI/ComputerVision/Final_Project/ws/interbotix/install/lib/pkgconfig/interbotix_xs_driver.pc'
[1.239s] Level 1:colcon.colcon_core.environment:checking '/home/derek-dietz/MSAI/ComputerVision/Final_Project/ws/interbotix/install/lib/python3.12/site-packages'
[1.239s] Level 1:colcon.colcon_core.shell:create_environment_hook('interbotix_xs_driver', 'pythonpath')
[1.240s] INFO:colcon.colcon_core.shell:Creating environment hook '/home/derek-dietz/MSAI/ComputerVision/Final_Project/ws/interbotix/install/share/interbotix_xs_driver/hook/pythonpath.ps1'
[1.240s] INFO:colcon.colcon_core.shell:Creating environment descriptor '/home/derek-dietz/MSAI/ComputerVision/Final_Project/ws/interbotix/install/share/interbotix_xs_driver/hook/pythonpath.dsv'
[1.240s] INFO:colcon.colcon_core.shell:Creating environment hook '/home/derek-dietz/MSAI/ComputerVision/Final_Project/ws/interbotix/install/share/interbotix_xs_driver/hook/pythonpath.sh'
[1.241s] Level 1:colcon.colcon_core.environment:checking '/home/derek-dietz/MSAI/ComputerVision/Final_Project/ws/interbotix/install/bin'
[1.241s] INFO:colcon.colcon_core.shell:Creating package script '/home/derek-dietz/MSAI/ComputerVision/Final_Project/ws/interbotix/install/share/interbotix_xs_driver/package.ps1'
[1.241s] INFO:colcon.colcon_core.shell:Creating package descriptor '/home/derek-dietz/MSAI/ComputerVision/Final_Project/ws/interbotix/install/share/interbotix_xs_driver/package.dsv'
[1.242s] INFO:colcon.colcon_core.shell:Creating package script '/home/derek-dietz/MSAI/ComputerVision/Final_Project/ws/interbotix/install/share/interbotix_xs_driver/package.sh'
[1.242s] INFO:colcon.colcon_core.shell:Creating package script '/home/derek-dietz/MSAI/ComputerVision/Final_Project/ws/interbotix/install/share/interbotix_xs_driver/package.bash'
[1.242s] INFO:colcon.colcon_core.shell:Creating package script '/home/derek-dietz/MSAI/ComputerVision/Final_Project/ws/interbotix/install/share/interbotix_xs_driver/package.zsh'
[1.243s] Level 1:colcon.colcon_core.environment:create_file_with_runtime_dependencies(/home/derek-dietz/MSAI/ComputerVision/Final_Project/ws/interbotix/install/share/colcon-core/packages/interbotix_xs_driver)
[1.244s] DEBUG:colcon.colcon_core.event_handler.log_command:Invoked command in '/home/derek-dietz/MSAI/ComputerVision/Final_Project/ws/interbotix/build/interbotix_tf_tools' returned '0': CMAKE_PREFIX_PATH=${CMAKE_PREFIX_PATH}:/opt/ros/kilted DEBUGINFOD_URLS=https://debuginfod.ubuntu.com /usr/bin/cmake --build /home/derek-dietz/MSAI/ComputerVision/Final_Project/ws/interbotix/build/interbotix_tf_tools -- -j22 -l22
[1.244s] DEBUG:colcon.colcon_core.event_handler.log_command:Invoking command in '/home/derek-dietz/MSAI/ComputerVision/Final_Project/ws/interbotix/build/interbotix_tf_tools': CMAKE_PREFIX_PATH=${CMAKE_PREFIX_PATH}:/opt/ros/kilted DEBUGINFOD_URLS=https://debuginfod.ubuntu.com /usr/bin/cmake --install /home/derek-dietz/MSAI/ComputerVision/Final_Project/ws/interbotix/build/interbotix_tf_tools
[1.253s] DEBUG:colcon.colcon_core.event_handler.log_command:Invoked command in '/home/derek-dietz/MSAI/ComputerVision/Final_Project/ws/interbotix/build/interbotix_moveit_interface_msgs' returned '0': CMAKE_PREFIX_PATH=${CMAKE_PREFIX_PATH}:/opt/ros/kilted DEBUGINFOD_URLS=https://debuginfod.ubuntu.com /usr/bin/cmake --build /home/derek-dietz/MSAI/ComputerVision/Final_Project/ws/interbotix/build/interbotix_moveit_interface_msgs -- -j22 -l22
[1.264s] DEBUG:colcon.colcon_core.event_handler.log_command:Invoking command in '/home/derek-dietz/MSAI/ComputerVision/Final_Project/ws/interbotix/build/interbotix_moveit_interface_msgs': CMAKE_PREFIX_PATH=${CMAKE_PREFIX_PATH}:/opt/ros/kilted DEBUGINFOD_URLS=https://debuginfod.ubuntu.com /usr/bin/cmake --install /home/derek-dietz/MSAI/ComputerVision/Final_Project/ws/interbotix/build/interbotix_moveit_interface_msgs
[1.266s] Level 1:colcon.colcon_core.environment:create_environment_scripts_only(interbotix_tf_tools)
[1.266s] DEBUG:colcon.colcon_core.event_handler.log_command:Invoked command in '/home/derek-dietz/MSAI/ComputerVision/Final_Project/ws/interbotix/build/interbotix_tf_tools' returned '0': CMAKE_PREFIX_PATH=${CMAKE_PREFIX_PATH}:/opt/ros/kilted DEBUGINFOD_URLS=https://debuginfod.ubuntu.com /usr/bin/cmake --install /home/derek-dietz/MSAI/ComputerVision/Final_Project/ws/interbotix/build/interbotix_tf_tools
[1.266s] Level 1:colcon.colcon_core.environment:checking '/home/derek-dietz/MSAI/ComputerVision/Final_Project/ws/interbotix/install' for CMake module files
[1.267s] Level 1:colcon.colcon_core.environment:checking '/home/derek-dietz/MSAI/ComputerVision/Final_Project/ws/interbotix/install' for CMake config files
[1.268s] Level 1:colcon.colcon_core.shell:create_environment_hook('interbotix_tf_tools', 'cmake_prefix_path')
[1.268s] INFO:colcon.colcon_core.shell:Creating environment hook '/home/derek-dietz/MSAI/ComputerVision/Final_Project/ws/interbotix/install/share/interbotix_tf_tools/hook/cmake_prefix_path.ps1'
[1.268s] INFO:colcon.colcon_core.shell:Creating environment descriptor '/home/derek-dietz/MSAI/ComputerVision/Final_Project/ws/interbotix/install/share/interbotix_tf_tools/hook/cmake_prefix_path.dsv'
[1.269s] INFO:colcon.colcon_core.shell:Creating environment hook '/home/derek-dietz/MSAI/ComputerVision/Final_Project/ws/interbotix/install/share/interbotix_tf_tools/hook/cmake_prefix_path.sh'
[1.270s] Level 1:colcon.colcon_core.environment:checking '/home/derek-dietz/MSAI/ComputerVision/Final_Project/ws/interbotix/install/lib'
[1.270s] Level 1:colcon.colcon_core.shell:create_environment_hook('interbotix_tf_tools', 'ld_library_path_lib')
[1.270s] INFO:colcon.colcon_core.shell:Creating environment hook '/home/derek-dietz/MSAI/ComputerVision/Final_Project/ws/interbotix/install/share/interbotix_tf_tools/hook/ld_library_path_lib.ps1'
[1.270s] INFO:colcon.colcon_core.shell:Creating environment descriptor '/home/derek-dietz/MSAI/ComputerVision/Final_Project/ws/interbotix/install/share/interbotix_tf_tools/hook/ld_library_path_lib.dsv'
[1.271s] INFO:colcon.colcon_core.shell:Creating environment hook '/home/derek-dietz/MSAI/ComputerVision/Final_Project/ws/interbotix/install/share/interbotix_tf_tools/hook/ld_library_path_lib.sh'
[1.271s] Level 1:colcon.colcon_core.environment:checking '/home/derek-dietz/MSAI/ComputerVision/Final_Project/ws/interbotix/install/bin'
[1.271s] Level 1:colcon.colcon_core.environment:checking '/home/derek-dietz/MSAI/ComputerVision/Final_Project/ws/interbotix/install/lib/pkgconfig/interbotix_tf_tools.pc'
[1.272s] Level 1:colcon.colcon_core.environment:checking '/home/derek-dietz/MSAI/ComputerVision/Final_Project/ws/interbotix/install/lib/python3.12/site-packages'
[1.272s] Level 1:colcon.colcon_core.shell:create_environment_hook('interbotix_tf_tools', 'pythonpath')
[1.272s] INFO:colcon.colcon_core.shell:Creating environment hook '/home/derek-dietz/MSAI/ComputerVision/Final_Project/ws/interbotix/install/share/interbotix_tf_tools/hook/pythonpath.ps1'
[1.272s] INFO:colcon.colcon_core.shell:Creating environment descriptor '/home/derek-dietz/MSAI/ComputerVision/Final_Project/ws/interbotix/install/share/interbotix_tf_tools/hook/pythonpath.dsv'
[1.273s] INFO:colcon.colcon_core.shell:Creating environment hook '/home/derek-dietz/MSAI/ComputerVision/Final_Project/ws/interbotix/install/share/interbotix_tf_tools/hook/pythonpath.sh'
[1.274s] Level 1:colcon.colcon_core.environment:checking '/home/derek-dietz/MSAI/ComputerVision/Final_Project/ws/interbotix/install/bin'
[1.274s] INFO:colcon.colcon_core.shell:Creating package script '/home/derek-dietz/MSAI/ComputerVision/Final_Project/ws/interbotix/install/share/interbotix_tf_tools/package.ps1'
[1.274s] INFO:colcon.colcon_core.shell:Creating package descriptor '/home/derek-dietz/MSAI/ComputerVision/Final_Project/ws/interbotix/install/share/interbotix_tf_tools/package.dsv'
[1.276s] INFO:colcon.colcon_core.shell:Creating package script '/home/derek-dietz/MSAI/ComputerVision/Final_Project/ws/interbotix/install/share/interbotix_tf_tools/package.sh'
[1.278s] INFO:colcon.colcon_core.shell:Creating package script '/home/derek-dietz/MSAI/ComputerVision/Final_Project/ws/interbotix/install/share/interbotix_tf_tools/package.bash'
[1.279s] INFO:colcon.colcon_core.shell:Creating package script '/home/derek-dietz/MSAI/ComputerVision/Final_Project/ws/interbotix/install/share/interbotix_tf_tools/package.zsh'
[1.280s] Level 1:colcon.colcon_core.environment:create_file_with_runtime_dependencies(/home/derek-dietz/MSAI/ComputerVision/Final_Project/ws/interbotix/install/share/colcon-core/packages/interbotix_tf_tools)
[1.280s] Level 1:colcon.colcon_core.environment:create_environment_scripts_only(interbotix_tf_tools)
[1.281s] Level 1:colcon.colcon_core.environment:checking '/home/derek-dietz/MSAI/ComputerVision/Final_Project/ws/interbotix/install' for CMake module files
[1.281s] Level 1:colcon.colcon_core.environment:checking '/home/derek-dietz/MSAI/ComputerVision/Final_Project/ws/interbotix/install' for CMake config files
[1.282s] Level 1:colcon.colcon_core.shell:create_environment_hook('interbotix_tf_tools', 'cmake_prefix_path')
[1.282s] INFO:colcon.colcon_core.shell:Creating environment hook '/home/derek-dietz/MSAI/ComputerVision/Final_Project/ws/interbotix/install/share/interbotix_tf_tools/hook/cmake_prefix_path.ps1'
[1.283s] INFO:colcon.colcon_core.shell:Creating environment descriptor '/home/derek-dietz/MSAI/ComputerVision/Final_Project/ws/interbotix/install/share/interbotix_tf_tools/hook/cmake_prefix_path.dsv'
[1.283s] INFO:colcon.colcon_core.shell:Creating environment hook '/home/derek-dietz/MSAI/ComputerVision/Final_Project/ws/interbotix/install/share/interbotix_tf_tools/hook/cmake_prefix_path.sh'
[1.283s] Level 1:colcon.colcon_core.environment:checking '/home/derek-dietz/MSAI/ComputerVision/Final_Project/ws/interbotix/install/lib'
[1.284s] Level 1:colcon.colcon_core.shell:create_environment_hook('interbotix_tf_tools', 'ld_library_path_lib')
[1.284s] INFO:colcon.colcon_core.shell:Creating environment hook '/home/derek-dietz/MSAI/ComputerVision/Final_Project/ws/interbotix/install/share/interbotix_tf_tools/hook/ld_library_path_lib.ps1'
[1.284s] INFO:colcon.colcon_core.shell:Creating environment descriptor '/home/derek-dietz/MSAI/ComputerVision/Final_Project/ws/interbotix/install/share/interbotix_tf_tools/hook/ld_library_path_lib.dsv'
[1.284s] INFO:colcon.colcon_core.shell:Creating environment hook '/home/derek-dietz/MSAI/ComputerVision/Final_Project/ws/interbotix/install/share/interbotix_tf_tools/hook/ld_library_path_lib.sh'
[1.285s] Level 1:colcon.colcon_core.environment:checking '/home/derek-dietz/MSAI/ComputerVision/Final_Project/ws/interbotix/install/bin'
[1.285s] Level 1:colcon.colcon_core.environment:checking '/home/derek-dietz/MSAI/ComputerVision/Final_Project/ws/interbotix/install/lib/pkgconfig/interbotix_tf_tools.pc'
[1.285s] Level 1:colcon.colcon_core.environment:checking '/home/derek-dietz/MSAI/ComputerVision/Final_Project/ws/interbotix/install/lib/python3.12/site-packages'
[1.285s] Level 1:colcon.colcon_core.shell:create_environment_hook('interbotix_tf_tools', 'pythonpath')
[1.285s] INFO:colcon.colcon_core.shell:Creating environment hook '/home/derek-dietz/MSAI/ComputerVision/Final_Project/ws/interbotix/install/share/interbotix_tf_tools/hook/pythonpath.ps1'
[1.286s] INFO:colcon.colcon_core.shell:Creating environment descriptor '/home/derek-dietz/MSAI/ComputerVision/Final_Project/ws/interbotix/install/share/interbotix_tf_tools/hook/pythonpath.dsv'
[1.286s] INFO:colcon.colcon_core.shell:Creating environment hook '/home/derek-dietz/MSAI/ComputerVision/Final_Project/ws/interbotix/install/share/interbotix_tf_tools/hook/pythonpath.sh'
[1.287s] Level 1:colcon.colcon_core.environment:checking '/home/derek-dietz/MSAI/ComputerVision/Final_Project/ws/interbotix/install/bin'
[1.287s] INFO:colcon.colcon_core.shell:Creating package script '/home/derek-dietz/MSAI/ComputerVision/Final_Project/ws/interbotix/install/share/interbotix_tf_tools/package.ps1'
[1.287s] INFO:colcon.colcon_core.shell:Creating package descriptor '/home/derek-dietz/MSAI/ComputerVision/Final_Project/ws/interbotix/install/share/interbotix_tf_tools/package.dsv'
[1.288s] INFO:colcon.colcon_core.shell:Creating package script '/home/derek-dietz/MSAI/ComputerVision/Final_Project/ws/interbotix/install/share/interbotix_tf_tools/package.sh'
[1.288s] INFO:colcon.colcon_core.shell:Creating package script '/home/derek-dietz/MSAI/ComputerVision/Final_Project/ws/interbotix/install/share/interbotix_tf_tools/package.bash'
[1.288s] INFO:colcon.colcon_core.shell:Creating package script '/home/derek-dietz/MSAI/ComputerVision/Final_Project/ws/interbotix/install/share/interbotix_tf_tools/package.zsh'
[1.289s] Level 1:colcon.colcon_core.environment:create_file_with_runtime_dependencies(/home/derek-dietz/MSAI/ComputerVision/Final_Project/ws/interbotix/install/share/colcon-core/packages/interbotix_tf_tools)
[1.298s] Level 1:colcon.colcon_core.environment:create_environment_scripts_only(interbotix_xs_msgs)
[1.298s] Level 1:colcon.colcon_core.environment:checking '/home/derek-dietz/MSAI/ComputerVision/Final_Project/ws/interbotix/install' for CMake module files
[1.299s] DEBUG:colcon.colcon_core.event_handler.log_command:Invoked command in '/home/derek-dietz/MSAI/ComputerVision/Final_Project/ws/interbotix/build/interbotix_xs_msgs' returned '0': CMAKE_PREFIX_PATH=${CMAKE_PREFIX_PATH}:/opt/ros/kilted DEBUGINFOD_URLS=https://debuginfod.ubuntu.com /usr/bin/cmake --install /home/derek-dietz/MSAI/ComputerVision/Final_Project/ws/interbotix/build/interbotix_xs_msgs
[1.299s] Level 1:colcon.colcon_core.environment:checking '/home/derek-dietz/MSAI/ComputerVision/Final_Project/ws/interbotix/install' for CMake config files
[1.300s] Level 1:colcon.colcon_core.shell:create_environment_hook('interbotix_xs_msgs', 'cmake_prefix_path')
[1.300s] INFO:colcon.colcon_core.shell:Creating environment hook '/home/derek-dietz/MSAI/ComputerVision/Final_Project/ws/interbotix/install/share/interbotix_xs_msgs/hook/cmake_prefix_path.ps1'
[1.301s] INFO:colcon.colcon_core.shell:Creating environment descriptor '/home/derek-dietz/MSAI/ComputerVision/Final_Project/ws/interbotix/install/share/interbotix_xs_msgs/hook/cmake_prefix_path.dsv'
[1.301s] INFO:colcon.colcon_core.shell:Creating environment hook '/home/derek-dietz/MSAI/ComputerVision/Final_Project/ws/interbotix/install/share/interbotix_xs_msgs/hook/cmake_prefix_path.sh'
[1.302s] Level 1:colcon.colcon_core.environment:checking '/home/derek-dietz/MSAI/ComputerVision/Final_Project/ws/interbotix/install/lib'
[1.302s] Level 1:colcon.colcon_core.shell:create_environment_hook('interbotix_xs_msgs', 'ld_library_path_lib')
[1.302s] INFO:colcon.colcon_core.shell:Creating environment hook '/home/derek-dietz/MSAI/ComputerVision/Final_Project/ws/interbotix/install/share/interbotix_xs_msgs/hook/ld_library_path_lib.ps1'
[1.302s] INFO:colcon.colcon_core.shell:Creating environment descriptor '/home/derek-dietz/MSAI/ComputerVision/Final_Project/ws/interbotix/install/share/interbotix_xs_msgs/hook/ld_library_path_lib.dsv'
[1.302s] INFO:colcon.colcon_core.shell:Creating environment hook '/home/derek-dietz/MSAI/ComputerVision/Final_Project/ws/interbotix/install/share/interbotix_xs_msgs/hook/ld_library_path_lib.sh'
[1.303s] Level 1:colcon.colcon_core.environment:checking '/home/derek-dietz/MSAI/ComputerVision/Final_Project/ws/interbotix/install/bin'
[1.303s] Level 1:colcon.colcon_core.environment:checking '/home/derek-dietz/MSAI/ComputerVision/Final_Project/ws/interbotix/install/lib/pkgconfig/interbotix_xs_msgs.pc'
[1.303s] Level 1:colcon.colcon_core.environment:checking '/home/derek-dietz/MSAI/ComputerVision/Final_Project/ws/interbotix/install/lib/python3.12/site-packages'
[1.303s] Level 1:colcon.colcon_core.shell:create_environment_hook('interbotix_xs_msgs', 'pythonpath')
[1.303s] INFO:colcon.colcon_core.shell:Creating environment hook '/home/derek-dietz/MSAI/ComputerVision/Final_Project/ws/interbotix/install/share/interbotix_xs_msgs/hook/pythonpath.ps1'
[1.304s] INFO:colcon.colcon_core.shell:Creating environment descriptor '/home/derek-dietz/MSAI/ComputerVision/Final_Project/ws/interbotix/install/share/interbotix_xs_msgs/hook/pythonpath.dsv'
[1.304s] INFO:colcon.colcon_core.shell:Creating environment hook '/home/derek-dietz/MSAI/ComputerVision/Final_Project/ws/interbotix/install/share/interbotix_xs_msgs/hook/pythonpath.sh'
[1.304s] Level 1:colcon.colcon_core.environment:checking '/home/derek-dietz/MSAI/ComputerVision/Final_Project/ws/interbotix/install/bin'
[1.305s] INFO:colcon.colcon_core.shell:Creating package script '/home/derek-dietz/MSAI/ComputerVision/Final_Project/ws/interbotix/install/share/interbotix_xs_msgs/package.ps1'
[1.305s] INFO:colcon.colcon_core.shell:Creating package descriptor '/home/derek-dietz/MSAI/ComputerVision/Final_Project/ws/interbotix/install/share/interbotix_xs_msgs/package.dsv'
[1.305s] INFO:colcon.colcon_core.shell:Creating package script '/home/derek-dietz/MSAI/ComputerVision/Final_Project/ws/interbotix/install/share/interbotix_xs_msgs/package.sh'
[1.306s] INFO:colcon.colcon_core.shell:Creating package script '/home/derek-dietz/MSAI/ComputerVision/Final_Project/ws/interbotix/install/share/interbotix_xs_msgs/package.bash'
[1.306s] INFO:colcon.colcon_core.shell:Creating package script '/home/derek-dietz/MSAI/ComputerVision/Final_Project/ws/interbotix/install/share/interbotix_xs_msgs/package.zsh'
[1.306s] Level 1:colcon.colcon_core.environment:create_file_with_runtime_dependencies(/home/derek-dietz/MSAI/ComputerVision/Final_Project/ws/interbotix/install/share/colcon-core/packages/interbotix_xs_msgs)
[1.306s] Level 1:colcon.colcon_core.environment:create_environment_scripts_only(interbotix_xs_msgs)
[1.307s] Level 1:colcon.colcon_core.environment:checking '/home/derek-dietz/MSAI/ComputerVision/Final_Project/ws/interbotix/install' for CMake module files
[1.307s] Level 1:colcon.colcon_core.environment:checking '/home/derek-dietz/MSAI/ComputerVision/Final_Project/ws/interbotix/install' for CMake config files
[1.307s] Level 1:colcon.colcon_core.shell:create_environment_hook('interbotix_xs_msgs', 'cmake_prefix_path')
[1.307s] INFO:colcon.colcon_core.shell:Creating environment hook '/home/derek-dietz/MSAI/ComputerVision/Final_Project/ws/interbotix/install/share/interbotix_xs_msgs/hook/cmake_prefix_path.ps1'
[1.308s] INFO:colcon.colcon_core.shell:Creating environment descriptor '/home/derek-dietz/MSAI/ComputerVision/Final_Project/ws/interbotix/install/share/interbotix_xs_msgs/hook/cmake_prefix_path.dsv'
[1.308s] INFO:colcon.colcon_core.shell:Creating environment hook '/home/derek-dietz/MSAI/ComputerVision/Final_Project/ws/interbotix/install/share/interbotix_xs_msgs/hook/cmake_prefix_path.sh'
[1.308s] Level 1:colcon.colcon_core.environment:checking '/home/derek-dietz/MSAI/ComputerVision/Final_Project/ws/interbotix/install/lib'
[1.308s] Level 1:colcon.colcon_core.shell:create_environment_hook('interbotix_xs_msgs', 'ld_library_path_lib')
[1.308s] INFO:colcon.colcon_core.shell:Creating environment hook '/home/derek-dietz/MSAI/ComputerVision/Final_Project/ws/interbotix/install/share/interbotix_xs_msgs/hook/ld_library_path_lib.ps1'
[1.309s] INFO:colcon.colcon_core.shell:Creating environment descriptor '/home/derek-dietz/MSAI/ComputerVision/Final_Project/ws/interbotix/install/share/interbotix_xs_msgs/hook/ld_library_path_lib.dsv'
[1.309s] INFO:colcon.colcon_core.shell:Creating environment hook '/home/derek-dietz/MSAI/ComputerVision/Final_Project/ws/interbotix/install/share/interbotix_xs_msgs/hook/ld_library_path_lib.sh'
[1.309s] Level 1:colcon.colcon_core.environment:checking '/home/derek-dietz/MSAI/ComputerVision/Final_Project/ws/interbotix/install/bin'
[1.309s] Level 1:colcon.colcon_core.environment:checking '/home/derek-dietz/MSAI/ComputerVision/Final_Project/ws/interbotix/install/lib/pkgconfig/interbotix_xs_msgs.pc'
[1.309s] Level 1:colcon.colcon_core.environment:checking '/home/derek-dietz/MSAI/ComputerVision/Final_Project/ws/interbotix/install/lib/python3.12/site-packages'
[1.309s] Level 1:colcon.colcon_core.shell:create_environment_hook('interbotix_xs_msgs', 'pythonpath')
[1.309s] INFO:colcon.colcon_core.shell:Creating environment hook '/home/derek-dietz/MSAI/ComputerVision/Final_Project/ws/interbotix/install/share/interbotix_xs_msgs/hook/pythonpath.ps1'
[1.309s] INFO:colcon.colcon_core.shell:Creating environment descriptor '/home/derek-dietz/MSAI/ComputerVision/Final_Project/ws/interbotix/install/share/interbotix_xs_msgs/hook/pythonpath.dsv'
[1.310s] INFO:colcon.colcon_core.shell:Creating environment hook '/home/derek-dietz/MSAI/ComputerVision/Final_Project/ws/interbotix/install/share/interbotix_xs_msgs/hook/pythonpath.sh'
[1.310s] Level 1:colcon.colcon_core.environment:checking '/home/derek-dietz/MSAI/ComputerVision/Final_Project/ws/interbotix/install/bin'
[1.310s] INFO:colcon.colcon_core.shell:Creating package script '/home/derek-dietz/MSAI/ComputerVision/Final_Project/ws/interbotix/install/share/interbotix_xs_msgs/package.ps1'
[1.310s] INFO:colcon.colcon_core.shell:Creating package descriptor '/home/derek-dietz/MSAI/ComputerVision/Final_Project/ws/interbotix/install/share/interbotix_xs_msgs/package.dsv'
[1.311s] INFO:colcon.colcon_core.shell:Creating package script '/home/derek-dietz/MSAI/ComputerVision/Final_Project/ws/interbotix/install/share/interbotix_xs_msgs/package.sh'
[1.311s] INFO:colcon.colcon_core.shell:Creating package script '/home/derek-dietz/MSAI/ComputerVision/Final_Project/ws/interbotix/install/share/interbotix_xs_msgs/package.bash'
[1.311s] INFO:colcon.colcon_core.shell:Creating package script '/home/derek-dietz/MSAI/ComputerVision/Final_Project/ws/interbotix/install/share/interbotix_xs_msgs/package.zsh'
[1.311s] Level 1:colcon.colcon_core.environment:create_file_with_runtime_dependencies(/home/derek-dietz/MSAI/ComputerVision/Final_Project/ws/interbotix/install/share/colcon-core/packages/interbotix_xs_msgs)
[1.312s] INFO:colcon.colcon_ros.task.ament_cmake.build:Building ROS package in '/home/derek-dietz/MSAI/ComputerVision/Final_Project/ws/interbotix/src/interbotix_ros_core/interbotix_ros_xseries/interbotix_xs_sdk' with build type 'ament_cmake'
[1.312s] INFO:colcon.colcon_cmake.task.cmake.build:Building CMake package in '/home/derek-dietz/MSAI/ComputerVision/Final_Project/ws/interbotix/src/interbotix_ros_core/interbotix_ros_xseries/interbotix_xs_sdk'
[1.312s] INFO:colcon.colcon_core.shell:Skip shell extension 'powershell' for command environment: Not usable outside of PowerShell
[1.312s] DEBUG:colcon.colcon_core.shell:Skip shell extension 'dsv' for command environment
[1.319s] INFO:colcon.colcon_ros.task.ament_cmake.build:Building ROS package in '/home/derek-dietz/MSAI/ComputerVision/Final_Project/ws/interbotix/src/interbotix_ros_toolboxes/interbotix_xs_toolbox/interbotix_xs_ros_control' with build type 'ament_cmake'
[1.319s] INFO:colcon.colcon_cmake.task.cmake.build:Building CMake package in '/home/derek-dietz/MSAI/ComputerVision/Final_Project/ws/interbotix/src/interbotix_ros_toolboxes/interbotix_xs_toolbox/interbotix_xs_ros_control'
[1.319s] INFO:colcon.colcon_core.shell:Skip shell extension 'powershell' for command environment: Not usable outside of PowerShell
[1.319s] DEBUG:colcon.colcon_core.shell:Skip shell extension 'dsv' for command environment
[1.331s] Level 1:colcon.colcon_core.environment:create_environment_scripts_only(interbotix_moveit_interface_msgs)
[1.331s] Level 1:colcon.colcon_core.environment:checking '/home/derek-dietz/MSAI/ComputerVision/Final_Project/ws/interbotix/install' for CMake module files
[1.332s] DEBUG:colcon.colcon_core.event_handler.log_command:Invoked command in '/home/derek-dietz/MSAI/ComputerVision/Final_Project/ws/interbotix/build/interbotix_moveit_interface_msgs' returned '0': CMAKE_PREFIX_PATH=${CMAKE_PREFIX_PATH}:/opt/ros/kilted DEBUGINFOD_URLS=https://debuginfod.ubuntu.com /usr/bin/cmake --install /home/derek-dietz/MSAI/ComputerVision/Final_Project/ws/interbotix/build/interbotix_moveit_interface_msgs
[1.332s] Level 1:colcon.colcon_core.environment:checking '/home/derek-dietz/MSAI/ComputerVision/Final_Project/ws/interbotix/install' for CMake config files
[1.333s] Level 1:colcon.colcon_core.shell:create_environment_hook('interbotix_moveit_interface_msgs', 'cmake_prefix_path')
[1.334s] INFO:colcon.colcon_core.shell:Creating environment hook '/home/derek-dietz/MSAI/ComputerVision/Final_Project/ws/interbotix/install/share/interbotix_moveit_interface_msgs/hook/cmake_prefix_path.ps1'
[1.334s] INFO:colcon.colcon_core.shell:Creating environment descriptor '/home/derek-dietz/MSAI/ComputerVision/Final_Project/ws/interbotix/install/share/interbotix_moveit_interface_msgs/hook/cmake_prefix_path.dsv'
[1.334s] INFO:colcon.colcon_core.shell:Creating environment hook '/home/derek-dietz/MSAI/ComputerVision/Final_Project/ws/interbotix/install/share/interbotix_moveit_interface_msgs/hook/cmake_prefix_path.sh'
[1.335s] Level 1:colcon.colcon_core.environment:checking '/home/derek-dietz/MSAI/ComputerVision/Final_Project/ws/interbotix/install/lib'
[1.335s] Level 1:colcon.colcon_core.shell:create_environment_hook('interbotix_moveit_interface_msgs', 'ld_library_path_lib')
[1.335s] INFO:colcon.colcon_core.shell:Creating environment hook '/home/derek-dietz/MSAI/ComputerVision/Final_Project/ws/interbotix/install/share/interbotix_moveit_interface_msgs/hook/ld_library_path_lib.ps1'
[1.336s] INFO:colcon.colcon_core.shell:Creating environment descriptor '/home/derek-dietz/MSAI/ComputerVision/Final_Project/ws/interbotix/install/share/interbotix_moveit_interface_msgs/hook/ld_library_path_lib.dsv'
[1.336s] INFO:colcon.colcon_core.shell:Creating environment hook '/home/derek-dietz/MSAI/ComputerVision/Final_Project/ws/interbotix/install/share/interbotix_moveit_interface_msgs/hook/ld_library_path_lib.sh'
[1.337s] Level 1:colcon.colcon_core.environment:checking '/home/derek-dietz/MSAI/ComputerVision/Final_Project/ws/interbotix/install/bin'
[1.337s] Level 1:colcon.colcon_core.environment:checking '/home/derek-dietz/MSAI/ComputerVision/Final_Project/ws/interbotix/install/lib/pkgconfig/interbotix_moveit_interface_msgs.pc'
[1.337s] Level 1:colcon.colcon_core.environment:checking '/home/derek-dietz/MSAI/ComputerVision/Final_Project/ws/interbotix/install/lib/python3.12/site-packages'
[1.337s] Level 1:colcon.colcon_core.shell:create_environment_hook('interbotix_moveit_interface_msgs', 'pythonpath')
[1.337s] INFO:colcon.colcon_core.shell:Creating environment hook '/home/derek-dietz/MSAI/ComputerVision/Final_Project/ws/interbotix/install/share/interbotix_moveit_interface_msgs/hook/pythonpath.ps1'
[1.338s] INFO:colcon.colcon_core.shell:Creating environment descriptor '/home/derek-dietz/MSAI/ComputerVision/Final_Project/ws/interbotix/install/share/interbotix_moveit_interface_msgs/hook/pythonpath.dsv'
[1.338s] INFO:colcon.colcon_core.shell:Creating environment hook '/home/derek-dietz/MSAI/ComputerVision/Final_Project/ws/interbotix/install/share/interbotix_moveit_interface_msgs/hook/pythonpath.sh'
[1.339s] Level 1:colcon.colcon_core.environment:checking '/home/derek-dietz/MSAI/ComputerVision/Final_Project/ws/interbotix/install/bin'
[1.339s] INFO:colcon.colcon_core.shell:Creating package script '/home/derek-dietz/MSAI/ComputerVision/Final_Project/ws/interbotix/install/share/interbotix_moveit_interface_msgs/package.ps1'
[1.339s] INFO:colcon.colcon_core.shell:Creating package descriptor '/home/derek-dietz/MSAI/ComputerVision/Final_Project/ws/interbotix/install/share/interbotix_moveit_interface_msgs/package.dsv'
[1.340s] INFO:colcon.colcon_core.shell:Creating package script '/home/derek-dietz/MSAI/ComputerVision/Final_Project/ws/interbotix/install/share/interbotix_moveit_interface_msgs/package.sh'
[1.340s] INFO:colcon.colcon_core.shell:Creating package script '/home/derek-dietz/MSAI/ComputerVision/Final_Project/ws/interbotix/install/share/interbotix_moveit_interface_msgs/package.bash'
[1.340s] INFO:colcon.colcon_core.shell:Creating package script '/home/derek-dietz/MSAI/ComputerVision/Final_Project/ws/interbotix/install/share/interbotix_moveit_interface_msgs/package.zsh'
[1.341s] Level 1:colcon.colcon_core.environment:create_file_with_runtime_dependencies(/home/derek-dietz/MSAI/ComputerVision/Final_Project/ws/interbotix/install/share/colcon-core/packages/interbotix_moveit_interface_msgs)
[1.341s] Level 1:colcon.colcon_core.environment:create_environment_scripts_only(interbotix_moveit_interface_msgs)
[1.341s] Level 1:colcon.colcon_core.environment:checking '/home/derek-dietz/MSAI/ComputerVision/Final_Project/ws/interbotix/install' for CMake module files
[1.342s] Level 1:colcon.colcon_core.environment:checking '/home/derek-dietz/MSAI/ComputerVision/Final_Project/ws/interbotix/install' for CMake config files
[1.343s] Level 1:colcon.colcon_core.shell:create_environment_hook('interbotix_moveit_interface_msgs', 'cmake_prefix_path')
[1.343s] INFO:colcon.colcon_core.shell:Creating environment hook '/home/derek-dietz/MSAI/ComputerVision/Final_Project/ws/interbotix/install/share/interbotix_moveit_interface_msgs/hook/cmake_prefix_path.ps1'
[1.343s] INFO:colcon.colcon_core.shell:Creating environment descriptor '/home/derek-dietz/MSAI/ComputerVision/Final_Project/ws/interbotix/install/share/interbotix_moveit_interface_msgs/hook/cmake_prefix_path.dsv'
[1.344s] INFO:colcon.colcon_core.shell:Creating environment hook '/home/derek-dietz/MSAI/ComputerVision/Final_Project/ws/interbotix/install/share/interbotix_moveit_interface_msgs/hook/cmake_prefix_path.sh'
[1.344s] Level 1:colcon.colcon_core.environment:checking '/home/derek-dietz/MSAI/ComputerVision/Final_Project/ws/interbotix/install/lib'
[1.344s] Level 1:colcon.colcon_core.shell:create_environment_hook('interbotix_moveit_interface_msgs', 'ld_library_path_lib')
[1.345s] INFO:colcon.colcon_core.shell:Creating environment hook '/home/derek-dietz/MSAI/ComputerVision/Final_Project/ws/interbotix/install/share/interbotix_moveit_interface_msgs/hook/ld_library_path_lib.ps1'
[1.345s] INFO:colcon.colcon_core.shell:Creating environment descriptor '/home/derek-dietz/MSAI/ComputerVision/Final_Project/ws/interbotix/install/share/interbotix_moveit_interface_msgs/hook/ld_library_path_lib.dsv'
[1.345s] INFO:colcon.colcon_core.shell:Creating environment hook '/home/derek-dietz/MSAI/ComputerVision/Final_Project/ws/interbotix/install/share/interbotix_moveit_interface_msgs/hook/ld_library_path_lib.sh'
[1.346s] Level 1:colcon.colcon_core.environment:checking '/home/derek-dietz/MSAI/ComputerVision/Final_Project/ws/interbotix/install/bin'
[1.346s] Level 1:colcon.colcon_core.environment:checking '/home/derek-dietz/MSAI/ComputerVision/Final_Project/ws/interbotix/install/lib/pkgconfig/interbotix_moveit_interface_msgs.pc'
[1.346s] Level 1:colcon.colcon_core.environment:checking '/home/derek-dietz/MSAI/ComputerVision/Final_Project/ws/interbotix/install/lib/python3.12/site-packages'
[1.346s] Level 1:colcon.colcon_core.shell:create_environment_hook('interbotix_moveit_interface_msgs', 'pythonpath')
[1.346s] INFO:colcon.colcon_core.shell:Creating environment hook '/home/derek-dietz/MSAI/ComputerVision/Final_Project/ws/interbotix/install/share/interbotix_moveit_interface_msgs/hook/pythonpath.ps1'
[1.347s] INFO:colcon.colcon_core.shell:Creating environment descriptor '/home/derek-dietz/MSAI/ComputerVision/Final_Project/ws/interbotix/install/share/interbotix_moveit_interface_msgs/hook/pythonpath.dsv'
[1.347s] INFO:colcon.colcon_core.shell:Creating environment hook '/home/derek-dietz/MSAI/ComputerVision/Final_Project/ws/interbotix/install/share/interbotix_moveit_interface_msgs/hook/pythonpath.sh'
[1.348s] Level 1:colcon.colcon_core.environment:checking '/home/derek-dietz/MSAI/ComputerVision/Final_Project/ws/interbotix/install/bin'
[1.348s] INFO:colcon.colcon_core.shell:Creating package script '/home/derek-dietz/MSAI/ComputerVision/Final_Project/ws/interbotix/install/share/interbotix_moveit_interface_msgs/package.ps1'
[1.348s] INFO:colcon.colcon_core.shell:Creating package descriptor '/home/derek-dietz/MSAI/ComputerVision/Final_Project/ws/interbotix/install/share/interbotix_moveit_interface_msgs/package.dsv'
[1.349s] INFO:colcon.colcon_core.shell:Creating package script '/home/derek-dietz/MSAI/ComputerVision/Final_Project/ws/interbotix/install/share/interbotix_moveit_interface_msgs/package.sh'
[1.349s] INFO:colcon.colcon_core.shell:Creating package script '/home/derek-dietz/MSAI/ComputerVision/Final_Project/ws/interbotix/install/share/interbotix_moveit_interface_msgs/package.bash'
[1.350s] INFO:colcon.colcon_core.shell:Creating package script '/home/derek-dietz/MSAI/ComputerVision/Final_Project/ws/interbotix/install/share/interbotix_moveit_interface_msgs/package.zsh'
[1.350s] Level 1:colcon.colcon_core.environment:create_file_with_runtime_dependencies(/home/derek-dietz/MSAI/ComputerVision/Final_Project/ws/interbotix/install/share/colcon-core/packages/interbotix_moveit_interface_msgs)
[1.352s] INFO:colcon.colcon_ros.task.ament_cmake.build:Building ROS package in '/home/derek-dietz/MSAI/ComputerVision/Final_Project/ws/interbotix/src/interbotix_ros_toolboxes/interbotix_common_toolbox/interbotix_moveit_interface' with build type 'ament_cmake'
[1.352s] INFO:colcon.colcon_cmake.task.cmake.build:Building CMake package in '/home/derek-dietz/MSAI/ComputerVision/Final_Project/ws/interbotix/src/interbotix_ros_toolboxes/interbotix_common_toolbox/interbotix_moveit_interface'
[1.352s] INFO:colcon.colcon_core.shell:Skip shell extension 'powershell' for command environment: Not usable outside of PowerShell
[1.352s] DEBUG:colcon.colcon_core.shell:Skip shell extension 'dsv' for command environment
[1.353s] DEBUG:colcon.colcon_core.event_handler.log_command:Invoking command in '/home/derek-dietz/MSAI/ComputerVision/Final_Project/ws/interbotix/build/interbotix_xs_sdk': CMAKE_PREFIX_PATH=${CMAKE_PREFIX_PATH}:/opt/ros/kilted DEBUGINFOD_URLS=https://debuginfod.ubuntu.com PYTHONPATH=/home/derek-dietz/MSAI/ComputerVision/Final_Project/ws/interbotix/install/lib/python3.12/site-packages:/home/derek-dietz/MSAI/ComputerVision/Final_Project/ros_ws/build/arm:/home/derek-dietz/MSAI/ComputerVision/Final_Project/ros_ws/install/arm/lib/python3.12/site-packages:/opt/ros/kilted/lib/python3.12/site-packages /usr/bin/cmake --build /home/derek-dietz/MSAI/ComputerVision/Final_Project/ws/interbotix/build/interbotix_xs_sdk -- -j22 -l22
[1.358s] DEBUG:colcon.colcon_core.event_handler.log_command:Invoking command in '/home/derek-dietz/MSAI/ComputerVision/Final_Project/ws/interbotix/build/interbotix_xs_ros_control': CMAKE_PREFIX_PATH=${CMAKE_PREFIX_PATH}:/opt/ros/kilted DEBUGINFOD_URLS=https://debuginfod.ubuntu.com PYTHONPATH=/home/derek-dietz/MSAI/ComputerVision/Final_Project/ws/interbotix/install/lib/python3.12/site-packages:/home/derek-dietz/MSAI/ComputerVision/Final_Project/ros_ws/build/arm:/home/derek-dietz/MSAI/ComputerVision/Final_Project/ros_ws/install/arm/lib/python3.12/site-packages:/opt/ros/kilted/lib/python3.12/site-packages /usr/bin/cmake --build /home/derek-dietz/MSAI/ComputerVision/Final_Project/ws/interbotix/build/interbotix_xs_ros_control -- -j22 -l22
[1.362s] DEBUG:colcon.colcon_core.event_handler.log_command:Invoking command in '/home/derek-dietz/MSAI/ComputerVision/Final_Project/ws/interbotix/build/interbotix_moveit_interface': CMAKE_PREFIX_PATH=${CMAKE_PREFIX_PATH}:/opt/ros/kilted DEBUGINFOD_URLS=https://debuginfod.ubuntu.com PYTHONPATH=/home/derek-dietz/MSAI/ComputerVision/Final_Project/ws/interbotix/install/lib/python3.12/site-packages:/home/derek-dietz/MSAI/ComputerVision/Final_Project/ros_ws/build/arm:/home/derek-dietz/MSAI/ComputerVision/Final_Project/ros_ws/install/arm/lib/python3.12/site-packages:/opt/ros/kilted/lib/python3.12/site-packages /usr/bin/cmake --build /home/derek-dietz/MSAI/ComputerVision/Final_Project/ws/interbotix/build/interbotix_moveit_interface -- -j22 -l22
[1.432s] DEBUG:colcon.colcon_core.event_handler.log_command:Invoked command in '/home/derek-dietz/MSAI/ComputerVision/Final_Project/ws/interbotix/build/interbotix_xs_sdk' returned '0': CMAKE_PREFIX_PATH=${CMAKE_PREFIX_PATH}:/opt/ros/kilted DEBUGINFOD_URLS=https://debuginfod.ubuntu.com PYTHONPATH=/home/derek-dietz/MSAI/ComputerVision/Final_Project/ws/interbotix/install/lib/python3.12/site-packages:/home/derek-dietz/MSAI/ComputerVision/Final_Project/ros_ws/build/arm:/home/derek-dietz/MSAI/ComputerVision/Final_Project/ros_ws/install/arm/lib/python3.12/site-packages:/opt/ros/kilted/lib/python3.12/site-packages /usr/bin/cmake --build /home/derek-dietz/MSAI/ComputerVision/Final_Project/ws/interbotix/build/interbotix_xs_sdk -- -j22 -l22
[1.433s] DEBUG:colcon.colcon_core.event_handler.log_command:Invoking command in '/home/derek-dietz/MSAI/ComputerVision/Final_Project/ws/interbotix/build/interbotix_xs_sdk': CMAKE_PREFIX_PATH=${CMAKE_PREFIX_PATH}:/opt/ros/kilted DEBUGINFOD_URLS=https://debuginfod.ubuntu.com PYTHONPATH=/home/derek-dietz/MSAI/ComputerVision/Final_Project/ws/interbotix/install/lib/python3.12/site-packages:/home/derek-dietz/MSAI/ComputerVision/Final_Project/ros_ws/build/arm:/home/derek-dietz/MSAI/ComputerVision/Final_Project/ros_ws/install/arm/lib/python3.12/site-packages:/opt/ros/kilted/lib/python3.12/site-packages /usr/bin/cmake --install /home/derek-dietz/MSAI/ComputerVision/Final_Project/ws/interbotix/build/interbotix_xs_sdk
[1.439s] DEBUG:colcon.colcon_core.event_handler.log_command:Invoked command in '/home/derek-dietz/MSAI/ComputerVision/Final_Project/ws/interbotix/build/interbotix_xs_ros_control' returned '0': CMAKE_PREFIX_PATH=${CMAKE_PREFIX_PATH}:/opt/ros/kilted DEBUGINFOD_URLS=https://debuginfod.ubuntu.com PYTHONPATH=/home/derek-dietz/MSAI/ComputerVision/Final_Project/ws/interbotix/install/lib/python3.12/site-packages:/home/derek-dietz/MSAI/ComputerVision/Final_Project/ros_ws/build/arm:/home/derek-dietz/MSAI/ComputerVision/Final_Project/ros_ws/install/arm/lib/python3.12/site-packages:/opt/ros/kilted/lib/python3.12/site-packages /usr/bin/cmake --build /home/derek-dietz/MSAI/ComputerVision/Final_Project/ws/interbotix/build/interbotix_xs_ros_control -- -j22 -l22
[1.440s] DEBUG:colcon.colcon_core.event_handler.log_command:Invoking command in '/home/derek-dietz/MSAI/ComputerVision/Final_Project/ws/interbotix/build/interbotix_xs_ros_control': CMAKE_PREFIX_PATH=${CMAKE_PREFIX_PATH}:/opt/ros/kilted DEBUGINFOD_URLS=https://debuginfod.ubuntu.com PYTHONPATH=/home/derek-dietz/MSAI/ComputerVision/Final_Project/ws/interbotix/install/lib/python3.12/site-packages:/home/derek-dietz/MSAI/ComputerVision/Final_Project/ros_ws/build/arm:/home/derek-dietz/MSAI/ComputerVision/Final_Project/ros_ws/install/arm/lib/python3.12/site-packages:/opt/ros/kilted/lib/python3.12/site-packages /usr/bin/cmake --install /home/derek-dietz/MSAI/ComputerVision/Final_Project/ws/interbotix/build/interbotix_xs_ros_control
[1.445s] Level 1:colcon.colcon_core.environment:create_environment_scripts_only(interbotix_xs_sdk)
[1.445s] DEBUG:colcon.colcon_core.event_handler.log_command:Invoked command in '/home/derek-dietz/MSAI/ComputerVision/Final_Project/ws/interbotix/build/interbotix_xs_sdk' returned '0': CMAKE_PREFIX_PATH=${CMAKE_PREFIX_PATH}:/opt/ros/kilted DEBUGINFOD_URLS=https://debuginfod.ubuntu.com PYTHONPATH=/home/derek-dietz/MSAI/ComputerVision/Final_Project/ws/interbotix/install/lib/python3.12/site-packages:/home/derek-dietz/MSAI/ComputerVision/Final_Project/ros_ws/build/arm:/home/derek-dietz/MSAI/ComputerVision/Final_Project/ros_ws/install/arm/lib/python3.12/site-packages:/opt/ros/kilted/lib/python3.12/site-packages /usr/bin/cmake --install /home/derek-dietz/MSAI/ComputerVision/Final_Project/ws/interbotix/build/interbotix_xs_sdk
[1.445s] Level 1:colcon.colcon_core.environment:checking '/home/derek-dietz/MSAI/ComputerVision/Final_Project/ws/interbotix/install' for CMake module files
[1.446s] Level 1:colcon.colcon_core.environment:checking '/home/derek-dietz/MSAI/ComputerVision/Final_Project/ws/interbotix/install' for CMake config files
[1.447s] Level 1:colcon.colcon_core.shell:create_environment_hook('interbotix_xs_sdk', 'cmake_prefix_path')
[1.448s] INFO:colcon.colcon_core.shell:Creating environment hook '/home/derek-dietz/MSAI/ComputerVision/Final_Project/ws/interbotix/install/share/interbotix_xs_sdk/hook/cmake_prefix_path.ps1'
[1.448s] INFO:colcon.colcon_core.shell:Creating environment descriptor '/home/derek-dietz/MSAI/ComputerVision/Final_Project/ws/interbotix/install/share/interbotix_xs_sdk/hook/cmake_prefix_path.dsv'
[1.451s] INFO:colcon.colcon_core.shell:Creating environment hook '/home/derek-dietz/MSAI/ComputerVision/Final_Project/ws/interbotix/install/share/interbotix_xs_sdk/hook/cmake_prefix_path.sh'
[1.452s] Level 1:colcon.colcon_core.environment:checking '/home/derek-dietz/MSAI/ComputerVision/Final_Project/ws/interbotix/install/lib'
[1.452s] Level 1:colcon.colcon_core.shell:create_environment_hook('interbotix_xs_sdk', 'ld_library_path_lib')
[1.452s] INFO:colcon.colcon_core.shell:Creating environment hook '/home/derek-dietz/MSAI/ComputerVision/Final_Project/ws/interbotix/install/share/interbotix_xs_sdk/hook/ld_library_path_lib.ps1'
[1.453s] INFO:colcon.colcon_core.shell:Creating environment descriptor '/home/derek-dietz/MSAI/ComputerVision/Final_Project/ws/interbotix/install/share/interbotix_xs_sdk/hook/ld_library_path_lib.dsv'
[1.453s] INFO:colcon.colcon_core.shell:Creating environment hook '/home/derek-dietz/MSAI/ComputerVision/Final_Project/ws/interbotix/install/share/interbotix_xs_sdk/hook/ld_library_path_lib.sh'
[1.454s] Level 1:colcon.colcon_core.environment:checking '/home/derek-dietz/MSAI/ComputerVision/Final_Project/ws/interbotix/install/bin'
[1.454s] Level 1:colcon.colcon_core.environment:checking '/home/derek-dietz/MSAI/ComputerVision/Final_Project/ws/interbotix/install/lib/pkgconfig/interbotix_xs_sdk.pc'
[1.454s] Level 1:colcon.colcon_core.environment:checking '/home/derek-dietz/MSAI/ComputerVision/Final_Project/ws/interbotix/install/lib/python3.12/site-packages'
[1.454s] Level 1:colcon.colcon_core.shell:create_environment_hook('interbotix_xs_sdk', 'pythonpath')
[1.455s] INFO:colcon.colcon_core.shell:Creating environment hook '/home/derek-dietz/MSAI/ComputerVision/Final_Project/ws/interbotix/install/share/interbotix_xs_sdk/hook/pythonpath.ps1'
[1.455s] INFO:colcon.colcon_core.shell:Creating environment descriptor '/home/derek-dietz/MSAI/ComputerVision/Final_Project/ws/interbotix/install/share/interbotix_xs_sdk/hook/pythonpath.dsv'
[1.456s] INFO:colcon.colcon_core.shell:Creating environment hook '/home/derek-dietz/MSAI/ComputerVision/Final_Project/ws/interbotix/install/share/interbotix_xs_sdk/hook/pythonpath.sh'
[1.456s] Level 1:colcon.colcon_core.environment:checking '/home/derek-dietz/MSAI/ComputerVision/Final_Project/ws/interbotix/install/bin'
[1.457s] INFO:colcon.colcon_core.shell:Creating package script '/home/derek-dietz/MSAI/ComputerVision/Final_Project/ws/interbotix/install/share/interbotix_xs_sdk/package.ps1'
[1.457s] INFO:colcon.colcon_core.shell:Creating package descriptor '/home/derek-dietz/MSAI/ComputerVision/Final_Project/ws/interbotix/install/share/interbotix_xs_sdk/package.dsv'
[1.458s] INFO:colcon.colcon_core.shell:Creating package script '/home/derek-dietz/MSAI/ComputerVision/Final_Project/ws/interbotix/install/share/interbotix_xs_sdk/package.sh'
[1.458s] INFO:colcon.colcon_core.shell:Creating package script '/home/derek-dietz/MSAI/ComputerVision/Final_Project/ws/interbotix/install/share/interbotix_xs_sdk/package.bash'
[1.459s] INFO:colcon.colcon_core.shell:Creating package script '/home/derek-dietz/MSAI/ComputerVision/Final_Project/ws/interbotix/install/share/interbotix_xs_sdk/package.zsh'
[1.459s] Level 1:colcon.colcon_core.environment:create_file_with_runtime_dependencies(/home/derek-dietz/MSAI/ComputerVision/Final_Project/ws/interbotix/install/share/colcon-core/packages/interbotix_xs_sdk)
[1.460s] Level 1:colcon.colcon_core.environment:create_environment_scripts_only(interbotix_xs_sdk)
[1.460s] Level 1:colcon.colcon_core.environment:checking '/home/derek-dietz/MSAI/ComputerVision/Final_Project/ws/interbotix/install' for CMake module files
[1.461s] Level 1:colcon.colcon_core.environment:checking '/home/derek-dietz/MSAI/ComputerVision/Final_Project/ws/interbotix/install' for CMake config files
[1.461s] Level 1:colcon.colcon_core.shell:create_environment_hook('interbotix_xs_sdk', 'cmake_prefix_path')
[1.462s] INFO:colcon.colcon_core.shell:Creating environment hook '/home/derek-dietz/MSAI/ComputerVision/Final_Project/ws/interbotix/install/share/interbotix_xs_sdk/hook/cmake_prefix_path.ps1'
[1.462s] INFO:colcon.colcon_core.shell:Creating environment descriptor '/home/derek-dietz/MSAI/ComputerVision/Final_Project/ws/interbotix/install/share/interbotix_xs_sdk/hook/cmake_prefix_path.dsv'
[1.462s] INFO:colcon.colcon_core.shell:Creating environment hook '/home/derek-dietz/MSAI/ComputerVision/Final_Project/ws/interbotix/install/share/interbotix_xs_sdk/hook/cmake_prefix_path.sh'
[1.463s] Level 1:colcon.colcon_core.environment:checking '/home/derek-dietz/MSAI/ComputerVision/Final_Project/ws/interbotix/install/lib'
[1.463s] Level 1:colcon.colcon_core.shell:create_environment_hook('interbotix_xs_sdk', 'ld_library_path_lib')
[1.463s] INFO:colcon.colcon_core.shell:Creating environment hook '/home/derek-dietz/MSAI/ComputerVision/Final_Project/ws/interbotix/install/share/interbotix_xs_sdk/hook/ld_library_path_lib.ps1'
[1.464s] INFO:colcon.colcon_core.shell:Creating environment descriptor '/home/derek-dietz/MSAI/ComputerVision/Final_Project/ws/interbotix/install/share/interbotix_xs_sdk/hook/ld_library_path_lib.dsv'
[1.464s] INFO:colcon.colcon_core.shell:Creating environment hook '/home/derek-dietz/MSAI/ComputerVision/Final_Project/ws/interbotix/install/share/interbotix_xs_sdk/hook/ld_library_path_lib.sh'
[1.464s] Level 1:colcon.colcon_core.environment:checking '/home/derek-dietz/MSAI/ComputerVision/Final_Project/ws/interbotix/install/bin'
[1.464s] Level 1:colcon.colcon_core.environment:checking '/home/derek-dietz/MSAI/ComputerVision/Final_Project/ws/interbotix/install/lib/pkgconfig/interbotix_xs_sdk.pc'
[1.464s] Level 1:colcon.colcon_core.environment:checking '/home/derek-dietz/MSAI/ComputerVision/Final_Project/ws/interbotix/install/lib/python3.12/site-packages'
[1.464s] Level 1:colcon.colcon_core.shell:create_environment_hook('interbotix_xs_sdk', 'pythonpath')
[1.465s] INFO:colcon.colcon_core.shell:Creating environment hook '/home/derek-dietz/MSAI/ComputerVision/Final_Project/ws/interbotix/install/share/interbotix_xs_sdk/hook/pythonpath.ps1'
[1.465s] INFO:colcon.colcon_core.shell:Creating environment descriptor '/home/derek-dietz/MSAI/ComputerVision/Final_Project/ws/interbotix/install/share/interbotix_xs_sdk/hook/pythonpath.dsv'
[1.465s] INFO:colcon.colcon_core.shell:Creating environment hook '/home/derek-dietz/MSAI/ComputerVision/Final_Project/ws/interbotix/install/share/interbotix_xs_sdk/hook/pythonpath.sh'
[1.466s] Level 1:colcon.colcon_core.environment:checking '/home/derek-dietz/MSAI/ComputerVision/Final_Project/ws/interbotix/install/bin'
[1.466s] INFO:colcon.colcon_core.shell:Creating package script '/home/derek-dietz/MSAI/ComputerVision/Final_Project/ws/interbotix/install/share/interbotix_xs_sdk/package.ps1'
[1.466s] INFO:colcon.colcon_core.shell:Creating package descriptor '/home/derek-dietz/MSAI/ComputerVision/Final_Project/ws/interbotix/install/share/interbotix_xs_sdk/package.dsv'
[1.467s] INFO:colcon.colcon_core.shell:Creating package script '/home/derek-dietz/MSAI/ComputerVision/Final_Project/ws/interbotix/install/share/interbotix_xs_sdk/package.sh'
[1.467s] INFO:colcon.colcon_core.shell:Creating package script '/home/derek-dietz/MSAI/ComputerVision/Final_Project/ws/interbotix/install/share/interbotix_xs_sdk/package.bash'
[1.467s] INFO:colcon.colcon_core.shell:Creating package script '/home/derek-dietz/MSAI/ComputerVision/Final_Project/ws/interbotix/install/share/interbotix_xs_sdk/package.zsh'
[1.468s] Level 1:colcon.colcon_core.environment:create_file_with_runtime_dependencies(/home/derek-dietz/MSAI/ComputerVision/Final_Project/ws/interbotix/install/share/colcon-core/packages/interbotix_xs_sdk)
[1.468s] INFO:colcon.colcon_ros.task.ament_cmake.build:Building ROS package in '/home/derek-dietz/MSAI/ComputerVision/Final_Project/ws/interbotix/src/interbotix_ros_toolboxes/interbotix_xs_toolbox/interbotix_xs_rviz' with build type 'ament_cmake'
[1.468s] INFO:colcon.colcon_cmake.task.cmake.build:Building CMake package in '/home/derek-dietz/MSAI/ComputerVision/Final_Project/ws/interbotix/src/interbotix_ros_toolboxes/interbotix_xs_toolbox/interbotix_xs_rviz'
[1.468s] INFO:colcon.colcon_core.shell:Skip shell extension 'powershell' for command environment: Not usable outside of PowerShell
[1.468s] DEBUG:colcon.colcon_core.shell:Skip shell extension 'dsv' for command environment
[1.472s] INFO:colcon.colcon_ros.task.ament_cmake.build:Building ROS package in '/home/derek-dietz/MSAI/ComputerVision/Final_Project/ws/interbotix/src/interbotix_ros_core/interbotix_ros_xseries/interbotix_ros_xseries' with build type 'ament_cmake'
[1.472s] INFO:colcon.colcon_cmake.task.cmake.build:Building CMake package in '/home/derek-dietz/MSAI/ComputerVision/Final_Project/ws/interbotix/src/interbotix_ros_core/interbotix_ros_xseries/interbotix_ros_xseries'
[1.472s] INFO:colcon.colcon_core.shell:Skip shell extension 'powershell' for command environment: Not usable outside of PowerShell
[1.472s] DEBUG:colcon.colcon_core.shell:Skip shell extension 'dsv' for command environment
[1.477s] Level 1:colcon.colcon_core.environment:create_environment_scripts_only(interbotix_xs_ros_control)
[1.477s] Level 1:colcon.colcon_core.environment:checking '/home/derek-dietz/MSAI/ComputerVision/Final_Project/ws/interbotix/install' for CMake module files
[1.478s] DEBUG:colcon.colcon_core.event_handler.log_command:Invoked command in '/home/derek-dietz/MSAI/ComputerVision/Final_Project/ws/interbotix/build/interbotix_xs_ros_control' returned '0': CMAKE_PREFIX_PATH=${CMAKE_PREFIX_PATH}:/opt/ros/kilted DEBUGINFOD_URLS=https://debuginfod.ubuntu.com PYTHONPATH=/home/derek-dietz/MSAI/ComputerVision/Final_Project/ws/interbotix/install/lib/python3.12/site-packages:/home/derek-dietz/MSAI/ComputerVision/Final_Project/ros_ws/build/arm:/home/derek-dietz/MSAI/ComputerVision/Final_Project/ros_ws/install/arm/lib/python3.12/site-packages:/opt/ros/kilted/lib/python3.12/site-packages /usr/bin/cmake --install /home/derek-dietz/MSAI/ComputerVision/Final_Project/ws/interbotix/build/interbotix_xs_ros_control
[1.478s] Level 1:colcon.colcon_core.environment:checking '/home/derek-dietz/MSAI/ComputerVision/Final_Project/ws/interbotix/install' for CMake config files
[1.479s] Level 1:colcon.colcon_core.shell:create_environment_hook('interbotix_xs_ros_control', 'cmake_prefix_path')
[1.479s] INFO:colcon.colcon_core.shell:Creating environment hook '/home/derek-dietz/MSAI/ComputerVision/Final_Project/ws/interbotix/install/share/interbotix_xs_ros_control/hook/cmake_prefix_path.ps1'
[1.479s] INFO:colcon.colcon_core.shell:Creating environment descriptor '/home/derek-dietz/MSAI/ComputerVision/Final_Project/ws/interbotix/install/share/interbotix_xs_ros_control/hook/cmake_prefix_path.dsv'
[1.480s] INFO:colcon.colcon_core.shell:Creating environment hook '/home/derek-dietz/MSAI/ComputerVision/Final_Project/ws/interbotix/install/share/interbotix_xs_ros_control/hook/cmake_prefix_path.sh'
[1.480s] Level 1:colcon.colcon_core.environment:checking '/home/derek-dietz/MSAI/ComputerVision/Final_Project/ws/interbotix/install/lib'
[1.480s] Level 1:colcon.colcon_core.shell:create_environment_hook('interbotix_xs_ros_control', 'ld_library_path_lib')
[1.480s] INFO:colcon.colcon_core.shell:Creating environment hook '/home/derek-dietz/MSAI/ComputerVision/Final_Project/ws/interbotix/install/share/interbotix_xs_ros_control/hook/ld_library_path_lib.ps1'
[1.481s] INFO:colcon.colcon_core.shell:Creating environment descriptor '/home/derek-dietz/MSAI/ComputerVision/Final_Project/ws/interbotix/install/share/interbotix_xs_ros_control/hook/ld_library_path_lib.dsv'
[1.481s] INFO:colcon.colcon_core.shell:Creating environment hook '/home/derek-dietz/MSAI/ComputerVision/Final_Project/ws/interbotix/install/share/interbotix_xs_ros_control/hook/ld_library_path_lib.sh'
[1.481s] Level 1:colcon.colcon_core.environment:checking '/home/derek-dietz/MSAI/ComputerVision/Final_Project/ws/interbotix/install/bin'
[1.481s] Level 1:colcon.colcon_core.environment:checking '/home/derek-dietz/MSAI/ComputerVision/Final_Project/ws/interbotix/install/lib/pkgconfig/interbotix_xs_ros_control.pc'
[1.481s] Level 1:colcon.colcon_core.environment:checking '/home/derek-dietz/MSAI/ComputerVision/Final_Project/ws/interbotix/install/lib/python3.12/site-packages'
[1.481s] Level 1:colcon.colcon_core.shell:create_environment_hook('interbotix_xs_ros_control', 'pythonpath')
[1.482s] INFO:colcon.colcon_core.shell:Creating environment hook '/home/derek-dietz/MSAI/ComputerVision/Final_Project/ws/interbotix/install/share/interbotix_xs_ros_control/hook/pythonpath.ps1'
[1.482s] INFO:colcon.colcon_core.shell:Creating environment descriptor '/home/derek-dietz/MSAI/ComputerVision/Final_Project/ws/interbotix/install/share/interbotix_xs_ros_control/hook/pythonpath.dsv'
[1.482s] INFO:colcon.colcon_core.shell:Creating environment hook '/home/derek-dietz/MSAI/ComputerVision/Final_Project/ws/interbotix/install/share/interbotix_xs_ros_control/hook/pythonpath.sh'
[1.483s] Level 1:colcon.colcon_core.environment:checking '/home/derek-dietz/MSAI/ComputerVision/Final_Project/ws/interbotix/install/bin'
[1.483s] INFO:colcon.colcon_core.shell:Creating package script '/home/derek-dietz/MSAI/ComputerVision/Final_Project/ws/interbotix/install/share/interbotix_xs_ros_control/package.ps1'
[1.483s] INFO:colcon.colcon_core.shell:Creating package descriptor '/home/derek-dietz/MSAI/ComputerVision/Final_Project/ws/interbotix/install/share/interbotix_xs_ros_control/package.dsv'
[1.484s] INFO:colcon.colcon_core.shell:Creating package script '/home/derek-dietz/MSAI/ComputerVision/Final_Project/ws/interbotix/install/share/interbotix_xs_ros_control/package.sh'
[1.484s] INFO:colcon.colcon_core.shell:Creating package script '/home/derek-dietz/MSAI/ComputerVision/Final_Project/ws/interbotix/install/share/interbotix_xs_ros_control/package.bash'
[1.484s] INFO:colcon.colcon_core.shell:Creating package script '/home/derek-dietz/MSAI/ComputerVision/Final_Project/ws/interbotix/install/share/interbotix_xs_ros_control/package.zsh'
[1.484s] Level 1:colcon.colcon_core.environment:create_file_with_runtime_dependencies(/home/derek-dietz/MSAI/ComputerVision/Final_Project/ws/interbotix/install/share/colcon-core/packages/interbotix_xs_ros_control)
[1.485s] Level 1:colcon.colcon_core.environment:create_environment_scripts_only(interbotix_xs_ros_control)
[1.485s] Level 1:colcon.colcon_core.environment:checking '/home/derek-dietz/MSAI/ComputerVision/Final_Project/ws/interbotix/install' for CMake module files
[1.485s] Level 1:colcon.colcon_core.environment:checking '/home/derek-dietz/MSAI/ComputerVision/Final_Project/ws/interbotix/install' for CMake config files
[1.486s] Level 1:colcon.colcon_core.shell:create_environment_hook('interbotix_xs_ros_control', 'cmake_prefix_path')
[1.486s] INFO:colcon.colcon_core.shell:Creating environment hook '/home/derek-dietz/MSAI/ComputerVision/Final_Project/ws/interbotix/install/share/interbotix_xs_ros_control/hook/cmake_prefix_path.ps1'
[1.486s] INFO:colcon.colcon_core.shell:Creating environment descriptor '/home/derek-dietz/MSAI/ComputerVision/Final_Project/ws/interbotix/install/share/interbotix_xs_ros_control/hook/cmake_prefix_path.dsv'
[1.487s] INFO:colcon.colcon_core.shell:Creating environment hook '/home/derek-dietz/MSAI/ComputerVision/Final_Project/ws/interbotix/install/share/interbotix_xs_ros_control/hook/cmake_prefix_path.sh'
[1.487s] Level 1:colcon.colcon_core.environment:checking '/home/derek-dietz/MSAI/ComputerVision/Final_Project/ws/interbotix/install/lib'
[1.487s] Level 1:colcon.colcon_core.shell:create_environment_hook('interbotix_xs_ros_control', 'ld_library_path_lib')
[1.488s] INFO:colcon.colcon_core.shell:Creating environment hook '/home/derek-dietz/MSAI/ComputerVision/Final_Project/ws/interbotix/install/share/interbotix_xs_ros_control/hook/ld_library_path_lib.ps1'
[1.488s] INFO:colcon.colcon_core.shell:Creating environment descriptor '/home/derek-dietz/MSAI/ComputerVision/Final_Project/ws/interbotix/install/share/interbotix_xs_ros_control/hook/ld_library_path_lib.dsv'
[1.488s] INFO:colcon.colcon_core.shell:Creating environment hook '/home/derek-dietz/MSAI/ComputerVision/Final_Project/ws/interbotix/install/share/interbotix_xs_ros_control/hook/ld_library_path_lib.sh'
[1.488s] Level 1:colcon.colcon_core.environment:checking '/home/derek-dietz/MSAI/ComputerVision/Final_Project/ws/interbotix/install/bin'
[1.488s] Level 1:colcon.colcon_core.environment:checking '/home/derek-dietz/MSAI/ComputerVision/Final_Project/ws/interbotix/install/lib/pkgconfig/interbotix_xs_ros_control.pc'
[1.488s] Level 1:colcon.colcon_core.environment:checking '/home/derek-dietz/MSAI/ComputerVision/Final_Project/ws/interbotix/install/lib/python3.12/site-packages'
[1.489s] Level 1:colcon.colcon_core.shell:create_environment_hook('interbotix_xs_ros_control', 'pythonpath')
[1.489s] INFO:colcon.colcon_core.shell:Creating environment hook '/home/derek-dietz/MSAI/ComputerVision/Final_Project/ws/interbotix/install/share/interbotix_xs_ros_control/hook/pythonpath.ps1'
[1.489s] INFO:colcon.colcon_core.shell:Creating environment descriptor '/home/derek-dietz/MSAI/ComputerVision/Final_Project/ws/interbotix/install/share/interbotix_xs_ros_control/hook/pythonpath.dsv'
[1.489s] INFO:colcon.colcon_core.shell:Creating environment hook '/home/derek-dietz/MSAI/ComputerVision/Final_Project/ws/interbotix/install/share/interbotix_xs_ros_control/hook/pythonpath.sh'
[1.490s] Level 1:colcon.colcon_core.environment:checking '/home/derek-dietz/MSAI/ComputerVision/Final_Project/ws/interbotix/install/bin'
[1.490s] INFO:colcon.colcon_core.shell:Creating package script '/home/derek-dietz/MSAI/ComputerVision/Final_Project/ws/interbotix/install/share/interbotix_xs_ros_control/package.ps1'
[1.490s] INFO:colcon.colcon_core.shell:Creating package descriptor '/home/derek-dietz/MSAI/ComputerVision/Final_Project/ws/interbotix/install/share/interbotix_xs_ros_control/package.dsv'
[1.490s] INFO:colcon.colcon_core.shell:Creating package script '/home/derek-dietz/MSAI/ComputerVision/Final_Project/ws/interbotix/install/share/interbotix_xs_ros_control/package.sh'
[1.491s] INFO:colcon.colcon_core.shell:Creating package script '/home/derek-dietz/MSAI/ComputerVision/Final_Project/ws/interbotix/install/share/interbotix_xs_ros_control/package.bash'
[1.491s] INFO:colcon.colcon_core.shell:Creating package script '/home/derek-dietz/MSAI/ComputerVision/Final_Project/ws/interbotix/install/share/interbotix_xs_ros_control/package.zsh'
[1.491s] Level 1:colcon.colcon_core.environment:create_file_with_runtime_dependencies(/home/derek-dietz/MSAI/ComputerVision/Final_Project/ws/interbotix/install/share/colcon-core/packages/interbotix_xs_ros_control)
[1.493s] DEBUG:colcon.colcon_core.event_handler.log_command:Invoked command in '/home/derek-dietz/MSAI/ComputerVision/Final_Project/ws/interbotix/build/interbotix_moveit_interface' returned '0': CMAKE_PREFIX_PATH=${CMAKE_PREFIX_PATH}:/opt/ros/kilted DEBUGINFOD_URLS=https://debuginfod.ubuntu.com PYTHONPATH=/home/derek-dietz/MSAI/ComputerVision/Final_Project/ws/interbotix/install/lib/python3.12/site-packages:/home/derek-dietz/MSAI/ComputerVision/Final_Project/ros_ws/build/arm:/home/derek-dietz/MSAI/ComputerVision/Final_Project/ros_ws/install/arm/lib/python3.12/site-packages:/opt/ros/kilted/lib/python3.12/site-packages /usr/bin/cmake --build /home/derek-dietz/MSAI/ComputerVision/Final_Project/ws/interbotix/build/interbotix_moveit_interface -- -j22 -l22
[1.493s] DEBUG:colcon.colcon_core.event_handler.log_command:Invoking command in '/home/derek-dietz/MSAI/ComputerVision/Final_Project/ws/interbotix/build/interbotix_moveit_interface': CMAKE_PREFIX_PATH=${CMAKE_PREFIX_PATH}:/opt/ros/kilted DEBUGINFOD_URLS=https://debuginfod.ubuntu.com PYTHONPATH=/home/derek-dietz/MSAI/ComputerVision/Final_Project/ws/interbotix/install/lib/python3.12/site-packages:/home/derek-dietz/MSAI/ComputerVision/Final_Project/ros_ws/build/arm:/home/derek-dietz/MSAI/ComputerVision/Final_Project/ros_ws/install/arm/lib/python3.12/site-packages:/opt/ros/kilted/lib/python3.12/site-packages /usr/bin/cmake --install /home/derek-dietz/MSAI/ComputerVision/Final_Project/ws/interbotix/build/interbotix_moveit_interface
[1.496s] DEBUG:colcon.colcon_core.event_handler.log_command:Invoking command in '/home/derek-dietz/MSAI/ComputerVision/Final_Project/ws/interbotix/build/interbotix_xs_rviz': CMAKE_PREFIX_PATH=${CMAKE_PREFIX_PATH}:/opt/ros/kilted DEBUGINFOD_URLS=https://debuginfod.ubuntu.com PYTHONPATH=/home/derek-dietz/MSAI/ComputerVision/Final_Project/ws/interbotix/install/lib/python3.12/site-packages:/home/derek-dietz/MSAI/ComputerVision/Final_Project/ros_ws/build/arm:/home/derek-dietz/MSAI/ComputerVision/Final_Project/ros_ws/install/arm/lib/python3.12/site-packages:/opt/ros/kilted/lib/python3.12/site-packages /usr/bin/cmake --build /home/derek-dietz/MSAI/ComputerVision/Final_Project/ws/interbotix/build/interbotix_xs_rviz -- -j22 -l22
[1.497s] DEBUG:colcon.colcon_core.event_handler.log_command:Invoking command in '/home/derek-dietz/MSAI/ComputerVision/Final_Project/ws/interbotix/build/interbotix_ros_xseries': CMAKE_PREFIX_PATH=${CMAKE_PREFIX_PATH}:/opt/ros/kilted DEBUGINFOD_URLS=https://debuginfod.ubuntu.com PYTHONPATH=/home/derek-dietz/MSAI/ComputerVision/Final_Project/ws/interbotix/install/lib/python3.12/site-packages:/home/derek-dietz/MSAI/ComputerVision/Final_Project/ros_ws/build/arm:/home/derek-dietz/MSAI/ComputerVision/Final_Project/ros_ws/install/arm/lib/python3.12/site-packages:/opt/ros/kilted/lib/python3.12/site-packages /usr/bin/cmake --build /home/derek-dietz/MSAI/ComputerVision/Final_Project/ws/interbotix/build/interbotix_ros_xseries -- -j22 -l22
[1.499s] DEBUG:colcon.colcon_core.event_handler.log_command:Invoking command in '/home/derek-dietz/MSAI/ComputerVision/Final_Project/ws/interbotix/src/arm': DEBUGINFOD_URLS=https://debuginfod.ubuntu.com PYTHONPATH=/home/derek-dietz/MSAI/ComputerVision/Final_Project/ws/interbotix/build/arm/prefix_override:/usr/lib/python3/dist-packages/colcon_core/task/python/colcon_distutils_commands:/home/derek-dietz/MSAI/ComputerVision/Final_Project/ws/interbotix/install/lib/python3.12/site-packages:${PYTHONPATH} /usr/bin/python3 -W ignore:setup.py install is deprecated -W ignore:easy_install command is deprecated setup.py egg_info --egg-base ../../build/arm build --build-base /home/derek-dietz/MSAI/ComputerVision/Final_Project/ws/interbotix/build/arm/build install --record /home/derek-dietz/MSAI/ComputerVision/Final_Project/ws/interbotix/build/arm/install.log --single-version-externally-managed install_data
[1.506s] Level 1:colcon.colcon_core.environment:create_environment_scripts_only(interbotix_moveit_interface)
[1.507s] Level 1:colcon.colcon_core.environment:checking '/home/derek-dietz/MSAI/ComputerVision/Final_Project/ws/interbotix/install' for CMake module files
[1.507s] DEBUG:colcon.colcon_core.event_handler.log_command:Invoked command in '/home/derek-dietz/MSAI/ComputerVision/Final_Project/ws/interbotix/build/interbotix_moveit_interface' returned '0': CMAKE_PREFIX_PATH=${CMAKE_PREFIX_PATH}:/opt/ros/kilted DEBUGINFOD_URLS=https://debuginfod.ubuntu.com PYTHONPATH=/home/derek-dietz/MSAI/ComputerVision/Final_Project/ws/interbotix/install/lib/python3.12/site-packages:/home/derek-dietz/MSAI/ComputerVision/Final_Project/ros_ws/build/arm:/home/derek-dietz/MSAI/ComputerVision/Final_Project/ros_ws/install/arm/lib/python3.12/site-packages:/opt/ros/kilted/lib/python3.12/site-packages /usr/bin/cmake --install /home/derek-dietz/MSAI/ComputerVision/Final_Project/ws/interbotix/build/interbotix_moveit_interface
[1.508s] Level 1:colcon.colcon_core.environment:checking '/home/derek-dietz/MSAI/ComputerVision/Final_Project/ws/interbotix/install' for CMake config files
[1.509s] Level 1:colcon.colcon_core.shell:create_environment_hook('interbotix_moveit_interface', 'cmake_prefix_path')
[1.509s] INFO:colcon.colcon_core.shell:Creating environment hook '/home/derek-dietz/MSAI/ComputerVision/Final_Project/ws/interbotix/install/share/interbotix_moveit_interface/hook/cmake_prefix_path.ps1'
[1.509s] INFO:colcon.colcon_core.shell:Creating environment descriptor '/home/derek-dietz/MSAI/ComputerVision/Final_Project/ws/interbotix/install/share/interbotix_moveit_interface/hook/cmake_prefix_path.dsv'
[1.510s] INFO:colcon.colcon_core.shell:Creating environment hook '/home/derek-dietz/MSAI/ComputerVision/Final_Project/ws/interbotix/install/share/interbotix_moveit_interface/hook/cmake_prefix_path.sh'
[1.510s] Level 1:colcon.colcon_core.environment:checking '/home/derek-dietz/MSAI/ComputerVision/Final_Project/ws/interbotix/install/lib'
[1.510s] Level 1:colcon.colcon_core.shell:create_environment_hook('interbotix_moveit_interface', 'ld_library_path_lib')
[1.511s] INFO:colcon.colcon_core.shell:Creating environment hook '/home/derek-dietz/MSAI/ComputerVision/Final_Project/ws/interbotix/install/share/interbotix_moveit_interface/hook/ld_library_path_lib.ps1'
[1.511s] INFO:colcon.colcon_core.shell:Creating environment descriptor '/home/derek-dietz/MSAI/ComputerVision/Final_Project/ws/interbotix/install/share/interbotix_moveit_interface/hook/ld_library_path_lib.dsv'
[1.511s] INFO:colcon.colcon_core.shell:Creating environment hook '/home/derek-dietz/MSAI/ComputerVision/Final_Project/ws/interbotix/install/share/interbotix_moveit_interface/hook/ld_library_path_lib.sh'
[1.512s] Level 1:colcon.colcon_core.environment:checking '/home/derek-dietz/MSAI/ComputerVision/Final_Project/ws/interbotix/install/bin'
[1.512s] Level 1:colcon.colcon_core.environment:checking '/home/derek-dietz/MSAI/ComputerVision/Final_Project/ws/interbotix/install/lib/pkgconfig/interbotix_moveit_interface.pc'
[1.512s] Level 1:colcon.colcon_core.environment:checking '/home/derek-dietz/MSAI/ComputerVision/Final_Project/ws/interbotix/install/lib/python3.12/site-packages'
[1.512s] Level 1:colcon.colcon_core.shell:create_environment_hook('interbotix_moveit_interface', 'pythonpath')
[1.512s] INFO:colcon.colcon_core.shell:Creating environment hook '/home/derek-dietz/MSAI/ComputerVision/Final_Project/ws/interbotix/install/share/interbotix_moveit_interface/hook/pythonpath.ps1'
[1.513s] INFO:colcon.colcon_core.shell:Creating environment descriptor '/home/derek-dietz/MSAI/ComputerVision/Final_Project/ws/interbotix/install/share/interbotix_moveit_interface/hook/pythonpath.dsv'
[1.513s] INFO:colcon.colcon_core.shell:Creating environment hook '/home/derek-dietz/MSAI/ComputerVision/Final_Project/ws/interbotix/install/share/interbotix_moveit_interface/hook/pythonpath.sh'
[1.514s] Level 1:colcon.colcon_core.environment:checking '/home/derek-dietz/MSAI/ComputerVision/Final_Project/ws/interbotix/install/bin'
[1.514s] INFO:colcon.colcon_core.shell:Creating package script '/home/derek-dietz/MSAI/ComputerVision/Final_Project/ws/interbotix/install/share/interbotix_moveit_interface/package.ps1'
[1.515s] INFO:colcon.colcon_core.shell:Creating package descriptor '/home/derek-dietz/MSAI/ComputerVision/Final_Project/ws/interbotix/install/share/interbotix_moveit_interface/package.dsv'
[1.515s] INFO:colcon.colcon_core.shell:Creating package script '/home/derek-dietz/MSAI/ComputerVision/Final_Project/ws/interbotix/install/share/interbotix_moveit_interface/package.sh'
[1.516s] INFO:colcon.colcon_core.shell:Creating package script '/home/derek-dietz/MSAI/ComputerVision/Final_Project/ws/interbotix/install/share/interbotix_moveit_interface/package.bash'
[1.516s] INFO:colcon.colcon_core.shell:Creating package script '/home/derek-dietz/MSAI/ComputerVision/Final_Project/ws/interbotix/install/share/interbotix_moveit_interface/package.zsh'
[1.516s] Level 1:colcon.colcon_core.environment:create_file_with_runtime_dependencies(/home/derek-dietz/MSAI/ComputerVision/Final_Project/ws/interbotix/install/share/colcon-core/packages/interbotix_moveit_interface)
[1.517s] Level 1:colcon.colcon_core.environment:create_environment_scripts_only(interbotix_moveit_interface)
[1.517s] Level 1:colcon.colcon_core.environment:checking '/home/derek-dietz/MSAI/ComputerVision/Final_Project/ws/interbotix/install' for CMake module files
[1.517s] Level 1:colcon.colcon_core.environment:checking '/home/derek-dietz/MSAI/ComputerVision/Final_Project/ws/interbotix/install' for CMake config files
[1.518s] Level 1:colcon.colcon_core.shell:create_environment_hook('interbotix_moveit_interface', 'cmake_prefix_path')
[1.518s] INFO:colcon.colcon_core.shell:Creating environment hook '/home/derek-dietz/MSAI/ComputerVision/Final_Project/ws/interbotix/install/share/interbotix_moveit_interface/hook/cmake_prefix_path.ps1'
[1.519s] INFO:colcon.colcon_core.shell:Creating environment descriptor '/home/derek-dietz/MSAI/ComputerVision/Final_Project/ws/interbotix/install/share/interbotix_moveit_interface/hook/cmake_prefix_path.dsv'
[1.519s] INFO:colcon.colcon_core.shell:Creating environment hook '/home/derek-dietz/MSAI/ComputerVision/Final_Project/ws/interbotix/install/share/interbotix_moveit_interface/hook/cmake_prefix_path.sh'
[1.520s] Level 1:colcon.colcon_core.environment:checking '/home/derek-dietz/MSAI/ComputerVision/Final_Project/ws/interbotix/install/lib'
[1.520s] Level 1:colcon.colcon_core.shell:create_environment_hook('interbotix_moveit_interface', 'ld_library_path_lib')
[1.520s] INFO:colcon.colcon_core.shell:Creating environment hook '/home/derek-dietz/MSAI/ComputerVision/Final_Project/ws/interbotix/install/share/interbotix_moveit_interface/hook/ld_library_path_lib.ps1'
[1.520s] INFO:colcon.colcon_core.shell:Creating environment descriptor '/home/derek-dietz/MSAI/ComputerVision/Final_Project/ws/interbotix/install/share/interbotix_moveit_interface/hook/ld_library_path_lib.dsv'
[1.521s] INFO:colcon.colcon_core.shell:Creating environment hook '/home/derek-dietz/MSAI/ComputerVision/Final_Project/ws/interbotix/install/share/interbotix_moveit_interface/hook/ld_library_path_lib.sh'
[1.521s] Level 1:colcon.colcon_core.environment:checking '/home/derek-dietz/MSAI/ComputerVision/Final_Project/ws/interbotix/install/bin'
[1.521s] Level 1:colcon.colcon_core.environment:checking '/home/derek-dietz/MSAI/ComputerVision/Final_Project/ws/interbotix/install/lib/pkgconfig/interbotix_moveit_interface.pc'
[1.521s] Level 1:colcon.colcon_core.environment:checking '/home/derek-dietz/MSAI/ComputerVision/Final_Project/ws/interbotix/install/lib/python3.12/site-packages'
[1.521s] Level 1:colcon.colcon_core.shell:create_environment_hook('interbotix_moveit_interface', 'pythonpath')
[1.522s] INFO:colcon.colcon_core.shell:Creating environment hook '/home/derek-dietz/MSAI/ComputerVision/Final_Project/ws/interbotix/install/share/interbotix_moveit_interface/hook/pythonpath.ps1'
[1.522s] INFO:colcon.colcon_core.shell:Creating environment descriptor '/home/derek-dietz/MSAI/ComputerVision/Final_Project/ws/interbotix/install/share/interbotix_moveit_interface/hook/pythonpath.dsv'
[1.522s] INFO:colcon.colcon_core.shell:Creating environment hook '/home/derek-dietz/MSAI/ComputerVision/Final_Project/ws/interbotix/install/share/interbotix_moveit_interface/hook/pythonpath.sh'
[1.523s] Level 1:colcon.colcon_core.environment:checking '/home/derek-dietz/MSAI/ComputerVision/Final_Project/ws/interbotix/install/bin'
[1.523s] INFO:colcon.colcon_core.shell:Creating package script '/home/derek-dietz/MSAI/ComputerVision/Final_Project/ws/interbotix/install/share/interbotix_moveit_interface/package.ps1'
[1.524s] INFO:colcon.colcon_core.shell:Creating package descriptor '/home/derek-dietz/MSAI/ComputerVision/Final_Project/ws/interbotix/install/share/interbotix_moveit_interface/package.dsv'
[1.524s] INFO:colcon.colcon_core.shell:Creating package script '/home/derek-dietz/MSAI/ComputerVision/Final_Project/ws/interbotix/install/share/interbotix_moveit_interface/package.sh'
[1.525s] INFO:colcon.colcon_core.shell:Creating package script '/home/derek-dietz/MSAI/ComputerVision/Final_Project/ws/interbotix/install/share/interbotix_moveit_interface/package.bash'
[1.525s] INFO:colcon.colcon_core.shell:Creating package script '/home/derek-dietz/MSAI/ComputerVision/Final_Project/ws/interbotix/install/share/interbotix_moveit_interface/package.zsh'
[1.526s] Level 1:colcon.colcon_core.environment:create_file_with_runtime_dependencies(/home/derek-dietz/MSAI/ComputerVision/Final_Project/ws/interbotix/install/share/colcon-core/packages/interbotix_moveit_interface)
[1.541s] DEBUG:colcon.colcon_core.event_handler.log_command:Invoked command in '/home/derek-dietz/MSAI/ComputerVision/Final_Project/ws/interbotix/build/interbotix_ros_xseries' returned '0': CMAKE_PREFIX_PATH=${CMAKE_PREFIX_PATH}:/opt/ros/kilted DEBUGINFOD_URLS=https://debuginfod.ubuntu.com PYTHONPATH=/home/derek-dietz/MSAI/ComputerVision/Final_Project/ws/interbotix/install/lib/python3.12/site-packages:/home/derek-dietz/MSAI/ComputerVision/Final_Project/ros_ws/build/arm:/home/derek-dietz/MSAI/ComputerVision/Final_Project/ros_ws/install/arm/lib/python3.12/site-packages:/opt/ros/kilted/lib/python3.12/site-packages /usr/bin/cmake --build /home/derek-dietz/MSAI/ComputerVision/Final_Project/ws/interbotix/build/interbotix_ros_xseries -- -j22 -l22
[1.542s] DEBUG:colcon.colcon_core.event_handler.log_command:Invoking command in '/home/derek-dietz/MSAI/ComputerVision/Final_Project/ws/interbotix/build/interbotix_ros_xseries': CMAKE_PREFIX_PATH=${CMAKE_PREFIX_PATH}:/opt/ros/kilted DEBUGINFOD_URLS=https://debuginfod.ubuntu.com PYTHONPATH=/home/derek-dietz/MSAI/ComputerVision/Final_Project/ws/interbotix/install/lib/python3.12/site-packages:/home/derek-dietz/MSAI/ComputerVision/Final_Project/ros_ws/build/arm:/home/derek-dietz/MSAI/ComputerVision/Final_Project/ros_ws/install/arm/lib/python3.12/site-packages:/opt/ros/kilted/lib/python3.12/site-packages /usr/bin/cmake --install /home/derek-dietz/MSAI/ComputerVision/Final_Project/ws/interbotix/build/interbotix_ros_xseries
[1.554s] Level 1:colcon.colcon_core.environment:create_environment_scripts_only(interbotix_ros_xseries)
[1.554s] Level 1:colcon.colcon_core.environment:checking '/home/derek-dietz/MSAI/ComputerVision/Final_Project/ws/interbotix/install' for CMake module files
[1.554s] DEBUG:colcon.colcon_core.event_handler.log_command:Invoked command in '/home/derek-dietz/MSAI/ComputerVision/Final_Project/ws/interbotix/build/interbotix_ros_xseries' returned '0': CMAKE_PREFIX_PATH=${CMAKE_PREFIX_PATH}:/opt/ros/kilted DEBUGINFOD_URLS=https://debuginfod.ubuntu.com PYTHONPATH=/home/derek-dietz/MSAI/ComputerVision/Final_Project/ws/interbotix/install/lib/python3.12/site-packages:/home/derek-dietz/MSAI/ComputerVision/Final_Project/ros_ws/build/arm:/home/derek-dietz/MSAI/ComputerVision/Final_Project/ros_ws/install/arm/lib/python3.12/site-packages:/opt/ros/kilted/lib/python3.12/site-packages /usr/bin/cmake --install /home/derek-dietz/MSAI/ComputerVision/Final_Project/ws/interbotix/build/interbotix_ros_xseries
[1.555s] Level 1:colcon.colcon_core.environment:checking '/home/derek-dietz/MSAI/ComputerVision/Final_Project/ws/interbotix/install' for CMake config files
[1.556s] Level 1:colcon.colcon_core.shell:create_environment_hook('interbotix_ros_xseries', 'cmake_prefix_path')
[1.556s] INFO:colcon.colcon_core.shell:Creating environment hook '/home/derek-dietz/MSAI/ComputerVision/Final_Project/ws/interbotix/install/share/interbotix_ros_xseries/hook/cmake_prefix_path.ps1'
[1.557s] INFO:colcon.colcon_core.shell:Creating environment descriptor '/home/derek-dietz/MSAI/ComputerVision/Final_Project/ws/interbotix/install/share/interbotix_ros_xseries/hook/cmake_prefix_path.dsv'
[1.557s] INFO:colcon.colcon_core.shell:Creating environment hook '/home/derek-dietz/MSAI/ComputerVision/Final_Project/ws/interbotix/install/share/interbotix_ros_xseries/hook/cmake_prefix_path.sh'
[1.558s] Level 1:colcon.colcon_core.environment:checking '/home/derek-dietz/MSAI/ComputerVision/Final_Project/ws/interbotix/install/lib'
[1.558s] Level 1:colcon.colcon_core.shell:create_environment_hook('interbotix_ros_xseries', 'ld_library_path_lib')
[1.559s] INFO:colcon.colcon_core.shell:Creating environment hook '/home/derek-dietz/MSAI/ComputerVision/Final_Project/ws/interbotix/install/share/interbotix_ros_xseries/hook/ld_library_path_lib.ps1'
[1.559s] INFO:colcon.colcon_core.shell:Creating environment descriptor '/home/derek-dietz/MSAI/ComputerVision/Final_Project/ws/interbotix/install/share/interbotix_ros_xseries/hook/ld_library_path_lib.dsv'
[1.559s] INFO:colcon.colcon_core.shell:Creating environment hook '/home/derek-dietz/MSAI/ComputerVision/Final_Project/ws/interbotix/install/share/interbotix_ros_xseries/hook/ld_library_path_lib.sh'
[1.560s] Level 1:colcon.colcon_core.environment:checking '/home/derek-dietz/MSAI/ComputerVision/Final_Project/ws/interbotix/install/bin'
[1.560s] Level 1:colcon.colcon_core.environment:checking '/home/derek-dietz/MSAI/ComputerVision/Final_Project/ws/interbotix/install/lib/pkgconfig/interbotix_ros_xseries.pc'
[1.560s] Level 1:colcon.colcon_core.environment:checking '/home/derek-dietz/MSAI/ComputerVision/Final_Project/ws/interbotix/install/lib/python3.12/site-packages'
[1.561s] Level 1:colcon.colcon_core.shell:create_environment_hook('interbotix_ros_xseries', 'pythonpath')
[1.561s] INFO:colcon.colcon_core.shell:Creating environment hook '/home/derek-dietz/MSAI/ComputerVision/Final_Project/ws/interbotix/install/share/interbotix_ros_xseries/hook/pythonpath.ps1'
[1.561s] INFO:colcon.colcon_core.shell:Creating environment descriptor '/home/derek-dietz/MSAI/ComputerVision/Final_Project/ws/interbotix/install/share/interbotix_ros_xseries/hook/pythonpath.dsv'
[1.562s] INFO:colcon.colcon_core.shell:Creating environment hook '/home/derek-dietz/MSAI/ComputerVision/Final_Project/ws/interbotix/install/share/interbotix_ros_xseries/hook/pythonpath.sh'
[1.563s] Level 1:colcon.colcon_core.environment:checking '/home/derek-dietz/MSAI/ComputerVision/Final_Project/ws/interbotix/install/bin'
[1.563s] INFO:colcon.colcon_core.shell:Creating package script '/home/derek-dietz/MSAI/ComputerVision/Final_Project/ws/interbotix/install/share/interbotix_ros_xseries/package.ps1'
[1.564s] INFO:colcon.colcon_core.shell:Creating package descriptor '/home/derek-dietz/MSAI/ComputerVision/Final_Project/ws/interbotix/install/share/interbotix_ros_xseries/package.dsv'
[1.564s] INFO:colcon.colcon_core.shell:Creating package script '/home/derek-dietz/MSAI/ComputerVision/Final_Project/ws/interbotix/install/share/interbotix_ros_xseries/package.sh'
[1.565s] INFO:colcon.colcon_core.shell:Creating package script '/home/derek-dietz/MSAI/ComputerVision/Final_Project/ws/interbotix/install/share/interbotix_ros_xseries/package.bash'
[1.565s] INFO:colcon.colcon_core.shell:Creating package script '/home/derek-dietz/MSAI/ComputerVision/Final_Project/ws/interbotix/install/share/interbotix_ros_xseries/package.zsh'
[1.566s] Level 1:colcon.colcon_core.environment:create_file_with_runtime_dependencies(/home/derek-dietz/MSAI/ComputerVision/Final_Project/ws/interbotix/install/share/colcon-core/packages/interbotix_ros_xseries)
[1.566s] Level 1:colcon.colcon_core.environment:create_environment_scripts_only(interbotix_ros_xseries)
[1.566s] Level 1:colcon.colcon_core.environment:checking '/home/derek-dietz/MSAI/ComputerVision/Final_Project/ws/interbotix/install' for CMake module files
[1.567s] Level 1:colcon.colcon_core.environment:checking '/home/derek-dietz/MSAI/ComputerVision/Final_Project/ws/interbotix/install' for CMake config files
[1.568s] Level 1:colcon.colcon_core.shell:create_environment_hook('interbotix_ros_xseries', 'cmake_prefix_path')
[1.568s] INFO:colcon.colcon_core.shell:Creating environment hook '/home/derek-dietz/MSAI/ComputerVision/Final_Project/ws/interbotix/install/share/interbotix_ros_xseries/hook/cmake_prefix_path.ps1'
[1.569s] INFO:colcon.colcon_core.shell:Creating environment descriptor '/home/derek-dietz/MSAI/ComputerVision/Final_Project/ws/interbotix/install/share/interbotix_ros_xseries/hook/cmake_prefix_path.dsv'
[1.569s] INFO:colcon.colcon_core.shell:Creating environment hook '/home/derek-dietz/MSAI/ComputerVision/Final_Project/ws/interbotix/install/share/interbotix_ros_xseries/hook/cmake_prefix_path.sh'
[1.570s] Level 1:colcon.colcon_core.environment:checking '/home/derek-dietz/MSAI/ComputerVision/Final_Project/ws/interbotix/install/lib'
[1.570s] Level 1:colcon.colcon_core.shell:create_environment_hook('interbotix_ros_xseries', 'ld_library_path_lib')
[1.570s] INFO:colcon.colcon_core.shell:Creating environment hook '/home/derek-dietz/MSAI/ComputerVision/Final_Project/ws/interbotix/install/share/interbotix_ros_xseries/hook/ld_library_path_lib.ps1'
[1.570s] INFO:colcon.colcon_core.shell:Creating environment descriptor '/home/derek-dietz/MSAI/ComputerVision/Final_Project/ws/interbotix/install/share/interbotix_ros_xseries/hook/ld_library_path_lib.dsv'
[1.571s] INFO:colcon.colcon_core.shell:Creating environment hook '/home/derek-dietz/MSAI/ComputerVision/Final_Project/ws/interbotix/install/share/interbotix_ros_xseries/hook/ld_library_path_lib.sh'
[1.571s] Level 1:colcon.colcon_core.environment:checking '/home/derek-dietz/MSAI/ComputerVision/Final_Project/ws/interbotix/install/bin'
[1.571s] Level 1:colcon.colcon_core.environment:checking '/home/derek-dietz/MSAI/ComputerVision/Final_Project/ws/interbotix/install/lib/pkgconfig/interbotix_ros_xseries.pc'
[1.571s] Level 1:colcon.colcon_core.environment:checking '/home/derek-dietz/MSAI/ComputerVision/Final_Project/ws/interbotix/install/lib/python3.12/site-packages'
[1.572s] Level 1:colcon.colcon_core.shell:create_environment_hook('interbotix_ros_xseries', 'pythonpath')
[1.572s] INFO:colcon.colcon_core.shell:Creating environment hook '/home/derek-dietz/MSAI/ComputerVision/Final_Project/ws/interbotix/install/share/interbotix_ros_xseries/hook/pythonpath.ps1'
[1.572s] INFO:colcon.colcon_core.shell:Creating environment descriptor '/home/derek-dietz/MSAI/ComputerVision/Final_Project/ws/interbotix/install/share/interbotix_ros_xseries/hook/pythonpath.dsv'
[1.572s] INFO:colcon.colcon_core.shell:Creating environment hook '/home/derek-dietz/MSAI/ComputerVision/Final_Project/ws/interbotix/install/share/interbotix_ros_xseries/hook/pythonpath.sh'
[1.573s] Level 1:colcon.colcon_core.environment:checking '/home/derek-dietz/MSAI/ComputerVision/Final_Project/ws/interbotix/install/bin'
[1.573s] INFO:colcon.colcon_core.shell:Creating package script '/home/derek-dietz/MSAI/ComputerVision/Final_Project/ws/interbotix/install/share/interbotix_ros_xseries/package.ps1'
[1.574s] INFO:colcon.colcon_core.shell:Creating package descriptor '/home/derek-dietz/MSAI/ComputerVision/Final_Project/ws/interbotix/install/share/interbotix_ros_xseries/package.dsv'
[1.574s] INFO:colcon.colcon_core.shell:Creating package script '/home/derek-dietz/MSAI/ComputerVision/Final_Project/ws/interbotix/install/share/interbotix_ros_xseries/package.sh'
[1.575s] INFO:colcon.colcon_core.shell:Creating package script '/home/derek-dietz/MSAI/ComputerVision/Final_Project/ws/interbotix/install/share/interbotix_ros_xseries/package.bash'
[1.575s] INFO:colcon.colcon_core.shell:Creating package script '/home/derek-dietz/MSAI/ComputerVision/Final_Project/ws/interbotix/install/share/interbotix_ros_xseries/package.zsh'
[1.575s] Level 1:colcon.colcon_core.environment:create_file_with_runtime_dependencies(/home/derek-dietz/MSAI/ComputerVision/Final_Project/ws/interbotix/install/share/colcon-core/packages/interbotix_ros_xseries)
[1.669s] DEBUG:colcon.colcon_core.event_handler.log_command:Invoked command in '/home/derek-dietz/MSAI/ComputerVision/Final_Project/ws/interbotix/build/interbotix_xs_rviz' returned '0': CMAKE_PREFIX_PATH=${CMAKE_PREFIX_PATH}:/opt/ros/kilted DEBUGINFOD_URLS=https://debuginfod.ubuntu.com PYTHONPATH=/home/derek-dietz/MSAI/ComputerVision/Final_Project/ws/interbotix/install/lib/python3.12/site-packages:/home/derek-dietz/MSAI/ComputerVision/Final_Project/ros_ws/build/arm:/home/derek-dietz/MSAI/ComputerVision/Final_Project/ros_ws/install/arm/lib/python3.12/site-packages:/opt/ros/kilted/lib/python3.12/site-packages /usr/bin/cmake --build /home/derek-dietz/MSAI/ComputerVision/Final_Project/ws/interbotix/build/interbotix_xs_rviz -- -j22 -l22
[1.670s] DEBUG:colcon.colcon_core.event_handler.log_command:Invoking command in '/home/derek-dietz/MSAI/ComputerVision/Final_Project/ws/interbotix/build/interbotix_xs_rviz': CMAKE_PREFIX_PATH=${CMAKE_PREFIX_PATH}:/opt/ros/kilted DEBUGINFOD_URLS=https://debuginfod.ubuntu.com PYTHONPATH=/home/derek-dietz/MSAI/ComputerVision/Final_Project/ws/interbotix/install/lib/python3.12/site-packages:/home/derek-dietz/MSAI/ComputerVision/Final_Project/ros_ws/build/arm:/home/derek-dietz/MSAI/ComputerVision/Final_Project/ros_ws/install/arm/lib/python3.12/site-packages:/opt/ros/kilted/lib/python3.12/site-packages /usr/bin/cmake --install /home/derek-dietz/MSAI/ComputerVision/Final_Project/ws/interbotix/build/interbotix_xs_rviz
[1.682s] Level 1:colcon.colcon_core.environment:create_environment_scripts_only(interbotix_xs_rviz)
[1.683s] Level 1:colcon.colcon_core.environment:checking '/home/derek-dietz/MSAI/ComputerVision/Final_Project/ws/interbotix/install' for CMake module files
[1.683s] DEBUG:colcon.colcon_core.event_handler.log_command:Invoked command in '/home/derek-dietz/MSAI/ComputerVision/Final_Project/ws/interbotix/build/interbotix_xs_rviz' returned '0': CMAKE_PREFIX_PATH=${CMAKE_PREFIX_PATH}:/opt/ros/kilted DEBUGINFOD_URLS=https://debuginfod.ubuntu.com PYTHONPATH=/home/derek-dietz/MSAI/ComputerVision/Final_Project/ws/interbotix/install/lib/python3.12/site-packages:/home/derek-dietz/MSAI/ComputerVision/Final_Project/ros_ws/build/arm:/home/derek-dietz/MSAI/ComputerVision/Final_Project/ros_ws/install/arm/lib/python3.12/site-packages:/opt/ros/kilted/lib/python3.12/site-packages /usr/bin/cmake --install /home/derek-dietz/MSAI/ComputerVision/Final_Project/ws/interbotix/build/interbotix_xs_rviz
[1.684s] Level 1:colcon.colcon_core.environment:checking '/home/derek-dietz/MSAI/ComputerVision/Final_Project/ws/interbotix/install' for CMake config files
[1.685s] Level 1:colcon.colcon_core.shell:create_environment_hook('interbotix_xs_rviz', 'cmake_prefix_path')
[1.685s] INFO:colcon.colcon_core.shell:Creating environment hook '/home/derek-dietz/MSAI/ComputerVision/Final_Project/ws/interbotix/install/share/interbotix_xs_rviz/hook/cmake_prefix_path.ps1'
[1.685s] INFO:colcon.colcon_core.shell:Creating environment descriptor '/home/derek-dietz/MSAI/ComputerVision/Final_Project/ws/interbotix/install/share/interbotix_xs_rviz/hook/cmake_prefix_path.dsv'
[1.686s] INFO:colcon.colcon_core.shell:Creating environment hook '/home/derek-dietz/MSAI/ComputerVision/Final_Project/ws/interbotix/install/share/interbotix_xs_rviz/hook/cmake_prefix_path.sh'
[1.687s] Level 1:colcon.colcon_core.environment:checking '/home/derek-dietz/MSAI/ComputerVision/Final_Project/ws/interbotix/install/lib'
[1.687s] Level 1:colcon.colcon_core.shell:create_environment_hook('interbotix_xs_rviz', 'ld_library_path_lib')
[1.687s] INFO:colcon.colcon_core.shell:Creating environment hook '/home/derek-dietz/MSAI/ComputerVision/Final_Project/ws/interbotix/install/share/interbotix_xs_rviz/hook/ld_library_path_lib.ps1'
[1.688s] INFO:colcon.colcon_core.shell:Creating environment descriptor '/home/derek-dietz/MSAI/ComputerVision/Final_Project/ws/interbotix/install/share/interbotix_xs_rviz/hook/ld_library_path_lib.dsv'
[1.688s] INFO:colcon.colcon_core.shell:Creating environment hook '/home/derek-dietz/MSAI/ComputerVision/Final_Project/ws/interbotix/install/share/interbotix_xs_rviz/hook/ld_library_path_lib.sh'
[1.689s] Level 1:colcon.colcon_core.environment:checking '/home/derek-dietz/MSAI/ComputerVision/Final_Project/ws/interbotix/install/bin'
[1.689s] Level 1:colcon.colcon_core.environment:checking '/home/derek-dietz/MSAI/ComputerVision/Final_Project/ws/interbotix/install/lib/pkgconfig/interbotix_xs_rviz.pc'
[1.689s] Level 1:colcon.colcon_core.environment:checking '/home/derek-dietz/MSAI/ComputerVision/Final_Project/ws/interbotix/install/lib/python3.12/site-packages'
[1.689s] Level 1:colcon.colcon_core.shell:create_environment_hook('interbotix_xs_rviz', 'pythonpath')
[1.690s] INFO:colcon.colcon_core.shell:Creating environment hook '/home/derek-dietz/MSAI/ComputerVision/Final_Project/ws/interbotix/install/share/interbotix_xs_rviz/hook/pythonpath.ps1'
[1.690s] INFO:colcon.colcon_core.shell:Creating environment descriptor '/home/derek-dietz/MSAI/ComputerVision/Final_Project/ws/interbotix/install/share/interbotix_xs_rviz/hook/pythonpath.dsv'
[1.691s] INFO:colcon.colcon_core.shell:Creating environment hook '/home/derek-dietz/MSAI/ComputerVision/Final_Project/ws/interbotix/install/share/interbotix_xs_rviz/hook/pythonpath.sh'
[1.691s] Level 1:colcon.colcon_core.environment:checking '/home/derek-dietz/MSAI/ComputerVision/Final_Project/ws/interbotix/install/bin'
[1.692s] INFO:colcon.colcon_core.shell:Creating package script '/home/derek-dietz/MSAI/ComputerVision/Final_Project/ws/interbotix/install/share/interbotix_xs_rviz/package.ps1'
[1.692s] INFO:colcon.colcon_core.shell:Creating package descriptor '/home/derek-dietz/MSAI/ComputerVision/Final_Project/ws/interbotix/install/share/interbotix_xs_rviz/package.dsv'
[1.693s] INFO:colcon.colcon_core.shell:Creating package script '/home/derek-dietz/MSAI/ComputerVision/Final_Project/ws/interbotix/install/share/interbotix_xs_rviz/package.sh'
[1.694s] INFO:colcon.colcon_core.shell:Creating package script '/home/derek-dietz/MSAI/ComputerVision/Final_Project/ws/interbotix/install/share/interbotix_xs_rviz/package.bash'
[1.694s] INFO:colcon.colcon_core.shell:Creating package script '/home/derek-dietz/MSAI/ComputerVision/Final_Project/ws/interbotix/install/share/interbotix_xs_rviz/package.zsh'
[1.694s] Level 1:colcon.colcon_core.environment:create_file_with_runtime_dependencies(/home/derek-dietz/MSAI/ComputerVision/Final_Project/ws/interbotix/install/share/colcon-core/packages/interbotix_xs_rviz)
[1.695s] Level 1:colcon.colcon_core.environment:create_environment_scripts_only(interbotix_xs_rviz)
[1.695s] Level 1:colcon.colcon_core.environment:checking '/home/derek-dietz/MSAI/ComputerVision/Final_Project/ws/interbotix/install' for CMake module files
[1.696s] Level 1:colcon.colcon_core.environment:checking '/home/derek-dietz/MSAI/ComputerVision/Final_Project/ws/interbotix/install' for CMake config files
[1.697s] Level 1:colcon.colcon_core.shell:create_environment_hook('interbotix_xs_rviz', 'cmake_prefix_path')
[1.697s] INFO:colcon.colcon_core.shell:Creating environment hook '/home/derek-dietz/MSAI/ComputerVision/Final_Project/ws/interbotix/install/share/interbotix_xs_rviz/hook/cmake_prefix_path.ps1'
[1.697s] INFO:colcon.colcon_core.shell:Creating environment descriptor '/home/derek-dietz/MSAI/ComputerVision/Final_Project/ws/interbotix/install/share/interbotix_xs_rviz/hook/cmake_prefix_path.dsv'
[1.698s] INFO:colcon.colcon_core.shell:Creating environment hook '/home/derek-dietz/MSAI/ComputerVision/Final_Project/ws/interbotix/install/share/interbotix_xs_rviz/hook/cmake_prefix_path.sh'
[1.698s] Level 1:colcon.colcon_core.environment:checking '/home/derek-dietz/MSAI/ComputerVision/Final_Project/ws/interbotix/install/lib'
[1.699s] Level 1:colcon.colcon_core.shell:create_environment_hook('interbotix_xs_rviz', 'ld_library_path_lib')
[1.699s] INFO:colcon.colcon_core.shell:Creating environment hook '/home/derek-dietz/MSAI/ComputerVision/Final_Project/ws/interbotix/install/share/interbotix_xs_rviz/hook/ld_library_path_lib.ps1'
[1.699s] INFO:colcon.colcon_core.shell:Creating environment descriptor '/home/derek-dietz/MSAI/ComputerVision/Final_Project/ws/interbotix/install/share/interbotix_xs_rviz/hook/ld_library_path_lib.dsv'
[1.700s] INFO:colcon.colcon_core.shell:Creating environment hook '/home/derek-dietz/MSAI/ComputerVision/Final_Project/ws/interbotix/install/share/interbotix_xs_rviz/hook/ld_library_path_lib.sh'
[1.700s] Level 1:colcon.colcon_core.environment:checking '/home/derek-dietz/MSAI/ComputerVision/Final_Project/ws/interbotix/install/bin'
[1.700s] Level 1:colcon.colcon_core.environment:checking '/home/derek-dietz/MSAI/ComputerVision/Final_Project/ws/interbotix/install/lib/pkgconfig/interbotix_xs_rviz.pc'
[1.701s] Level 1:colcon.colcon_core.environment:checking '/home/derek-dietz/MSAI/ComputerVision/Final_Project/ws/interbotix/install/lib/python3.12/site-packages'
[1.701s] Level 1:colcon.colcon_core.shell:create_environment_hook('interbotix_xs_rviz', 'pythonpath')
[1.701s] INFO:colcon.colcon_core.shell:Creating environment hook '/home/derek-dietz/MSAI/ComputerVision/Final_Project/ws/interbotix/install/share/interbotix_xs_rviz/hook/pythonpath.ps1'
[1.701s] INFO:colcon.colcon_core.shell:Creating environment descriptor '/home/derek-dietz/MSAI/ComputerVision/Final_Project/ws/interbotix/install/share/interbotix_xs_rviz/hook/pythonpath.dsv'
[1.702s] INFO:colcon.colcon_core.shell:Creating environment hook '/home/derek-dietz/MSAI/ComputerVision/Final_Project/ws/interbotix/install/share/interbotix_xs_rviz/hook/pythonpath.sh'
[1.702s] Level 1:colcon.colcon_core.environment:checking '/home/derek-dietz/MSAI/ComputerVision/Final_Project/ws/interbotix/install/bin'
[1.703s] INFO:colcon.colcon_core.shell:Creating package script '/home/derek-dietz/MSAI/ComputerVision/Final_Project/ws/interbotix/install/share/interbotix_xs_rviz/package.ps1'
[1.703s] INFO:colcon.colcon_core.shell:Creating package descriptor '/home/derek-dietz/MSAI/ComputerVision/Final_Project/ws/interbotix/install/share/interbotix_xs_rviz/package.dsv'
[1.704s] INFO:colcon.colcon_core.shell:Creating package script '/home/derek-dietz/MSAI/ComputerVision/Final_Project/ws/interbotix/install/share/interbotix_xs_rviz/package.sh'
[1.704s] INFO:colcon.colcon_core.shell:Creating package script '/home/derek-dietz/MSAI/ComputerVision/Final_Project/ws/interbotix/install/share/interbotix_xs_rviz/package.bash'
[1.705s] INFO:colcon.colcon_core.shell:Creating package script '/home/derek-dietz/MSAI/ComputerVision/Final_Project/ws/interbotix/install/share/interbotix_xs_rviz/package.zsh'
[1.705s] Level 1:colcon.colcon_core.environment:create_file_with_runtime_dependencies(/home/derek-dietz/MSAI/ComputerVision/Final_Project/ws/interbotix/install/share/colcon-core/packages/interbotix_xs_rviz)
[1.707s] DEBUG:colcon.colcon_core.event_handler.log_command:Invoking command in '/home/derek-dietz/MSAI/ComputerVision/Final_Project/ws/interbotix/src/ModernRobotics/packages/Python': DEBUGINFOD_URLS=https://debuginfod.ubuntu.com PYTHONPATH=/home/derek-dietz/MSAI/ComputerVision/Final_Project/ws/interbotix/build/modern_robotics/prefix_override:/usr/lib/python3/dist-packages/colcon_core/task/python/colcon_distutils_commands:/home/derek-dietz/MSAI/ComputerVision/Final_Project/ws/interbotix/install/lib/python3.12/site-packages:${PYTHONPATH} /usr/bin/python3 -W ignore:setup.py install is deprecated -W ignore:easy_install command is deprecated setup.py egg_info --egg-base ../../../../build/modern_robotics build --build-base /home/derek-dietz/MSAI/ComputerVision/Final_Project/ws/interbotix/build/modern_robotics/build install --record /home/derek-dietz/MSAI/ComputerVision/Final_Project/ws/interbotix/build/modern_robotics/install.log --single-version-externally-managed
[1.717s] DEBUG:colcon.colcon_core.event_handler.log_command:Invoking command in '/home/derek-dietz/MSAI/ComputerVision/Final_Project/ws/interbotix/src/interbotix_ros_toolboxes/interbotix_common_toolbox/interbotix_common_modules': DEBUGINFOD_URLS=https://debuginfod.ubuntu.com PYTHONPATH=/home/derek-dietz/MSAI/ComputerVision/Final_Project/ws/interbotix/build/interbotix_common_modules/prefix_override:/usr/lib/python3/dist-packages/colcon_core/task/python/colcon_distutils_commands:/home/derek-dietz/MSAI/ComputerVision/Final_Project/ws/interbotix/install/lib/python3.12/site-packages:${PYTHONPATH} /usr/bin/python3 -W ignore:setup.py install is deprecated -W ignore:easy_install command is deprecated setup.py egg_info --egg-base ../../../../build/interbotix_common_modules build --build-base /home/derek-dietz/MSAI/ComputerVision/Final_Project/ws/interbotix/build/interbotix_common_modules/build install --record /home/derek-dietz/MSAI/ComputerVision/Final_Project/ws/interbotix/build/interbotix_common_modules/install.log --single-version-externally-managed install_data
[2.049s] Level 1:colcon.colcon_core.environment:checking '/home/derek-dietz/MSAI/ComputerVision/Final_Project/ws/interbotix/install' for CMake module files
[2.049s] DEBUG:colcon.colcon_core.event_handler.log_command:Invoked command in '/home/derek-dietz/MSAI/ComputerVision/Final_Project/ws/interbotix/src/arm' returned '0': DEBUGINFOD_URLS=https://debuginfod.ubuntu.com PYTHONPATH=/home/derek-dietz/MSAI/ComputerVision/Final_Project/ws/interbotix/build/arm/prefix_override:/usr/lib/python3/dist-packages/colcon_core/task/python/colcon_distutils_commands:/home/derek-dietz/MSAI/ComputerVision/Final_Project/ws/interbotix/install/lib/python3.12/site-packages:${PYTHONPATH} /usr/bin/python3 -W ignore:setup.py install is deprecated -W ignore:easy_install command is deprecated setup.py egg_info --egg-base ../../build/arm build --build-base /home/derek-dietz/MSAI/ComputerVision/Final_Project/ws/interbotix/build/arm/build install --record /home/derek-dietz/MSAI/ComputerVision/Final_Project/ws/interbotix/build/arm/install.log --single-version-externally-managed install_data
[2.049s] Level 1:colcon.colcon_core.environment:checking '/home/derek-dietz/MSAI/ComputerVision/Final_Project/ws/interbotix/install' for CMake config files
[2.050s] Level 1:colcon.colcon_core.shell:create_environment_hook('arm', 'cmake_prefix_path')
[2.050s] INFO:colcon.colcon_core.shell:Creating environment hook '/home/derek-dietz/MSAI/ComputerVision/Final_Project/ws/interbotix/install/share/arm/hook/cmake_prefix_path.ps1'
[2.051s] INFO:colcon.colcon_core.shell:Creating environment descriptor '/home/derek-dietz/MSAI/ComputerVision/Final_Project/ws/interbotix/install/share/arm/hook/cmake_prefix_path.dsv'
[2.051s] INFO:colcon.colcon_core.shell:Creating environment hook '/home/derek-dietz/MSAI/ComputerVision/Final_Project/ws/interbotix/install/share/arm/hook/cmake_prefix_path.sh'
[2.051s] Level 1:colcon.colcon_core.environment:checking '/home/derek-dietz/MSAI/ComputerVision/Final_Project/ws/interbotix/install/lib'
[2.051s] Level 1:colcon.colcon_core.shell:create_environment_hook('arm', 'ld_library_path_lib')
[2.051s] INFO:colcon.colcon_core.shell:Creating environment hook '/home/derek-dietz/MSAI/ComputerVision/Final_Project/ws/interbotix/install/share/arm/hook/ld_library_path_lib.ps1'
[2.052s] INFO:colcon.colcon_core.shell:Creating environment descriptor '/home/derek-dietz/MSAI/ComputerVision/Final_Project/ws/interbotix/install/share/arm/hook/ld_library_path_lib.dsv'
[2.052s] INFO:colcon.colcon_core.shell:Creating environment hook '/home/derek-dietz/MSAI/ComputerVision/Final_Project/ws/interbotix/install/share/arm/hook/ld_library_path_lib.sh'
[2.052s] Level 1:colcon.colcon_core.environment:checking '/home/derek-dietz/MSAI/ComputerVision/Final_Project/ws/interbotix/install/bin'
[2.052s] Level 1:colcon.colcon_core.environment:checking '/home/derek-dietz/MSAI/ComputerVision/Final_Project/ws/interbotix/install/lib/pkgconfig/arm.pc'
[2.052s] Level 1:colcon.colcon_core.environment:checking '/home/derek-dietz/MSAI/ComputerVision/Final_Project/ws/interbotix/install/lib/python3.12/site-packages'
[2.052s] Level 1:colcon.colcon_core.shell:create_environment_hook('arm', 'pythonpath')
[2.053s] INFO:colcon.colcon_core.shell:Creating environment hook '/home/derek-dietz/MSAI/ComputerVision/Final_Project/ws/interbotix/install/share/arm/hook/pythonpath.ps1'
[2.053s] INFO:colcon.colcon_core.shell:Creating environment descriptor '/home/derek-dietz/MSAI/ComputerVision/Final_Project/ws/interbotix/install/share/arm/hook/pythonpath.dsv'
[2.053s] INFO:colcon.colcon_core.shell:Creating environment hook '/home/derek-dietz/MSAI/ComputerVision/Final_Project/ws/interbotix/install/share/arm/hook/pythonpath.sh'
[2.054s] Level 1:colcon.colcon_core.environment:checking '/home/derek-dietz/MSAI/ComputerVision/Final_Project/ws/interbotix/install/bin'
[2.054s] Level 1:colcon.colcon_core.environment:create_environment_scripts_only(arm)
[2.054s] INFO:colcon.colcon_core.shell:Creating package script '/home/derek-dietz/MSAI/ComputerVision/Final_Project/ws/interbotix/install/share/arm/package.ps1'
[2.054s] INFO:colcon.colcon_core.shell:Creating package descriptor '/home/derek-dietz/MSAI/ComputerVision/Final_Project/ws/interbotix/install/share/arm/package.dsv'
[2.054s] INFO:colcon.colcon_core.shell:Creating package script '/home/derek-dietz/MSAI/ComputerVision/Final_Project/ws/interbotix/install/share/arm/package.sh'
[2.055s] INFO:colcon.colcon_core.shell:Creating package script '/home/derek-dietz/MSAI/ComputerVision/Final_Project/ws/interbotix/install/share/arm/package.bash'
[2.055s] INFO:colcon.colcon_core.shell:Creating package script '/home/derek-dietz/MSAI/ComputerVision/Final_Project/ws/interbotix/install/share/arm/package.zsh'
[2.055s] Level 1:colcon.colcon_core.environment:create_file_with_runtime_dependencies(/home/derek-dietz/MSAI/ComputerVision/Final_Project/ws/interbotix/install/share/colcon-core/packages/arm)
[2.238s] Level 1:colcon.colcon_core.environment:checking '/home/derek-dietz/MSAI/ComputerVision/Final_Project/ws/interbotix/install' for CMake module files
[2.238s] DEBUG:colcon.colcon_core.event_handler.log_command:Invoked command in '/home/derek-dietz/MSAI/ComputerVision/Final_Project/ws/interbotix/src/interbotix_ros_toolboxes/interbotix_common_toolbox/interbotix_common_modules' returned '0': DEBUGINFOD_URLS=https://debuginfod.ubuntu.com PYTHONPATH=/home/derek-dietz/MSAI/ComputerVision/Final_Project/ws/interbotix/build/interbotix_common_modules/prefix_override:/usr/lib/python3/dist-packages/colcon_core/task/python/colcon_distutils_commands:/home/derek-dietz/MSAI/ComputerVision/Final_Project/ws/interbotix/install/lib/python3.12/site-packages:${PYTHONPATH} /usr/bin/python3 -W ignore:setup.py install is deprecated -W ignore:easy_install command is deprecated setup.py egg_info --egg-base ../../../../build/interbotix_common_modules build --build-base /home/derek-dietz/MSAI/ComputerVision/Final_Project/ws/interbotix/build/interbotix_common_modules/build install --record /home/derek-dietz/MSAI/ComputerVision/Final_Project/ws/interbotix/build/interbotix_common_modules/install.log --single-version-externally-managed install_data
[2.239s] Level 1:colcon.colcon_core.environment:checking '/home/derek-dietz/MSAI/ComputerVision/Final_Project/ws/interbotix/install' for CMake config files
[2.240s] Level 1:colcon.colcon_core.shell:create_environment_hook('interbotix_common_modules', 'cmake_prefix_path')
[2.240s] INFO:colcon.colcon_core.shell:Creating environment hook '/home/derek-dietz/MSAI/ComputerVision/Final_Project/ws/interbotix/install/share/interbotix_common_modules/hook/cmake_prefix_path.ps1'
[2.241s] INFO:colcon.colcon_core.shell:Creating environment descriptor '/home/derek-dietz/MSAI/ComputerVision/Final_Project/ws/interbotix/install/share/interbotix_common_modules/hook/cmake_prefix_path.dsv'
[2.241s] INFO:colcon.colcon_core.shell:Creating environment hook '/home/derek-dietz/MSAI/ComputerVision/Final_Project/ws/interbotix/install/share/interbotix_common_modules/hook/cmake_prefix_path.sh'
[2.242s] Level 1:colcon.colcon_core.environment:checking '/home/derek-dietz/MSAI/ComputerVision/Final_Project/ws/interbotix/install/lib'
[2.242s] Level 1:colcon.colcon_core.shell:create_environment_hook('interbotix_common_modules', 'ld_library_path_lib')
[2.242s] INFO:colcon.colcon_core.shell:Creating environment hook '/home/derek-dietz/MSAI/ComputerVision/Final_Project/ws/interbotix/install/share/interbotix_common_modules/hook/ld_library_path_lib.ps1'
[2.243s] INFO:colcon.colcon_core.shell:Creating environment descriptor '/home/derek-dietz/MSAI/ComputerVision/Final_Project/ws/interbotix/install/share/interbotix_common_modules/hook/ld_library_path_lib.dsv'
[2.243s] INFO:colcon.colcon_core.shell:Creating environment hook '/home/derek-dietz/MSAI/ComputerVision/Final_Project/ws/interbotix/install/share/interbotix_common_modules/hook/ld_library_path_lib.sh'
[2.243s] Level 1:colcon.colcon_core.environment:checking '/home/derek-dietz/MSAI/ComputerVision/Final_Project/ws/interbotix/install/bin'
[2.244s] Level 1:colcon.colcon_core.environment:checking '/home/derek-dietz/MSAI/ComputerVision/Final_Project/ws/interbotix/install/lib/pkgconfig/interbotix_common_modules.pc'
[2.244s] Level 1:colcon.colcon_core.environment:checking '/home/derek-dietz/MSAI/ComputerVision/Final_Project/ws/interbotix/install/lib/python3.12/site-packages'
[2.244s] Level 1:colcon.colcon_core.shell:create_environment_hook('interbotix_common_modules', 'pythonpath')
[2.244s] INFO:colcon.colcon_core.shell:Creating environment hook '/home/derek-dietz/MSAI/ComputerVision/Final_Project/ws/interbotix/install/share/interbotix_common_modules/hook/pythonpath.ps1'
[2.245s] INFO:colcon.colcon_core.shell:Creating environment descriptor '/home/derek-dietz/MSAI/ComputerVision/Final_Project/ws/interbotix/install/share/interbotix_common_modules/hook/pythonpath.dsv'
[2.245s] INFO:colcon.colcon_core.shell:Creating environment hook '/home/derek-dietz/MSAI/ComputerVision/Final_Project/ws/interbotix/install/share/interbotix_common_modules/hook/pythonpath.sh'
[2.246s] Level 1:colcon.colcon_core.environment:checking '/home/derek-dietz/MSAI/ComputerVision/Final_Project/ws/interbotix/install/bin'
[2.246s] Level 1:colcon.colcon_core.environment:create_environment_scripts_only(interbotix_common_modules)
[2.246s] INFO:colcon.colcon_core.shell:Creating package script '/home/derek-dietz/MSAI/ComputerVision/Final_Project/ws/interbotix/install/share/interbotix_common_modules/package.ps1'
[2.247s] INFO:colcon.colcon_core.shell:Creating package descriptor '/home/derek-dietz/MSAI/ComputerVision/Final_Project/ws/interbotix/install/share/interbotix_common_modules/package.dsv'
[2.248s] INFO:colcon.colcon_core.shell:Creating package script '/home/derek-dietz/MSAI/ComputerVision/Final_Project/ws/interbotix/install/share/interbotix_common_modules/package.sh'
[2.248s] INFO:colcon.colcon_core.shell:Creating package script '/home/derek-dietz/MSAI/ComputerVision/Final_Project/ws/interbotix/install/share/interbotix_common_modules/package.bash'
[2.249s] INFO:colcon.colcon_core.shell:Creating package script '/home/derek-dietz/MSAI/ComputerVision/Final_Project/ws/interbotix/install/share/interbotix_common_modules/package.zsh'
[2.250s] Level 1:colcon.colcon_core.environment:create_file_with_runtime_dependencies(/home/derek-dietz/MSAI/ComputerVision/Final_Project/ws/interbotix/install/share/colcon-core/packages/interbotix_common_modules)
[2.250s] INFO:colcon.colcon_ros.task.ament_python.build:Building ROS package in '/home/derek-dietz/MSAI/ComputerVision/Final_Project/ws/interbotix/src/interbotix_ros_toolboxes/interbotix_xs_toolbox/interbotix_xs_modules' with build type 'ament_python'
[2.250s] Level 1:colcon.colcon_core.shell:create_environment_hook('interbotix_xs_modules', 'ament_prefix_path')
[2.250s] INFO:colcon.colcon_core.shell:Creating environment hook '/home/derek-dietz/MSAI/ComputerVision/Final_Project/ws/interbotix/install/share/interbotix_xs_modules/hook/ament_prefix_path.ps1'
[2.251s] INFO:colcon.colcon_core.shell:Creating environment descriptor '/home/derek-dietz/MSAI/ComputerVision/Final_Project/ws/interbotix/install/share/interbotix_xs_modules/hook/ament_prefix_path.dsv'
[2.252s] INFO:colcon.colcon_core.shell:Creating environment hook '/home/derek-dietz/MSAI/ComputerVision/Final_Project/ws/interbotix/install/share/interbotix_xs_modules/hook/ament_prefix_path.sh'
[2.252s] INFO:colcon.colcon_core.shell:Skip shell extension 'powershell' for command environment: Not usable outside of PowerShell
[2.252s] DEBUG:colcon.colcon_core.shell:Skip shell extension 'dsv' for command environment
[2.257s] INFO:colcon.colcon_ros.task.ament_cmake.build:Building ROS package in '/home/derek-dietz/MSAI/ComputerVision/Final_Project/ws/interbotix/src/interbotix_ros_toolboxes/interbotix_common_toolbox/interbotix_common_toolbox' with build type 'ament_cmake'
[2.258s] INFO:colcon.colcon_cmake.task.cmake.build:Building CMake package in '/home/derek-dietz/MSAI/ComputerVision/Final_Project/ws/interbotix/src/interbotix_ros_toolboxes/interbotix_common_toolbox/interbotix_common_toolbox'
[2.258s] INFO:colcon.colcon_core.shell:Skip shell extension 'powershell' for command environment: Not usable outside of PowerShell
[2.258s] DEBUG:colcon.colcon_core.shell:Skip shell extension 'dsv' for command environment
[2.269s] DEBUG:colcon.colcon_core.event_handler.log_command:Invoking command in '/home/derek-dietz/MSAI/ComputerVision/Final_Project/ws/interbotix/build/interbotix_common_toolbox': CMAKE_PREFIX_PATH=${CMAKE_PREFIX_PATH}:/opt/ros/kilted DEBUGINFOD_URLS=https://debuginfod.ubuntu.com PYTHONPATH=/home/derek-dietz/MSAI/ComputerVision/Final_Project/ws/interbotix/install/lib/python3.12/site-packages:/home/derek-dietz/MSAI/ComputerVision/Final_Project/ros_ws/build/arm:/home/derek-dietz/MSAI/ComputerVision/Final_Project/ros_ws/install/arm/lib/python3.12/site-packages:/opt/ros/kilted/lib/python3.12/site-packages /usr/bin/cmake --build /home/derek-dietz/MSAI/ComputerVision/Final_Project/ws/interbotix/build/interbotix_common_toolbox -- -j22 -l22
[2.476s] INFO:colcon.colcon_core.task.python.build:Building Python package in '/home/derek-dietz/MSAI/ComputerVision/Final_Project/ws/interbotix/src/interbotix_ros_toolboxes/interbotix_xs_toolbox/interbotix_xs_modules'
[2.476s] INFO:colcon.colcon_core.shell:Skip shell extension 'powershell' for command environment: Not usable outside of PowerShell
[2.476s] DEBUG:colcon.colcon_core.shell:Skip shell extension 'dsv' for command environment
[2.487s] DEBUG:colcon.colcon_core.event_handler.log_command:Invoked command in '/home/derek-dietz/MSAI/ComputerVision/Final_Project/ws/interbotix/build/interbotix_common_toolbox' returned '0': CMAKE_PREFIX_PATH=${CMAKE_PREFIX_PATH}:/opt/ros/kilted DEBUGINFOD_URLS=https://debuginfod.ubuntu.com PYTHONPATH=/home/derek-dietz/MSAI/ComputerVision/Final_Project/ws/interbotix/install/lib/python3.12/site-packages:/home/derek-dietz/MSAI/ComputerVision/Final_Project/ros_ws/build/arm:/home/derek-dietz/MSAI/ComputerVision/Final_Project/ros_ws/install/arm/lib/python3.12/site-packages:/opt/ros/kilted/lib/python3.12/site-packages /usr/bin/cmake --build /home/derek-dietz/MSAI/ComputerVision/Final_Project/ws/interbotix/build/interbotix_common_toolbox -- -j22 -l22
[2.489s] DEBUG:colcon.colcon_core.event_handler.log_command:Invoking command in '/home/derek-dietz/MSAI/ComputerVision/Final_Project/ws/interbotix/build/interbotix_common_toolbox': CMAKE_PREFIX_PATH=${CMAKE_PREFIX_PATH}:/opt/ros/kilted DEBUGINFOD_URLS=https://debuginfod.ubuntu.com PYTHONPATH=/home/derek-dietz/MSAI/ComputerVision/Final_Project/ws/interbotix/install/lib/python3.12/site-packages:/home/derek-dietz/MSAI/ComputerVision/Final_Project/ros_ws/build/arm:/home/derek-dietz/MSAI/ComputerVision/Final_Project/ros_ws/install/arm/lib/python3.12/site-packages:/opt/ros/kilted/lib/python3.12/site-packages /usr/bin/cmake --install /home/derek-dietz/MSAI/ComputerVision/Final_Project/ws/interbotix/build/interbotix_common_toolbox
[2.489s] Level 1:colcon.colcon_core.environment:checking '/home/derek-dietz/MSAI/ComputerVision/Final_Project/ws/interbotix/install' for CMake module files
[2.490s] DEBUG:colcon.colcon_core.event_handler.log_command:Invoked command in '/home/derek-dietz/MSAI/ComputerVision/Final_Project/ws/interbotix/src/ModernRobotics/packages/Python' returned '0': DEBUGINFOD_URLS=https://debuginfod.ubuntu.com PYTHONPATH=/home/derek-dietz/MSAI/ComputerVision/Final_Project/ws/interbotix/build/modern_robotics/prefix_override:/usr/lib/python3/dist-packages/colcon_core/task/python/colcon_distutils_commands:/home/derek-dietz/MSAI/ComputerVision/Final_Project/ws/interbotix/install/lib/python3.12/site-packages:${PYTHONPATH} /usr/bin/python3 -W ignore:setup.py install is deprecated -W ignore:easy_install command is deprecated setup.py egg_info --egg-base ../../../../build/modern_robotics build --build-base /home/derek-dietz/MSAI/ComputerVision/Final_Project/ws/interbotix/build/modern_robotics/build install --record /home/derek-dietz/MSAI/ComputerVision/Final_Project/ws/interbotix/build/modern_robotics/install.log --single-version-externally-managed
[2.490s] Level 1:colcon.colcon_core.environment:checking '/home/derek-dietz/MSAI/ComputerVision/Final_Project/ws/interbotix/install' for CMake config files
[2.491s] Level 1:colcon.colcon_core.shell:create_environment_hook('modern_robotics', 'cmake_prefix_path')
[2.492s] INFO:colcon.colcon_core.shell:Creating environment hook '/home/derek-dietz/MSAI/ComputerVision/Final_Project/ws/interbotix/install/share/modern_robotics/hook/cmake_prefix_path.ps1'
[2.493s] INFO:colcon.colcon_core.shell:Creating environment descriptor '/home/derek-dietz/MSAI/ComputerVision/Final_Project/ws/interbotix/install/share/modern_robotics/hook/cmake_prefix_path.dsv'
[2.493s] INFO:colcon.colcon_core.shell:Creating environment hook '/home/derek-dietz/MSAI/ComputerVision/Final_Project/ws/interbotix/install/share/modern_robotics/hook/cmake_prefix_path.sh'
[2.494s] Level 1:colcon.colcon_core.environment:checking '/home/derek-dietz/MSAI/ComputerVision/Final_Project/ws/interbotix/install/lib'
[2.494s] Level 1:colcon.colcon_core.shell:create_environment_hook('modern_robotics', 'ld_library_path_lib')
[2.494s] INFO:colcon.colcon_core.shell:Creating environment hook '/home/derek-dietz/MSAI/ComputerVision/Final_Project/ws/interbotix/install/share/modern_robotics/hook/ld_library_path_lib.ps1'
[2.495s] INFO:colcon.colcon_core.shell:Creating environment descriptor '/home/derek-dietz/MSAI/ComputerVision/Final_Project/ws/interbotix/install/share/modern_robotics/hook/ld_library_path_lib.dsv'
[2.495s] INFO:colcon.colcon_core.shell:Creating environment hook '/home/derek-dietz/MSAI/ComputerVision/Final_Project/ws/interbotix/install/share/modern_robotics/hook/ld_library_path_lib.sh'
[2.496s] Level 1:colcon.colcon_core.environment:checking '/home/derek-dietz/MSAI/ComputerVision/Final_Project/ws/interbotix/install/bin'
[2.496s] Level 1:colcon.colcon_core.environment:checking '/home/derek-dietz/MSAI/ComputerVision/Final_Project/ws/interbotix/install/lib/pkgconfig/modern_robotics.pc'
[2.496s] Level 1:colcon.colcon_core.environment:checking '/home/derek-dietz/MSAI/ComputerVision/Final_Project/ws/interbotix/install/lib/python3.12/site-packages'
[2.496s] Level 1:colcon.colcon_core.shell:create_environment_hook('modern_robotics', 'pythonpath')
[2.497s] INFO:colcon.colcon_core.shell:Creating environment hook '/home/derek-dietz/MSAI/ComputerVision/Final_Project/ws/interbotix/install/share/modern_robotics/hook/pythonpath.ps1'
[2.497s] INFO:colcon.colcon_core.shell:Creating environment descriptor '/home/derek-dietz/MSAI/ComputerVision/Final_Project/ws/interbotix/install/share/modern_robotics/hook/pythonpath.dsv'
[2.498s] INFO:colcon.colcon_core.shell:Creating environment hook '/home/derek-dietz/MSAI/ComputerVision/Final_Project/ws/interbotix/install/share/modern_robotics/hook/pythonpath.sh'
[2.499s] Level 1:colcon.colcon_core.environment:checking '/home/derek-dietz/MSAI/ComputerVision/Final_Project/ws/interbotix/install/bin'
[2.499s] Level 1:colcon.colcon_core.environment:create_environment_scripts_only(modern_robotics)
[2.499s] INFO:colcon.colcon_core.shell:Creating package script '/home/derek-dietz/MSAI/ComputerVision/Final_Project/ws/interbotix/install/share/modern_robotics/package.ps1'
[2.500s] INFO:colcon.colcon_core.shell:Creating package descriptor '/home/derek-dietz/MSAI/ComputerVision/Final_Project/ws/interbotix/install/share/modern_robotics/package.dsv'
[2.500s] INFO:colcon.colcon_core.shell:Creating package script '/home/derek-dietz/MSAI/ComputerVision/Final_Project/ws/interbotix/install/share/modern_robotics/package.sh'
[2.501s] INFO:colcon.colcon_core.shell:Creating package script '/home/derek-dietz/MSAI/ComputerVision/Final_Project/ws/interbotix/install/share/modern_robotics/package.bash'
[2.501s] INFO:colcon.colcon_core.shell:Creating package script '/home/derek-dietz/MSAI/ComputerVision/Final_Project/ws/interbotix/install/share/modern_robotics/package.zsh'
[2.501s] Level 1:colcon.colcon_core.environment:create_file_with_runtime_dependencies(/home/derek-dietz/MSAI/ComputerVision/Final_Project/ws/interbotix/install/share/colcon-core/packages/modern_robotics)
[2.506s] Level 1:colcon.colcon_core.environment:create_environment_scripts_only(interbotix_common_toolbox)
[2.507s] Level 1:colcon.colcon_core.environment:checking '/home/derek-dietz/MSAI/ComputerVision/Final_Project/ws/interbotix/install' for CMake module files
[2.507s] DEBUG:colcon.colcon_core.event_handler.log_command:Invoked command in '/home/derek-dietz/MSAI/ComputerVision/Final_Project/ws/interbotix/build/interbotix_common_toolbox' returned '0': CMAKE_PREFIX_PATH=${CMAKE_PREFIX_PATH}:/opt/ros/kilted DEBUGINFOD_URLS=https://debuginfod.ubuntu.com PYTHONPATH=/home/derek-dietz/MSAI/ComputerVision/Final_Project/ws/interbotix/install/lib/python3.12/site-packages:/home/derek-dietz/MSAI/ComputerVision/Final_Project/ros_ws/build/arm:/home/derek-dietz/MSAI/ComputerVision/Final_Project/ros_ws/install/arm/lib/python3.12/site-packages:/opt/ros/kilted/lib/python3.12/site-packages /usr/bin/cmake --install /home/derek-dietz/MSAI/ComputerVision/Final_Project/ws/interbotix/build/interbotix_common_toolbox
[2.508s] Level 1:colcon.colcon_core.environment:checking '/home/derek-dietz/MSAI/ComputerVision/Final_Project/ws/interbotix/install' for CMake config files
[2.508s] Level 1:colcon.colcon_core.shell:create_environment_hook('interbotix_common_toolbox', 'cmake_prefix_path')
[2.509s] INFO:colcon.colcon_core.shell:Creating environment hook '/home/derek-dietz/MSAI/ComputerVision/Final_Project/ws/interbotix/install/share/interbotix_common_toolbox/hook/cmake_prefix_path.ps1'
[2.509s] INFO:colcon.colcon_core.shell:Creating environment descriptor '/home/derek-dietz/MSAI/ComputerVision/Final_Project/ws/interbotix/install/share/interbotix_common_toolbox/hook/cmake_prefix_path.dsv'
[2.509s] INFO:colcon.colcon_core.shell:Creating environment hook '/home/derek-dietz/MSAI/ComputerVision/Final_Project/ws/interbotix/install/share/interbotix_common_toolbox/hook/cmake_prefix_path.sh'
[2.510s] Level 1:colcon.colcon_core.environment:checking '/home/derek-dietz/MSAI/ComputerVision/Final_Project/ws/interbotix/install/lib'
[2.510s] Level 1:colcon.colcon_core.shell:create_environment_hook('interbotix_common_toolbox', 'ld_library_path_lib')
[2.510s] INFO:colcon.colcon_core.shell:Creating environment hook '/home/derek-dietz/MSAI/ComputerVision/Final_Project/ws/interbotix/install/share/interbotix_common_toolbox/hook/ld_library_path_lib.ps1'
[2.511s] INFO:colcon.colcon_core.shell:Creating environment descriptor '/home/derek-dietz/MSAI/ComputerVision/Final_Project/ws/interbotix/install/share/interbotix_common_toolbox/hook/ld_library_path_lib.dsv'
[2.511s] INFO:colcon.colcon_core.shell:Creating environment hook '/home/derek-dietz/MSAI/ComputerVision/Final_Project/ws/interbotix/install/share/interbotix_common_toolbox/hook/ld_library_path_lib.sh'
[2.511s] Level 1:colcon.colcon_core.environment:checking '/home/derek-dietz/MSAI/ComputerVision/Final_Project/ws/interbotix/install/bin'
[2.511s] Level 1:colcon.colcon_core.environment:checking '/home/derek-dietz/MSAI/ComputerVision/Final_Project/ws/interbotix/install/lib/pkgconfig/interbotix_common_toolbox.pc'
[2.512s] Level 1:colcon.colcon_core.environment:checking '/home/derek-dietz/MSAI/ComputerVision/Final_Project/ws/interbotix/install/lib/python3.12/site-packages'
[2.512s] Level 1:colcon.colcon_core.shell:create_environment_hook('interbotix_common_toolbox', 'pythonpath')
[2.512s] INFO:colcon.colcon_core.shell:Creating environment hook '/home/derek-dietz/MSAI/ComputerVision/Final_Project/ws/interbotix/install/share/interbotix_common_toolbox/hook/pythonpath.ps1'
[2.512s] INFO:colcon.colcon_core.shell:Creating environment descriptor '/home/derek-dietz/MSAI/ComputerVision/Final_Project/ws/interbotix/install/share/interbotix_common_toolbox/hook/pythonpath.dsv'
[2.512s] INFO:colcon.colcon_core.shell:Creating environment hook '/home/derek-dietz/MSAI/ComputerVision/Final_Project/ws/interbotix/install/share/interbotix_common_toolbox/hook/pythonpath.sh'
[2.513s] Level 1:colcon.colcon_core.environment:checking '/home/derek-dietz/MSAI/ComputerVision/Final_Project/ws/interbotix/install/bin'
[2.513s] INFO:colcon.colcon_core.shell:Creating package script '/home/derek-dietz/MSAI/ComputerVision/Final_Project/ws/interbotix/install/share/interbotix_common_toolbox/package.ps1'
[2.513s] INFO:colcon.colcon_core.shell:Creating package descriptor '/home/derek-dietz/MSAI/ComputerVision/Final_Project/ws/interbotix/install/share/interbotix_common_toolbox/package.dsv'
[2.514s] INFO:colcon.colcon_core.shell:Creating package script '/home/derek-dietz/MSAI/ComputerVision/Final_Project/ws/interbotix/install/share/interbotix_common_toolbox/package.sh'
[2.514s] INFO:colcon.colcon_core.shell:Creating package script '/home/derek-dietz/MSAI/ComputerVision/Final_Project/ws/interbotix/install/share/interbotix_common_toolbox/package.bash'
[2.514s] INFO:colcon.colcon_core.shell:Creating package script '/home/derek-dietz/MSAI/ComputerVision/Final_Project/ws/interbotix/install/share/interbotix_common_toolbox/package.zsh'
[2.514s] Level 1:colcon.colcon_core.environment:create_file_with_runtime_dependencies(/home/derek-dietz/MSAI/ComputerVision/Final_Project/ws/interbotix/install/share/colcon-core/packages/interbotix_common_toolbox)
[2.515s] Level 1:colcon.colcon_core.environment:create_environment_scripts_only(interbotix_common_toolbox)
[2.515s] Level 1:colcon.colcon_core.environment:checking '/home/derek-dietz/MSAI/ComputerVision/Final_Project/ws/interbotix/install' for CMake module files
[2.515s] Level 1:colcon.colcon_core.environment:checking '/home/derek-dietz/MSAI/ComputerVision/Final_Project/ws/interbotix/install' for CMake config files
[2.515s] Level 1:colcon.colcon_core.shell:create_environment_hook('interbotix_common_toolbox', 'cmake_prefix_path')
[2.515s] INFO:colcon.colcon_core.shell:Creating environment hook '/home/derek-dietz/MSAI/ComputerVision/Final_Project/ws/interbotix/install/share/interbotix_common_toolbox/hook/cmake_prefix_path.ps1'
[2.521s] INFO:colcon.colcon_core.shell:Creating environment descriptor '/home/derek-dietz/MSAI/ComputerVision/Final_Project/ws/interbotix/install/share/interbotix_common_toolbox/hook/cmake_prefix_path.dsv'
[2.522s] INFO:colcon.colcon_core.shell:Creating environment hook '/home/derek-dietz/MSAI/ComputerVision/Final_Project/ws/interbotix/install/share/interbotix_common_toolbox/hook/cmake_prefix_path.sh'
[2.522s] Level 1:colcon.colcon_core.environment:checking '/home/derek-dietz/MSAI/ComputerVision/Final_Project/ws/interbotix/install/lib'
[2.522s] Level 1:colcon.colcon_core.shell:create_environment_hook('interbotix_common_toolbox', 'ld_library_path_lib')
[2.522s] INFO:colcon.colcon_core.shell:Creating environment hook '/home/derek-dietz/MSAI/ComputerVision/Final_Project/ws/interbotix/install/share/interbotix_common_toolbox/hook/ld_library_path_lib.ps1'
[2.523s] INFO:colcon.colcon_core.shell:Creating environment descriptor '/home/derek-dietz/MSAI/ComputerVision/Final_Project/ws/interbotix/install/share/interbotix_common_toolbox/hook/ld_library_path_lib.dsv'
[2.523s] INFO:colcon.colcon_core.shell:Creating environment hook '/home/derek-dietz/MSAI/ComputerVision/Final_Project/ws/interbotix/install/share/interbotix_common_toolbox/hook/ld_library_path_lib.sh'
[2.523s] Level 1:colcon.colcon_core.environment:checking '/home/derek-dietz/MSAI/ComputerVision/Final_Project/ws/interbotix/install/bin'
[2.523s] Level 1:colcon.colcon_core.environment:checking '/home/derek-dietz/MSAI/ComputerVision/Final_Project/ws/interbotix/install/lib/pkgconfig/interbotix_common_toolbox.pc'
[2.523s] Level 1:colcon.colcon_core.environment:checking '/home/derek-dietz/MSAI/ComputerVision/Final_Project/ws/interbotix/install/lib/python3.12/site-packages'
[2.524s] Level 1:colcon.colcon_core.shell:create_environment_hook('interbotix_common_toolbox', 'pythonpath')
[2.524s] INFO:colcon.colcon_core.shell:Creating environment hook '/home/derek-dietz/MSAI/ComputerVision/Final_Project/ws/interbotix/install/share/interbotix_common_toolbox/hook/pythonpath.ps1'
[2.524s] INFO:colcon.colcon_core.shell:Creating environment descriptor '/home/derek-dietz/MSAI/ComputerVision/Final_Project/ws/interbotix/install/share/interbotix_common_toolbox/hook/pythonpath.dsv'
[2.524s] INFO:colcon.colcon_core.shell:Creating environment hook '/home/derek-dietz/MSAI/ComputerVision/Final_Project/ws/interbotix/install/share/interbotix_common_toolbox/hook/pythonpath.sh'
[2.525s] Level 1:colcon.colcon_core.environment:checking '/home/derek-dietz/MSAI/ComputerVision/Final_Project/ws/interbotix/install/bin'
[2.525s] INFO:colcon.colcon_core.shell:Creating package script '/home/derek-dietz/MSAI/ComputerVision/Final_Project/ws/interbotix/install/share/interbotix_common_toolbox/package.ps1'
[2.525s] INFO:colcon.colcon_core.shell:Creating package descriptor '/home/derek-dietz/MSAI/ComputerVision/Final_Project/ws/interbotix/install/share/interbotix_common_toolbox/package.dsv'
[2.526s] INFO:colcon.colcon_core.shell:Creating package script '/home/derek-dietz/MSAI/ComputerVision/Final_Project/ws/interbotix/install/share/interbotix_common_toolbox/package.sh'
[2.526s] INFO:colcon.colcon_core.shell:Creating package script '/home/derek-dietz/MSAI/ComputerVision/Final_Project/ws/interbotix/install/share/interbotix_common_toolbox/package.bash'
[2.526s] INFO:colcon.colcon_core.shell:Creating package script '/home/derek-dietz/MSAI/ComputerVision/Final_Project/ws/interbotix/install/share/interbotix_common_toolbox/package.zsh'
[2.526s] Level 1:colcon.colcon_core.environment:create_file_with_runtime_dependencies(/home/derek-dietz/MSAI/ComputerVision/Final_Project/ws/interbotix/install/share/colcon-core/packages/interbotix_common_toolbox)
[3.023s] DEBUG:colcon.colcon_core.event_handler.log_command:Invoking command in '/home/derek-dietz/MSAI/ComputerVision/Final_Project/ws/interbotix/src/interbotix_ros_toolboxes/interbotix_xs_toolbox/interbotix_xs_modules': DEBUGINFOD_URLS=https://debuginfod.ubuntu.com PYTHONPATH=/home/derek-dietz/MSAI/ComputerVision/Final_Project/ws/interbotix/build/interbotix_xs_modules/prefix_override:/usr/lib/python3/dist-packages/colcon_core/task/python/colcon_distutils_commands:/home/derek-dietz/MSAI/ComputerVision/Final_Project/ws/interbotix/install/lib/python3.12/site-packages:/home/derek-dietz/MSAI/ComputerVision/Final_Project/ws/interbotix/install/lib/python3.12/site-packages:/home/derek-dietz/MSAI/ComputerVision/Final_Project/ros_ws/build/arm:/home/derek-dietz/MSAI/ComputerVision/Final_Project/ros_ws/install/arm/lib/python3.12/site-packages:/opt/ros/kilted/lib/python3.12/site-packages /usr/bin/python3 -W ignore:setup.py install is deprecated -W ignore:easy_install command is deprecated setup.py egg_info --egg-base ../../../../build/interbotix_xs_modules build --build-base /home/derek-dietz/MSAI/ComputerVision/Final_Project/ws/interbotix/build/interbotix_xs_modules/build install --record /home/derek-dietz/MSAI/ComputerVision/Final_Project/ws/interbotix/build/interbotix_xs_modules/install.log --single-version-externally-managed install_data
[3.513s] Level 1:colcon.colcon_core.environment:checking '/home/derek-dietz/MSAI/ComputerVision/Final_Project/ws/interbotix/install' for CMake module files
[3.514s] DEBUG:colcon.colcon_core.event_handler.log_command:Invoked command in '/home/derek-dietz/MSAI/ComputerVision/Final_Project/ws/interbotix/src/interbotix_ros_toolboxes/interbotix_xs_toolbox/interbotix_xs_modules' returned '0': DEBUGINFOD_URLS=https://debuginfod.ubuntu.com PYTHONPATH=/home/derek-dietz/MSAI/ComputerVision/Final_Project/ws/interbotix/build/interbotix_xs_modules/prefix_override:/usr/lib/python3/dist-packages/colcon_core/task/python/colcon_distutils_commands:/home/derek-dietz/MSAI/ComputerVision/Final_Project/ws/interbotix/install/lib/python3.12/site-packages:/home/derek-dietz/MSAI/ComputerVision/Final_Project/ws/interbotix/install/lib/python3.12/site-packages:/home/derek-dietz/MSAI/ComputerVision/Final_Project/ros_ws/build/arm:/home/derek-dietz/MSAI/ComputerVision/Final_Project/ros_ws/install/arm/lib/python3.12/site-packages:/opt/ros/kilted/lib/python3.12/site-packages /usr/bin/python3 -W ignore:setup.py install is deprecated -W ignore:easy_install command is deprecated setup.py egg_info --egg-base ../../../../build/interbotix_xs_modules build --build-base /home/derek-dietz/MSAI/ComputerVision/Final_Project/ws/interbotix/build/interbotix_xs_modules/build install --record /home/derek-dietz/MSAI/ComputerVision/Final_Project/ws/interbotix/build/interbotix_xs_modules/install.log --single-version-externally-managed install_data
[3.514s] Level 1:colcon.colcon_core.environment:checking '/home/derek-dietz/MSAI/ComputerVision/Final_Project/ws/interbotix/install' for CMake config files
[3.515s] Level 1:colcon.colcon_core.shell:create_environment_hook('interbotix_xs_modules', 'cmake_prefix_path')
[3.515s] INFO:colcon.colcon_core.shell:Creating environment hook '/home/derek-dietz/MSAI/ComputerVision/Final_Project/ws/interbotix/install/share/interbotix_xs_modules/hook/cmake_prefix_path.ps1'
[3.516s] INFO:colcon.colcon_core.shell:Creating environment descriptor '/home/derek-dietz/MSAI/ComputerVision/Final_Project/ws/interbotix/install/share/interbotix_xs_modules/hook/cmake_prefix_path.dsv'
[3.516s] INFO:colcon.colcon_core.shell:Creating environment hook '/home/derek-dietz/MSAI/ComputerVision/Final_Project/ws/interbotix/install/share/interbotix_xs_modules/hook/cmake_prefix_path.sh'
[3.517s] Level 1:colcon.colcon_core.environment:checking '/home/derek-dietz/MSAI/ComputerVision/Final_Project/ws/interbotix/install/lib'
[3.517s] Level 1:colcon.colcon_core.shell:create_environment_hook('interbotix_xs_modules', 'ld_library_path_lib')
[3.518s] INFO:colcon.colcon_core.shell:Creating environment hook '/home/derek-dietz/MSAI/ComputerVision/Final_Project/ws/interbotix/install/share/interbotix_xs_modules/hook/ld_library_path_lib.ps1'
[3.518s] INFO:colcon.colcon_core.shell:Creating environment descriptor '/home/derek-dietz/MSAI/ComputerVision/Final_Project/ws/interbotix/install/share/interbotix_xs_modules/hook/ld_library_path_lib.dsv'
[3.519s] INFO:colcon.colcon_core.shell:Creating environment hook '/home/derek-dietz/MSAI/ComputerVision/Final_Project/ws/interbotix/install/share/interbotix_xs_modules/hook/ld_library_path_lib.sh'
[3.519s] Level 1:colcon.colcon_core.environment:checking '/home/derek-dietz/MSAI/ComputerVision/Final_Project/ws/interbotix/install/bin'
[3.519s] Level 1:colcon.colcon_core.environment:checking '/home/derek-dietz/MSAI/ComputerVision/Final_Project/ws/interbotix/install/lib/pkgconfig/interbotix_xs_modules.pc'
[3.520s] Level 1:colcon.colcon_core.environment:checking '/home/derek-dietz/MSAI/ComputerVision/Final_Project/ws/interbotix/install/lib/python3.12/site-packages'
[3.520s] Level 1:colcon.colcon_core.shell:create_environment_hook('interbotix_xs_modules', 'pythonpath')
[3.520s] INFO:colcon.colcon_core.shell:Creating environment hook '/home/derek-dietz/MSAI/ComputerVision/Final_Project/ws/interbotix/install/share/interbotix_xs_modules/hook/pythonpath.ps1'
[3.520s] INFO:colcon.colcon_core.shell:Creating environment descriptor '/home/derek-dietz/MSAI/ComputerVision/Final_Project/ws/interbotix/install/share/interbotix_xs_modules/hook/pythonpath.dsv'
[3.521s] INFO:colcon.colcon_core.shell:Creating environment hook '/home/derek-dietz/MSAI/ComputerVision/Final_Project/ws/interbotix/install/share/interbotix_xs_modules/hook/pythonpath.sh'
[3.522s] Level 1:colcon.colcon_core.environment:checking '/home/derek-dietz/MSAI/ComputerVision/Final_Project/ws/interbotix/install/bin'
[3.522s] Level 1:colcon.colcon_core.environment:create_environment_scripts_only(interbotix_xs_modules)
[3.522s] INFO:colcon.colcon_core.shell:Creating package script '/home/derek-dietz/MSAI/ComputerVision/Final_Project/ws/interbotix/install/share/interbotix_xs_modules/package.ps1'
[3.523s] INFO:colcon.colcon_core.shell:Creating package descriptor '/home/derek-dietz/MSAI/ComputerVision/Final_Project/ws/interbotix/install/share/interbotix_xs_modules/package.dsv'
[3.523s] INFO:colcon.colcon_core.shell:Creating package script '/home/derek-dietz/MSAI/ComputerVision/Final_Project/ws/interbotix/install/share/interbotix_xs_modules/package.sh'
[3.524s] INFO:colcon.colcon_core.shell:Creating package script '/home/derek-dietz/MSAI/ComputerVision/Final_Project/ws/interbotix/install/share/interbotix_xs_modules/package.bash'
[3.524s] INFO:colcon.colcon_core.shell:Creating package script '/home/derek-dietz/MSAI/ComputerVision/Final_Project/ws/interbotix/install/share/interbotix_xs_modules/package.zsh'
[3.525s] Level 1:colcon.colcon_core.environment:create_file_with_runtime_dependencies(/home/derek-dietz/MSAI/ComputerVision/Final_Project/ws/interbotix/install/share/colcon-core/packages/interbotix_xs_modules)
[3.525s] INFO:colcon.colcon_ros.task.ament_cmake.build:Building ROS package in '/home/derek-dietz/MSAI/ComputerVision/Final_Project/ws/interbotix/src/interbotix_ros_manipulators/interbotix_ros_xsarms/interbotix_xsarm_descriptions' with build type 'ament_cmake'
[3.525s] INFO:colcon.colcon_cmake.task.cmake.build:Building CMake package in '/home/derek-dietz/MSAI/ComputerVision/Final_Project/ws/interbotix/src/interbotix_ros_manipulators/interbotix_ros_xsarms/interbotix_xsarm_descriptions'
[3.525s] INFO:colcon.colcon_core.shell:Skip shell extension 'powershell' for command environment: Not usable outside of PowerShell
[3.525s] DEBUG:colcon.colcon_core.shell:Skip shell extension 'dsv' for command environment
[3.532s] INFO:colcon.colcon_ros.task.ament_cmake.build:Building ROS package in '/home/derek-dietz/MSAI/ComputerVision/Final_Project/ws/interbotix/src/interbotix_ros_toolboxes/interbotix_xs_toolbox/interbotix_xs_toolbox' with build type 'ament_cmake'
[3.532s] INFO:colcon.colcon_cmake.task.cmake.build:Building CMake package in '/home/derek-dietz/MSAI/ComputerVision/Final_Project/ws/interbotix/src/interbotix_ros_toolboxes/interbotix_xs_toolbox/interbotix_xs_toolbox'
[3.532s] INFO:colcon.colcon_core.shell:Skip shell extension 'powershell' for command environment: Not usable outside of PowerShell
[3.532s] DEBUG:colcon.colcon_core.shell:Skip shell extension 'dsv' for command environment
[3.549s] DEBUG:colcon.colcon_core.event_handler.log_command:Invoking command in '/home/derek-dietz/MSAI/ComputerVision/Final_Project/ws/interbotix/build/interbotix_xsarm_descriptions': CMAKE_PREFIX_PATH=${CMAKE_PREFIX_PATH}:/opt/ros/kilted DEBUGINFOD_URLS=https://debuginfod.ubuntu.com PYTHONPATH=/home/derek-dietz/MSAI/ComputerVision/Final_Project/ws/interbotix/install/lib/python3.12/site-packages:/home/derek-dietz/MSAI/ComputerVision/Final_Project/ros_ws/build/arm:/home/derek-dietz/MSAI/ComputerVision/Final_Project/ros_ws/install/arm/lib/python3.12/site-packages:/opt/ros/kilted/lib/python3.12/site-packages /usr/bin/cmake --build /home/derek-dietz/MSAI/ComputerVision/Final_Project/ws/interbotix/build/interbotix_xsarm_descriptions -- -j22 -l22
[3.558s] DEBUG:colcon.colcon_core.event_handler.log_command:Invoking command in '/home/derek-dietz/MSAI/ComputerVision/Final_Project/ws/interbotix/build/interbotix_xs_toolbox': CMAKE_PREFIX_PATH=${CMAKE_PREFIX_PATH}:/opt/ros/kilted DEBUGINFOD_URLS=https://debuginfod.ubuntu.com PYTHONPATH=/home/derek-dietz/MSAI/ComputerVision/Final_Project/ws/interbotix/install/lib/python3.12/site-packages:/home/derek-dietz/MSAI/ComputerVision/Final_Project/ros_ws/build/arm:/home/derek-dietz/MSAI/ComputerVision/Final_Project/ros_ws/install/arm/lib/python3.12/site-packages:/opt/ros/kilted/lib/python3.12/site-packages /usr/bin/cmake --build /home/derek-dietz/MSAI/ComputerVision/Final_Project/ws/interbotix/build/interbotix_xs_toolbox -- -j22 -l22
[3.596s] DEBUG:colcon.colcon_core.event_handler.log_command:Invoked command in '/home/derek-dietz/MSAI/ComputerVision/Final_Project/ws/interbotix/build/interbotix_xsarm_descriptions' returned '0': CMAKE_PREFIX_PATH=${CMAKE_PREFIX_PATH}:/opt/ros/kilted DEBUGINFOD_URLS=https://debuginfod.ubuntu.com PYTHONPATH=/home/derek-dietz/MSAI/ComputerVision/Final_Project/ws/interbotix/install/lib/python3.12/site-packages:/home/derek-dietz/MSAI/ComputerVision/Final_Project/ros_ws/build/arm:/home/derek-dietz/MSAI/ComputerVision/Final_Project/ros_ws/install/arm/lib/python3.12/site-packages:/opt/ros/kilted/lib/python3.12/site-packages /usr/bin/cmake --build /home/derek-dietz/MSAI/ComputerVision/Final_Project/ws/interbotix/build/interbotix_xsarm_descriptions -- -j22 -l22
[3.598s] DEBUG:colcon.colcon_core.event_handler.log_command:Invoking command in '/home/derek-dietz/MSAI/ComputerVision/Final_Project/ws/interbotix/build/interbotix_xsarm_descriptions': CMAKE_PREFIX_PATH=${CMAKE_PREFIX_PATH}:/opt/ros/kilted DEBUGINFOD_URLS=https://debuginfod.ubuntu.com PYTHONPATH=/home/derek-dietz/MSAI/ComputerVision/Final_Project/ws/interbotix/install/lib/python3.12/site-packages:/home/derek-dietz/MSAI/ComputerVision/Final_Project/ros_ws/build/arm:/home/derek-dietz/MSAI/ComputerVision/Final_Project/ros_ws/install/arm/lib/python3.12/site-packages:/opt/ros/kilted/lib/python3.12/site-packages /usr/bin/cmake --install /home/derek-dietz/MSAI/ComputerVision/Final_Project/ws/interbotix/build/interbotix_xsarm_descriptions
[3.606s] DEBUG:colcon.colcon_core.event_handler.log_command:Invoked command in '/home/derek-dietz/MSAI/ComputerVision/Final_Project/ws/interbotix/build/interbotix_xs_toolbox' returned '0': CMAKE_PREFIX_PATH=${CMAKE_PREFIX_PATH}:/opt/ros/kilted DEBUGINFOD_URLS=https://debuginfod.ubuntu.com PYTHONPATH=/home/derek-dietz/MSAI/ComputerVision/Final_Project/ws/interbotix/install/lib/python3.12/site-packages:/home/derek-dietz/MSAI/ComputerVision/Final_Project/ros_ws/build/arm:/home/derek-dietz/MSAI/ComputerVision/Final_Project/ros_ws/install/arm/lib/python3.12/site-packages:/opt/ros/kilted/lib/python3.12/site-packages /usr/bin/cmake --build /home/derek-dietz/MSAI/ComputerVision/Final_Project/ws/interbotix/build/interbotix_xs_toolbox -- -j22 -l22
[3.607s] DEBUG:colcon.colcon_core.event_handler.log_command:Invoking command in '/home/derek-dietz/MSAI/ComputerVision/Final_Project/ws/interbotix/build/interbotix_xs_toolbox': CMAKE_PREFIX_PATH=${CMAKE_PREFIX_PATH}:/opt/ros/kilted DEBUGINFOD_URLS=https://debuginfod.ubuntu.com PYTHONPATH=/home/derek-dietz/MSAI/ComputerVision/Final_Project/ws/interbotix/install/lib/python3.12/site-packages:/home/derek-dietz/MSAI/ComputerVision/Final_Project/ros_ws/build/arm:/home/derek-dietz/MSAI/ComputerVision/Final_Project/ros_ws/install/arm/lib/python3.12/site-packages:/opt/ros/kilted/lib/python3.12/site-packages /usr/bin/cmake --install /home/derek-dietz/MSAI/ComputerVision/Final_Project/ws/interbotix/build/interbotix_xs_toolbox
[3.616s] Level 1:colcon.colcon_core.environment:create_environment_scripts_only(interbotix_xsarm_descriptions)
[3.617s] Level 1:colcon.colcon_core.environment:checking '/home/derek-dietz/MSAI/ComputerVision/Final_Project/ws/interbotix/install' for CMake module files
[3.624s] Level 1:colcon.colcon_core.environment:checking '/home/derek-dietz/MSAI/ComputerVision/Final_Project/ws/interbotix/install' for CMake config files
[3.627s] DEBUG:colcon.colcon_core.event_handler.log_command:Invoked command in '/home/derek-dietz/MSAI/ComputerVision/Final_Project/ws/interbotix/build/interbotix_xsarm_descriptions' returned '0': CMAKE_PREFIX_PATH=${CMAKE_PREFIX_PATH}:/opt/ros/kilted DEBUGINFOD_URLS=https://debuginfod.ubuntu.com PYTHONPATH=/home/derek-dietz/MSAI/ComputerVision/Final_Project/ws/interbotix/install/lib/python3.12/site-packages:/home/derek-dietz/MSAI/ComputerVision/Final_Project/ros_ws/build/arm:/home/derek-dietz/MSAI/ComputerVision/Final_Project/ros_ws/install/arm/lib/python3.12/site-packages:/opt/ros/kilted/lib/python3.12/site-packages /usr/bin/cmake --install /home/derek-dietz/MSAI/ComputerVision/Final_Project/ws/interbotix/build/interbotix_xsarm_descriptions
[3.629s] Level 1:colcon.colcon_core.shell:create_environment_hook('interbotix_xsarm_descriptions', 'cmake_prefix_path')
[3.630s] INFO:colcon.colcon_core.shell:Creating environment hook '/home/derek-dietz/MSAI/ComputerVision/Final_Project/ws/interbotix/install/share/interbotix_xsarm_descriptions/hook/cmake_prefix_path.ps1'
[3.630s] INFO:colcon.colcon_core.shell:Creating environment descriptor '/home/derek-dietz/MSAI/ComputerVision/Final_Project/ws/interbotix/install/share/interbotix_xsarm_descriptions/hook/cmake_prefix_path.dsv'
[3.630s] INFO:colcon.colcon_core.shell:Creating environment hook '/home/derek-dietz/MSAI/ComputerVision/Final_Project/ws/interbotix/install/share/interbotix_xsarm_descriptions/hook/cmake_prefix_path.sh'
[3.631s] Level 1:colcon.colcon_core.environment:checking '/home/derek-dietz/MSAI/ComputerVision/Final_Project/ws/interbotix/install/lib'
[3.631s] Level 1:colcon.colcon_core.shell:create_environment_hook('interbotix_xsarm_descriptions', 'ld_library_path_lib')
[3.631s] INFO:colcon.colcon_core.shell:Creating environment hook '/home/derek-dietz/MSAI/ComputerVision/Final_Project/ws/interbotix/install/share/interbotix_xsarm_descriptions/hook/ld_library_path_lib.ps1'
[3.632s] INFO:colcon.colcon_core.shell:Creating environment descriptor '/home/derek-dietz/MSAI/ComputerVision/Final_Project/ws/interbotix/install/share/interbotix_xsarm_descriptions/hook/ld_library_path_lib.dsv'
[3.632s] INFO:colcon.colcon_core.shell:Creating environment hook '/home/derek-dietz/MSAI/ComputerVision/Final_Project/ws/interbotix/install/share/interbotix_xsarm_descriptions/hook/ld_library_path_lib.sh'
[3.632s] Level 1:colcon.colcon_core.environment:checking '/home/derek-dietz/MSAI/ComputerVision/Final_Project/ws/interbotix/install/bin'
[3.632s] Level 1:colcon.colcon_core.environment:checking '/home/derek-dietz/MSAI/ComputerVision/Final_Project/ws/interbotix/install/lib/pkgconfig/interbotix_xsarm_descriptions.pc'
[3.633s] Level 1:colcon.colcon_core.environment:checking '/home/derek-dietz/MSAI/ComputerVision/Final_Project/ws/interbotix/install/lib/python3.12/site-packages'
[3.633s] Level 1:colcon.colcon_core.shell:create_environment_hook('interbotix_xsarm_descriptions', 'pythonpath')
[3.633s] INFO:colcon.colcon_core.shell:Creating environment hook '/home/derek-dietz/MSAI/ComputerVision/Final_Project/ws/interbotix/install/share/interbotix_xsarm_descriptions/hook/pythonpath.ps1'
[3.633s] INFO:colcon.colcon_core.shell:Creating environment descriptor '/home/derek-dietz/MSAI/ComputerVision/Final_Project/ws/interbotix/install/share/interbotix_xsarm_descriptions/hook/pythonpath.dsv'
[3.633s] INFO:colcon.colcon_core.shell:Creating environment hook '/home/derek-dietz/MSAI/ComputerVision/Final_Project/ws/interbotix/install/share/interbotix_xsarm_descriptions/hook/pythonpath.sh'
[3.634s] Level 1:colcon.colcon_core.environment:checking '/home/derek-dietz/MSAI/ComputerVision/Final_Project/ws/interbotix/install/bin'
[3.634s] INFO:colcon.colcon_core.shell:Creating package script '/home/derek-dietz/MSAI/ComputerVision/Final_Project/ws/interbotix/install/share/interbotix_xsarm_descriptions/package.ps1'
[3.635s] INFO:colcon.colcon_core.shell:Creating package descriptor '/home/derek-dietz/MSAI/ComputerVision/Final_Project/ws/interbotix/install/share/interbotix_xsarm_descriptions/package.dsv'
[3.636s] INFO:colcon.colcon_core.shell:Creating package script '/home/derek-dietz/MSAI/ComputerVision/Final_Project/ws/interbotix/install/share/interbotix_xsarm_descriptions/package.sh'
[3.636s] INFO:colcon.colcon_core.shell:Creating package script '/home/derek-dietz/MSAI/ComputerVision/Final_Project/ws/interbotix/install/share/interbotix_xsarm_descriptions/package.bash'
[3.637s] INFO:colcon.colcon_core.shell:Creating package script '/home/derek-dietz/MSAI/ComputerVision/Final_Project/ws/interbotix/install/share/interbotix_xsarm_descriptions/package.zsh'
[3.637s] Level 1:colcon.colcon_core.environment:create_file_with_runtime_dependencies(/home/derek-dietz/MSAI/ComputerVision/Final_Project/ws/interbotix/install/share/colcon-core/packages/interbotix_xsarm_descriptions)
[3.637s] Level 1:colcon.colcon_core.environment:create_environment_scripts_only(interbotix_xsarm_descriptions)
[3.638s] Level 1:colcon.colcon_core.environment:checking '/home/derek-dietz/MSAI/ComputerVision/Final_Project/ws/interbotix/install' for CMake module files
[3.638s] Level 1:colcon.colcon_core.environment:checking '/home/derek-dietz/MSAI/ComputerVision/Final_Project/ws/interbotix/install' for CMake config files
[3.639s] Level 1:colcon.colcon_core.shell:create_environment_hook('interbotix_xsarm_descriptions', 'cmake_prefix_path')
[3.639s] INFO:colcon.colcon_core.shell:Creating environment hook '/home/derek-dietz/MSAI/ComputerVision/Final_Project/ws/interbotix/install/share/interbotix_xsarm_descriptions/hook/cmake_prefix_path.ps1'
[3.640s] INFO:colcon.colcon_core.shell:Creating environment descriptor '/home/derek-dietz/MSAI/ComputerVision/Final_Project/ws/interbotix/install/share/interbotix_xsarm_descriptions/hook/cmake_prefix_path.dsv'
[3.640s] INFO:colcon.colcon_core.shell:Creating environment hook '/home/derek-dietz/MSAI/ComputerVision/Final_Project/ws/interbotix/install/share/interbotix_xsarm_descriptions/hook/cmake_prefix_path.sh'
[3.641s] Level 1:colcon.colcon_core.environment:checking '/home/derek-dietz/MSAI/ComputerVision/Final_Project/ws/interbotix/install/lib'
[3.641s] Level 1:colcon.colcon_core.shell:create_environment_hook('interbotix_xsarm_descriptions', 'ld_library_path_lib')
[3.641s] INFO:colcon.colcon_core.shell:Creating environment hook '/home/derek-dietz/MSAI/ComputerVision/Final_Project/ws/interbotix/install/share/interbotix_xsarm_descriptions/hook/ld_library_path_lib.ps1'
[3.641s] INFO:colcon.colcon_core.shell:Creating environment descriptor '/home/derek-dietz/MSAI/ComputerVision/Final_Project/ws/interbotix/install/share/interbotix_xsarm_descriptions/hook/ld_library_path_lib.dsv'
[3.642s] INFO:colcon.colcon_core.shell:Creating environment hook '/home/derek-dietz/MSAI/ComputerVision/Final_Project/ws/interbotix/install/share/interbotix_xsarm_descriptions/hook/ld_library_path_lib.sh'
[3.642s] Level 1:colcon.colcon_core.environment:checking '/home/derek-dietz/MSAI/ComputerVision/Final_Project/ws/interbotix/install/bin'
[3.642s] Level 1:colcon.colcon_core.environment:checking '/home/derek-dietz/MSAI/ComputerVision/Final_Project/ws/interbotix/install/lib/pkgconfig/interbotix_xsarm_descriptions.pc'
[3.643s] Level 1:colcon.colcon_core.environment:checking '/home/derek-dietz/MSAI/ComputerVision/Final_Project/ws/interbotix/install/lib/python3.12/site-packages'
[3.643s] Level 1:colcon.colcon_core.shell:create_environment_hook('interbotix_xsarm_descriptions', 'pythonpath')
[3.643s] INFO:colcon.colcon_core.shell:Creating environment hook '/home/derek-dietz/MSAI/ComputerVision/Final_Project/ws/interbotix/install/share/interbotix_xsarm_descriptions/hook/pythonpath.ps1'
[3.643s] INFO:colcon.colcon_core.shell:Creating environment descriptor '/home/derek-dietz/MSAI/ComputerVision/Final_Project/ws/interbotix/install/share/interbotix_xsarm_descriptions/hook/pythonpath.dsv'
[3.644s] INFO:colcon.colcon_core.shell:Creating environment hook '/home/derek-dietz/MSAI/ComputerVision/Final_Project/ws/interbotix/install/share/interbotix_xsarm_descriptions/hook/pythonpath.sh'
[3.644s] Level 1:colcon.colcon_core.environment:checking '/home/derek-dietz/MSAI/ComputerVision/Final_Project/ws/interbotix/install/bin'
[3.645s] INFO:colcon.colcon_core.shell:Creating package script '/home/derek-dietz/MSAI/ComputerVision/Final_Project/ws/interbotix/install/share/interbotix_xsarm_descriptions/package.ps1'
[3.645s] INFO:colcon.colcon_core.shell:Creating package descriptor '/home/derek-dietz/MSAI/ComputerVision/Final_Project/ws/interbotix/install/share/interbotix_xsarm_descriptions/package.dsv'
[3.646s] INFO:colcon.colcon_core.shell:Creating package script '/home/derek-dietz/MSAI/ComputerVision/Final_Project/ws/interbotix/install/share/interbotix_xsarm_descriptions/package.sh'
[3.646s] INFO:colcon.colcon_core.shell:Creating package script '/home/derek-dietz/MSAI/ComputerVision/Final_Project/ws/interbotix/install/share/interbotix_xsarm_descriptions/package.bash'
[3.647s] INFO:colcon.colcon_core.shell:Creating package script '/home/derek-dietz/MSAI/ComputerVision/Final_Project/ws/interbotix/install/share/interbotix_xsarm_descriptions/package.zsh'
[3.647s] Level 1:colcon.colcon_core.environment:create_file_with_runtime_dependencies(/home/derek-dietz/MSAI/ComputerVision/Final_Project/ws/interbotix/install/share/colcon-core/packages/interbotix_xsarm_descriptions)
[3.648s] INFO:colcon.colcon_ros.task.ament_cmake.build:Building ROS package in '/home/derek-dietz/MSAI/ComputerVision/Final_Project/ws/interbotix/src/interbotix_ros_manipulators/interbotix_ros_xsarms/interbotix_xsarm_control' with build type 'ament_cmake'
[3.648s] INFO:colcon.colcon_cmake.task.cmake.build:Building CMake package in '/home/derek-dietz/MSAI/ComputerVision/Final_Project/ws/interbotix/src/interbotix_ros_manipulators/interbotix_ros_xsarms/interbotix_xsarm_control'
[3.648s] INFO:colcon.colcon_core.shell:Skip shell extension 'powershell' for command environment: Not usable outside of PowerShell
[3.648s] DEBUG:colcon.colcon_core.shell:Skip shell extension 'dsv' for command environment
[3.654s] INFO:colcon.colcon_ros.task.ament_cmake.build:Building ROS package in '/home/derek-dietz/MSAI/ComputerVision/Final_Project/ws/interbotix/src/interbotix_ros_manipulators/interbotix_ros_xsarms/interbotix_xsarm_sim' with build type 'ament_cmake'
[3.654s] INFO:colcon.colcon_cmake.task.cmake.build:Building CMake package in '/home/derek-dietz/MSAI/ComputerVision/Final_Project/ws/interbotix/src/interbotix_ros_manipulators/interbotix_ros_xsarms/interbotix_xsarm_sim'
[3.654s] INFO:colcon.colcon_core.shell:Skip shell extension 'powershell' for command environment: Not usable outside of PowerShell
[3.654s] DEBUG:colcon.colcon_core.shell:Skip shell extension 'dsv' for command environment
[3.658s] Level 1:colcon.colcon_core.environment:create_environment_scripts_only(interbotix_xs_toolbox)
[3.658s] Level 1:colcon.colcon_core.environment:checking '/home/derek-dietz/MSAI/ComputerVision/Final_Project/ws/interbotix/install' for CMake module files
[3.659s] DEBUG:colcon.colcon_core.event_handler.log_command:Invoked command in '/home/derek-dietz/MSAI/ComputerVision/Final_Project/ws/interbotix/build/interbotix_xs_toolbox' returned '0': CMAKE_PREFIX_PATH=${CMAKE_PREFIX_PATH}:/opt/ros/kilted DEBUGINFOD_URLS=https://debuginfod.ubuntu.com PYTHONPATH=/home/derek-dietz/MSAI/ComputerVision/Final_Project/ws/interbotix/install/lib/python3.12/site-packages:/home/derek-dietz/MSAI/ComputerVision/Final_Project/ros_ws/build/arm:/home/derek-dietz/MSAI/ComputerVision/Final_Project/ros_ws/install/arm/lib/python3.12/site-packages:/opt/ros/kilted/lib/python3.12/site-packages /usr/bin/cmake --install /home/derek-dietz/MSAI/ComputerVision/Final_Project/ws/interbotix/build/interbotix_xs_toolbox
[3.659s] Level 1:colcon.colcon_core.environment:checking '/home/derek-dietz/MSAI/ComputerVision/Final_Project/ws/interbotix/install' for CMake config files
[3.660s] Level 1:colcon.colcon_core.shell:create_environment_hook('interbotix_xs_toolbox', 'cmake_prefix_path')
[3.660s] INFO:colcon.colcon_core.shell:Creating environment hook '/home/derek-dietz/MSAI/ComputerVision/Final_Project/ws/interbotix/install/share/interbotix_xs_toolbox/hook/cmake_prefix_path.ps1'
[3.660s] INFO:colcon.colcon_core.shell:Creating environment descriptor '/home/derek-dietz/MSAI/ComputerVision/Final_Project/ws/interbotix/install/share/interbotix_xs_toolbox/hook/cmake_prefix_path.dsv'
[3.660s] INFO:colcon.colcon_core.shell:Creating environment hook '/home/derek-dietz/MSAI/ComputerVision/Final_Project/ws/interbotix/install/share/interbotix_xs_toolbox/hook/cmake_prefix_path.sh'
[3.660s] Level 1:colcon.colcon_core.environment:checking '/home/derek-dietz/MSAI/ComputerVision/Final_Project/ws/interbotix/install/lib'
[3.660s] Level 1:colcon.colcon_core.shell:create_environment_hook('interbotix_xs_toolbox', 'ld_library_path_lib')
[3.661s] INFO:colcon.colcon_core.shell:Creating environment hook '/home/derek-dietz/MSAI/ComputerVision/Final_Project/ws/interbotix/install/share/interbotix_xs_toolbox/hook/ld_library_path_lib.ps1'
[3.661s] INFO:colcon.colcon_core.shell:Creating environment descriptor '/home/derek-dietz/MSAI/ComputerVision/Final_Project/ws/interbotix/install/share/interbotix_xs_toolbox/hook/ld_library_path_lib.dsv'
[3.661s] INFO:colcon.colcon_core.shell:Creating environment hook '/home/derek-dietz/MSAI/ComputerVision/Final_Project/ws/interbotix/install/share/interbotix_xs_toolbox/hook/ld_library_path_lib.sh'
[3.661s] Level 1:colcon.colcon_core.environment:checking '/home/derek-dietz/MSAI/ComputerVision/Final_Project/ws/interbotix/install/bin'
[3.661s] Level 1:colcon.colcon_core.environment:checking '/home/derek-dietz/MSAI/ComputerVision/Final_Project/ws/interbotix/install/lib/pkgconfig/interbotix_xs_toolbox.pc'
[3.661s] Level 1:colcon.colcon_core.environment:checking '/home/derek-dietz/MSAI/ComputerVision/Final_Project/ws/interbotix/install/lib/python3.12/site-packages'
[3.661s] Level 1:colcon.colcon_core.shell:create_environment_hook('interbotix_xs_toolbox', 'pythonpath')
[3.661s] INFO:colcon.colcon_core.shell:Creating environment hook '/home/derek-dietz/MSAI/ComputerVision/Final_Project/ws/interbotix/install/share/interbotix_xs_toolbox/hook/pythonpath.ps1'
[3.662s] INFO:colcon.colcon_core.shell:Creating environment descriptor '/home/derek-dietz/MSAI/ComputerVision/Final_Project/ws/interbotix/install/share/interbotix_xs_toolbox/hook/pythonpath.dsv'
[3.662s] INFO:colcon.colcon_core.shell:Creating environment hook '/home/derek-dietz/MSAI/ComputerVision/Final_Project/ws/interbotix/install/share/interbotix_xs_toolbox/hook/pythonpath.sh'
[3.662s] Level 1:colcon.colcon_core.environment:checking '/home/derek-dietz/MSAI/ComputerVision/Final_Project/ws/interbotix/install/bin'
[3.662s] INFO:colcon.colcon_core.shell:Creating package script '/home/derek-dietz/MSAI/ComputerVision/Final_Project/ws/interbotix/install/share/interbotix_xs_toolbox/package.ps1'
[3.663s] INFO:colcon.colcon_core.shell:Creating package descriptor '/home/derek-dietz/MSAI/ComputerVision/Final_Project/ws/interbotix/install/share/interbotix_xs_toolbox/package.dsv'
[3.663s] INFO:colcon.colcon_core.shell:Creating package script '/home/derek-dietz/MSAI/ComputerVision/Final_Project/ws/interbotix/install/share/interbotix_xs_toolbox/package.sh'
[3.663s] INFO:colcon.colcon_core.shell:Creating package script '/home/derek-dietz/MSAI/ComputerVision/Final_Project/ws/interbotix/install/share/interbotix_xs_toolbox/package.bash'
[3.663s] INFO:colcon.colcon_core.shell:Creating package script '/home/derek-dietz/MSAI/ComputerVision/Final_Project/ws/interbotix/install/share/interbotix_xs_toolbox/package.zsh'
[3.663s] Level 1:colcon.colcon_core.environment:create_file_with_runtime_dependencies(/home/derek-dietz/MSAI/ComputerVision/Final_Project/ws/interbotix/install/share/colcon-core/packages/interbotix_xs_toolbox)
[3.664s] Level 1:colcon.colcon_core.environment:create_environment_scripts_only(interbotix_xs_toolbox)
[3.664s] Level 1:colcon.colcon_core.environment:checking '/home/derek-dietz/MSAI/ComputerVision/Final_Project/ws/interbotix/install' for CMake module files
[3.664s] Level 1:colcon.colcon_core.environment:checking '/home/derek-dietz/MSAI/ComputerVision/Final_Project/ws/interbotix/install' for CMake config files
[3.664s] Level 1:colcon.colcon_core.shell:create_environment_hook('interbotix_xs_toolbox', 'cmake_prefix_path')
[3.665s] INFO:colcon.colcon_core.shell:Creating environment hook '/home/derek-dietz/MSAI/ComputerVision/Final_Project/ws/interbotix/install/share/interbotix_xs_toolbox/hook/cmake_prefix_path.ps1'
[3.665s] INFO:colcon.colcon_core.shell:Creating environment descriptor '/home/derek-dietz/MSAI/ComputerVision/Final_Project/ws/interbotix/install/share/interbotix_xs_toolbox/hook/cmake_prefix_path.dsv'
[3.665s] INFO:colcon.colcon_core.shell:Creating environment hook '/home/derek-dietz/MSAI/ComputerVision/Final_Project/ws/interbotix/install/share/interbotix_xs_toolbox/hook/cmake_prefix_path.sh'
[3.665s] Level 1:colcon.colcon_core.environment:checking '/home/derek-dietz/MSAI/ComputerVision/Final_Project/ws/interbotix/install/lib'
[3.665s] Level 1:colcon.colcon_core.shell:create_environment_hook('interbotix_xs_toolbox', 'ld_library_path_lib')
[3.666s] INFO:colcon.colcon_core.shell:Creating environment hook '/home/derek-dietz/MSAI/ComputerVision/Final_Project/ws/interbotix/install/share/interbotix_xs_toolbox/hook/ld_library_path_lib.ps1'
[3.666s] INFO:colcon.colcon_core.shell:Creating environment descriptor '/home/derek-dietz/MSAI/ComputerVision/Final_Project/ws/interbotix/install/share/interbotix_xs_toolbox/hook/ld_library_path_lib.dsv'
[3.666s] INFO:colcon.colcon_core.shell:Creating environment hook '/home/derek-dietz/MSAI/ComputerVision/Final_Project/ws/interbotix/install/share/interbotix_xs_toolbox/hook/ld_library_path_lib.sh'
[3.666s] Level 1:colcon.colcon_core.environment:checking '/home/derek-dietz/MSAI/ComputerVision/Final_Project/ws/interbotix/install/bin'
[3.666s] Level 1:colcon.colcon_core.environment:checking '/home/derek-dietz/MSAI/ComputerVision/Final_Project/ws/interbotix/install/lib/pkgconfig/interbotix_xs_toolbox.pc'
[3.666s] Level 1:colcon.colcon_core.environment:checking '/home/derek-dietz/MSAI/ComputerVision/Final_Project/ws/interbotix/install/lib/python3.12/site-packages'
[3.666s] Level 1:colcon.colcon_core.shell:create_environment_hook('interbotix_xs_toolbox', 'pythonpath')
[3.666s] INFO:colcon.colcon_core.shell:Creating environment hook '/home/derek-dietz/MSAI/ComputerVision/Final_Project/ws/interbotix/install/share/interbotix_xs_toolbox/hook/pythonpath.ps1'
[3.667s] INFO:colcon.colcon_core.shell:Creating environment descriptor '/home/derek-dietz/MSAI/ComputerVision/Final_Project/ws/interbotix/install/share/interbotix_xs_toolbox/hook/pythonpath.dsv'
[3.667s] INFO:colcon.colcon_core.shell:Creating environment hook '/home/derek-dietz/MSAI/ComputerVision/Final_Project/ws/interbotix/install/share/interbotix_xs_toolbox/hook/pythonpath.sh'
[3.667s] Level 1:colcon.colcon_core.environment:checking '/home/derek-dietz/MSAI/ComputerVision/Final_Project/ws/interbotix/install/bin'
[3.667s] INFO:colcon.colcon_core.shell:Creating package script '/home/derek-dietz/MSAI/ComputerVision/Final_Project/ws/interbotix/install/share/interbotix_xs_toolbox/package.ps1'
[3.667s] INFO:colcon.colcon_core.shell:Creating package descriptor '/home/derek-dietz/MSAI/ComputerVision/Final_Project/ws/interbotix/install/share/interbotix_xs_toolbox/package.dsv'
[3.668s] INFO:colcon.colcon_core.shell:Creating package script '/home/derek-dietz/MSAI/ComputerVision/Final_Project/ws/interbotix/install/share/interbotix_xs_toolbox/package.sh'
[3.668s] INFO:colcon.colcon_core.shell:Creating package script '/home/derek-dietz/MSAI/ComputerVision/Final_Project/ws/interbotix/install/share/interbotix_xs_toolbox/package.bash'
[3.668s] INFO:colcon.colcon_core.shell:Creating package script '/home/derek-dietz/MSAI/ComputerVision/Final_Project/ws/interbotix/install/share/interbotix_xs_toolbox/package.zsh'
[3.668s] Level 1:colcon.colcon_core.environment:create_file_with_runtime_dependencies(/home/derek-dietz/MSAI/ComputerVision/Final_Project/ws/interbotix/install/share/colcon-core/packages/interbotix_xs_toolbox)
[3.671s] DEBUG:colcon.colcon_core.event_handler.log_command:Invoking command in '/home/derek-dietz/MSAI/ComputerVision/Final_Project/ws/interbotix/build/interbotix_xsarm_control': CMAKE_PREFIX_PATH=${CMAKE_PREFIX_PATH}:/opt/ros/kilted DEBUGINFOD_URLS=https://debuginfod.ubuntu.com PYTHONPATH=/home/derek-dietz/MSAI/ComputerVision/Final_Project/ws/interbotix/install/lib/python3.12/site-packages:/home/derek-dietz/MSAI/ComputerVision/Final_Project/ros_ws/build/arm:/home/derek-dietz/MSAI/ComputerVision/Final_Project/ros_ws/install/arm/lib/python3.12/site-packages:/opt/ros/kilted/lib/python3.12/site-packages /usr/bin/cmake --build /home/derek-dietz/MSAI/ComputerVision/Final_Project/ws/interbotix/build/interbotix_xsarm_control -- -j22 -l22
[3.677s] DEBUG:colcon.colcon_core.event_handler.log_command:Invoking command in '/home/derek-dietz/MSAI/ComputerVision/Final_Project/ws/interbotix/build/interbotix_xsarm_sim': CMAKE_PREFIX_PATH=${CMAKE_PREFIX_PATH}:/opt/ros/kilted DEBUGINFOD_URLS=https://debuginfod.ubuntu.com PYTHONPATH=/home/derek-dietz/MSAI/ComputerVision/Final_Project/ws/interbotix/install/lib/python3.12/site-packages:/home/derek-dietz/MSAI/ComputerVision/Final_Project/ros_ws/build/arm:/home/derek-dietz/MSAI/ComputerVision/Final_Project/ros_ws/install/arm/lib/python3.12/site-packages:/opt/ros/kilted/lib/python3.12/site-packages /usr/bin/cmake --build /home/derek-dietz/MSAI/ComputerVision/Final_Project/ws/interbotix/build/interbotix_xsarm_sim -- -j22 -l22
[3.717s] DEBUG:colcon.colcon_core.event_handler.log_command:Invoked command in '/home/derek-dietz/MSAI/ComputerVision/Final_Project/ws/interbotix/build/interbotix_xsarm_control' returned '0': CMAKE_PREFIX_PATH=${CMAKE_PREFIX_PATH}:/opt/ros/kilted DEBUGINFOD_URLS=https://debuginfod.ubuntu.com PYTHONPATH=/home/derek-dietz/MSAI/ComputerVision/Final_Project/ws/interbotix/install/lib/python3.12/site-packages:/home/derek-dietz/MSAI/ComputerVision/Final_Project/ros_ws/build/arm:/home/derek-dietz/MSAI/ComputerVision/Final_Project/ros_ws/install/arm/lib/python3.12/site-packages:/opt/ros/kilted/lib/python3.12/site-packages /usr/bin/cmake --build /home/derek-dietz/MSAI/ComputerVision/Final_Project/ws/interbotix/build/interbotix_xsarm_control -- -j22 -l22
[3.718s] DEBUG:colcon.colcon_core.event_handler.log_command:Invoking command in '/home/derek-dietz/MSAI/ComputerVision/Final_Project/ws/interbotix/build/interbotix_xsarm_control': CMAKE_PREFIX_PATH=${CMAKE_PREFIX_PATH}:/opt/ros/kilted DEBUGINFOD_URLS=https://debuginfod.ubuntu.com PYTHONPATH=/home/derek-dietz/MSAI/ComputerVision/Final_Project/ws/interbotix/install/lib/python3.12/site-packages:/home/derek-dietz/MSAI/ComputerVision/Final_Project/ros_ws/build/arm:/home/derek-dietz/MSAI/ComputerVision/Final_Project/ros_ws/install/arm/lib/python3.12/site-packages:/opt/ros/kilted/lib/python3.12/site-packages /usr/bin/cmake --install /home/derek-dietz/MSAI/ComputerVision/Final_Project/ws/interbotix/build/interbotix_xsarm_control
[3.723s] DEBUG:colcon.colcon_core.event_handler.log_command:Invoked command in '/home/derek-dietz/MSAI/ComputerVision/Final_Project/ws/interbotix/build/interbotix_xsarm_sim' returned '0': CMAKE_PREFIX_PATH=${CMAKE_PREFIX_PATH}:/opt/ros/kilted DEBUGINFOD_URLS=https://debuginfod.ubuntu.com PYTHONPATH=/home/derek-dietz/MSAI/ComputerVision/Final_Project/ws/interbotix/install/lib/python3.12/site-packages:/home/derek-dietz/MSAI/ComputerVision/Final_Project/ros_ws/build/arm:/home/derek-dietz/MSAI/ComputerVision/Final_Project/ros_ws/install/arm/lib/python3.12/site-packages:/opt/ros/kilted/lib/python3.12/site-packages /usr/bin/cmake --build /home/derek-dietz/MSAI/ComputerVision/Final_Project/ws/interbotix/build/interbotix_xsarm_sim -- -j22 -l22
[3.725s] DEBUG:colcon.colcon_core.event_handler.log_command:Invoking command in '/home/derek-dietz/MSAI/ComputerVision/Final_Project/ws/interbotix/build/interbotix_xsarm_sim': CMAKE_PREFIX_PATH=${CMAKE_PREFIX_PATH}:/opt/ros/kilted DEBUGINFOD_URLS=https://debuginfod.ubuntu.com PYTHONPATH=/home/derek-dietz/MSAI/ComputerVision/Final_Project/ws/interbotix/install/lib/python3.12/site-packages:/home/derek-dietz/MSAI/ComputerVision/Final_Project/ros_ws/build/arm:/home/derek-dietz/MSAI/ComputerVision/Final_Project/ros_ws/install/arm/lib/python3.12/site-packages:/opt/ros/kilted/lib/python3.12/site-packages /usr/bin/cmake --install /home/derek-dietz/MSAI/ComputerVision/Final_Project/ws/interbotix/build/interbotix_xsarm_sim
[3.734s] Level 1:colcon.colcon_core.environment:create_environment_scripts_only(interbotix_xsarm_control)
[3.734s] Level 1:colcon.colcon_core.environment:checking '/home/derek-dietz/MSAI/ComputerVision/Final_Project/ws/interbotix/install' for CMake module files
[3.735s] DEBUG:colcon.colcon_core.event_handler.log_command:Invoked command in '/home/derek-dietz/MSAI/ComputerVision/Final_Project/ws/interbotix/build/interbotix_xsarm_control' returned '0': CMAKE_PREFIX_PATH=${CMAKE_PREFIX_PATH}:/opt/ros/kilted DEBUGINFOD_URLS=https://debuginfod.ubuntu.com PYTHONPATH=/home/derek-dietz/MSAI/ComputerVision/Final_Project/ws/interbotix/install/lib/python3.12/site-packages:/home/derek-dietz/MSAI/ComputerVision/Final_Project/ros_ws/build/arm:/home/derek-dietz/MSAI/ComputerVision/Final_Project/ros_ws/install/arm/lib/python3.12/site-packages:/opt/ros/kilted/lib/python3.12/site-packages /usr/bin/cmake --install /home/derek-dietz/MSAI/ComputerVision/Final_Project/ws/interbotix/build/interbotix_xsarm_control
[3.738s] Level 1:colcon.colcon_core.environment:checking '/home/derek-dietz/MSAI/ComputerVision/Final_Project/ws/interbotix/install' for CMake config files
[3.739s] Level 1:colcon.colcon_core.shell:create_environment_hook('interbotix_xsarm_control', 'cmake_prefix_path')
[3.739s] INFO:colcon.colcon_core.shell:Creating environment hook '/home/derek-dietz/MSAI/ComputerVision/Final_Project/ws/interbotix/install/share/interbotix_xsarm_control/hook/cmake_prefix_path.ps1'
[3.739s] INFO:colcon.colcon_core.shell:Creating environment descriptor '/home/derek-dietz/MSAI/ComputerVision/Final_Project/ws/interbotix/install/share/interbotix_xsarm_control/hook/cmake_prefix_path.dsv'
[3.740s] INFO:colcon.colcon_core.shell:Creating environment hook '/home/derek-dietz/MSAI/ComputerVision/Final_Project/ws/interbotix/install/share/interbotix_xsarm_control/hook/cmake_prefix_path.sh'
[3.740s] Level 1:colcon.colcon_core.environment:checking '/home/derek-dietz/MSAI/ComputerVision/Final_Project/ws/interbotix/install/lib'
[3.740s] Level 1:colcon.colcon_core.shell:create_environment_hook('interbotix_xsarm_control', 'ld_library_path_lib')
[3.741s] INFO:colcon.colcon_core.shell:Creating environment hook '/home/derek-dietz/MSAI/ComputerVision/Final_Project/ws/interbotix/install/share/interbotix_xsarm_control/hook/ld_library_path_lib.ps1'
[3.741s] INFO:colcon.colcon_core.shell:Creating environment descriptor '/home/derek-dietz/MSAI/ComputerVision/Final_Project/ws/interbotix/install/share/interbotix_xsarm_control/hook/ld_library_path_lib.dsv'
[3.741s] INFO:colcon.colcon_core.shell:Creating environment hook '/home/derek-dietz/MSAI/ComputerVision/Final_Project/ws/interbotix/install/share/interbotix_xsarm_control/hook/ld_library_path_lib.sh'
[3.742s] Level 1:colcon.colcon_core.environment:checking '/home/derek-dietz/MSAI/ComputerVision/Final_Project/ws/interbotix/install/bin'
[3.742s] Level 1:colcon.colcon_core.environment:checking '/home/derek-dietz/MSAI/ComputerVision/Final_Project/ws/interbotix/install/lib/pkgconfig/interbotix_xsarm_control.pc'
[3.742s] Level 1:colcon.colcon_core.environment:checking '/home/derek-dietz/MSAI/ComputerVision/Final_Project/ws/interbotix/install/lib/python3.12/site-packages'
[3.742s] Level 1:colcon.colcon_core.shell:create_environment_hook('interbotix_xsarm_control', 'pythonpath')
[3.742s] INFO:colcon.colcon_core.shell:Creating environment hook '/home/derek-dietz/MSAI/ComputerVision/Final_Project/ws/interbotix/install/share/interbotix_xsarm_control/hook/pythonpath.ps1'
[3.742s] INFO:colcon.colcon_core.shell:Creating environment descriptor '/home/derek-dietz/MSAI/ComputerVision/Final_Project/ws/interbotix/install/share/interbotix_xsarm_control/hook/pythonpath.dsv'
[3.743s] INFO:colcon.colcon_core.shell:Creating environment hook '/home/derek-dietz/MSAI/ComputerVision/Final_Project/ws/interbotix/install/share/interbotix_xsarm_control/hook/pythonpath.sh'
[3.744s] Level 1:colcon.colcon_core.environment:checking '/home/derek-dietz/MSAI/ComputerVision/Final_Project/ws/interbotix/install/bin'
[3.744s] INFO:colcon.colcon_core.shell:Creating package script '/home/derek-dietz/MSAI/ComputerVision/Final_Project/ws/interbotix/install/share/interbotix_xsarm_control/package.ps1'
[3.745s] INFO:colcon.colcon_core.shell:Creating package descriptor '/home/derek-dietz/MSAI/ComputerVision/Final_Project/ws/interbotix/install/share/interbotix_xsarm_control/package.dsv'
[3.745s] INFO:colcon.colcon_core.shell:Creating package script '/home/derek-dietz/MSAI/ComputerVision/Final_Project/ws/interbotix/install/share/interbotix_xsarm_control/package.sh'
[3.746s] INFO:colcon.colcon_core.shell:Creating package script '/home/derek-dietz/MSAI/ComputerVision/Final_Project/ws/interbotix/install/share/interbotix_xsarm_control/package.bash'
[3.746s] INFO:colcon.colcon_core.shell:Creating package script '/home/derek-dietz/MSAI/ComputerVision/Final_Project/ws/interbotix/install/share/interbotix_xsarm_control/package.zsh'
[3.746s] Level 1:colcon.colcon_core.environment:create_file_with_runtime_dependencies(/home/derek-dietz/MSAI/ComputerVision/Final_Project/ws/interbotix/install/share/colcon-core/packages/interbotix_xsarm_control)
[3.747s] Level 1:colcon.colcon_core.environment:create_environment_scripts_only(interbotix_xsarm_control)
[3.747s] Level 1:colcon.colcon_core.environment:checking '/home/derek-dietz/MSAI/ComputerVision/Final_Project/ws/interbotix/install' for CMake module files
[3.748s] Level 1:colcon.colcon_core.environment:checking '/home/derek-dietz/MSAI/ComputerVision/Final_Project/ws/interbotix/install' for CMake config files
[3.749s] Level 1:colcon.colcon_core.shell:create_environment_hook('interbotix_xsarm_control', 'cmake_prefix_path')
[3.749s] INFO:colcon.colcon_core.shell:Creating environment hook '/home/derek-dietz/MSAI/ComputerVision/Final_Project/ws/interbotix/install/share/interbotix_xsarm_control/hook/cmake_prefix_path.ps1'
[3.749s] INFO:colcon.colcon_core.shell:Creating environment descriptor '/home/derek-dietz/MSAI/ComputerVision/Final_Project/ws/interbotix/install/share/interbotix_xsarm_control/hook/cmake_prefix_path.dsv'
[3.750s] INFO:colcon.colcon_core.shell:Creating environment hook '/home/derek-dietz/MSAI/ComputerVision/Final_Project/ws/interbotix/install/share/interbotix_xsarm_control/hook/cmake_prefix_path.sh'
[3.750s] Level 1:colcon.colcon_core.environment:checking '/home/derek-dietz/MSAI/ComputerVision/Final_Project/ws/interbotix/install/lib'
[3.750s] Level 1:colcon.colcon_core.shell:create_environment_hook('interbotix_xsarm_control', 'ld_library_path_lib')
[3.750s] INFO:colcon.colcon_core.shell:Creating environment hook '/home/derek-dietz/MSAI/ComputerVision/Final_Project/ws/interbotix/install/share/interbotix_xsarm_control/hook/ld_library_path_lib.ps1'
[3.751s] INFO:colcon.colcon_core.shell:Creating environment descriptor '/home/derek-dietz/MSAI/ComputerVision/Final_Project/ws/interbotix/install/share/interbotix_xsarm_control/hook/ld_library_path_lib.dsv'
[3.751s] INFO:colcon.colcon_core.shell:Creating environment hook '/home/derek-dietz/MSAI/ComputerVision/Final_Project/ws/interbotix/install/share/interbotix_xsarm_control/hook/ld_library_path_lib.sh'
[3.752s] Level 1:colcon.colcon_core.environment:checking '/home/derek-dietz/MSAI/ComputerVision/Final_Project/ws/interbotix/install/bin'
[3.752s] Level 1:colcon.colcon_core.environment:checking '/home/derek-dietz/MSAI/ComputerVision/Final_Project/ws/interbotix/install/lib/pkgconfig/interbotix_xsarm_control.pc'
[3.752s] Level 1:colcon.colcon_core.environment:checking '/home/derek-dietz/MSAI/ComputerVision/Final_Project/ws/interbotix/install/lib/python3.12/site-packages'
[3.752s] Level 1:colcon.colcon_core.shell:create_environment_hook('interbotix_xsarm_control', 'pythonpath')
[3.752s] INFO:colcon.colcon_core.shell:Creating environment hook '/home/derek-dietz/MSAI/ComputerVision/Final_Project/ws/interbotix/install/share/interbotix_xsarm_control/hook/pythonpath.ps1'
[3.753s] INFO:colcon.colcon_core.shell:Creating environment descriptor '/home/derek-dietz/MSAI/ComputerVision/Final_Project/ws/interbotix/install/share/interbotix_xsarm_control/hook/pythonpath.dsv'
[3.753s] INFO:colcon.colcon_core.shell:Creating environment hook '/home/derek-dietz/MSAI/ComputerVision/Final_Project/ws/interbotix/install/share/interbotix_xsarm_control/hook/pythonpath.sh'
[3.754s] Level 1:colcon.colcon_core.environment:checking '/home/derek-dietz/MSAI/ComputerVision/Final_Project/ws/interbotix/install/bin'
[3.754s] INFO:colcon.colcon_core.shell:Creating package script '/home/derek-dietz/MSAI/ComputerVision/Final_Project/ws/interbotix/install/share/interbotix_xsarm_control/package.ps1'
[3.754s] INFO:colcon.colcon_core.shell:Creating package descriptor '/home/derek-dietz/MSAI/ComputerVision/Final_Project/ws/interbotix/install/share/interbotix_xsarm_control/package.dsv'
[3.755s] INFO:colcon.colcon_core.shell:Creating package script '/home/derek-dietz/MSAI/ComputerVision/Final_Project/ws/interbotix/install/share/interbotix_xsarm_control/package.sh'
[3.755s] INFO:colcon.colcon_core.shell:Creating package script '/home/derek-dietz/MSAI/ComputerVision/Final_Project/ws/interbotix/install/share/interbotix_xsarm_control/package.bash'
[3.755s] INFO:colcon.colcon_core.shell:Creating package script '/home/derek-dietz/MSAI/ComputerVision/Final_Project/ws/interbotix/install/share/interbotix_xsarm_control/package.zsh'
[3.756s] Level 1:colcon.colcon_core.environment:create_file_with_runtime_dependencies(/home/derek-dietz/MSAI/ComputerVision/Final_Project/ws/interbotix/install/share/colcon-core/packages/interbotix_xsarm_control)
[3.756s] INFO:colcon.colcon_ros.task.ament_cmake.build:Building ROS package in '/home/derek-dietz/MSAI/ComputerVision/Final_Project/ws/interbotix/src/interbotix_ros_manipulators/interbotix_ros_xsarms/interbotix_xsarm_ros_control' with build type 'ament_cmake'
[3.756s] INFO:colcon.colcon_cmake.task.cmake.build:Building CMake package in '/home/derek-dietz/MSAI/ComputerVision/Final_Project/ws/interbotix/src/interbotix_ros_manipulators/interbotix_ros_xsarms/interbotix_xsarm_ros_control'
[3.756s] INFO:colcon.colcon_core.shell:Skip shell extension 'powershell' for command environment: Not usable outside of PowerShell
[3.756s] DEBUG:colcon.colcon_core.shell:Skip shell extension 'dsv' for command environment
[3.760s] INFO:colcon.colcon_ros.task.ament_cmake.build:Building ROS package in '/home/derek-dietz/MSAI/ComputerVision/Final_Project/ws/interbotix/src/interbotix_ros_manipulators/interbotix_ros_xsarms/examples/interbotix_xsarm_joy' with build type 'ament_cmake'
[3.760s] INFO:colcon.colcon_cmake.task.cmake.build:Building CMake package in '/home/derek-dietz/MSAI/ComputerVision/Final_Project/ws/interbotix/src/interbotix_ros_manipulators/interbotix_ros_xsarms/examples/interbotix_xsarm_joy'
[3.760s] INFO:colcon.colcon_core.shell:Skip shell extension 'powershell' for command environment: Not usable outside of PowerShell
[3.760s] DEBUG:colcon.colcon_core.shell:Skip shell extension 'dsv' for command environment
[3.763s] INFO:colcon.colcon_ros.task.ament_cmake.build:Building ROS package in '/home/derek-dietz/MSAI/ComputerVision/Final_Project/ws/interbotix/src/interbotix_ros_manipulators/interbotix_ros_xsarms/examples/interbotix_xsarm_dual' with build type 'ament_cmake'
[3.763s] INFO:colcon.colcon_cmake.task.cmake.build:Building CMake package in '/home/derek-dietz/MSAI/ComputerVision/Final_Project/ws/interbotix/src/interbotix_ros_manipulators/interbotix_ros_xsarms/examples/interbotix_xsarm_dual'
[3.763s] INFO:colcon.colcon_core.shell:Skip shell extension 'powershell' for command environment: Not usable outside of PowerShell
[3.763s] DEBUG:colcon.colcon_core.shell:Skip shell extension 'dsv' for command environment
[3.765s] INFO:colcon.colcon_ros.task.ament_cmake.build:Building ROS package in '/home/derek-dietz/MSAI/ComputerVision/Final_Project/ws/interbotix/src/interbotix_ros_manipulators/interbotix_ros_xsarms/examples/interbotix_xsarm_puppet' with build type 'ament_cmake'
[3.765s] INFO:colcon.colcon_cmake.task.cmake.build:Building CMake package in '/home/derek-dietz/MSAI/ComputerVision/Final_Project/ws/interbotix/src/interbotix_ros_manipulators/interbotix_ros_xsarms/examples/interbotix_xsarm_puppet'
[3.766s] INFO:colcon.colcon_core.shell:Skip shell extension 'powershell' for command environment: Not usable outside of PowerShell
[3.766s] DEBUG:colcon.colcon_core.shell:Skip shell extension 'dsv' for command environment
[3.769s] Level 1:colcon.colcon_core.environment:create_environment_scripts_only(interbotix_xsarm_sim)
[3.770s] Level 1:colcon.colcon_core.environment:checking '/home/derek-dietz/MSAI/ComputerVision/Final_Project/ws/interbotix/install' for CMake module files
[3.770s] DEBUG:colcon.colcon_core.event_handler.log_command:Invoked command in '/home/derek-dietz/MSAI/ComputerVision/Final_Project/ws/interbotix/build/interbotix_xsarm_sim' returned '0': CMAKE_PREFIX_PATH=${CMAKE_PREFIX_PATH}:/opt/ros/kilted DEBUGINFOD_URLS=https://debuginfod.ubuntu.com PYTHONPATH=/home/derek-dietz/MSAI/ComputerVision/Final_Project/ws/interbotix/install/lib/python3.12/site-packages:/home/derek-dietz/MSAI/ComputerVision/Final_Project/ros_ws/build/arm:/home/derek-dietz/MSAI/ComputerVision/Final_Project/ros_ws/install/arm/lib/python3.12/site-packages:/opt/ros/kilted/lib/python3.12/site-packages /usr/bin/cmake --install /home/derek-dietz/MSAI/ComputerVision/Final_Project/ws/interbotix/build/interbotix_xsarm_sim
[3.770s] Level 1:colcon.colcon_core.environment:checking '/home/derek-dietz/MSAI/ComputerVision/Final_Project/ws/interbotix/install' for CMake config files
[3.771s] Level 1:colcon.colcon_core.shell:create_environment_hook('interbotix_xsarm_sim', 'cmake_prefix_path')
[3.771s] INFO:colcon.colcon_core.shell:Creating environment hook '/home/derek-dietz/MSAI/ComputerVision/Final_Project/ws/interbotix/install/share/interbotix_xsarm_sim/hook/cmake_prefix_path.ps1'
[3.772s] INFO:colcon.colcon_core.shell:Creating environment descriptor '/home/derek-dietz/MSAI/ComputerVision/Final_Project/ws/interbotix/install/share/interbotix_xsarm_sim/hook/cmake_prefix_path.dsv'
[3.772s] INFO:colcon.colcon_core.shell:Creating environment hook '/home/derek-dietz/MSAI/ComputerVision/Final_Project/ws/interbotix/install/share/interbotix_xsarm_sim/hook/cmake_prefix_path.sh'
[3.773s] Level 1:colcon.colcon_core.environment:checking '/home/derek-dietz/MSAI/ComputerVision/Final_Project/ws/interbotix/install/lib'
[3.773s] Level 1:colcon.colcon_core.shell:create_environment_hook('interbotix_xsarm_sim', 'ld_library_path_lib')
[3.773s] INFO:colcon.colcon_core.shell:Creating environment hook '/home/derek-dietz/MSAI/ComputerVision/Final_Project/ws/interbotix/install/share/interbotix_xsarm_sim/hook/ld_library_path_lib.ps1'
[3.773s] INFO:colcon.colcon_core.shell:Creating environment descriptor '/home/derek-dietz/MSAI/ComputerVision/Final_Project/ws/interbotix/install/share/interbotix_xsarm_sim/hook/ld_library_path_lib.dsv'
[3.774s] INFO:colcon.colcon_core.shell:Creating environment hook '/home/derek-dietz/MSAI/ComputerVision/Final_Project/ws/interbotix/install/share/interbotix_xsarm_sim/hook/ld_library_path_lib.sh'
[3.774s] Level 1:colcon.colcon_core.environment:checking '/home/derek-dietz/MSAI/ComputerVision/Final_Project/ws/interbotix/install/bin'
[3.774s] Level 1:colcon.colcon_core.environment:checking '/home/derek-dietz/MSAI/ComputerVision/Final_Project/ws/interbotix/install/lib/pkgconfig/interbotix_xsarm_sim.pc'
[3.775s] Level 1:colcon.colcon_core.environment:checking '/home/derek-dietz/MSAI/ComputerVision/Final_Project/ws/interbotix/install/lib/python3.12/site-packages'
[3.775s] Level 1:colcon.colcon_core.shell:create_environment_hook('interbotix_xsarm_sim', 'pythonpath')
[3.775s] INFO:colcon.colcon_core.shell:Creating environment hook '/home/derek-dietz/MSAI/ComputerVision/Final_Project/ws/interbotix/install/share/interbotix_xsarm_sim/hook/pythonpath.ps1'
[3.775s] INFO:colcon.colcon_core.shell:Creating environment descriptor '/home/derek-dietz/MSAI/ComputerVision/Final_Project/ws/interbotix/install/share/interbotix_xsarm_sim/hook/pythonpath.dsv'
[3.776s] INFO:colcon.colcon_core.shell:Creating environment hook '/home/derek-dietz/MSAI/ComputerVision/Final_Project/ws/interbotix/install/share/interbotix_xsarm_sim/hook/pythonpath.sh'
[3.776s] Level 1:colcon.colcon_core.environment:checking '/home/derek-dietz/MSAI/ComputerVision/Final_Project/ws/interbotix/install/bin'
[3.777s] INFO:colcon.colcon_core.shell:Creating package script '/home/derek-dietz/MSAI/ComputerVision/Final_Project/ws/interbotix/install/share/interbotix_xsarm_sim/package.ps1'
[3.777s] INFO:colcon.colcon_core.shell:Creating package descriptor '/home/derek-dietz/MSAI/ComputerVision/Final_Project/ws/interbotix/install/share/interbotix_xsarm_sim/package.dsv'
[3.778s] INFO:colcon.colcon_core.shell:Creating package script '/home/derek-dietz/MSAI/ComputerVision/Final_Project/ws/interbotix/install/share/interbotix_xsarm_sim/package.sh'
[3.778s] INFO:colcon.colcon_core.shell:Creating package script '/home/derek-dietz/MSAI/ComputerVision/Final_Project/ws/interbotix/install/share/interbotix_xsarm_sim/package.bash'
[3.778s] INFO:colcon.colcon_core.shell:Creating package script '/home/derek-dietz/MSAI/ComputerVision/Final_Project/ws/interbotix/install/share/interbotix_xsarm_sim/package.zsh'
[3.779s] Level 1:colcon.colcon_core.environment:create_file_with_runtime_dependencies(/home/derek-dietz/MSAI/ComputerVision/Final_Project/ws/interbotix/install/share/colcon-core/packages/interbotix_xsarm_sim)
[3.779s] Level 1:colcon.colcon_core.environment:create_environment_scripts_only(interbotix_xsarm_sim)
[3.779s] Level 1:colcon.colcon_core.environment:checking '/home/derek-dietz/MSAI/ComputerVision/Final_Project/ws/interbotix/install' for CMake module files
[3.780s] Level 1:colcon.colcon_core.environment:checking '/home/derek-dietz/MSAI/ComputerVision/Final_Project/ws/interbotix/install' for CMake config files
[3.781s] Level 1:colcon.colcon_core.shell:create_environment_hook('interbotix_xsarm_sim', 'cmake_prefix_path')
[3.781s] INFO:colcon.colcon_core.shell:Creating environment hook '/home/derek-dietz/MSAI/ComputerVision/Final_Project/ws/interbotix/install/share/interbotix_xsarm_sim/hook/cmake_prefix_path.ps1'
[3.781s] INFO:colcon.colcon_core.shell:Creating environment descriptor '/home/derek-dietz/MSAI/ComputerVision/Final_Project/ws/interbotix/install/share/interbotix_xsarm_sim/hook/cmake_prefix_path.dsv'
[3.782s] INFO:colcon.colcon_core.shell:Creating environment hook '/home/derek-dietz/MSAI/ComputerVision/Final_Project/ws/interbotix/install/share/interbotix_xsarm_sim/hook/cmake_prefix_path.sh'
[3.782s] Level 1:colcon.colcon_core.environment:checking '/home/derek-dietz/MSAI/ComputerVision/Final_Project/ws/interbotix/install/lib'
[3.782s] Level 1:colcon.colcon_core.shell:create_environment_hook('interbotix_xsarm_sim', 'ld_library_path_lib')
[3.782s] INFO:colcon.colcon_core.shell:Creating environment hook '/home/derek-dietz/MSAI/ComputerVision/Final_Project/ws/interbotix/install/share/interbotix_xsarm_sim/hook/ld_library_path_lib.ps1'
[3.783s] INFO:colcon.colcon_core.shell:Creating environment descriptor '/home/derek-dietz/MSAI/ComputerVision/Final_Project/ws/interbotix/install/share/interbotix_xsarm_sim/hook/ld_library_path_lib.dsv'
[3.783s] INFO:colcon.colcon_core.shell:Creating environment hook '/home/derek-dietz/MSAI/ComputerVision/Final_Project/ws/interbotix/install/share/interbotix_xsarm_sim/hook/ld_library_path_lib.sh'
[3.784s] Level 1:colcon.colcon_core.environment:checking '/home/derek-dietz/MSAI/ComputerVision/Final_Project/ws/interbotix/install/bin'
[3.784s] Level 1:colcon.colcon_core.environment:checking '/home/derek-dietz/MSAI/ComputerVision/Final_Project/ws/interbotix/install/lib/pkgconfig/interbotix_xsarm_sim.pc'
[3.784s] Level 1:colcon.colcon_core.environment:checking '/home/derek-dietz/MSAI/ComputerVision/Final_Project/ws/interbotix/install/lib/python3.12/site-packages'
[3.784s] Level 1:colcon.colcon_core.shell:create_environment_hook('interbotix_xsarm_sim', 'pythonpath')
[3.785s] INFO:colcon.colcon_core.shell:Creating environment hook '/home/derek-dietz/MSAI/ComputerVision/Final_Project/ws/interbotix/install/share/interbotix_xsarm_sim/hook/pythonpath.ps1'
[3.785s] INFO:colcon.colcon_core.shell:Creating environment descriptor '/home/derek-dietz/MSAI/ComputerVision/Final_Project/ws/interbotix/install/share/interbotix_xsarm_sim/hook/pythonpath.dsv'
[3.785s] INFO:colcon.colcon_core.shell:Creating environment hook '/home/derek-dietz/MSAI/ComputerVision/Final_Project/ws/interbotix/install/share/interbotix_xsarm_sim/hook/pythonpath.sh'
[3.786s] Level 1:colcon.colcon_core.environment:checking '/home/derek-dietz/MSAI/ComputerVision/Final_Project/ws/interbotix/install/bin'
[3.787s] INFO:colcon.colcon_core.shell:Creating package script '/home/derek-dietz/MSAI/ComputerVision/Final_Project/ws/interbotix/install/share/interbotix_xsarm_sim/package.ps1'
[3.787s] INFO:colcon.colcon_core.shell:Creating package descriptor '/home/derek-dietz/MSAI/ComputerVision/Final_Project/ws/interbotix/install/share/interbotix_xsarm_sim/package.dsv'
[3.788s] INFO:colcon.colcon_core.shell:Creating package script '/home/derek-dietz/MSAI/ComputerVision/Final_Project/ws/interbotix/install/share/interbotix_xsarm_sim/package.sh'
[3.788s] INFO:colcon.colcon_core.shell:Creating package script '/home/derek-dietz/MSAI/ComputerVision/Final_Project/ws/interbotix/install/share/interbotix_xsarm_sim/package.bash'
[3.789s] INFO:colcon.colcon_core.shell:Creating package script '/home/derek-dietz/MSAI/ComputerVision/Final_Project/ws/interbotix/install/share/interbotix_xsarm_sim/package.zsh'
[3.789s] Level 1:colcon.colcon_core.environment:create_file_with_runtime_dependencies(/home/derek-dietz/MSAI/ComputerVision/Final_Project/ws/interbotix/install/share/colcon-core/packages/interbotix_xsarm_sim)
[3.793s] DEBUG:colcon.colcon_core.event_handler.log_command:Invoking command in '/home/derek-dietz/MSAI/ComputerVision/Final_Project/ws/interbotix/build/interbotix_xsarm_joy': CMAKE_PREFIX_PATH=${CMAKE_PREFIX_PATH}:/opt/ros/kilted DEBUGINFOD_URLS=https://debuginfod.ubuntu.com PYTHONPATH=/home/derek-dietz/MSAI/ComputerVision/Final_Project/ws/interbotix/install/lib/python3.12/site-packages:/home/derek-dietz/MSAI/ComputerVision/Final_Project/ros_ws/build/arm:/home/derek-dietz/MSAI/ComputerVision/Final_Project/ros_ws/install/arm/lib/python3.12/site-packages:/opt/ros/kilted/lib/python3.12/site-packages /usr/bin/cmake --build /home/derek-dietz/MSAI/ComputerVision/Final_Project/ws/interbotix/build/interbotix_xsarm_joy -- -j22 -l22
[3.795s] DEBUG:colcon.colcon_core.event_handler.log_command:Invoking command in '/home/derek-dietz/MSAI/ComputerVision/Final_Project/ws/interbotix/build/interbotix_xsarm_dual': CMAKE_PREFIX_PATH=${CMAKE_PREFIX_PATH}:/opt/ros/kilted DEBUGINFOD_URLS=https://debuginfod.ubuntu.com PYTHONPATH=/home/derek-dietz/MSAI/ComputerVision/Final_Project/ws/interbotix/install/lib/python3.12/site-packages:/home/derek-dietz/MSAI/ComputerVision/Final_Project/ros_ws/build/arm:/home/derek-dietz/MSAI/ComputerVision/Final_Project/ros_ws/install/arm/lib/python3.12/site-packages:/opt/ros/kilted/lib/python3.12/site-packages /usr/bin/cmake --build /home/derek-dietz/MSAI/ComputerVision/Final_Project/ws/interbotix/build/interbotix_xsarm_dual -- -j22 -l22
[3.797s] DEBUG:colcon.colcon_core.event_handler.log_command:Invoking command in '/home/derek-dietz/MSAI/ComputerVision/Final_Project/ws/interbotix/build/interbotix_xsarm_ros_control': CMAKE_PREFIX_PATH=${CMAKE_PREFIX_PATH}:/opt/ros/kilted DEBUGINFOD_URLS=https://debuginfod.ubuntu.com PYTHONPATH=/home/derek-dietz/MSAI/ComputerVision/Final_Project/ws/interbotix/install/lib/python3.12/site-packages:/home/derek-dietz/MSAI/ComputerVision/Final_Project/ros_ws/build/arm:/home/derek-dietz/MSAI/ComputerVision/Final_Project/ros_ws/install/arm/lib/python3.12/site-packages:/opt/ros/kilted/lib/python3.12/site-packages /usr/bin/cmake --build /home/derek-dietz/MSAI/ComputerVision/Final_Project/ws/interbotix/build/interbotix_xsarm_ros_control -- -j22 -l22
[3.799s] DEBUG:colcon.colcon_core.event_handler.log_command:Invoking command in '/home/derek-dietz/MSAI/ComputerVision/Final_Project/ws/interbotix/build/interbotix_xsarm_puppet': CMAKE_PREFIX_PATH=${CMAKE_PREFIX_PATH}:/opt/ros/kilted DEBUGINFOD_URLS=https://debuginfod.ubuntu.com PYTHONPATH=/home/derek-dietz/MSAI/ComputerVision/Final_Project/ws/interbotix/install/lib/python3.12/site-packages:/home/derek-dietz/MSAI/ComputerVision/Final_Project/ros_ws/build/arm:/home/derek-dietz/MSAI/ComputerVision/Final_Project/ros_ws/install/arm/lib/python3.12/site-packages:/opt/ros/kilted/lib/python3.12/site-packages /usr/bin/cmake --build /home/derek-dietz/MSAI/ComputerVision/Final_Project/ws/interbotix/build/interbotix_xsarm_puppet -- -j22 -l22
[3.839s] DEBUG:colcon.colcon_core.event_handler.log_command:Invoked command in '/home/derek-dietz/MSAI/ComputerVision/Final_Project/ws/interbotix/build/interbotix_xsarm_ros_control' returned '0': CMAKE_PREFIX_PATH=${CMAKE_PREFIX_PATH}:/opt/ros/kilted DEBUGINFOD_URLS=https://debuginfod.ubuntu.com PYTHONPATH=/home/derek-dietz/MSAI/ComputerVision/Final_Project/ws/interbotix/install/lib/python3.12/site-packages:/home/derek-dietz/MSAI/ComputerVision/Final_Project/ros_ws/build/arm:/home/derek-dietz/MSAI/ComputerVision/Final_Project/ros_ws/install/arm/lib/python3.12/site-packages:/opt/ros/kilted/lib/python3.12/site-packages /usr/bin/cmake --build /home/derek-dietz/MSAI/ComputerVision/Final_Project/ws/interbotix/build/interbotix_xsarm_ros_control -- -j22 -l22
[3.840s] DEBUG:colcon.colcon_core.event_handler.log_command:Invoking command in '/home/derek-dietz/MSAI/ComputerVision/Final_Project/ws/interbotix/build/interbotix_xsarm_ros_control': CMAKE_PREFIX_PATH=${CMAKE_PREFIX_PATH}:/opt/ros/kilted DEBUGINFOD_URLS=https://debuginfod.ubuntu.com PYTHONPATH=/home/derek-dietz/MSAI/ComputerVision/Final_Project/ws/interbotix/install/lib/python3.12/site-packages:/home/derek-dietz/MSAI/ComputerVision/Final_Project/ros_ws/build/arm:/home/derek-dietz/MSAI/ComputerVision/Final_Project/ros_ws/install/arm/lib/python3.12/site-packages:/opt/ros/kilted/lib/python3.12/site-packages /usr/bin/cmake --install /home/derek-dietz/MSAI/ComputerVision/Final_Project/ws/interbotix/build/interbotix_xsarm_ros_control
[3.841s] DEBUG:colcon.colcon_core.event_handler.log_command:Invoked command in '/home/derek-dietz/MSAI/ComputerVision/Final_Project/ws/interbotix/build/interbotix_xsarm_dual' returned '0': CMAKE_PREFIX_PATH=${CMAKE_PREFIX_PATH}:/opt/ros/kilted DEBUGINFOD_URLS=https://debuginfod.ubuntu.com PYTHONPATH=/home/derek-dietz/MSAI/ComputerVision/Final_Project/ws/interbotix/install/lib/python3.12/site-packages:/home/derek-dietz/MSAI/ComputerVision/Final_Project/ros_ws/build/arm:/home/derek-dietz/MSAI/ComputerVision/Final_Project/ros_ws/install/arm/lib/python3.12/site-packages:/opt/ros/kilted/lib/python3.12/site-packages /usr/bin/cmake --build /home/derek-dietz/MSAI/ComputerVision/Final_Project/ws/interbotix/build/interbotix_xsarm_dual -- -j22 -l22
[3.842s] DEBUG:colcon.colcon_core.event_handler.log_command:Invoking command in '/home/derek-dietz/MSAI/ComputerVision/Final_Project/ws/interbotix/build/interbotix_xsarm_dual': CMAKE_PREFIX_PATH=${CMAKE_PREFIX_PATH}:/opt/ros/kilted DEBUGINFOD_URLS=https://debuginfod.ubuntu.com PYTHONPATH=/home/derek-dietz/MSAI/ComputerVision/Final_Project/ws/interbotix/install/lib/python3.12/site-packages:/home/derek-dietz/MSAI/ComputerVision/Final_Project/ros_ws/build/arm:/home/derek-dietz/MSAI/ComputerVision/Final_Project/ros_ws/install/arm/lib/python3.12/site-packages:/opt/ros/kilted/lib/python3.12/site-packages /usr/bin/cmake --install /home/derek-dietz/MSAI/ComputerVision/Final_Project/ws/interbotix/build/interbotix_xsarm_dual
[3.855s] Level 1:colcon.colcon_core.environment:create_environment_scripts_only(interbotix_xsarm_ros_control)
[3.855s] Level 1:colcon.colcon_core.environment:checking '/home/derek-dietz/MSAI/ComputerVision/Final_Project/ws/interbotix/install' for CMake module files
[3.856s] DEBUG:colcon.colcon_core.event_handler.log_command:Invoked command in '/home/derek-dietz/MSAI/ComputerVision/Final_Project/ws/interbotix/build/interbotix_xsarm_ros_control' returned '0': CMAKE_PREFIX_PATH=${CMAKE_PREFIX_PATH}:/opt/ros/kilted DEBUGINFOD_URLS=https://debuginfod.ubuntu.com PYTHONPATH=/home/derek-dietz/MSAI/ComputerVision/Final_Project/ws/interbotix/install/lib/python3.12/site-packages:/home/derek-dietz/MSAI/ComputerVision/Final_Project/ros_ws/build/arm:/home/derek-dietz/MSAI/ComputerVision/Final_Project/ros_ws/install/arm/lib/python3.12/site-packages:/opt/ros/kilted/lib/python3.12/site-packages /usr/bin/cmake --install /home/derek-dietz/MSAI/ComputerVision/Final_Project/ws/interbotix/build/interbotix_xsarm_ros_control
[3.856s] Level 1:colcon.colcon_core.environment:checking '/home/derek-dietz/MSAI/ComputerVision/Final_Project/ws/interbotix/install' for CMake config files
[3.857s] Level 1:colcon.colcon_core.shell:create_environment_hook('interbotix_xsarm_ros_control', 'cmake_prefix_path')
[3.857s] INFO:colcon.colcon_core.shell:Creating environment hook '/home/derek-dietz/MSAI/ComputerVision/Final_Project/ws/interbotix/install/share/interbotix_xsarm_ros_control/hook/cmake_prefix_path.ps1'
[3.858s] INFO:colcon.colcon_core.shell:Creating environment descriptor '/home/derek-dietz/MSAI/ComputerVision/Final_Project/ws/interbotix/install/share/interbotix_xsarm_ros_control/hook/cmake_prefix_path.dsv'
[3.858s] INFO:colcon.colcon_core.shell:Creating environment hook '/home/derek-dietz/MSAI/ComputerVision/Final_Project/ws/interbotix/install/share/interbotix_xsarm_ros_control/hook/cmake_prefix_path.sh'
[3.859s] Level 1:colcon.colcon_core.environment:checking '/home/derek-dietz/MSAI/ComputerVision/Final_Project/ws/interbotix/install/lib'
[3.859s] Level 1:colcon.colcon_core.shell:create_environment_hook('interbotix_xsarm_ros_control', 'ld_library_path_lib')
[3.859s] INFO:colcon.colcon_core.shell:Creating environment hook '/home/derek-dietz/MSAI/ComputerVision/Final_Project/ws/interbotix/install/share/interbotix_xsarm_ros_control/hook/ld_library_path_lib.ps1'
[3.860s] INFO:colcon.colcon_core.shell:Creating environment descriptor '/home/derek-dietz/MSAI/ComputerVision/Final_Project/ws/interbotix/install/share/interbotix_xsarm_ros_control/hook/ld_library_path_lib.dsv'
[3.860s] INFO:colcon.colcon_core.shell:Creating environment hook '/home/derek-dietz/MSAI/ComputerVision/Final_Project/ws/interbotix/install/share/interbotix_xsarm_ros_control/hook/ld_library_path_lib.sh'
[3.861s] Level 1:colcon.colcon_core.environment:checking '/home/derek-dietz/MSAI/ComputerVision/Final_Project/ws/interbotix/install/bin'
[3.861s] Level 1:colcon.colcon_core.environment:checking '/home/derek-dietz/MSAI/ComputerVision/Final_Project/ws/interbotix/install/lib/pkgconfig/interbotix_xsarm_ros_control.pc'
[3.861s] Level 1:colcon.colcon_core.environment:checking '/home/derek-dietz/MSAI/ComputerVision/Final_Project/ws/interbotix/install/lib/python3.12/site-packages'
[3.861s] Level 1:colcon.colcon_core.shell:create_environment_hook('interbotix_xsarm_ros_control', 'pythonpath')
[3.861s] INFO:colcon.colcon_core.shell:Creating environment hook '/home/derek-dietz/MSAI/ComputerVision/Final_Project/ws/interbotix/install/share/interbotix_xsarm_ros_control/hook/pythonpath.ps1'
[3.862s] INFO:colcon.colcon_core.shell:Creating environment descriptor '/home/derek-dietz/MSAI/ComputerVision/Final_Project/ws/interbotix/install/share/interbotix_xsarm_ros_control/hook/pythonpath.dsv'
[3.862s] INFO:colcon.colcon_core.shell:Creating environment hook '/home/derek-dietz/MSAI/ComputerVision/Final_Project/ws/interbotix/install/share/interbotix_xsarm_ros_control/hook/pythonpath.sh'
[3.863s] Level 1:colcon.colcon_core.environment:checking '/home/derek-dietz/MSAI/ComputerVision/Final_Project/ws/interbotix/install/bin'
[3.863s] INFO:colcon.colcon_core.shell:Creating package script '/home/derek-dietz/MSAI/ComputerVision/Final_Project/ws/interbotix/install/share/interbotix_xsarm_ros_control/package.ps1'
[3.864s] INFO:colcon.colcon_core.shell:Creating package descriptor '/home/derek-dietz/MSAI/ComputerVision/Final_Project/ws/interbotix/install/share/interbotix_xsarm_ros_control/package.dsv'
[3.864s] INFO:colcon.colcon_core.shell:Creating package script '/home/derek-dietz/MSAI/ComputerVision/Final_Project/ws/interbotix/install/share/interbotix_xsarm_ros_control/package.sh'
[3.865s] INFO:colcon.colcon_core.shell:Creating package script '/home/derek-dietz/MSAI/ComputerVision/Final_Project/ws/interbotix/install/share/interbotix_xsarm_ros_control/package.bash'
[3.865s] INFO:colcon.colcon_core.shell:Creating package script '/home/derek-dietz/MSAI/ComputerVision/Final_Project/ws/interbotix/install/share/interbotix_xsarm_ros_control/package.zsh'
[3.866s] Level 1:colcon.colcon_core.environment:create_file_with_runtime_dependencies(/home/derek-dietz/MSAI/ComputerVision/Final_Project/ws/interbotix/install/share/colcon-core/packages/interbotix_xsarm_ros_control)
[3.866s] Level 1:colcon.colcon_core.environment:create_environment_scripts_only(interbotix_xsarm_ros_control)
[3.866s] Level 1:colcon.colcon_core.environment:checking '/home/derek-dietz/MSAI/ComputerVision/Final_Project/ws/interbotix/install' for CMake module files
[3.867s] Level 1:colcon.colcon_core.environment:checking '/home/derek-dietz/MSAI/ComputerVision/Final_Project/ws/interbotix/install' for CMake config files
[3.868s] Level 1:colcon.colcon_core.shell:create_environment_hook('interbotix_xsarm_ros_control', 'cmake_prefix_path')
[3.868s] INFO:colcon.colcon_core.shell:Creating environment hook '/home/derek-dietz/MSAI/ComputerVision/Final_Project/ws/interbotix/install/share/interbotix_xsarm_ros_control/hook/cmake_prefix_path.ps1'
[3.868s] INFO:colcon.colcon_core.shell:Creating environment descriptor '/home/derek-dietz/MSAI/ComputerVision/Final_Project/ws/interbotix/install/share/interbotix_xsarm_ros_control/hook/cmake_prefix_path.dsv'
[3.868s] INFO:colcon.colcon_core.shell:Creating environment hook '/home/derek-dietz/MSAI/ComputerVision/Final_Project/ws/interbotix/install/share/interbotix_xsarm_ros_control/hook/cmake_prefix_path.sh'
[3.869s] Level 1:colcon.colcon_core.environment:checking '/home/derek-dietz/MSAI/ComputerVision/Final_Project/ws/interbotix/install/lib'
[3.869s] Level 1:colcon.colcon_core.shell:create_environment_hook('interbotix_xsarm_ros_control', 'ld_library_path_lib')
[3.869s] INFO:colcon.colcon_core.shell:Creating environment hook '/home/derek-dietz/MSAI/ComputerVision/Final_Project/ws/interbotix/install/share/interbotix_xsarm_ros_control/hook/ld_library_path_lib.ps1'
[3.870s] INFO:colcon.colcon_core.shell:Creating environment descriptor '/home/derek-dietz/MSAI/ComputerVision/Final_Project/ws/interbotix/install/share/interbotix_xsarm_ros_control/hook/ld_library_path_lib.dsv'
[3.870s] INFO:colcon.colcon_core.shell:Creating environment hook '/home/derek-dietz/MSAI/ComputerVision/Final_Project/ws/interbotix/install/share/interbotix_xsarm_ros_control/hook/ld_library_path_lib.sh'
[3.870s] Level 1:colcon.colcon_core.environment:checking '/home/derek-dietz/MSAI/ComputerVision/Final_Project/ws/interbotix/install/bin'
[3.870s] Level 1:colcon.colcon_core.environment:checking '/home/derek-dietz/MSAI/ComputerVision/Final_Project/ws/interbotix/install/lib/pkgconfig/interbotix_xsarm_ros_control.pc'
[3.871s] Level 1:colcon.colcon_core.environment:checking '/home/derek-dietz/MSAI/ComputerVision/Final_Project/ws/interbotix/install/lib/python3.12/site-packages'
[3.871s] Level 1:colcon.colcon_core.shell:create_environment_hook('interbotix_xsarm_ros_control', 'pythonpath')
[3.871s] INFO:colcon.colcon_core.shell:Creating environment hook '/home/derek-dietz/MSAI/ComputerVision/Final_Project/ws/interbotix/install/share/interbotix_xsarm_ros_control/hook/pythonpath.ps1'
[3.871s] INFO:colcon.colcon_core.shell:Creating environment descriptor '/home/derek-dietz/MSAI/ComputerVision/Final_Project/ws/interbotix/install/share/interbotix_xsarm_ros_control/hook/pythonpath.dsv'
[3.872s] INFO:colcon.colcon_core.shell:Creating environment hook '/home/derek-dietz/MSAI/ComputerVision/Final_Project/ws/interbotix/install/share/interbotix_xsarm_ros_control/hook/pythonpath.sh'
[3.872s] Level 1:colcon.colcon_core.environment:checking '/home/derek-dietz/MSAI/ComputerVision/Final_Project/ws/interbotix/install/bin'
[3.873s] INFO:colcon.colcon_core.shell:Creating package script '/home/derek-dietz/MSAI/ComputerVision/Final_Project/ws/interbotix/install/share/interbotix_xsarm_ros_control/package.ps1'
[3.873s] INFO:colcon.colcon_core.shell:Creating package descriptor '/home/derek-dietz/MSAI/ComputerVision/Final_Project/ws/interbotix/install/share/interbotix_xsarm_ros_control/package.dsv'
[3.874s] INFO:colcon.colcon_core.shell:Creating package script '/home/derek-dietz/MSAI/ComputerVision/Final_Project/ws/interbotix/install/share/interbotix_xsarm_ros_control/package.sh'
[3.874s] INFO:colcon.colcon_core.shell:Creating package script '/home/derek-dietz/MSAI/ComputerVision/Final_Project/ws/interbotix/install/share/interbotix_xsarm_ros_control/package.bash'
[3.875s] INFO:colcon.colcon_core.shell:Creating package script '/home/derek-dietz/MSAI/ComputerVision/Final_Project/ws/interbotix/install/share/interbotix_xsarm_ros_control/package.zsh'
[3.875s] Level 1:colcon.colcon_core.environment:create_file_with_runtime_dependencies(/home/derek-dietz/MSAI/ComputerVision/Final_Project/ws/interbotix/install/share/colcon-core/packages/interbotix_xsarm_ros_control)
[3.876s] INFO:colcon.colcon_ros.task.ament_cmake.build:Building ROS package in '/home/derek-dietz/MSAI/ComputerVision/Final_Project/ws/interbotix/src/interbotix_ros_manipulators/interbotix_ros_xsarms/interbotix_xsarm_moveit' with build type 'ament_cmake'
[3.876s] INFO:colcon.colcon_cmake.task.cmake.build:Building CMake package in '/home/derek-dietz/MSAI/ComputerVision/Final_Project/ws/interbotix/src/interbotix_ros_manipulators/interbotix_ros_xsarms/interbotix_xsarm_moveit'
[3.876s] INFO:colcon.colcon_core.shell:Skip shell extension 'powershell' for command environment: Not usable outside of PowerShell
[3.876s] DEBUG:colcon.colcon_core.shell:Skip shell extension 'dsv' for command environment
[3.882s] Level 1:colcon.colcon_core.environment:create_environment_scripts_only(interbotix_xsarm_dual)
[3.882s] DEBUG:colcon.colcon_core.event_handler.log_command:Invoked command in '/home/derek-dietz/MSAI/ComputerVision/Final_Project/ws/interbotix/build/interbotix_xsarm_dual' returned '0': CMAKE_PREFIX_PATH=${CMAKE_PREFIX_PATH}:/opt/ros/kilted DEBUGINFOD_URLS=https://debuginfod.ubuntu.com PYTHONPATH=/home/derek-dietz/MSAI/ComputerVision/Final_Project/ws/interbotix/install/lib/python3.12/site-packages:/home/derek-dietz/MSAI/ComputerVision/Final_Project/ros_ws/build/arm:/home/derek-dietz/MSAI/ComputerVision/Final_Project/ros_ws/install/arm/lib/python3.12/site-packages:/opt/ros/kilted/lib/python3.12/site-packages /usr/bin/cmake --install /home/derek-dietz/MSAI/ComputerVision/Final_Project/ws/interbotix/build/interbotix_xsarm_dual
[3.883s] Level 1:colcon.colcon_core.environment:checking '/home/derek-dietz/MSAI/ComputerVision/Final_Project/ws/interbotix/install' for CMake module files
[3.883s] Level 1:colcon.colcon_core.environment:checking '/home/derek-dietz/MSAI/ComputerVision/Final_Project/ws/interbotix/install' for CMake config files
[3.884s] Level 1:colcon.colcon_core.shell:create_environment_hook('interbotix_xsarm_dual', 'cmake_prefix_path')
[3.884s] INFO:colcon.colcon_core.shell:Creating environment hook '/home/derek-dietz/MSAI/ComputerVision/Final_Project/ws/interbotix/install/share/interbotix_xsarm_dual/hook/cmake_prefix_path.ps1'
[3.885s] INFO:colcon.colcon_core.shell:Creating environment descriptor '/home/derek-dietz/MSAI/ComputerVision/Final_Project/ws/interbotix/install/share/interbotix_xsarm_dual/hook/cmake_prefix_path.dsv'
[3.885s] INFO:colcon.colcon_core.shell:Creating environment hook '/home/derek-dietz/MSAI/ComputerVision/Final_Project/ws/interbotix/install/share/interbotix_xsarm_dual/hook/cmake_prefix_path.sh'
[3.886s] Level 1:colcon.colcon_core.environment:checking '/home/derek-dietz/MSAI/ComputerVision/Final_Project/ws/interbotix/install/lib'
[3.886s] Level 1:colcon.colcon_core.shell:create_environment_hook('interbotix_xsarm_dual', 'ld_library_path_lib')
[3.886s] INFO:colcon.colcon_core.shell:Creating environment hook '/home/derek-dietz/MSAI/ComputerVision/Final_Project/ws/interbotix/install/share/interbotix_xsarm_dual/hook/ld_library_path_lib.ps1'
[3.886s] INFO:colcon.colcon_core.shell:Creating environment descriptor '/home/derek-dietz/MSAI/ComputerVision/Final_Project/ws/interbotix/install/share/interbotix_xsarm_dual/hook/ld_library_path_lib.dsv'
[3.887s] INFO:colcon.colcon_core.shell:Creating environment hook '/home/derek-dietz/MSAI/ComputerVision/Final_Project/ws/interbotix/install/share/interbotix_xsarm_dual/hook/ld_library_path_lib.sh'
[3.887s] Level 1:colcon.colcon_core.environment:checking '/home/derek-dietz/MSAI/ComputerVision/Final_Project/ws/interbotix/install/bin'
[3.887s] Level 1:colcon.colcon_core.environment:checking '/home/derek-dietz/MSAI/ComputerVision/Final_Project/ws/interbotix/install/lib/pkgconfig/interbotix_xsarm_dual.pc'
[3.888s] Level 1:colcon.colcon_core.environment:checking '/home/derek-dietz/MSAI/ComputerVision/Final_Project/ws/interbotix/install/lib/python3.12/site-packages'
[3.888s] Level 1:colcon.colcon_core.shell:create_environment_hook('interbotix_xsarm_dual', 'pythonpath')
[3.888s] INFO:colcon.colcon_core.shell:Creating environment hook '/home/derek-dietz/MSAI/ComputerVision/Final_Project/ws/interbotix/install/share/interbotix_xsarm_dual/hook/pythonpath.ps1'
[3.888s] INFO:colcon.colcon_core.shell:Creating environment descriptor '/home/derek-dietz/MSAI/ComputerVision/Final_Project/ws/interbotix/install/share/interbotix_xsarm_dual/hook/pythonpath.dsv'
[3.889s] INFO:colcon.colcon_core.shell:Creating environment hook '/home/derek-dietz/MSAI/ComputerVision/Final_Project/ws/interbotix/install/share/interbotix_xsarm_dual/hook/pythonpath.sh'
[3.890s] Level 1:colcon.colcon_core.environment:checking '/home/derek-dietz/MSAI/ComputerVision/Final_Project/ws/interbotix/install/bin'
[3.890s] INFO:colcon.colcon_core.shell:Creating package script '/home/derek-dietz/MSAI/ComputerVision/Final_Project/ws/interbotix/install/share/interbotix_xsarm_dual/package.ps1'
[3.891s] INFO:colcon.colcon_core.shell:Creating package descriptor '/home/derek-dietz/MSAI/ComputerVision/Final_Project/ws/interbotix/install/share/interbotix_xsarm_dual/package.dsv'
[3.891s] INFO:colcon.colcon_core.shell:Creating package script '/home/derek-dietz/MSAI/ComputerVision/Final_Project/ws/interbotix/install/share/interbotix_xsarm_dual/package.sh'
[3.892s] INFO:colcon.colcon_core.shell:Creating package script '/home/derek-dietz/MSAI/ComputerVision/Final_Project/ws/interbotix/install/share/interbotix_xsarm_dual/package.bash'
[3.892s] INFO:colcon.colcon_core.shell:Creating package script '/home/derek-dietz/MSAI/ComputerVision/Final_Project/ws/interbotix/install/share/interbotix_xsarm_dual/package.zsh'
[3.892s] Level 1:colcon.colcon_core.environment:create_file_with_runtime_dependencies(/home/derek-dietz/MSAI/ComputerVision/Final_Project/ws/interbotix/install/share/colcon-core/packages/interbotix_xsarm_dual)
[3.893s] Level 1:colcon.colcon_core.environment:create_environment_scripts_only(interbotix_xsarm_dual)
[3.893s] Level 1:colcon.colcon_core.environment:checking '/home/derek-dietz/MSAI/ComputerVision/Final_Project/ws/interbotix/install' for CMake module files
[3.894s] Level 1:colcon.colcon_core.environment:checking '/home/derek-dietz/MSAI/ComputerVision/Final_Project/ws/interbotix/install' for CMake config files
[3.894s] Level 1:colcon.colcon_core.shell:create_environment_hook('interbotix_xsarm_dual', 'cmake_prefix_path')
[3.894s] INFO:colcon.colcon_core.shell:Creating environment hook '/home/derek-dietz/MSAI/ComputerVision/Final_Project/ws/interbotix/install/share/interbotix_xsarm_dual/hook/cmake_prefix_path.ps1'
[3.895s] INFO:colcon.colcon_core.shell:Creating environment descriptor '/home/derek-dietz/MSAI/ComputerVision/Final_Project/ws/interbotix/install/share/interbotix_xsarm_dual/hook/cmake_prefix_path.dsv'
[3.895s] INFO:colcon.colcon_core.shell:Creating environment hook '/home/derek-dietz/MSAI/ComputerVision/Final_Project/ws/interbotix/install/share/interbotix_xsarm_dual/hook/cmake_prefix_path.sh'
[3.896s] Level 1:colcon.colcon_core.environment:checking '/home/derek-dietz/MSAI/ComputerVision/Final_Project/ws/interbotix/install/lib'
[3.896s] Level 1:colcon.colcon_core.shell:create_environment_hook('interbotix_xsarm_dual', 'ld_library_path_lib')
[3.896s] INFO:colcon.colcon_core.shell:Creating environment hook '/home/derek-dietz/MSAI/ComputerVision/Final_Project/ws/interbotix/install/share/interbotix_xsarm_dual/hook/ld_library_path_lib.ps1'
[3.896s] INFO:colcon.colcon_core.shell:Creating environment descriptor '/home/derek-dietz/MSAI/ComputerVision/Final_Project/ws/interbotix/install/share/interbotix_xsarm_dual/hook/ld_library_path_lib.dsv'
[3.896s] INFO:colcon.colcon_core.shell:Creating environment hook '/home/derek-dietz/MSAI/ComputerVision/Final_Project/ws/interbotix/install/share/interbotix_xsarm_dual/hook/ld_library_path_lib.sh'
[3.897s] Level 1:colcon.colcon_core.environment:checking '/home/derek-dietz/MSAI/ComputerVision/Final_Project/ws/interbotix/install/bin'
[3.897s] Level 1:colcon.colcon_core.environment:checking '/home/derek-dietz/MSAI/ComputerVision/Final_Project/ws/interbotix/install/lib/pkgconfig/interbotix_xsarm_dual.pc'
[3.897s] Level 1:colcon.colcon_core.environment:checking '/home/derek-dietz/MSAI/ComputerVision/Final_Project/ws/interbotix/install/lib/python3.12/site-packages'
[3.897s] Level 1:colcon.colcon_core.shell:create_environment_hook('interbotix_xsarm_dual', 'pythonpath')
[3.897s] INFO:colcon.colcon_core.shell:Creating environment hook '/home/derek-dietz/MSAI/ComputerVision/Final_Project/ws/interbotix/install/share/interbotix_xsarm_dual/hook/pythonpath.ps1'
[3.897s] INFO:colcon.colcon_core.shell:Creating environment descriptor '/home/derek-dietz/MSAI/ComputerVision/Final_Project/ws/interbotix/install/share/interbotix_xsarm_dual/hook/pythonpath.dsv'
[3.897s] INFO:colcon.colcon_core.shell:Creating environment hook '/home/derek-dietz/MSAI/ComputerVision/Final_Project/ws/interbotix/install/share/interbotix_xsarm_dual/hook/pythonpath.sh'
[3.898s] Level 1:colcon.colcon_core.environment:checking '/home/derek-dietz/MSAI/ComputerVision/Final_Project/ws/interbotix/install/bin'
[3.898s] INFO:colcon.colcon_core.shell:Creating package script '/home/derek-dietz/MSAI/ComputerVision/Final_Project/ws/interbotix/install/share/interbotix_xsarm_dual/package.ps1'
[3.898s] INFO:colcon.colcon_core.shell:Creating package descriptor '/home/derek-dietz/MSAI/ComputerVision/Final_Project/ws/interbotix/install/share/interbotix_xsarm_dual/package.dsv'
[3.899s] INFO:colcon.colcon_core.shell:Creating package script '/home/derek-dietz/MSAI/ComputerVision/Final_Project/ws/interbotix/install/share/interbotix_xsarm_dual/package.sh'
[3.899s] INFO:colcon.colcon_core.shell:Creating package script '/home/derek-dietz/MSAI/ComputerVision/Final_Project/ws/interbotix/install/share/interbotix_xsarm_dual/package.bash'
[3.900s] INFO:colcon.colcon_core.shell:Creating package script '/home/derek-dietz/MSAI/ComputerVision/Final_Project/ws/interbotix/install/share/interbotix_xsarm_dual/package.zsh'
[3.900s] Level 1:colcon.colcon_core.environment:create_file_with_runtime_dependencies(/home/derek-dietz/MSAI/ComputerVision/Final_Project/ws/interbotix/install/share/colcon-core/packages/interbotix_xsarm_dual)
[3.902s] DEBUG:colcon.colcon_core.event_handler.log_command:Invoked command in '/home/derek-dietz/MSAI/ComputerVision/Final_Project/ws/interbotix/build/interbotix_xsarm_joy' returned '0': CMAKE_PREFIX_PATH=${CMAKE_PREFIX_PATH}:/opt/ros/kilted DEBUGINFOD_URLS=https://debuginfod.ubuntu.com PYTHONPATH=/home/derek-dietz/MSAI/ComputerVision/Final_Project/ws/interbotix/install/lib/python3.12/site-packages:/home/derek-dietz/MSAI/ComputerVision/Final_Project/ros_ws/build/arm:/home/derek-dietz/MSAI/ComputerVision/Final_Project/ros_ws/install/arm/lib/python3.12/site-packages:/opt/ros/kilted/lib/python3.12/site-packages /usr/bin/cmake --build /home/derek-dietz/MSAI/ComputerVision/Final_Project/ws/interbotix/build/interbotix_xsarm_joy -- -j22 -l22
[3.902s] DEBUG:colcon.colcon_core.event_handler.log_command:Invoking command in '/home/derek-dietz/MSAI/ComputerVision/Final_Project/ws/interbotix/build/interbotix_xsarm_joy': CMAKE_PREFIX_PATH=${CMAKE_PREFIX_PATH}:/opt/ros/kilted DEBUGINFOD_URLS=https://debuginfod.ubuntu.com PYTHONPATH=/home/derek-dietz/MSAI/ComputerVision/Final_Project/ws/interbotix/install/lib/python3.12/site-packages:/home/derek-dietz/MSAI/ComputerVision/Final_Project/ros_ws/build/arm:/home/derek-dietz/MSAI/ComputerVision/Final_Project/ros_ws/install/arm/lib/python3.12/site-packages:/opt/ros/kilted/lib/python3.12/site-packages /usr/bin/cmake --install /home/derek-dietz/MSAI/ComputerVision/Final_Project/ws/interbotix/build/interbotix_xsarm_joy
[3.903s] DEBUG:colcon.colcon_core.event_handler.log_command:Invoked command in '/home/derek-dietz/MSAI/ComputerVision/Final_Project/ws/interbotix/build/interbotix_xsarm_puppet' returned '0': CMAKE_PREFIX_PATH=${CMAKE_PREFIX_PATH}:/opt/ros/kilted DEBUGINFOD_URLS=https://debuginfod.ubuntu.com PYTHONPATH=/home/derek-dietz/MSAI/ComputerVision/Final_Project/ws/interbotix/install/lib/python3.12/site-packages:/home/derek-dietz/MSAI/ComputerVision/Final_Project/ros_ws/build/arm:/home/derek-dietz/MSAI/ComputerVision/Final_Project/ros_ws/install/arm/lib/python3.12/site-packages:/opt/ros/kilted/lib/python3.12/site-packages /usr/bin/cmake --build /home/derek-dietz/MSAI/ComputerVision/Final_Project/ws/interbotix/build/interbotix_xsarm_puppet -- -j22 -l22
[3.904s] DEBUG:colcon.colcon_core.event_handler.log_command:Invoking command in '/home/derek-dietz/MSAI/ComputerVision/Final_Project/ws/interbotix/build/interbotix_xsarm_puppet': CMAKE_PREFIX_PATH=${CMAKE_PREFIX_PATH}:/opt/ros/kilted DEBUGINFOD_URLS=https://debuginfod.ubuntu.com PYTHONPATH=/home/derek-dietz/MSAI/ComputerVision/Final_Project/ws/interbotix/install/lib/python3.12/site-packages:/home/derek-dietz/MSAI/ComputerVision/Final_Project/ros_ws/build/arm:/home/derek-dietz/MSAI/ComputerVision/Final_Project/ros_ws/install/arm/lib/python3.12/site-packages:/opt/ros/kilted/lib/python3.12/site-packages /usr/bin/cmake --install /home/derek-dietz/MSAI/ComputerVision/Final_Project/ws/interbotix/build/interbotix_xsarm_puppet
[3.905s] DEBUG:colcon.colcon_core.event_handler.log_command:Invoking command in '/home/derek-dietz/MSAI/ComputerVision/Final_Project/ws/interbotix/build/interbotix_xsarm_moveit': CMAKE_PREFIX_PATH=${CMAKE_PREFIX_PATH}:/opt/ros/kilted DEBUGINFOD_URLS=https://debuginfod.ubuntu.com PYTHONPATH=/home/derek-dietz/MSAI/ComputerVision/Final_Project/ws/interbotix/install/lib/python3.12/site-packages:/home/derek-dietz/MSAI/ComputerVision/Final_Project/ros_ws/build/arm:/home/derek-dietz/MSAI/ComputerVision/Final_Project/ros_ws/install/arm/lib/python3.12/site-packages:/opt/ros/kilted/lib/python3.12/site-packages /usr/bin/cmake --build /home/derek-dietz/MSAI/ComputerVision/Final_Project/ws/interbotix/build/interbotix_xsarm_moveit -- -j22 -l22
[3.917s] Level 1:colcon.colcon_core.environment:create_environment_scripts_only(interbotix_xsarm_puppet)
[3.918s] DEBUG:colcon.colcon_core.event_handler.log_command:Invoked command in '/home/derek-dietz/MSAI/ComputerVision/Final_Project/ws/interbotix/build/interbotix_xsarm_puppet' returned '0': CMAKE_PREFIX_PATH=${CMAKE_PREFIX_PATH}:/opt/ros/kilted DEBUGINFOD_URLS=https://debuginfod.ubuntu.com PYTHONPATH=/home/derek-dietz/MSAI/ComputerVision/Final_Project/ws/interbotix/install/lib/python3.12/site-packages:/home/derek-dietz/MSAI/ComputerVision/Final_Project/ros_ws/build/arm:/home/derek-dietz/MSAI/ComputerVision/Final_Project/ros_ws/install/arm/lib/python3.12/site-packages:/opt/ros/kilted/lib/python3.12/site-packages /usr/bin/cmake --install /home/derek-dietz/MSAI/ComputerVision/Final_Project/ws/interbotix/build/interbotix_xsarm_puppet
[3.918s] Level 1:colcon.colcon_core.environment:checking '/home/derek-dietz/MSAI/ComputerVision/Final_Project/ws/interbotix/install' for CMake module files
[3.919s] Level 1:colcon.colcon_core.environment:checking '/home/derek-dietz/MSAI/ComputerVision/Final_Project/ws/interbotix/install' for CMake config files
[3.919s] Level 1:colcon.colcon_core.shell:create_environment_hook('interbotix_xsarm_puppet', 'cmake_prefix_path')
[3.920s] INFO:colcon.colcon_core.shell:Creating environment hook '/home/derek-dietz/MSAI/ComputerVision/Final_Project/ws/interbotix/install/share/interbotix_xsarm_puppet/hook/cmake_prefix_path.ps1'
[3.920s] INFO:colcon.colcon_core.shell:Creating environment descriptor '/home/derek-dietz/MSAI/ComputerVision/Final_Project/ws/interbotix/install/share/interbotix_xsarm_puppet/hook/cmake_prefix_path.dsv'
[3.921s] INFO:colcon.colcon_core.shell:Creating environment hook '/home/derek-dietz/MSAI/ComputerVision/Final_Project/ws/interbotix/install/share/interbotix_xsarm_puppet/hook/cmake_prefix_path.sh'
[3.921s] Level 1:colcon.colcon_core.environment:checking '/home/derek-dietz/MSAI/ComputerVision/Final_Project/ws/interbotix/install/lib'
[3.921s] Level 1:colcon.colcon_core.shell:create_environment_hook('interbotix_xsarm_puppet', 'ld_library_path_lib')
[3.922s] INFO:colcon.colcon_core.shell:Creating environment hook '/home/derek-dietz/MSAI/ComputerVision/Final_Project/ws/interbotix/install/share/interbotix_xsarm_puppet/hook/ld_library_path_lib.ps1'
[3.922s] INFO:colcon.colcon_core.shell:Creating environment descriptor '/home/derek-dietz/MSAI/ComputerVision/Final_Project/ws/interbotix/install/share/interbotix_xsarm_puppet/hook/ld_library_path_lib.dsv'
[3.922s] INFO:colcon.colcon_core.shell:Creating environment hook '/home/derek-dietz/MSAI/ComputerVision/Final_Project/ws/interbotix/install/share/interbotix_xsarm_puppet/hook/ld_library_path_lib.sh'
[3.923s] Level 1:colcon.colcon_core.environment:checking '/home/derek-dietz/MSAI/ComputerVision/Final_Project/ws/interbotix/install/bin'
[3.923s] Level 1:colcon.colcon_core.environment:checking '/home/derek-dietz/MSAI/ComputerVision/Final_Project/ws/interbotix/install/lib/pkgconfig/interbotix_xsarm_puppet.pc'
[3.923s] Level 1:colcon.colcon_core.environment:checking '/home/derek-dietz/MSAI/ComputerVision/Final_Project/ws/interbotix/install/lib/python3.12/site-packages'
[3.923s] Level 1:colcon.colcon_core.shell:create_environment_hook('interbotix_xsarm_puppet', 'pythonpath')
[3.923s] INFO:colcon.colcon_core.shell:Creating environment hook '/home/derek-dietz/MSAI/ComputerVision/Final_Project/ws/interbotix/install/share/interbotix_xsarm_puppet/hook/pythonpath.ps1'
[3.924s] INFO:colcon.colcon_core.shell:Creating environment descriptor '/home/derek-dietz/MSAI/ComputerVision/Final_Project/ws/interbotix/install/share/interbotix_xsarm_puppet/hook/pythonpath.dsv'
[3.924s] INFO:colcon.colcon_core.shell:Creating environment hook '/home/derek-dietz/MSAI/ComputerVision/Final_Project/ws/interbotix/install/share/interbotix_xsarm_puppet/hook/pythonpath.sh'
[3.925s] Level 1:colcon.colcon_core.environment:checking '/home/derek-dietz/MSAI/ComputerVision/Final_Project/ws/interbotix/install/bin'
[3.925s] INFO:colcon.colcon_core.shell:Creating package script '/home/derek-dietz/MSAI/ComputerVision/Final_Project/ws/interbotix/install/share/interbotix_xsarm_puppet/package.ps1'
[3.925s] INFO:colcon.colcon_core.shell:Creating package descriptor '/home/derek-dietz/MSAI/ComputerVision/Final_Project/ws/interbotix/install/share/interbotix_xsarm_puppet/package.dsv'
[3.926s] INFO:colcon.colcon_core.shell:Creating package script '/home/derek-dietz/MSAI/ComputerVision/Final_Project/ws/interbotix/install/share/interbotix_xsarm_puppet/package.sh'
[3.926s] INFO:colcon.colcon_core.shell:Creating package script '/home/derek-dietz/MSAI/ComputerVision/Final_Project/ws/interbotix/install/share/interbotix_xsarm_puppet/package.bash'
[3.926s] INFO:colcon.colcon_core.shell:Creating package script '/home/derek-dietz/MSAI/ComputerVision/Final_Project/ws/interbotix/install/share/interbotix_xsarm_puppet/package.zsh'
[3.926s] Level 1:colcon.colcon_core.environment:create_file_with_runtime_dependencies(/home/derek-dietz/MSAI/ComputerVision/Final_Project/ws/interbotix/install/share/colcon-core/packages/interbotix_xsarm_puppet)
[3.927s] Level 1:colcon.colcon_core.environment:create_environment_scripts_only(interbotix_xsarm_puppet)
[3.927s] Level 1:colcon.colcon_core.environment:checking '/home/derek-dietz/MSAI/ComputerVision/Final_Project/ws/interbotix/install' for CMake module files
[3.927s] Level 1:colcon.colcon_core.environment:checking '/home/derek-dietz/MSAI/ComputerVision/Final_Project/ws/interbotix/install' for CMake config files
[3.928s] Level 1:colcon.colcon_core.shell:create_environment_hook('interbotix_xsarm_puppet', 'cmake_prefix_path')
[3.928s] INFO:colcon.colcon_core.shell:Creating environment hook '/home/derek-dietz/MSAI/ComputerVision/Final_Project/ws/interbotix/install/share/interbotix_xsarm_puppet/hook/cmake_prefix_path.ps1'
[3.928s] INFO:colcon.colcon_core.shell:Creating environment descriptor '/home/derek-dietz/MSAI/ComputerVision/Final_Project/ws/interbotix/install/share/interbotix_xsarm_puppet/hook/cmake_prefix_path.dsv'
[3.928s] INFO:colcon.colcon_core.shell:Creating environment hook '/home/derek-dietz/MSAI/ComputerVision/Final_Project/ws/interbotix/install/share/interbotix_xsarm_puppet/hook/cmake_prefix_path.sh'
[3.929s] Level 1:colcon.colcon_core.environment:checking '/home/derek-dietz/MSAI/ComputerVision/Final_Project/ws/interbotix/install/lib'
[3.929s] Level 1:colcon.colcon_core.shell:create_environment_hook('interbotix_xsarm_puppet', 'ld_library_path_lib')
[3.929s] INFO:colcon.colcon_core.shell:Creating environment hook '/home/derek-dietz/MSAI/ComputerVision/Final_Project/ws/interbotix/install/share/interbotix_xsarm_puppet/hook/ld_library_path_lib.ps1'
[3.929s] INFO:colcon.colcon_core.shell:Creating environment descriptor '/home/derek-dietz/MSAI/ComputerVision/Final_Project/ws/interbotix/install/share/interbotix_xsarm_puppet/hook/ld_library_path_lib.dsv'
[3.929s] INFO:colcon.colcon_core.shell:Creating environment hook '/home/derek-dietz/MSAI/ComputerVision/Final_Project/ws/interbotix/install/share/interbotix_xsarm_puppet/hook/ld_library_path_lib.sh'
[3.929s] Level 1:colcon.colcon_core.environment:checking '/home/derek-dietz/MSAI/ComputerVision/Final_Project/ws/interbotix/install/bin'
[3.929s] Level 1:colcon.colcon_core.environment:checking '/home/derek-dietz/MSAI/ComputerVision/Final_Project/ws/interbotix/install/lib/pkgconfig/interbotix_xsarm_puppet.pc'
[3.929s] Level 1:colcon.colcon_core.environment:checking '/home/derek-dietz/MSAI/ComputerVision/Final_Project/ws/interbotix/install/lib/python3.12/site-packages'
[3.930s] Level 1:colcon.colcon_core.shell:create_environment_hook('interbotix_xsarm_puppet', 'pythonpath')
[3.930s] INFO:colcon.colcon_core.shell:Creating environment hook '/home/derek-dietz/MSAI/ComputerVision/Final_Project/ws/interbotix/install/share/interbotix_xsarm_puppet/hook/pythonpath.ps1'
[3.930s] INFO:colcon.colcon_core.shell:Creating environment descriptor '/home/derek-dietz/MSAI/ComputerVision/Final_Project/ws/interbotix/install/share/interbotix_xsarm_puppet/hook/pythonpath.dsv'
[3.930s] INFO:colcon.colcon_core.shell:Creating environment hook '/home/derek-dietz/MSAI/ComputerVision/Final_Project/ws/interbotix/install/share/interbotix_xsarm_puppet/hook/pythonpath.sh'
[3.930s] Level 1:colcon.colcon_core.environment:checking '/home/derek-dietz/MSAI/ComputerVision/Final_Project/ws/interbotix/install/bin'
[3.931s] INFO:colcon.colcon_core.shell:Creating package script '/home/derek-dietz/MSAI/ComputerVision/Final_Project/ws/interbotix/install/share/interbotix_xsarm_puppet/package.ps1'
[3.931s] INFO:colcon.colcon_core.shell:Creating package descriptor '/home/derek-dietz/MSAI/ComputerVision/Final_Project/ws/interbotix/install/share/interbotix_xsarm_puppet/package.dsv'
[3.931s] INFO:colcon.colcon_core.shell:Creating package script '/home/derek-dietz/MSAI/ComputerVision/Final_Project/ws/interbotix/install/share/interbotix_xsarm_puppet/package.sh'
[3.931s] INFO:colcon.colcon_core.shell:Creating package script '/home/derek-dietz/MSAI/ComputerVision/Final_Project/ws/interbotix/install/share/interbotix_xsarm_puppet/package.bash'
[3.932s] INFO:colcon.colcon_core.shell:Creating package script '/home/derek-dietz/MSAI/ComputerVision/Final_Project/ws/interbotix/install/share/interbotix_xsarm_puppet/package.zsh'
[3.932s] Level 1:colcon.colcon_core.environment:create_file_with_runtime_dependencies(/home/derek-dietz/MSAI/ComputerVision/Final_Project/ws/interbotix/install/share/colcon-core/packages/interbotix_xsarm_puppet)
[3.932s] Level 1:colcon.colcon_core.environment:create_environment_scripts_only(interbotix_xsarm_joy)
[3.932s] Level 1:colcon.colcon_core.environment:checking '/home/derek-dietz/MSAI/ComputerVision/Final_Project/ws/interbotix/install' for CMake module files
[3.933s] DEBUG:colcon.colcon_core.event_handler.log_command:Invoked command in '/home/derek-dietz/MSAI/ComputerVision/Final_Project/ws/interbotix/build/interbotix_xsarm_joy' returned '0': CMAKE_PREFIX_PATH=${CMAKE_PREFIX_PATH}:/opt/ros/kilted DEBUGINFOD_URLS=https://debuginfod.ubuntu.com PYTHONPATH=/home/derek-dietz/MSAI/ComputerVision/Final_Project/ws/interbotix/install/lib/python3.12/site-packages:/home/derek-dietz/MSAI/ComputerVision/Final_Project/ros_ws/build/arm:/home/derek-dietz/MSAI/ComputerVision/Final_Project/ros_ws/install/arm/lib/python3.12/site-packages:/opt/ros/kilted/lib/python3.12/site-packages /usr/bin/cmake --install /home/derek-dietz/MSAI/ComputerVision/Final_Project/ws/interbotix/build/interbotix_xsarm_joy
[3.933s] Level 1:colcon.colcon_core.environment:checking '/home/derek-dietz/MSAI/ComputerVision/Final_Project/ws/interbotix/install' for CMake config files
[3.934s] Level 1:colcon.colcon_core.shell:create_environment_hook('interbotix_xsarm_joy', 'cmake_prefix_path')
[3.935s] INFO:colcon.colcon_core.shell:Creating environment hook '/home/derek-dietz/MSAI/ComputerVision/Final_Project/ws/interbotix/install/share/interbotix_xsarm_joy/hook/cmake_prefix_path.ps1'
[3.935s] INFO:colcon.colcon_core.shell:Creating environment descriptor '/home/derek-dietz/MSAI/ComputerVision/Final_Project/ws/interbotix/install/share/interbotix_xsarm_joy/hook/cmake_prefix_path.dsv'
[3.935s] INFO:colcon.colcon_core.shell:Creating environment hook '/home/derek-dietz/MSAI/ComputerVision/Final_Project/ws/interbotix/install/share/interbotix_xsarm_joy/hook/cmake_prefix_path.sh'
[3.936s] Level 1:colcon.colcon_core.environment:checking '/home/derek-dietz/MSAI/ComputerVision/Final_Project/ws/interbotix/install/lib'
[3.936s] Level 1:colcon.colcon_core.shell:create_environment_hook('interbotix_xsarm_joy', 'ld_library_path_lib')
[3.937s] INFO:colcon.colcon_core.shell:Creating environment hook '/home/derek-dietz/MSAI/ComputerVision/Final_Project/ws/interbotix/install/share/interbotix_xsarm_joy/hook/ld_library_path_lib.ps1'
[3.937s] INFO:colcon.colcon_core.shell:Creating environment descriptor '/home/derek-dietz/MSAI/ComputerVision/Final_Project/ws/interbotix/install/share/interbotix_xsarm_joy/hook/ld_library_path_lib.dsv'
[3.937s] INFO:colcon.colcon_core.shell:Creating environment hook '/home/derek-dietz/MSAI/ComputerVision/Final_Project/ws/interbotix/install/share/interbotix_xsarm_joy/hook/ld_library_path_lib.sh'
[3.938s] Level 1:colcon.colcon_core.environment:checking '/home/derek-dietz/MSAI/ComputerVision/Final_Project/ws/interbotix/install/bin'
[3.938s] Level 1:colcon.colcon_core.environment:checking '/home/derek-dietz/MSAI/ComputerVision/Final_Project/ws/interbotix/install/lib/pkgconfig/interbotix_xsarm_joy.pc'
[3.938s] Level 1:colcon.colcon_core.environment:checking '/home/derek-dietz/MSAI/ComputerVision/Final_Project/ws/interbotix/install/lib/python3.12/site-packages'
[3.938s] Level 1:colcon.colcon_core.shell:create_environment_hook('interbotix_xsarm_joy', 'pythonpath')
[3.938s] INFO:colcon.colcon_core.shell:Creating environment hook '/home/derek-dietz/MSAI/ComputerVision/Final_Project/ws/interbotix/install/share/interbotix_xsarm_joy/hook/pythonpath.ps1'
[3.939s] INFO:colcon.colcon_core.shell:Creating environment descriptor '/home/derek-dietz/MSAI/ComputerVision/Final_Project/ws/interbotix/install/share/interbotix_xsarm_joy/hook/pythonpath.dsv'
[3.939s] INFO:colcon.colcon_core.shell:Creating environment hook '/home/derek-dietz/MSAI/ComputerVision/Final_Project/ws/interbotix/install/share/interbotix_xsarm_joy/hook/pythonpath.sh'
[3.940s] Level 1:colcon.colcon_core.environment:checking '/home/derek-dietz/MSAI/ComputerVision/Final_Project/ws/interbotix/install/bin'
[3.940s] INFO:colcon.colcon_core.shell:Creating package script '/home/derek-dietz/MSAI/ComputerVision/Final_Project/ws/interbotix/install/share/interbotix_xsarm_joy/package.ps1'
[3.941s] INFO:colcon.colcon_core.shell:Creating package descriptor '/home/derek-dietz/MSAI/ComputerVision/Final_Project/ws/interbotix/install/share/interbotix_xsarm_joy/package.dsv'
[3.941s] INFO:colcon.colcon_core.shell:Creating package script '/home/derek-dietz/MSAI/ComputerVision/Final_Project/ws/interbotix/install/share/interbotix_xsarm_joy/package.sh'
[3.942s] INFO:colcon.colcon_core.shell:Creating package script '/home/derek-dietz/MSAI/ComputerVision/Final_Project/ws/interbotix/install/share/interbotix_xsarm_joy/package.bash'
[3.942s] INFO:colcon.colcon_core.shell:Creating package script '/home/derek-dietz/MSAI/ComputerVision/Final_Project/ws/interbotix/install/share/interbotix_xsarm_joy/package.zsh'
[3.943s] Level 1:colcon.colcon_core.environment:create_file_with_runtime_dependencies(/home/derek-dietz/MSAI/ComputerVision/Final_Project/ws/interbotix/install/share/colcon-core/packages/interbotix_xsarm_joy)
[3.943s] Level 1:colcon.colcon_core.environment:create_environment_scripts_only(interbotix_xsarm_joy)
[3.943s] Level 1:colcon.colcon_core.environment:checking '/home/derek-dietz/MSAI/ComputerVision/Final_Project/ws/interbotix/install' for CMake module files
[3.944s] Level 1:colcon.colcon_core.environment:checking '/home/derek-dietz/MSAI/ComputerVision/Final_Project/ws/interbotix/install' for CMake config files
[3.945s] Level 1:colcon.colcon_core.shell:create_environment_hook('interbotix_xsarm_joy', 'cmake_prefix_path')
[3.945s] INFO:colcon.colcon_core.shell:Creating environment hook '/home/derek-dietz/MSAI/ComputerVision/Final_Project/ws/interbotix/install/share/interbotix_xsarm_joy/hook/cmake_prefix_path.ps1'
[3.945s] INFO:colcon.colcon_core.shell:Creating environment descriptor '/home/derek-dietz/MSAI/ComputerVision/Final_Project/ws/interbotix/install/share/interbotix_xsarm_joy/hook/cmake_prefix_path.dsv'
[3.946s] INFO:colcon.colcon_core.shell:Creating environment hook '/home/derek-dietz/MSAI/ComputerVision/Final_Project/ws/interbotix/install/share/interbotix_xsarm_joy/hook/cmake_prefix_path.sh'
[3.946s] Level 1:colcon.colcon_core.environment:checking '/home/derek-dietz/MSAI/ComputerVision/Final_Project/ws/interbotix/install/lib'
[3.946s] Level 1:colcon.colcon_core.shell:create_environment_hook('interbotix_xsarm_joy', 'ld_library_path_lib')
[3.947s] INFO:colcon.colcon_core.shell:Creating environment hook '/home/derek-dietz/MSAI/ComputerVision/Final_Project/ws/interbotix/install/share/interbotix_xsarm_joy/hook/ld_library_path_lib.ps1'
[3.947s] INFO:colcon.colcon_core.shell:Creating environment descriptor '/home/derek-dietz/MSAI/ComputerVision/Final_Project/ws/interbotix/install/share/interbotix_xsarm_joy/hook/ld_library_path_lib.dsv'
[3.947s] INFO:colcon.colcon_core.shell:Creating environment hook '/home/derek-dietz/MSAI/ComputerVision/Final_Project/ws/interbotix/install/share/interbotix_xsarm_joy/hook/ld_library_path_lib.sh'
[3.948s] Level 1:colcon.colcon_core.environment:checking '/home/derek-dietz/MSAI/ComputerVision/Final_Project/ws/interbotix/install/bin'
[3.948s] Level 1:colcon.colcon_core.environment:checking '/home/derek-dietz/MSAI/ComputerVision/Final_Project/ws/interbotix/install/lib/pkgconfig/interbotix_xsarm_joy.pc'
[3.948s] Level 1:colcon.colcon_core.environment:checking '/home/derek-dietz/MSAI/ComputerVision/Final_Project/ws/interbotix/install/lib/python3.12/site-packages'
[3.948s] Level 1:colcon.colcon_core.shell:create_environment_hook('interbotix_xsarm_joy', 'pythonpath')
[3.948s] INFO:colcon.colcon_core.shell:Creating environment hook '/home/derek-dietz/MSAI/ComputerVision/Final_Project/ws/interbotix/install/share/interbotix_xsarm_joy/hook/pythonpath.ps1'
[3.949s] INFO:colcon.colcon_core.shell:Creating environment descriptor '/home/derek-dietz/MSAI/ComputerVision/Final_Project/ws/interbotix/install/share/interbotix_xsarm_joy/hook/pythonpath.dsv'
[3.949s] INFO:colcon.colcon_core.shell:Creating environment hook '/home/derek-dietz/MSAI/ComputerVision/Final_Project/ws/interbotix/install/share/interbotix_xsarm_joy/hook/pythonpath.sh'
[3.950s] Level 1:colcon.colcon_core.environment:checking '/home/derek-dietz/MSAI/ComputerVision/Final_Project/ws/interbotix/install/bin'
[3.950s] INFO:colcon.colcon_core.shell:Creating package script '/home/derek-dietz/MSAI/ComputerVision/Final_Project/ws/interbotix/install/share/interbotix_xsarm_joy/package.ps1'
[3.951s] INFO:colcon.colcon_core.shell:Creating package descriptor '/home/derek-dietz/MSAI/ComputerVision/Final_Project/ws/interbotix/install/share/interbotix_xsarm_joy/package.dsv'
[3.951s] INFO:colcon.colcon_core.shell:Creating package script '/home/derek-dietz/MSAI/ComputerVision/Final_Project/ws/interbotix/install/share/interbotix_xsarm_joy/package.sh'
[3.952s] INFO:colcon.colcon_core.shell:Creating package script '/home/derek-dietz/MSAI/ComputerVision/Final_Project/ws/interbotix/install/share/interbotix_xsarm_joy/package.bash'
[3.952s] INFO:colcon.colcon_core.shell:Creating package script '/home/derek-dietz/MSAI/ComputerVision/Final_Project/ws/interbotix/install/share/interbotix_xsarm_joy/package.zsh'
[3.952s] Level 1:colcon.colcon_core.environment:create_file_with_runtime_dependencies(/home/derek-dietz/MSAI/ComputerVision/Final_Project/ws/interbotix/install/share/colcon-core/packages/interbotix_xsarm_joy)
[3.954s] DEBUG:colcon.colcon_core.event_handler.log_command:Invoked command in '/home/derek-dietz/MSAI/ComputerVision/Final_Project/ws/interbotix/build/interbotix_xsarm_moveit' returned '0': CMAKE_PREFIX_PATH=${CMAKE_PREFIX_PATH}:/opt/ros/kilted DEBUGINFOD_URLS=https://debuginfod.ubuntu.com PYTHONPATH=/home/derek-dietz/MSAI/ComputerVision/Final_Project/ws/interbotix/install/lib/python3.12/site-packages:/home/derek-dietz/MSAI/ComputerVision/Final_Project/ros_ws/build/arm:/home/derek-dietz/MSAI/ComputerVision/Final_Project/ros_ws/install/arm/lib/python3.12/site-packages:/opt/ros/kilted/lib/python3.12/site-packages /usr/bin/cmake --build /home/derek-dietz/MSAI/ComputerVision/Final_Project/ws/interbotix/build/interbotix_xsarm_moveit -- -j22 -l22
[3.955s] DEBUG:colcon.colcon_core.event_handler.log_command:Invoking command in '/home/derek-dietz/MSAI/ComputerVision/Final_Project/ws/interbotix/build/interbotix_xsarm_moveit': CMAKE_PREFIX_PATH=${CMAKE_PREFIX_PATH}:/opt/ros/kilted DEBUGINFOD_URLS=https://debuginfod.ubuntu.com PYTHONPATH=/home/derek-dietz/MSAI/ComputerVision/Final_Project/ws/interbotix/install/lib/python3.12/site-packages:/home/derek-dietz/MSAI/ComputerVision/Final_Project/ros_ws/build/arm:/home/derek-dietz/MSAI/ComputerVision/Final_Project/ros_ws/install/arm/lib/python3.12/site-packages:/opt/ros/kilted/lib/python3.12/site-packages /usr/bin/cmake --install /home/derek-dietz/MSAI/ComputerVision/Final_Project/ws/interbotix/build/interbotix_xsarm_moveit
[3.964s] Level 1:colcon.colcon_core.environment:create_environment_scripts_only(interbotix_xsarm_moveit)
[3.964s] Level 1:colcon.colcon_core.environment:checking '/home/derek-dietz/MSAI/ComputerVision/Final_Project/ws/interbotix/install' for CMake module files
[3.967s] DEBUG:colcon.colcon_core.event_handler.log_command:Invoked command in '/home/derek-dietz/MSAI/ComputerVision/Final_Project/ws/interbotix/build/interbotix_xsarm_moveit' returned '0': CMAKE_PREFIX_PATH=${CMAKE_PREFIX_PATH}:/opt/ros/kilted DEBUGINFOD_URLS=https://debuginfod.ubuntu.com PYTHONPATH=/home/derek-dietz/MSAI/ComputerVision/Final_Project/ws/interbotix/install/lib/python3.12/site-packages:/home/derek-dietz/MSAI/ComputerVision/Final_Project/ros_ws/build/arm:/home/derek-dietz/MSAI/ComputerVision/Final_Project/ros_ws/install/arm/lib/python3.12/site-packages:/opt/ros/kilted/lib/python3.12/site-packages /usr/bin/cmake --install /home/derek-dietz/MSAI/ComputerVision/Final_Project/ws/interbotix/build/interbotix_xsarm_moveit
[3.967s] Level 1:colcon.colcon_core.environment:checking '/home/derek-dietz/MSAI/ComputerVision/Final_Project/ws/interbotix/install' for CMake config files
[3.968s] Level 1:colcon.colcon_core.shell:create_environment_hook('interbotix_xsarm_moveit', 'cmake_prefix_path')
[3.969s] INFO:colcon.colcon_core.shell:Creating environment hook '/home/derek-dietz/MSAI/ComputerVision/Final_Project/ws/interbotix/install/share/interbotix_xsarm_moveit/hook/cmake_prefix_path.ps1'
[3.969s] INFO:colcon.colcon_core.shell:Creating environment descriptor '/home/derek-dietz/MSAI/ComputerVision/Final_Project/ws/interbotix/install/share/interbotix_xsarm_moveit/hook/cmake_prefix_path.dsv'
[3.970s] INFO:colcon.colcon_core.shell:Creating environment hook '/home/derek-dietz/MSAI/ComputerVision/Final_Project/ws/interbotix/install/share/interbotix_xsarm_moveit/hook/cmake_prefix_path.sh'
[3.970s] Level 1:colcon.colcon_core.environment:checking '/home/derek-dietz/MSAI/ComputerVision/Final_Project/ws/interbotix/install/lib'
[3.971s] Level 1:colcon.colcon_core.shell:create_environment_hook('interbotix_xsarm_moveit', 'ld_library_path_lib')
[3.971s] INFO:colcon.colcon_core.shell:Creating environment hook '/home/derek-dietz/MSAI/ComputerVision/Final_Project/ws/interbotix/install/share/interbotix_xsarm_moveit/hook/ld_library_path_lib.ps1'
[3.971s] INFO:colcon.colcon_core.shell:Creating environment descriptor '/home/derek-dietz/MSAI/ComputerVision/Final_Project/ws/interbotix/install/share/interbotix_xsarm_moveit/hook/ld_library_path_lib.dsv'
[3.972s] INFO:colcon.colcon_core.shell:Creating environment hook '/home/derek-dietz/MSAI/ComputerVision/Final_Project/ws/interbotix/install/share/interbotix_xsarm_moveit/hook/ld_library_path_lib.sh'
[3.972s] Level 1:colcon.colcon_core.environment:checking '/home/derek-dietz/MSAI/ComputerVision/Final_Project/ws/interbotix/install/bin'
[3.972s] Level 1:colcon.colcon_core.environment:checking '/home/derek-dietz/MSAI/ComputerVision/Final_Project/ws/interbotix/install/lib/pkgconfig/interbotix_xsarm_moveit.pc'
[3.972s] Level 1:colcon.colcon_core.environment:checking '/home/derek-dietz/MSAI/ComputerVision/Final_Project/ws/interbotix/install/lib/python3.12/site-packages'
[3.973s] Level 1:colcon.colcon_core.shell:create_environment_hook('interbotix_xsarm_moveit', 'pythonpath')
[3.973s] INFO:colcon.colcon_core.shell:Creating environment hook '/home/derek-dietz/MSAI/ComputerVision/Final_Project/ws/interbotix/install/share/interbotix_xsarm_moveit/hook/pythonpath.ps1'
[3.973s] INFO:colcon.colcon_core.shell:Creating environment descriptor '/home/derek-dietz/MSAI/ComputerVision/Final_Project/ws/interbotix/install/share/interbotix_xsarm_moveit/hook/pythonpath.dsv'
[3.974s] INFO:colcon.colcon_core.shell:Creating environment hook '/home/derek-dietz/MSAI/ComputerVision/Final_Project/ws/interbotix/install/share/interbotix_xsarm_moveit/hook/pythonpath.sh'
[3.974s] Level 1:colcon.colcon_core.environment:checking '/home/derek-dietz/MSAI/ComputerVision/Final_Project/ws/interbotix/install/bin'
[3.975s] INFO:colcon.colcon_core.shell:Creating package script '/home/derek-dietz/MSAI/ComputerVision/Final_Project/ws/interbotix/install/share/interbotix_xsarm_moveit/package.ps1'
[3.975s] INFO:colcon.colcon_core.shell:Creating package descriptor '/home/derek-dietz/MSAI/ComputerVision/Final_Project/ws/interbotix/install/share/interbotix_xsarm_moveit/package.dsv'
[3.976s] INFO:colcon.colcon_core.shell:Creating package script '/home/derek-dietz/MSAI/ComputerVision/Final_Project/ws/interbotix/install/share/interbotix_xsarm_moveit/package.sh'
[3.976s] INFO:colcon.colcon_core.shell:Creating package script '/home/derek-dietz/MSAI/ComputerVision/Final_Project/ws/interbotix/install/share/interbotix_xsarm_moveit/package.bash'
[3.977s] INFO:colcon.colcon_core.shell:Creating package script '/home/derek-dietz/MSAI/ComputerVision/Final_Project/ws/interbotix/install/share/interbotix_xsarm_moveit/package.zsh'
[3.977s] Level 1:colcon.colcon_core.environment:create_file_with_runtime_dependencies(/home/derek-dietz/MSAI/ComputerVision/Final_Project/ws/interbotix/install/share/colcon-core/packages/interbotix_xsarm_moveit)
[3.977s] Level 1:colcon.colcon_core.environment:create_environment_scripts_only(interbotix_xsarm_moveit)
[3.978s] Level 1:colcon.colcon_core.environment:checking '/home/derek-dietz/MSAI/ComputerVision/Final_Project/ws/interbotix/install' for CMake module files
[3.978s] Level 1:colcon.colcon_core.environment:checking '/home/derek-dietz/MSAI/ComputerVision/Final_Project/ws/interbotix/install' for CMake config files
[3.979s] Level 1:colcon.colcon_core.shell:create_environment_hook('interbotix_xsarm_moveit', 'cmake_prefix_path')
[3.979s] INFO:colcon.colcon_core.shell:Creating environment hook '/home/derek-dietz/MSAI/ComputerVision/Final_Project/ws/interbotix/install/share/interbotix_xsarm_moveit/hook/cmake_prefix_path.ps1'
[3.980s] INFO:colcon.colcon_core.shell:Creating environment descriptor '/home/derek-dietz/MSAI/ComputerVision/Final_Project/ws/interbotix/install/share/interbotix_xsarm_moveit/hook/cmake_prefix_path.dsv'
[3.980s] INFO:colcon.colcon_core.shell:Creating environment hook '/home/derek-dietz/MSAI/ComputerVision/Final_Project/ws/interbotix/install/share/interbotix_xsarm_moveit/hook/cmake_prefix_path.sh'
[3.981s] Level 1:colcon.colcon_core.environment:checking '/home/derek-dietz/MSAI/ComputerVision/Final_Project/ws/interbotix/install/lib'
[3.981s] Level 1:colcon.colcon_core.shell:create_environment_hook('interbotix_xsarm_moveit', 'ld_library_path_lib')
[3.981s] INFO:colcon.colcon_core.shell:Creating environment hook '/home/derek-dietz/MSAI/ComputerVision/Final_Project/ws/interbotix/install/share/interbotix_xsarm_moveit/hook/ld_library_path_lib.ps1'
[3.981s] INFO:colcon.colcon_core.shell:Creating environment descriptor '/home/derek-dietz/MSAI/ComputerVision/Final_Project/ws/interbotix/install/share/interbotix_xsarm_moveit/hook/ld_library_path_lib.dsv'
[3.982s] INFO:colcon.colcon_core.shell:Creating environment hook '/home/derek-dietz/MSAI/ComputerVision/Final_Project/ws/interbotix/install/share/interbotix_xsarm_moveit/hook/ld_library_path_lib.sh'
[3.982s] Level 1:colcon.colcon_core.environment:checking '/home/derek-dietz/MSAI/ComputerVision/Final_Project/ws/interbotix/install/bin'
[3.982s] Level 1:colcon.colcon_core.environment:checking '/home/derek-dietz/MSAI/ComputerVision/Final_Project/ws/interbotix/install/lib/pkgconfig/interbotix_xsarm_moveit.pc'
[3.982s] Level 1:colcon.colcon_core.environment:checking '/home/derek-dietz/MSAI/ComputerVision/Final_Project/ws/interbotix/install/lib/python3.12/site-packages'
[3.982s] Level 1:colcon.colcon_core.shell:create_environment_hook('interbotix_xsarm_moveit', 'pythonpath')
[3.982s] INFO:colcon.colcon_core.shell:Creating environment hook '/home/derek-dietz/MSAI/ComputerVision/Final_Project/ws/interbotix/install/share/interbotix_xsarm_moveit/hook/pythonpath.ps1'
[3.983s] INFO:colcon.colcon_core.shell:Creating environment descriptor '/home/derek-dietz/MSAI/ComputerVision/Final_Project/ws/interbotix/install/share/interbotix_xsarm_moveit/hook/pythonpath.dsv'
[3.983s] INFO:colcon.colcon_core.shell:Creating environment hook '/home/derek-dietz/MSAI/ComputerVision/Final_Project/ws/interbotix/install/share/interbotix_xsarm_moveit/hook/pythonpath.sh'
[3.984s] Level 1:colcon.colcon_core.environment:checking '/home/derek-dietz/MSAI/ComputerVision/Final_Project/ws/interbotix/install/bin'
[3.984s] INFO:colcon.colcon_core.shell:Creating package script '/home/derek-dietz/MSAI/ComputerVision/Final_Project/ws/interbotix/install/share/interbotix_xsarm_moveit/package.ps1'
[3.984s] INFO:colcon.colcon_core.shell:Creating package descriptor '/home/derek-dietz/MSAI/ComputerVision/Final_Project/ws/interbotix/install/share/interbotix_xsarm_moveit/package.dsv'
[3.985s] INFO:colcon.colcon_core.shell:Creating package script '/home/derek-dietz/MSAI/ComputerVision/Final_Project/ws/interbotix/install/share/interbotix_xsarm_moveit/package.sh'
[3.985s] INFO:colcon.colcon_core.shell:Creating package script '/home/derek-dietz/MSAI/ComputerVision/Final_Project/ws/interbotix/install/share/interbotix_xsarm_moveit/package.bash'
[3.985s] INFO:colcon.colcon_core.shell:Creating package script '/home/derek-dietz/MSAI/ComputerVision/Final_Project/ws/interbotix/install/share/interbotix_xsarm_moveit/package.zsh'
[3.986s] Level 1:colcon.colcon_core.environment:create_file_with_runtime_dependencies(/home/derek-dietz/MSAI/ComputerVision/Final_Project/ws/interbotix/install/share/colcon-core/packages/interbotix_xsarm_moveit)
[3.986s] INFO:colcon.colcon_ros.task.ament_cmake.build:Building ROS package in '/home/derek-dietz/MSAI/ComputerVision/Final_Project/ws/interbotix/src/interbotix_ros_manipulators/interbotix_ros_xsarms/interbotix_ros_xsarms' with build type 'ament_cmake'
[3.986s] INFO:colcon.colcon_cmake.task.cmake.build:Building CMake package in '/home/derek-dietz/MSAI/ComputerVision/Final_Project/ws/interbotix/src/interbotix_ros_manipulators/interbotix_ros_xsarms/interbotix_ros_xsarms'
[3.986s] INFO:colcon.colcon_core.shell:Skip shell extension 'powershell' for command environment: Not usable outside of PowerShell
[3.986s] DEBUG:colcon.colcon_core.shell:Skip shell extension 'dsv' for command environment
[3.990s] INFO:colcon.colcon_ros.task.ament_cmake.build:Building ROS package in '/home/derek-dietz/MSAI/ComputerVision/Final_Project/ws/interbotix/src/interbotix_ros_manipulators/interbotix_ros_xsarms/examples/interbotix_xsarm_moveit_interface' with build type 'ament_cmake'
[3.990s] INFO:colcon.colcon_cmake.task.cmake.build:Building CMake package in '/home/derek-dietz/MSAI/ComputerVision/Final_Project/ws/interbotix/src/interbotix_ros_manipulators/interbotix_ros_xsarms/examples/interbotix_xsarm_moveit_interface'
[3.990s] INFO:colcon.colcon_core.shell:Skip shell extension 'powershell' for command environment: Not usable outside of PowerShell
[3.990s] DEBUG:colcon.colcon_core.shell:Skip shell extension 'dsv' for command environment
[4.018s] DEBUG:colcon.colcon_core.event_handler.log_command:Invoking command in '/home/derek-dietz/MSAI/ComputerVision/Final_Project/ws/interbotix/build/interbotix_ros_xsarms': CMAKE_PREFIX_PATH=${CMAKE_PREFIX_PATH}:/opt/ros/kilted DEBUGINFOD_URLS=https://debuginfod.ubuntu.com PYTHONPATH=/home/derek-dietz/MSAI/ComputerVision/Final_Project/ws/interbotix/install/lib/python3.12/site-packages:/home/derek-dietz/MSAI/ComputerVision/Final_Project/ros_ws/build/arm:/home/derek-dietz/MSAI/ComputerVision/Final_Project/ros_ws/install/arm/lib/python3.12/site-packages:/opt/ros/kilted/lib/python3.12/site-packages /usr/bin/cmake --build /home/derek-dietz/MSAI/ComputerVision/Final_Project/ws/interbotix/build/interbotix_ros_xsarms -- -j22 -l22
[4.020s] DEBUG:colcon.colcon_core.event_handler.log_command:Invoking command in '/home/derek-dietz/MSAI/ComputerVision/Final_Project/ws/interbotix/build/interbotix_xsarm_moveit_interface': CMAKE_PREFIX_PATH=${CMAKE_PREFIX_PATH}:/opt/ros/kilted DEBUGINFOD_URLS=https://debuginfod.ubuntu.com PYTHONPATH=/home/derek-dietz/MSAI/ComputerVision/Final_Project/ws/interbotix/install/lib/python3.12/site-packages:/home/derek-dietz/MSAI/ComputerVision/Final_Project/ros_ws/build/arm:/home/derek-dietz/MSAI/ComputerVision/Final_Project/ros_ws/install/arm/lib/python3.12/site-packages:/opt/ros/kilted/lib/python3.12/site-packages /usr/bin/cmake --build /home/derek-dietz/MSAI/ComputerVision/Final_Project/ws/interbotix/build/interbotix_xsarm_moveit_interface -- -j22 -l22
[4.058s] DEBUG:colcon.colcon_core.event_handler.log_command:Invoked command in '/home/derek-dietz/MSAI/ComputerVision/Final_Project/ws/interbotix/build/interbotix_ros_xsarms' returned '0': CMAKE_PREFIX_PATH=${CMAKE_PREFIX_PATH}:/opt/ros/kilted DEBUGINFOD_URLS=https://debuginfod.ubuntu.com PYTHONPATH=/home/derek-dietz/MSAI/ComputerVision/Final_Project/ws/interbotix/install/lib/python3.12/site-packages:/home/derek-dietz/MSAI/ComputerVision/Final_Project/ros_ws/build/arm:/home/derek-dietz/MSAI/ComputerVision/Final_Project/ros_ws/install/arm/lib/python3.12/site-packages:/opt/ros/kilted/lib/python3.12/site-packages /usr/bin/cmake --build /home/derek-dietz/MSAI/ComputerVision/Final_Project/ws/interbotix/build/interbotix_ros_xsarms -- -j22 -l22
[4.059s] DEBUG:colcon.colcon_core.event_handler.log_command:Invoking command in '/home/derek-dietz/MSAI/ComputerVision/Final_Project/ws/interbotix/build/interbotix_ros_xsarms': CMAKE_PREFIX_PATH=${CMAKE_PREFIX_PATH}:/opt/ros/kilted DEBUGINFOD_URLS=https://debuginfod.ubuntu.com PYTHONPATH=/home/derek-dietz/MSAI/ComputerVision/Final_Project/ws/interbotix/install/lib/python3.12/site-packages:/home/derek-dietz/MSAI/ComputerVision/Final_Project/ros_ws/build/arm:/home/derek-dietz/MSAI/ComputerVision/Final_Project/ros_ws/install/arm/lib/python3.12/site-packages:/opt/ros/kilted/lib/python3.12/site-packages /usr/bin/cmake --install /home/derek-dietz/MSAI/ComputerVision/Final_Project/ws/interbotix/build/interbotix_ros_xsarms
[4.061s] DEBUG:colcon.colcon_core.event_handler.log_command:Invoked command in '/home/derek-dietz/MSAI/ComputerVision/Final_Project/ws/interbotix/build/interbotix_xsarm_moveit_interface' returned '0': CMAKE_PREFIX_PATH=${CMAKE_PREFIX_PATH}:/opt/ros/kilted DEBUGINFOD_URLS=https://debuginfod.ubuntu.com PYTHONPATH=/home/derek-dietz/MSAI/ComputerVision/Final_Project/ws/interbotix/install/lib/python3.12/site-packages:/home/derek-dietz/MSAI/ComputerVision/Final_Project/ros_ws/build/arm:/home/derek-dietz/MSAI/ComputerVision/Final_Project/ros_ws/install/arm/lib/python3.12/site-packages:/opt/ros/kilted/lib/python3.12/site-packages /usr/bin/cmake --build /home/derek-dietz/MSAI/ComputerVision/Final_Project/ws/interbotix/build/interbotix_xsarm_moveit_interface -- -j22 -l22
[4.062s] DEBUG:colcon.colcon_core.event_handler.log_command:Invoking command in '/home/derek-dietz/MSAI/ComputerVision/Final_Project/ws/interbotix/build/interbotix_xsarm_moveit_interface': CMAKE_PREFIX_PATH=${CMAKE_PREFIX_PATH}:/opt/ros/kilted DEBUGINFOD_URLS=https://debuginfod.ubuntu.com PYTHONPATH=/home/derek-dietz/MSAI/ComputerVision/Final_Project/ws/interbotix/install/lib/python3.12/site-packages:/home/derek-dietz/MSAI/ComputerVision/Final_Project/ros_ws/build/arm:/home/derek-dietz/MSAI/ComputerVision/Final_Project/ros_ws/install/arm/lib/python3.12/site-packages:/opt/ros/kilted/lib/python3.12/site-packages /usr/bin/cmake --install /home/derek-dietz/MSAI/ComputerVision/Final_Project/ws/interbotix/build/interbotix_xsarm_moveit_interface
[4.075s] Level 1:colcon.colcon_core.environment:create_environment_scripts_only(interbotix_ros_xsarms)
[4.075s] Level 1:colcon.colcon_core.environment:checking '/home/derek-dietz/MSAI/ComputerVision/Final_Project/ws/interbotix/install' for CMake module files
[4.075s] DEBUG:colcon.colcon_core.event_handler.log_command:Invoked command in '/home/derek-dietz/MSAI/ComputerVision/Final_Project/ws/interbotix/build/interbotix_ros_xsarms' returned '0': CMAKE_PREFIX_PATH=${CMAKE_PREFIX_PATH}:/opt/ros/kilted DEBUGINFOD_URLS=https://debuginfod.ubuntu.com PYTHONPATH=/home/derek-dietz/MSAI/ComputerVision/Final_Project/ws/interbotix/install/lib/python3.12/site-packages:/home/derek-dietz/MSAI/ComputerVision/Final_Project/ros_ws/build/arm:/home/derek-dietz/MSAI/ComputerVision/Final_Project/ros_ws/install/arm/lib/python3.12/site-packages:/opt/ros/kilted/lib/python3.12/site-packages /usr/bin/cmake --install /home/derek-dietz/MSAI/ComputerVision/Final_Project/ws/interbotix/build/interbotix_ros_xsarms
[4.076s] Level 1:colcon.colcon_core.environment:checking '/home/derek-dietz/MSAI/ComputerVision/Final_Project/ws/interbotix/install' for CMake config files
[4.077s] Level 1:colcon.colcon_core.shell:create_environment_hook('interbotix_ros_xsarms', 'cmake_prefix_path')
[4.077s] INFO:colcon.colcon_core.shell:Creating environment hook '/home/derek-dietz/MSAI/ComputerVision/Final_Project/ws/interbotix/install/share/interbotix_ros_xsarms/hook/cmake_prefix_path.ps1'
[4.078s] INFO:colcon.colcon_core.shell:Creating environment descriptor '/home/derek-dietz/MSAI/ComputerVision/Final_Project/ws/interbotix/install/share/interbotix_ros_xsarms/hook/cmake_prefix_path.dsv'
[4.078s] INFO:colcon.colcon_core.shell:Creating environment hook '/home/derek-dietz/MSAI/ComputerVision/Final_Project/ws/interbotix/install/share/interbotix_ros_xsarms/hook/cmake_prefix_path.sh'
[4.079s] Level 1:colcon.colcon_core.environment:checking '/home/derek-dietz/MSAI/ComputerVision/Final_Project/ws/interbotix/install/lib'
[4.079s] Level 1:colcon.colcon_core.shell:create_environment_hook('interbotix_ros_xsarms', 'ld_library_path_lib')
[4.079s] INFO:colcon.colcon_core.shell:Creating environment hook '/home/derek-dietz/MSAI/ComputerVision/Final_Project/ws/interbotix/install/share/interbotix_ros_xsarms/hook/ld_library_path_lib.ps1'
[4.079s] INFO:colcon.colcon_core.shell:Creating environment descriptor '/home/derek-dietz/MSAI/ComputerVision/Final_Project/ws/interbotix/install/share/interbotix_ros_xsarms/hook/ld_library_path_lib.dsv'
[4.080s] INFO:colcon.colcon_core.shell:Creating environment hook '/home/derek-dietz/MSAI/ComputerVision/Final_Project/ws/interbotix/install/share/interbotix_ros_xsarms/hook/ld_library_path_lib.sh'
[4.080s] Level 1:colcon.colcon_core.environment:checking '/home/derek-dietz/MSAI/ComputerVision/Final_Project/ws/interbotix/install/bin'
[4.080s] Level 1:colcon.colcon_core.environment:checking '/home/derek-dietz/MSAI/ComputerVision/Final_Project/ws/interbotix/install/lib/pkgconfig/interbotix_ros_xsarms.pc'
[4.080s] Level 1:colcon.colcon_core.environment:checking '/home/derek-dietz/MSAI/ComputerVision/Final_Project/ws/interbotix/install/lib/python3.12/site-packages'
[4.081s] Level 1:colcon.colcon_core.shell:create_environment_hook('interbotix_ros_xsarms', 'pythonpath')
[4.081s] INFO:colcon.colcon_core.shell:Creating environment hook '/home/derek-dietz/MSAI/ComputerVision/Final_Project/ws/interbotix/install/share/interbotix_ros_xsarms/hook/pythonpath.ps1'
[4.081s] INFO:colcon.colcon_core.shell:Creating environment descriptor '/home/derek-dietz/MSAI/ComputerVision/Final_Project/ws/interbotix/install/share/interbotix_ros_xsarms/hook/pythonpath.dsv'
[4.082s] INFO:colcon.colcon_core.shell:Creating environment hook '/home/derek-dietz/MSAI/ComputerVision/Final_Project/ws/interbotix/install/share/interbotix_ros_xsarms/hook/pythonpath.sh'
[4.082s] Level 1:colcon.colcon_core.environment:checking '/home/derek-dietz/MSAI/ComputerVision/Final_Project/ws/interbotix/install/bin'
[4.083s] INFO:colcon.colcon_core.shell:Creating package script '/home/derek-dietz/MSAI/ComputerVision/Final_Project/ws/interbotix/install/share/interbotix_ros_xsarms/package.ps1'
[4.083s] INFO:colcon.colcon_core.shell:Creating package descriptor '/home/derek-dietz/MSAI/ComputerVision/Final_Project/ws/interbotix/install/share/interbotix_ros_xsarms/package.dsv'
[4.084s] INFO:colcon.colcon_core.shell:Creating package script '/home/derek-dietz/MSAI/ComputerVision/Final_Project/ws/interbotix/install/share/interbotix_ros_xsarms/package.sh'
[4.084s] INFO:colcon.colcon_core.shell:Creating package script '/home/derek-dietz/MSAI/ComputerVision/Final_Project/ws/interbotix/install/share/interbotix_ros_xsarms/package.bash'
[4.085s] INFO:colcon.colcon_core.shell:Creating package script '/home/derek-dietz/MSAI/ComputerVision/Final_Project/ws/interbotix/install/share/interbotix_ros_xsarms/package.zsh'
[4.085s] Level 1:colcon.colcon_core.environment:create_file_with_runtime_dependencies(/home/derek-dietz/MSAI/ComputerVision/Final_Project/ws/interbotix/install/share/colcon-core/packages/interbotix_ros_xsarms)
[4.086s] Level 1:colcon.colcon_core.environment:create_environment_scripts_only(interbotix_ros_xsarms)
[4.086s] Level 1:colcon.colcon_core.environment:checking '/home/derek-dietz/MSAI/ComputerVision/Final_Project/ws/interbotix/install' for CMake module files
[4.086s] Level 1:colcon.colcon_core.environment:checking '/home/derek-dietz/MSAI/ComputerVision/Final_Project/ws/interbotix/install' for CMake config files
[4.087s] Level 1:colcon.colcon_core.shell:create_environment_hook('interbotix_ros_xsarms', 'cmake_prefix_path')
[4.087s] INFO:colcon.colcon_core.shell:Creating environment hook '/home/derek-dietz/MSAI/ComputerVision/Final_Project/ws/interbotix/install/share/interbotix_ros_xsarms/hook/cmake_prefix_path.ps1'
[4.088s] INFO:colcon.colcon_core.shell:Creating environment descriptor '/home/derek-dietz/MSAI/ComputerVision/Final_Project/ws/interbotix/install/share/interbotix_ros_xsarms/hook/cmake_prefix_path.dsv'
[4.088s] INFO:colcon.colcon_core.shell:Creating environment hook '/home/derek-dietz/MSAI/ComputerVision/Final_Project/ws/interbotix/install/share/interbotix_ros_xsarms/hook/cmake_prefix_path.sh'
[4.089s] Level 1:colcon.colcon_core.environment:checking '/home/derek-dietz/MSAI/ComputerVision/Final_Project/ws/interbotix/install/lib'
[4.089s] Level 1:colcon.colcon_core.shell:create_environment_hook('interbotix_ros_xsarms', 'ld_library_path_lib')
[4.089s] INFO:colcon.colcon_core.shell:Creating environment hook '/home/derek-dietz/MSAI/ComputerVision/Final_Project/ws/interbotix/install/share/interbotix_ros_xsarms/hook/ld_library_path_lib.ps1'
[4.089s] INFO:colcon.colcon_core.shell:Creating environment descriptor '/home/derek-dietz/MSAI/ComputerVision/Final_Project/ws/interbotix/install/share/interbotix_ros_xsarms/hook/ld_library_path_lib.dsv'
[4.089s] INFO:colcon.colcon_core.shell:Creating environment hook '/home/derek-dietz/MSAI/ComputerVision/Final_Project/ws/interbotix/install/share/interbotix_ros_xsarms/hook/ld_library_path_lib.sh'
[4.090s] Level 1:colcon.colcon_core.environment:checking '/home/derek-dietz/MSAI/ComputerVision/Final_Project/ws/interbotix/install/bin'
[4.090s] Level 1:colcon.colcon_core.environment:checking '/home/derek-dietz/MSAI/ComputerVision/Final_Project/ws/interbotix/install/lib/pkgconfig/interbotix_ros_xsarms.pc'
[4.090s] Level 1:colcon.colcon_core.environment:checking '/home/derek-dietz/MSAI/ComputerVision/Final_Project/ws/interbotix/install/lib/python3.12/site-packages'
[4.090s] Level 1:colcon.colcon_core.shell:create_environment_hook('interbotix_ros_xsarms', 'pythonpath')
[4.090s] INFO:colcon.colcon_core.shell:Creating environment hook '/home/derek-dietz/MSAI/ComputerVision/Final_Project/ws/interbotix/install/share/interbotix_ros_xsarms/hook/pythonpath.ps1'
[4.091s] INFO:colcon.colcon_core.shell:Creating environment descriptor '/home/derek-dietz/MSAI/ComputerVision/Final_Project/ws/interbotix/install/share/interbotix_ros_xsarms/hook/pythonpath.dsv'
[4.091s] INFO:colcon.colcon_core.shell:Creating environment hook '/home/derek-dietz/MSAI/ComputerVision/Final_Project/ws/interbotix/install/share/interbotix_ros_xsarms/hook/pythonpath.sh'
[4.092s] Level 1:colcon.colcon_core.environment:checking '/home/derek-dietz/MSAI/ComputerVision/Final_Project/ws/interbotix/install/bin'
[4.092s] INFO:colcon.colcon_core.shell:Creating package script '/home/derek-dietz/MSAI/ComputerVision/Final_Project/ws/interbotix/install/share/interbotix_ros_xsarms/package.ps1'
[4.092s] INFO:colcon.colcon_core.shell:Creating package descriptor '/home/derek-dietz/MSAI/ComputerVision/Final_Project/ws/interbotix/install/share/interbotix_ros_xsarms/package.dsv'
[4.093s] INFO:colcon.colcon_core.shell:Creating package script '/home/derek-dietz/MSAI/ComputerVision/Final_Project/ws/interbotix/install/share/interbotix_ros_xsarms/package.sh'
[4.093s] INFO:colcon.colcon_core.shell:Creating package script '/home/derek-dietz/MSAI/ComputerVision/Final_Project/ws/interbotix/install/share/interbotix_ros_xsarms/package.bash'
[4.093s] INFO:colcon.colcon_core.shell:Creating package script '/home/derek-dietz/MSAI/ComputerVision/Final_Project/ws/interbotix/install/share/interbotix_ros_xsarms/package.zsh'
[4.093s] Level 1:colcon.colcon_core.environment:create_file_with_runtime_dependencies(/home/derek-dietz/MSAI/ComputerVision/Final_Project/ws/interbotix/install/share/colcon-core/packages/interbotix_ros_xsarms)
[4.094s] Level 1:colcon.colcon_core.environment:create_environment_scripts_only(interbotix_xsarm_moveit_interface)
[4.094s] Level 1:colcon.colcon_core.environment:checking '/home/derek-dietz/MSAI/ComputerVision/Final_Project/ws/interbotix/install' for CMake module files
[4.094s] Level 1:colcon.colcon_core.environment:checking '/home/derek-dietz/MSAI/ComputerVision/Final_Project/ws/interbotix/install' for CMake config files
[4.095s] DEBUG:colcon.colcon_core.event_handler.log_command:Invoked command in '/home/derek-dietz/MSAI/ComputerVision/Final_Project/ws/interbotix/build/interbotix_xsarm_moveit_interface' returned '0': CMAKE_PREFIX_PATH=${CMAKE_PREFIX_PATH}:/opt/ros/kilted DEBUGINFOD_URLS=https://debuginfod.ubuntu.com PYTHONPATH=/home/derek-dietz/MSAI/ComputerVision/Final_Project/ws/interbotix/install/lib/python3.12/site-packages:/home/derek-dietz/MSAI/ComputerVision/Final_Project/ros_ws/build/arm:/home/derek-dietz/MSAI/ComputerVision/Final_Project/ros_ws/install/arm/lib/python3.12/site-packages:/opt/ros/kilted/lib/python3.12/site-packages /usr/bin/cmake --install /home/derek-dietz/MSAI/ComputerVision/Final_Project/ws/interbotix/build/interbotix_xsarm_moveit_interface
[4.095s] Level 1:colcon.colcon_core.shell:create_environment_hook('interbotix_xsarm_moveit_interface', 'cmake_prefix_path')
[4.095s] INFO:colcon.colcon_core.shell:Creating environment hook '/home/derek-dietz/MSAI/ComputerVision/Final_Project/ws/interbotix/install/share/interbotix_xsarm_moveit_interface/hook/cmake_prefix_path.ps1'
[4.095s] INFO:colcon.colcon_core.shell:Creating environment descriptor '/home/derek-dietz/MSAI/ComputerVision/Final_Project/ws/interbotix/install/share/interbotix_xsarm_moveit_interface/hook/cmake_prefix_path.dsv'
[4.096s] INFO:colcon.colcon_core.shell:Creating environment hook '/home/derek-dietz/MSAI/ComputerVision/Final_Project/ws/interbotix/install/share/interbotix_xsarm_moveit_interface/hook/cmake_prefix_path.sh'
[4.096s] Level 1:colcon.colcon_core.environment:checking '/home/derek-dietz/MSAI/ComputerVision/Final_Project/ws/interbotix/install/lib'
[4.096s] Level 1:colcon.colcon_core.shell:create_environment_hook('interbotix_xsarm_moveit_interface', 'ld_library_path_lib')
[4.096s] INFO:colcon.colcon_core.shell:Creating environment hook '/home/derek-dietz/MSAI/ComputerVision/Final_Project/ws/interbotix/install/share/interbotix_xsarm_moveit_interface/hook/ld_library_path_lib.ps1'
[4.096s] INFO:colcon.colcon_core.shell:Creating environment descriptor '/home/derek-dietz/MSAI/ComputerVision/Final_Project/ws/interbotix/install/share/interbotix_xsarm_moveit_interface/hook/ld_library_path_lib.dsv'
[4.096s] INFO:colcon.colcon_core.shell:Creating environment hook '/home/derek-dietz/MSAI/ComputerVision/Final_Project/ws/interbotix/install/share/interbotix_xsarm_moveit_interface/hook/ld_library_path_lib.sh'
[4.096s] Level 1:colcon.colcon_core.environment:checking '/home/derek-dietz/MSAI/ComputerVision/Final_Project/ws/interbotix/install/bin'
[4.097s] Level 1:colcon.colcon_core.environment:checking '/home/derek-dietz/MSAI/ComputerVision/Final_Project/ws/interbotix/install/lib/pkgconfig/interbotix_xsarm_moveit_interface.pc'
[4.097s] Level 1:colcon.colcon_core.environment:checking '/home/derek-dietz/MSAI/ComputerVision/Final_Project/ws/interbotix/install/lib/python3.12/site-packages'
[4.097s] Level 1:colcon.colcon_core.shell:create_environment_hook('interbotix_xsarm_moveit_interface', 'pythonpath')
[4.097s] INFO:colcon.colcon_core.shell:Creating environment hook '/home/derek-dietz/MSAI/ComputerVision/Final_Project/ws/interbotix/install/share/interbotix_xsarm_moveit_interface/hook/pythonpath.ps1'
[4.097s] INFO:colcon.colcon_core.shell:Creating environment descriptor '/home/derek-dietz/MSAI/ComputerVision/Final_Project/ws/interbotix/install/share/interbotix_xsarm_moveit_interface/hook/pythonpath.dsv'
[4.097s] INFO:colcon.colcon_core.shell:Creating environment hook '/home/derek-dietz/MSAI/ComputerVision/Final_Project/ws/interbotix/install/share/interbotix_xsarm_moveit_interface/hook/pythonpath.sh'
[4.097s] Level 1:colcon.colcon_core.environment:checking '/home/derek-dietz/MSAI/ComputerVision/Final_Project/ws/interbotix/install/bin'
[4.098s] INFO:colcon.colcon_core.shell:Creating package script '/home/derek-dietz/MSAI/ComputerVision/Final_Project/ws/interbotix/install/share/interbotix_xsarm_moveit_interface/package.ps1'
[4.098s] INFO:colcon.colcon_core.shell:Creating package descriptor '/home/derek-dietz/MSAI/ComputerVision/Final_Project/ws/interbotix/install/share/interbotix_xsarm_moveit_interface/package.dsv'
[4.098s] INFO:colcon.colcon_core.shell:Creating package script '/home/derek-dietz/MSAI/ComputerVision/Final_Project/ws/interbotix/install/share/interbotix_xsarm_moveit_interface/package.sh'
[4.098s] INFO:colcon.colcon_core.shell:Creating package script '/home/derek-dietz/MSAI/ComputerVision/Final_Project/ws/interbotix/install/share/interbotix_xsarm_moveit_interface/package.bash'
[4.098s] INFO:colcon.colcon_core.shell:Creating package script '/home/derek-dietz/MSAI/ComputerVision/Final_Project/ws/interbotix/install/share/interbotix_xsarm_moveit_interface/package.zsh'
[4.099s] Level 1:colcon.colcon_core.environment:create_file_with_runtime_dependencies(/home/derek-dietz/MSAI/ComputerVision/Final_Project/ws/interbotix/install/share/colcon-core/packages/interbotix_xsarm_moveit_interface)
[4.099s] Level 1:colcon.colcon_core.environment:create_environment_scripts_only(interbotix_xsarm_moveit_interface)
[4.099s] Level 1:colcon.colcon_core.environment:checking '/home/derek-dietz/MSAI/ComputerVision/Final_Project/ws/interbotix/install' for CMake module files
[4.099s] Level 1:colcon.colcon_core.environment:checking '/home/derek-dietz/MSAI/ComputerVision/Final_Project/ws/interbotix/install' for CMake config files
[4.099s] Level 1:colcon.colcon_core.shell:create_environment_hook('interbotix_xsarm_moveit_interface', 'cmake_prefix_path')
[4.100s] INFO:colcon.colcon_core.shell:Creating environment hook '/home/derek-dietz/MSAI/ComputerVision/Final_Project/ws/interbotix/install/share/interbotix_xsarm_moveit_interface/hook/cmake_prefix_path.ps1'
[4.100s] INFO:colcon.colcon_core.shell:Creating environment descriptor '/home/derek-dietz/MSAI/ComputerVision/Final_Project/ws/interbotix/install/share/interbotix_xsarm_moveit_interface/hook/cmake_prefix_path.dsv'
[4.100s] INFO:colcon.colcon_core.shell:Creating environment hook '/home/derek-dietz/MSAI/ComputerVision/Final_Project/ws/interbotix/install/share/interbotix_xsarm_moveit_interface/hook/cmake_prefix_path.sh'
[4.100s] Level 1:colcon.colcon_core.environment:checking '/home/derek-dietz/MSAI/ComputerVision/Final_Project/ws/interbotix/install/lib'
[4.100s] Level 1:colcon.colcon_core.shell:create_environment_hook('interbotix_xsarm_moveit_interface', 'ld_library_path_lib')
[4.100s] INFO:colcon.colcon_core.shell:Creating environment hook '/home/derek-dietz/MSAI/ComputerVision/Final_Project/ws/interbotix/install/share/interbotix_xsarm_moveit_interface/hook/ld_library_path_lib.ps1'
[4.101s] INFO:colcon.colcon_core.shell:Creating environment descriptor '/home/derek-dietz/MSAI/ComputerVision/Final_Project/ws/interbotix/install/share/interbotix_xsarm_moveit_interface/hook/ld_library_path_lib.dsv'
[4.101s] INFO:colcon.colcon_core.shell:Creating environment hook '/home/derek-dietz/MSAI/ComputerVision/Final_Project/ws/interbotix/install/share/interbotix_xsarm_moveit_interface/hook/ld_library_path_lib.sh'
[4.101s] Level 1:colcon.colcon_core.environment:checking '/home/derek-dietz/MSAI/ComputerVision/Final_Project/ws/interbotix/install/bin'
[4.101s] Level 1:colcon.colcon_core.environment:checking '/home/derek-dietz/MSAI/ComputerVision/Final_Project/ws/interbotix/install/lib/pkgconfig/interbotix_xsarm_moveit_interface.pc'
[4.101s] Level 1:colcon.colcon_core.environment:checking '/home/derek-dietz/MSAI/ComputerVision/Final_Project/ws/interbotix/install/lib/python3.12/site-packages'
[4.101s] Level 1:colcon.colcon_core.shell:create_environment_hook('interbotix_xsarm_moveit_interface', 'pythonpath')
[4.101s] INFO:colcon.colcon_core.shell:Creating environment hook '/home/derek-dietz/MSAI/ComputerVision/Final_Project/ws/interbotix/install/share/interbotix_xsarm_moveit_interface/hook/pythonpath.ps1'
[4.101s] INFO:colcon.colcon_core.shell:Creating environment descriptor '/home/derek-dietz/MSAI/ComputerVision/Final_Project/ws/interbotix/install/share/interbotix_xsarm_moveit_interface/hook/pythonpath.dsv'
[4.101s] INFO:colcon.colcon_core.shell:Creating environment hook '/home/derek-dietz/MSAI/ComputerVision/Final_Project/ws/interbotix/install/share/interbotix_xsarm_moveit_interface/hook/pythonpath.sh'
[4.102s] Level 1:colcon.colcon_core.environment:checking '/home/derek-dietz/MSAI/ComputerVision/Final_Project/ws/interbotix/install/bin'
[4.102s] INFO:colcon.colcon_core.shell:Creating package script '/home/derek-dietz/MSAI/ComputerVision/Final_Project/ws/interbotix/install/share/interbotix_xsarm_moveit_interface/package.ps1'
[4.102s] INFO:colcon.colcon_core.shell:Creating package descriptor '/home/derek-dietz/MSAI/ComputerVision/Final_Project/ws/interbotix/install/share/interbotix_xsarm_moveit_interface/package.dsv'
[4.103s] INFO:colcon.colcon_core.shell:Creating package script '/home/derek-dietz/MSAI/ComputerVision/Final_Project/ws/interbotix/install/share/interbotix_xsarm_moveit_interface/package.sh'
[4.103s] INFO:colcon.colcon_core.shell:Creating package script '/home/derek-dietz/MSAI/ComputerVision/Final_Project/ws/interbotix/install/share/interbotix_xsarm_moveit_interface/package.bash'
[4.103s] INFO:colcon.colcon_core.shell:Creating package script '/home/derek-dietz/MSAI/ComputerVision/Final_Project/ws/interbotix/install/share/interbotix_xsarm_moveit_interface/package.zsh'
[4.103s] Level 1:colcon.colcon_core.environment:create_file_with_runtime_dependencies(/home/derek-dietz/MSAI/ComputerVision/Final_Project/ws/interbotix/install/share/colcon-core/packages/interbotix_xsarm_moveit_interface)
[4.103s] INFO:colcon.colcon_ros.task.ament_cmake.build:Building ROS package in '/home/derek-dietz/MSAI/ComputerVision/Final_Project/ws/interbotix/src/interbotix_ros_manipulators/interbotix_ros_xsarms/examples/interbotix_ros_xsarms_examples' with build type 'ament_cmake'
[4.103s] INFO:colcon.colcon_cmake.task.cmake.build:Building CMake package in '/home/derek-dietz/MSAI/ComputerVision/Final_Project/ws/interbotix/src/interbotix_ros_manipulators/interbotix_ros_xsarms/examples/interbotix_ros_xsarms_examples'
[4.103s] INFO:colcon.colcon_core.shell:Skip shell extension 'powershell' for command environment: Not usable outside of PowerShell
[4.104s] DEBUG:colcon.colcon_core.shell:Skip shell extension 'dsv' for command environment
[4.145s] DEBUG:colcon.colcon_core.event_handler.log_command:Invoking command in '/home/derek-dietz/MSAI/ComputerVision/Final_Project/ws/interbotix/build/interbotix_ros_xsarms_examples': CMAKE_PREFIX_PATH=${CMAKE_PREFIX_PATH}:/opt/ros/kilted DEBUGINFOD_URLS=https://debuginfod.ubuntu.com PYTHONPATH=/home/derek-dietz/MSAI/ComputerVision/Final_Project/ws/interbotix/install/lib/python3.12/site-packages:/home/derek-dietz/MSAI/ComputerVision/Final_Project/ros_ws/build/arm:/home/derek-dietz/MSAI/ComputerVision/Final_Project/ros_ws/install/arm/lib/python3.12/site-packages:/opt/ros/kilted/lib/python3.12/site-packages /usr/bin/cmake --build /home/derek-dietz/MSAI/ComputerVision/Final_Project/ws/interbotix/build/interbotix_ros_xsarms_examples -- -j22 -l22
[4.192s] DEBUG:colcon.colcon_core.event_handler.log_command:Invoked command in '/home/derek-dietz/MSAI/ComputerVision/Final_Project/ws/interbotix/build/interbotix_ros_xsarms_examples' returned '0': CMAKE_PREFIX_PATH=${CMAKE_PREFIX_PATH}:/opt/ros/kilted DEBUGINFOD_URLS=https://debuginfod.ubuntu.com PYTHONPATH=/home/derek-dietz/MSAI/ComputerVision/Final_Project/ws/interbotix/install/lib/python3.12/site-packages:/home/derek-dietz/MSAI/ComputerVision/Final_Project/ros_ws/build/arm:/home/derek-dietz/MSAI/ComputerVision/Final_Project/ros_ws/install/arm/lib/python3.12/site-packages:/opt/ros/kilted/lib/python3.12/site-packages /usr/bin/cmake --build /home/derek-dietz/MSAI/ComputerVision/Final_Project/ws/interbotix/build/interbotix_ros_xsarms_examples -- -j22 -l22
[4.193s] DEBUG:colcon.colcon_core.event_handler.log_command:Invoking command in '/home/derek-dietz/MSAI/ComputerVision/Final_Project/ws/interbotix/build/interbotix_ros_xsarms_examples': CMAKE_PREFIX_PATH=${CMAKE_PREFIX_PATH}:/opt/ros/kilted DEBUGINFOD_URLS=https://debuginfod.ubuntu.com PYTHONPATH=/home/derek-dietz/MSAI/ComputerVision/Final_Project/ws/interbotix/install/lib/python3.12/site-packages:/home/derek-dietz/MSAI/ComputerVision/Final_Project/ros_ws/build/arm:/home/derek-dietz/MSAI/ComputerVision/Final_Project/ros_ws/install/arm/lib/python3.12/site-packages:/opt/ros/kilted/lib/python3.12/site-packages /usr/bin/cmake --install /home/derek-dietz/MSAI/ComputerVision/Final_Project/ws/interbotix/build/interbotix_ros_xsarms_examples
[4.204s] Level 1:colcon.colcon_core.environment:create_environment_scripts_only(interbotix_ros_xsarms_examples)
[4.204s] DEBUG:colcon.colcon_core.event_handler.log_command:Invoked command in '/home/derek-dietz/MSAI/ComputerVision/Final_Project/ws/interbotix/build/interbotix_ros_xsarms_examples' returned '0': CMAKE_PREFIX_PATH=${CMAKE_PREFIX_PATH}:/opt/ros/kilted DEBUGINFOD_URLS=https://debuginfod.ubuntu.com PYTHONPATH=/home/derek-dietz/MSAI/ComputerVision/Final_Project/ws/interbotix/install/lib/python3.12/site-packages:/home/derek-dietz/MSAI/ComputerVision/Final_Project/ros_ws/build/arm:/home/derek-dietz/MSAI/ComputerVision/Final_Project/ros_ws/install/arm/lib/python3.12/site-packages:/opt/ros/kilted/lib/python3.12/site-packages /usr/bin/cmake --install /home/derek-dietz/MSAI/ComputerVision/Final_Project/ws/interbotix/build/interbotix_ros_xsarms_examples
[4.205s] Level 1:colcon.colcon_core.environment:checking '/home/derek-dietz/MSAI/ComputerVision/Final_Project/ws/interbotix/install' for CMake module files
[4.205s] Level 1:colcon.colcon_core.environment:checking '/home/derek-dietz/MSAI/ComputerVision/Final_Project/ws/interbotix/install' for CMake config files
[4.206s] Level 1:colcon.colcon_core.shell:create_environment_hook('interbotix_ros_xsarms_examples', 'cmake_prefix_path')
[4.206s] INFO:colcon.colcon_core.shell:Creating environment hook '/home/derek-dietz/MSAI/ComputerVision/Final_Project/ws/interbotix/install/share/interbotix_ros_xsarms_examples/hook/cmake_prefix_path.ps1'
[4.207s] INFO:colcon.colcon_core.shell:Creating environment descriptor '/home/derek-dietz/MSAI/ComputerVision/Final_Project/ws/interbotix/install/share/interbotix_ros_xsarms_examples/hook/cmake_prefix_path.dsv'
[4.207s] INFO:colcon.colcon_core.shell:Creating environment hook '/home/derek-dietz/MSAI/ComputerVision/Final_Project/ws/interbotix/install/share/interbotix_ros_xsarms_examples/hook/cmake_prefix_path.sh'
[4.208s] Level 1:colcon.colcon_core.environment:checking '/home/derek-dietz/MSAI/ComputerVision/Final_Project/ws/interbotix/install/lib'
[4.208s] Level 1:colcon.colcon_core.shell:create_environment_hook('interbotix_ros_xsarms_examples', 'ld_library_path_lib')
[4.208s] INFO:colcon.colcon_core.shell:Creating environment hook '/home/derek-dietz/MSAI/ComputerVision/Final_Project/ws/interbotix/install/share/interbotix_ros_xsarms_examples/hook/ld_library_path_lib.ps1'
[4.209s] INFO:colcon.colcon_core.shell:Creating environment descriptor '/home/derek-dietz/MSAI/ComputerVision/Final_Project/ws/interbotix/install/share/interbotix_ros_xsarms_examples/hook/ld_library_path_lib.dsv'
[4.209s] INFO:colcon.colcon_core.shell:Creating environment hook '/home/derek-dietz/MSAI/ComputerVision/Final_Project/ws/interbotix/install/share/interbotix_ros_xsarms_examples/hook/ld_library_path_lib.sh'
[4.210s] Level 1:colcon.colcon_core.environment:checking '/home/derek-dietz/MSAI/ComputerVision/Final_Project/ws/interbotix/install/bin'
[4.210s] Level 1:colcon.colcon_core.environment:checking '/home/derek-dietz/MSAI/ComputerVision/Final_Project/ws/interbotix/install/lib/pkgconfig/interbotix_ros_xsarms_examples.pc'
[4.210s] Level 1:colcon.colcon_core.environment:checking '/home/derek-dietz/MSAI/ComputerVision/Final_Project/ws/interbotix/install/lib/python3.12/site-packages'
[4.210s] Level 1:colcon.colcon_core.shell:create_environment_hook('interbotix_ros_xsarms_examples', 'pythonpath')
[4.210s] INFO:colcon.colcon_core.shell:Creating environment hook '/home/derek-dietz/MSAI/ComputerVision/Final_Project/ws/interbotix/install/share/interbotix_ros_xsarms_examples/hook/pythonpath.ps1'
[4.211s] INFO:colcon.colcon_core.shell:Creating environment descriptor '/home/derek-dietz/MSAI/ComputerVision/Final_Project/ws/interbotix/install/share/interbotix_ros_xsarms_examples/hook/pythonpath.dsv'
[4.211s] INFO:colcon.colcon_core.shell:Creating environment hook '/home/derek-dietz/MSAI/ComputerVision/Final_Project/ws/interbotix/install/share/interbotix_ros_xsarms_examples/hook/pythonpath.sh'
[4.212s] Level 1:colcon.colcon_core.environment:checking '/home/derek-dietz/MSAI/ComputerVision/Final_Project/ws/interbotix/install/bin'
[4.212s] INFO:colcon.colcon_core.shell:Creating package script '/home/derek-dietz/MSAI/ComputerVision/Final_Project/ws/interbotix/install/share/interbotix_ros_xsarms_examples/package.ps1'
[4.213s] INFO:colcon.colcon_core.shell:Creating package descriptor '/home/derek-dietz/MSAI/ComputerVision/Final_Project/ws/interbotix/install/share/interbotix_ros_xsarms_examples/package.dsv'
[4.213s] INFO:colcon.colcon_core.shell:Creating package script '/home/derek-dietz/MSAI/ComputerVision/Final_Project/ws/interbotix/install/share/interbotix_ros_xsarms_examples/package.sh'
[4.214s] INFO:colcon.colcon_core.shell:Creating package script '/home/derek-dietz/MSAI/ComputerVision/Final_Project/ws/interbotix/install/share/interbotix_ros_xsarms_examples/package.bash'
[4.214s] INFO:colcon.colcon_core.shell:Creating package script '/home/derek-dietz/MSAI/ComputerVision/Final_Project/ws/interbotix/install/share/interbotix_ros_xsarms_examples/package.zsh'
[4.215s] Level 1:colcon.colcon_core.environment:create_file_with_runtime_dependencies(/home/derek-dietz/MSAI/ComputerVision/Final_Project/ws/interbotix/install/share/colcon-core/packages/interbotix_ros_xsarms_examples)
[4.215s] Level 1:colcon.colcon_core.environment:create_environment_scripts_only(interbotix_ros_xsarms_examples)
[4.215s] Level 1:colcon.colcon_core.environment:checking '/home/derek-dietz/MSAI/ComputerVision/Final_Project/ws/interbotix/install' for CMake module files
[4.216s] Level 1:colcon.colcon_core.environment:checking '/home/derek-dietz/MSAI/ComputerVision/Final_Project/ws/interbotix/install' for CMake config files
[4.216s] Level 1:colcon.colcon_core.shell:create_environment_hook('interbotix_ros_xsarms_examples', 'cmake_prefix_path')
[4.216s] INFO:colcon.colcon_core.shell:Creating environment hook '/home/derek-dietz/MSAI/ComputerVision/Final_Project/ws/interbotix/install/share/interbotix_ros_xsarms_examples/hook/cmake_prefix_path.ps1'
[4.217s] INFO:colcon.colcon_core.shell:Creating environment descriptor '/home/derek-dietz/MSAI/ComputerVision/Final_Project/ws/interbotix/install/share/interbotix_ros_xsarms_examples/hook/cmake_prefix_path.dsv'
[4.217s] INFO:colcon.colcon_core.shell:Creating environment hook '/home/derek-dietz/MSAI/ComputerVision/Final_Project/ws/interbotix/install/share/interbotix_ros_xsarms_examples/hook/cmake_prefix_path.sh'
[4.218s] Level 1:colcon.colcon_core.environment:checking '/home/derek-dietz/MSAI/ComputerVision/Final_Project/ws/interbotix/install/lib'
[4.218s] Level 1:colcon.colcon_core.shell:create_environment_hook('interbotix_ros_xsarms_examples', 'ld_library_path_lib')
[4.218s] INFO:colcon.colcon_core.shell:Creating environment hook '/home/derek-dietz/MSAI/ComputerVision/Final_Project/ws/interbotix/install/share/interbotix_ros_xsarms_examples/hook/ld_library_path_lib.ps1'
[4.218s] INFO:colcon.colcon_core.shell:Creating environment descriptor '/home/derek-dietz/MSAI/ComputerVision/Final_Project/ws/interbotix/install/share/interbotix_ros_xsarms_examples/hook/ld_library_path_lib.dsv'
[4.219s] INFO:colcon.colcon_core.shell:Creating environment hook '/home/derek-dietz/MSAI/ComputerVision/Final_Project/ws/interbotix/install/share/interbotix_ros_xsarms_examples/hook/ld_library_path_lib.sh'
[4.219s] Level 1:colcon.colcon_core.environment:checking '/home/derek-dietz/MSAI/ComputerVision/Final_Project/ws/interbotix/install/bin'
[4.219s] Level 1:colcon.colcon_core.environment:checking '/home/derek-dietz/MSAI/ComputerVision/Final_Project/ws/interbotix/install/lib/pkgconfig/interbotix_ros_xsarms_examples.pc'
[4.219s] Level 1:colcon.colcon_core.environment:checking '/home/derek-dietz/MSAI/ComputerVision/Final_Project/ws/interbotix/install/lib/python3.12/site-packages'
[4.219s] Level 1:colcon.colcon_core.shell:create_environment_hook('interbotix_ros_xsarms_examples', 'pythonpath')
[4.219s] INFO:colcon.colcon_core.shell:Creating environment hook '/home/derek-dietz/MSAI/ComputerVision/Final_Project/ws/interbotix/install/share/interbotix_ros_xsarms_examples/hook/pythonpath.ps1'
[4.220s] INFO:colcon.colcon_core.shell:Creating environment descriptor '/home/derek-dietz/MSAI/ComputerVision/Final_Project/ws/interbotix/install/share/interbotix_ros_xsarms_examples/hook/pythonpath.dsv'
[4.220s] INFO:colcon.colcon_core.shell:Creating environment hook '/home/derek-dietz/MSAI/ComputerVision/Final_Project/ws/interbotix/install/share/interbotix_ros_xsarms_examples/hook/pythonpath.sh'
[4.220s] Level 1:colcon.colcon_core.environment:checking '/home/derek-dietz/MSAI/ComputerVision/Final_Project/ws/interbotix/install/bin'
[4.221s] INFO:colcon.colcon_core.shell:Creating package script '/home/derek-dietz/MSAI/ComputerVision/Final_Project/ws/interbotix/install/share/interbotix_ros_xsarms_examples/package.ps1'
[4.221s] INFO:colcon.colcon_core.shell:Creating package descriptor '/home/derek-dietz/MSAI/ComputerVision/Final_Project/ws/interbotix/install/share/interbotix_ros_xsarms_examples/package.dsv'
[4.221s] INFO:colcon.colcon_core.shell:Creating package script '/home/derek-dietz/MSAI/ComputerVision/Final_Project/ws/interbotix/install/share/interbotix_ros_xsarms_examples/package.sh'
[4.221s] INFO:colcon.colcon_core.shell:Creating package script '/home/derek-dietz/MSAI/ComputerVision/Final_Project/ws/interbotix/install/share/interbotix_ros_xsarms_examples/package.bash'
[4.222s] INFO:colcon.colcon_core.shell:Creating package script '/home/derek-dietz/MSAI/ComputerVision/Final_Project/ws/interbotix/install/share/interbotix_ros_xsarms_examples/package.zsh'
[4.222s] Level 1:colcon.colcon_core.environment:create_file_with_runtime_dependencies(/home/derek-dietz/MSAI/ComputerVision/Final_Project/ws/interbotix/install/share/colcon-core/packages/interbotix_ros_xsarms_examples)
[4.222s] DEBUG:colcon.colcon_parallel_executor.executor.parallel:closing loop
[4.222s] DEBUG:colcon.colcon_parallel_executor.executor.parallel:loop closed
[4.222s] DEBUG:colcon.colcon_parallel_executor.executor.parallel:run_until_complete finished with '0'
[4.222s] DEBUG:colcon.colcon_core.event_reactor:joining thread
[4.230s] INFO:colcon.colcon_core.plugin_system:Skipping extension 'colcon_notification.desktop_notification.terminal_notifier': Not used on non-Darwin systems
[4.230s] INFO:colcon.colcon_core.plugin_system:Skipping extension 'colcon_notification.desktop_notification.win32': Not used on non-Windows systems
[4.230s] INFO:colcon.colcon_notification.desktop_notification:Sending desktop notification using 'notify2'
[4.241s] DEBUG:colcon.colcon_core.event_reactor:joined thread
[4.242s] INFO:colcon.colcon_core.shell:Creating prefix script '/home/derek-dietz/MSAI/ComputerVision/Final_Project/ws/interbotix/install/local_setup.ps1'
[4.243s] INFO:colcon.colcon_core.shell:Creating prefix util module '/home/derek-dietz/MSAI/ComputerVision/Final_Project/ws/interbotix/install/_local_setup_util_ps1.py'
[4.244s] INFO:colcon.colcon_core.shell:Creating prefix chain script '/home/derek-dietz/MSAI/ComputerVision/Final_Project/ws/interbotix/install/setup.ps1'
[4.245s] INFO:colcon.colcon_core.shell:Creating prefix script '/home/derek-dietz/MSAI/ComputerVision/Final_Project/ws/interbotix/install/local_setup.sh'
[4.245s] INFO:colcon.colcon_core.shell:Creating prefix util module '/home/derek-dietz/MSAI/ComputerVision/Final_Project/ws/interbotix/install/_local_setup_util_sh.py'
[4.246s] INFO:colcon.colcon_core.shell:Creating prefix chain script '/home/derek-dietz/MSAI/ComputerVision/Final_Project/ws/interbotix/install/setup.sh'
[4.247s] INFO:colcon.colcon_core.shell:Creating prefix script '/home/derek-dietz/MSAI/ComputerVision/Final_Project/ws/interbotix/install/local_setup.bash'
[4.247s] INFO:colcon.colcon_core.shell:Creating prefix chain script '/home/derek-dietz/MSAI/ComputerVision/Final_Project/ws/interbotix/install/setup.bash'
[4.248s] INFO:colcon.colcon_core.shell:Creating prefix script '/home/derek-dietz/MSAI/ComputerVision/Final_Project/ws/interbotix/install/local_setup.zsh'
[4.249s] INFO:colcon.colcon_core.shell:Creating prefix chain script '/home/derek-dietz/MSAI/ComputerVision/Final_Project/ws/interbotix/install/setup.zsh'
