[0.101s] DEBUG:colcon:Command line arguments: ['/usr/bin/colcon', 'build', '--packages-select', 'arm', '--merge-install']
[0.101s] DEBUG:colcon:Parsed command line arguments: Namespace(log_base=None, log_level=None, verb_name='build', build_base='build', install_base='install', merge_install=True, symlink_install=False, test_result_base=None, continue_on_error=False, executor='parallel', parallel_workers=22, event_handlers=None, ignore_user_meta=False, metas=['./colcon.meta'], base_paths=['.'], packages_ignore=None, packages_ignore_regex=None, paths=None, packages_up_to=None, packages_up_to_regex=None, packages_above=None, packages_above_and_dependencies=None, packages_above_depth=None, packages_select_by_dep=None, packages_skip_by_dep=None, packages_skip_up_to=None, packages_select_build_failed=False, packages_skip_build_finished=False, packages_select_test_failures=False, packages_skip_test_passed=False, packages_select=['arm'], packages_skip=None, packages_select_regex=None, packages_skip_regex=None, packages_start=None, packages_end=None, allow_overriding=[], cmake_args=None, cmake_target=None, cmake_target_skip_unavailable=False, cmake_clean_cache=False, cmake_clean_first=False, cmake_force_configure=False, ament_cmake_args=None, catkin_cmake_args=None, catkin_skip_building_tests=False, mixin_files=None, mixin=None, verb_parser=<colcon_mixin.mixin.mixin_argument.MixinArgumentDecorator object at 0x70b2dc652870>, verb_extension=<colcon_core.verb.build.BuildVerb object at 0x70b2dc652510>, main=<bound method BuildVerb.main of <colcon_core.verb.build.BuildVerb object at 0x70b2dc652510>>, mixin_verb=('build',))
[0.122s] Level 1:colcon.colcon_core.package_discovery:discover_packages(colcon_meta) check parameters
[0.122s] Level 1:colcon.colcon_core.package_discovery:discover_packages(recursive) check parameters
[0.122s] Level 1:colcon.colcon_core.package_discovery:discover_packages(ignore) check parameters
[0.122s] Level 1:colcon.colcon_core.package_discovery:discover_packages(path) check parameters
[0.122s] Level 1:colcon.colcon_core.package_discovery:discover_packages(colcon_meta) discover
[0.122s] Level 1:colcon.colcon_core.package_discovery:discover_packages(recursive) discover
[0.122s] INFO:colcon.colcon_core.package_discovery:Crawling recursively for packages in '/home/derek-dietz/MSAI/ComputerVision/Final_Project/ws/interbotix'
[0.122s] Level 1:colcon.colcon_core.package_identification:_identify(.) by extensions ['ignore', 'ignore_ament_install']
[0.122s] Level 1:colcon.colcon_core.package_identification:_identify(.) by extension 'ignore'
[0.122s] Level 1:colcon.colcon_core.package_identification:_identify(.) by extension 'ignore_ament_install'
[0.122s] Level 1:colcon.colcon_core.package_identification:_identify(.) by extensions ['colcon_pkg']
[0.122s] Level 1:colcon.colcon_core.package_identification:_identify(.) by extension 'colcon_pkg'
[0.122s] Level 1:colcon.colcon_core.package_identification:_identify(.) by extensions ['colcon_meta']
[0.122s] Level 1:colcon.colcon_core.package_identification:_identify(.) by extension 'colcon_meta'
[0.122s] Level 1:colcon.colcon_core.package_identification:_identify(.) by extensions ['ros']
[0.122s] Level 1:colcon.colcon_core.package_identification:_identify(.) by extension 'ros'
[0.137s] Level 1:colcon.colcon_core.package_identification:_identify(.) by extensions ['cmake', 'python']
[0.137s] Level 1:colcon.colcon_core.package_identification:_identify(.) by extension 'cmake'
[0.137s] Level 1:colcon.colcon_core.package_identification:_identify(.) by extension 'python'
[0.137s] Level 1:colcon.colcon_core.package_identification:_identify(.) by extensions ['python_setup_py']
[0.137s] Level 1:colcon.colcon_core.package_identification:_identify(.) by extension 'python_setup_py'
[0.137s] Level 1:colcon.colcon_core.package_identification:_identify(build) by extensions ['ignore', 'ignore_ament_install']
[0.137s] Level 1:colcon.colcon_core.package_identification:_identify(build) by extension 'ignore'
[0.137s] Level 1:colcon.colcon_core.package_identification:_identify(build) ignored
[0.137s] Level 1:colcon.colcon_core.package_identification:_identify(install) by extensions ['ignore', 'ignore_ament_install']
[0.137s] Level 1:colcon.colcon_core.package_identification:_identify(install) by extension 'ignore'
[0.137s] Level 1:colcon.colcon_core.package_identification:_identify(install) ignored
[0.137s] Level 1:colcon.colcon_core.package_identification:_identify(log) by extensions ['ignore', 'ignore_ament_install']
[0.137s] Level 1:colcon.colcon_core.package_identification:_identify(log) by extension 'ignore'
[0.137s] Level 1:colcon.colcon_core.package_identification:_identify(log) ignored
[0.137s] Level 1:colcon.colcon_core.package_identification:_identify(src) by extensions ['ignore', 'ignore_ament_install']
[0.138s] Level 1:colcon.colcon_core.package_identification:_identify(src) by extension 'ignore'
[0.138s] Level 1:colcon.colcon_core.package_identification:_identify(src) by extension 'ignore_ament_install'
[0.138s] Level 1:colcon.colcon_core.package_identification:_identify(src) by extensions ['colcon_pkg']
[0.138s] Level 1:colcon.colcon_core.package_identification:_identify(src) by extension 'colcon_pkg'
[0.138s] Level 1:colcon.colcon_core.package_identification:_identify(src) by extensions ['colcon_meta']
[0.138s] Level 1:colcon.colcon_core.package_identification:_identify(src) by extension 'colcon_meta'
[0.138s] Level 1:colcon.colcon_core.package_identification:_identify(src) by extensions ['ros']
[0.138s] Level 1:colcon.colcon_core.package_identification:_identify(src) by extension 'ros'
[0.138s] Level 1:colcon.colcon_core.package_identification:_identify(src) by extensions ['cmake', 'python']
[0.138s] Level 1:colcon.colcon_core.package_identification:_identify(src) by extension 'cmake'
[0.138s] Level 1:colcon.colcon_core.package_identification:_identify(src) by extension 'python'
[0.138s] Level 1:colcon.colcon_core.package_identification:_identify(src) by extensions ['python_setup_py']
[0.138s] Level 1:colcon.colcon_core.package_identification:_identify(src) by extension 'python_setup_py'
[0.138s] Level 1:colcon.colcon_core.package_identification:_identify(src/ModernRobotics) by extensions ['ignore', 'ignore_ament_install']
[0.138s] Level 1:colcon.colcon_core.package_identification:_identify(src/ModernRobotics) by extension 'ignore'
[0.138s] Level 1:colcon.colcon_core.package_identification:_identify(src/ModernRobotics) by extension 'ignore_ament_install'
[0.138s] Level 1:colcon.colcon_core.package_identification:_identify(src/ModernRobotics) by extensions ['colcon_pkg']
[0.138s] Level 1:colcon.colcon_core.package_identification:_identify(src/ModernRobotics) by extension 'colcon_pkg'
[0.138s] Level 1:colcon.colcon_core.package_identification:_identify(src/ModernRobotics) by extensions ['colcon_meta']
[0.138s] Level 1:colcon.colcon_core.package_identification:_identify(src/ModernRobotics) by extension 'colcon_meta'
[0.138s] Level 1:colcon.colcon_core.package_identification:_identify(src/ModernRobotics) by extensions ['ros']
[0.138s] Level 1:colcon.colcon_core.package_identification:_identify(src/ModernRobotics) by extension 'ros'
[0.138s] Level 1:colcon.colcon_core.package_identification:_identify(src/ModernRobotics) by extensions ['cmake', 'python']
[0.138s] Level 1:colcon.colcon_core.package_identification:_identify(src/ModernRobotics) by extension 'cmake'
[0.138s] Level 1:colcon.colcon_core.package_identification:_identify(src/ModernRobotics) by extension 'python'
[0.138s] Level 1:colcon.colcon_core.package_identification:_identify(src/ModernRobotics) by extensions ['python_setup_py']
[0.138s] Level 1:colcon.colcon_core.package_identification:_identify(src/ModernRobotics) by extension 'python_setup_py'
[0.138s] Level 1:colcon.colcon_core.package_identification:_identify(src/ModernRobotics/doc) by extensions ['ignore', 'ignore_ament_install']
[0.138s] Level 1:colcon.colcon_core.package_identification:_identify(src/ModernRobotics/doc) by extension 'ignore'
[0.138s] Level 1:colcon.colcon_core.package_identification:_identify(src/ModernRobotics/doc) by extension 'ignore_ament_install'
[0.138s] Level 1:colcon.colcon_core.package_identification:_identify(src/ModernRobotics/doc) by extensions ['colcon_pkg']
[0.138s] Level 1:colcon.colcon_core.package_identification:_identify(src/ModernRobotics/doc) by extension 'colcon_pkg'
[0.138s] Level 1:colcon.colcon_core.package_identification:_identify(src/ModernRobotics/doc) by extensions ['colcon_meta']
[0.138s] Level 1:colcon.colcon_core.package_identification:_identify(src/ModernRobotics/doc) by extension 'colcon_meta'
[0.138s] Level 1:colcon.colcon_core.package_identification:_identify(src/ModernRobotics/doc) by extensions ['ros']
[0.138s] Level 1:colcon.colcon_core.package_identification:_identify(src/ModernRobotics/doc) by extension 'ros'
[0.138s] Level 1:colcon.colcon_core.package_identification:_identify(src/ModernRobotics/doc) by extensions ['cmake', 'python']
[0.138s] Level 1:colcon.colcon_core.package_identification:_identify(src/ModernRobotics/doc) by extension 'cmake'
[0.138s] Level 1:colcon.colcon_core.package_identification:_identify(src/ModernRobotics/doc) by extension 'python'
[0.138s] Level 1:colcon.colcon_core.package_identification:_identify(src/ModernRobotics/doc) by extensions ['python_setup_py']
[0.138s] Level 1:colcon.colcon_core.package_identification:_identify(src/ModernRobotics/doc) by extension 'python_setup_py'
[0.138s] Level 1:colcon.colcon_core.package_identification:_identify(src/ModernRobotics/packages) by extensions ['ignore', 'ignore_ament_install']
[0.139s] Level 1:colcon.colcon_core.package_identification:_identify(src/ModernRobotics/packages) by extension 'ignore'
[0.139s] Level 1:colcon.colcon_core.package_identification:_identify(src/ModernRobotics/packages) by extension 'ignore_ament_install'
[0.139s] Level 1:colcon.colcon_core.package_identification:_identify(src/ModernRobotics/packages) by extensions ['colcon_pkg']
[0.139s] Level 1:colcon.colcon_core.package_identification:_identify(src/ModernRobotics/packages) by extension 'colcon_pkg'
[0.139s] Level 1:colcon.colcon_core.package_identification:_identify(src/ModernRobotics/packages) by extensions ['colcon_meta']
[0.139s] Level 1:colcon.colcon_core.package_identification:_identify(src/ModernRobotics/packages) by extension 'colcon_meta'
[0.139s] Level 1:colcon.colcon_core.package_identification:_identify(src/ModernRobotics/packages) by extensions ['ros']
[0.139s] Level 1:colcon.colcon_core.package_identification:_identify(src/ModernRobotics/packages) by extension 'ros'
[0.139s] Level 1:colcon.colcon_core.package_identification:_identify(src/ModernRobotics/packages) by extensions ['cmake', 'python']
[0.139s] Level 1:colcon.colcon_core.package_identification:_identify(src/ModernRobotics/packages) by extension 'cmake'
[0.139s] Level 1:colcon.colcon_core.package_identification:_identify(src/ModernRobotics/packages) by extension 'python'
[0.139s] Level 1:colcon.colcon_core.package_identification:_identify(src/ModernRobotics/packages) by extensions ['python_setup_py']
[0.139s] Level 1:colcon.colcon_core.package_identification:_identify(src/ModernRobotics/packages) by extension 'python_setup_py'
[0.139s] Level 1:colcon.colcon_core.package_identification:_identify(src/ModernRobotics/packages/MATLAB) by extensions ['ignore', 'ignore_ament_install']
[0.139s] Level 1:colcon.colcon_core.package_identification:_identify(src/ModernRobotics/packages/MATLAB) by extension 'ignore'
[0.139s] Level 1:colcon.colcon_core.package_identification:_identify(src/ModernRobotics/packages/MATLAB) by extension 'ignore_ament_install'
[0.139s] Level 1:colcon.colcon_core.package_identification:_identify(src/ModernRobotics/packages/MATLAB) by extensions ['colcon_pkg']
[0.139s] Level 1:colcon.colcon_core.package_identification:_identify(src/ModernRobotics/packages/MATLAB) by extension 'colcon_pkg'
[0.139s] Level 1:colcon.colcon_core.package_identification:_identify(src/ModernRobotics/packages/MATLAB) by extensions ['colcon_meta']
[0.139s] Level 1:colcon.colcon_core.package_identification:_identify(src/ModernRobotics/packages/MATLAB) by extension 'colcon_meta'
[0.139s] Level 1:colcon.colcon_core.package_identification:_identify(src/ModernRobotics/packages/MATLAB) by extensions ['ros']
[0.139s] Level 1:colcon.colcon_core.package_identification:_identify(src/ModernRobotics/packages/MATLAB) by extension 'ros'
[0.139s] Level 1:colcon.colcon_core.package_identification:_identify(src/ModernRobotics/packages/MATLAB) by extensions ['cmake', 'python']
[0.139s] Level 1:colcon.colcon_core.package_identification:_identify(src/ModernRobotics/packages/MATLAB) by extension 'cmake'
[0.139s] Level 1:colcon.colcon_core.package_identification:_identify(src/ModernRobotics/packages/MATLAB) by extension 'python'
[0.139s] Level 1:colcon.colcon_core.package_identification:_identify(src/ModernRobotics/packages/MATLAB) by extensions ['python_setup_py']
[0.139s] Level 1:colcon.colcon_core.package_identification:_identify(src/ModernRobotics/packages/MATLAB) by extension 'python_setup_py'
[0.139s] Level 1:colcon.colcon_core.package_identification:_identify(src/ModernRobotics/packages/MATLAB/mr) by extensions ['ignore', 'ignore_ament_install']
[0.139s] Level 1:colcon.colcon_core.package_identification:_identify(src/ModernRobotics/packages/MATLAB/mr) by extension 'ignore'
[0.139s] Level 1:colcon.colcon_core.package_identification:_identify(src/ModernRobotics/packages/MATLAB/mr) by extension 'ignore_ament_install'
[0.139s] Level 1:colcon.colcon_core.package_identification:_identify(src/ModernRobotics/packages/MATLAB/mr) by extensions ['colcon_pkg']
[0.139s] Level 1:colcon.colcon_core.package_identification:_identify(src/ModernRobotics/packages/MATLAB/mr) by extension 'colcon_pkg'
[0.139s] Level 1:colcon.colcon_core.package_identification:_identify(src/ModernRobotics/packages/MATLAB/mr) by extensions ['colcon_meta']
[0.139s] Level 1:colcon.colcon_core.package_identification:_identify(src/ModernRobotics/packages/MATLAB/mr) by extension 'colcon_meta'
[0.139s] Level 1:colcon.colcon_core.package_identification:_identify(src/ModernRobotics/packages/MATLAB/mr) by extensions ['ros']
[0.139s] Level 1:colcon.colcon_core.package_identification:_identify(src/ModernRobotics/packages/MATLAB/mr) by extension 'ros'
[0.139s] Level 1:colcon.colcon_core.package_identification:_identify(src/ModernRobotics/packages/MATLAB/mr) by extensions ['cmake', 'python']
[0.139s] Level 1:colcon.colcon_core.package_identification:_identify(src/ModernRobotics/packages/MATLAB/mr) by extension 'cmake'
[0.139s] Level 1:colcon.colcon_core.package_identification:_identify(src/ModernRobotics/packages/MATLAB/mr) by extension 'python'
[0.139s] Level 1:colcon.colcon_core.package_identification:_identify(src/ModernRobotics/packages/MATLAB/mr) by extensions ['python_setup_py']
[0.139s] Level 1:colcon.colcon_core.package_identification:_identify(src/ModernRobotics/packages/MATLAB/mr) by extension 'python_setup_py'
[0.139s] Level 1:colcon.colcon_core.package_identification:_identify(src/ModernRobotics/packages/Mathematica) by extensions ['ignore', 'ignore_ament_install']
[0.140s] Level 1:colcon.colcon_core.package_identification:_identify(src/ModernRobotics/packages/Mathematica) by extension 'ignore'
[0.140s] Level 1:colcon.colcon_core.package_identification:_identify(src/ModernRobotics/packages/Mathematica) by extension 'ignore_ament_install'
[0.140s] Level 1:colcon.colcon_core.package_identification:_identify(src/ModernRobotics/packages/Mathematica) by extensions ['colcon_pkg']
[0.140s] Level 1:colcon.colcon_core.package_identification:_identify(src/ModernRobotics/packages/Mathematica) by extension 'colcon_pkg'
[0.140s] Level 1:colcon.colcon_core.package_identification:_identify(src/ModernRobotics/packages/Mathematica) by extensions ['colcon_meta']
[0.140s] Level 1:colcon.colcon_core.package_identification:_identify(src/ModernRobotics/packages/Mathematica) by extension 'colcon_meta'
[0.140s] Level 1:colcon.colcon_core.package_identification:_identify(src/ModernRobotics/packages/Mathematica) by extensions ['ros']
[0.140s] Level 1:colcon.colcon_core.package_identification:_identify(src/ModernRobotics/packages/Mathematica) by extension 'ros'
[0.140s] Level 1:colcon.colcon_core.package_identification:_identify(src/ModernRobotics/packages/Mathematica) by extensions ['cmake', 'python']
[0.140s] Level 1:colcon.colcon_core.package_identification:_identify(src/ModernRobotics/packages/Mathematica) by extension 'cmake'
[0.140s] Level 1:colcon.colcon_core.package_identification:_identify(src/ModernRobotics/packages/Mathematica) by extension 'python'
[0.140s] Level 1:colcon.colcon_core.package_identification:_identify(src/ModernRobotics/packages/Mathematica) by extensions ['python_setup_py']
[0.140s] Level 1:colcon.colcon_core.package_identification:_identify(src/ModernRobotics/packages/Mathematica) by extension 'python_setup_py'
[0.140s] Level 1:colcon.colcon_core.package_identification:_identify(src/ModernRobotics/packages/Python) by extensions ['ignore', 'ignore_ament_install']
[0.140s] Level 1:colcon.colcon_core.package_identification:_identify(src/ModernRobotics/packages/Python) by extension 'ignore'
[0.140s] Level 1:colcon.colcon_core.package_identification:_identify(src/ModernRobotics/packages/Python) by extension 'ignore_ament_install'
[0.140s] Level 1:colcon.colcon_core.package_identification:_identify(src/ModernRobotics/packages/Python) by extensions ['colcon_pkg']
[0.140s] Level 1:colcon.colcon_core.package_identification:_identify(src/ModernRobotics/packages/Python) by extension 'colcon_pkg'
[0.140s] Level 1:colcon.colcon_core.package_identification:_identify(src/ModernRobotics/packages/Python) by extensions ['colcon_meta']
[0.140s] Level 1:colcon.colcon_core.package_identification:_identify(src/ModernRobotics/packages/Python) by extension 'colcon_meta'
[0.140s] Level 1:colcon.colcon_core.package_identification:_identify(src/ModernRobotics/packages/Python) by extensions ['ros']
[0.140s] Level 1:colcon.colcon_core.package_identification:_identify(src/ModernRobotics/packages/Python) by extension 'ros'
[0.140s] Level 1:colcon.colcon_core.package_identification:_identify(src/ModernRobotics/packages/Python) by extensions ['cmake', 'python']
[0.140s] Level 1:colcon.colcon_core.package_identification:_identify(src/ModernRobotics/packages/Python) by extension 'cmake'
[0.140s] Level 1:colcon.colcon_core.package_identification:_identify(src/ModernRobotics/packages/Python) by extension 'python'
[0.140s] Level 1:colcon.colcon_core.package_identification:_identify(src/ModernRobotics/packages/Python) by extensions ['python_setup_py']
[0.140s] Level 1:colcon.colcon_core.package_identification:_identify(src/ModernRobotics/packages/Python) by extension 'python_setup_py'
[0.314s] DEBUG:colcon.colcon_core.package_identification:Package 'src/ModernRobotics/packages/Python' with type 'python' and name 'modern_robotics'
[0.314s] Level 1:colcon.colcon_core.package_identification:_identify(src/arm) by extensions ['ignore', 'ignore_ament_install']
[0.315s] Level 1:colcon.colcon_core.package_identification:_identify(src/arm) by extension 'ignore'
[0.315s] Level 1:colcon.colcon_core.package_identification:_identify(src/arm) by extension 'ignore_ament_install'
[0.315s] Level 1:colcon.colcon_core.package_identification:_identify(src/arm) by extensions ['colcon_pkg']
[0.315s] Level 1:colcon.colcon_core.package_identification:_identify(src/arm) by extension 'colcon_pkg'
[0.315s] Level 1:colcon.colcon_core.package_identification:_identify(src/arm) by extensions ['colcon_meta']
[0.315s] Level 1:colcon.colcon_core.package_identification:_identify(src/arm) by extension 'colcon_meta'
[0.315s] Level 1:colcon.colcon_core.package_identification:_identify(src/arm) by extensions ['ros']
[0.315s] Level 1:colcon.colcon_core.package_identification:_identify(src/arm) by extension 'ros'
[0.317s] DEBUG:colcon.colcon_core.package_identification:Failed to parse potential ROS package manifest in'src/arm': Error(s) in package 'src/arm/package.xml':
The manifest contains invalid XML:
mismatched tag: line 28, column 2
[0.317s] Level 1:colcon.colcon_core.package_identification:_identify(src/arm) by extensions ['cmake', 'python']
[0.317s] Level 1:colcon.colcon_core.package_identification:_identify(src/arm) by extension 'cmake'
[0.317s] Level 1:colcon.colcon_core.package_identification:_identify(src/arm) by extension 'python'
[0.317s] DEBUG:colcon.colcon_core.package_identification:Python package in 'src/arm' passes arguments to the setup() function which requires a different identification extension than 'python'
[0.317s] Level 1:colcon.colcon_core.package_identification:_identify(src/arm) by extensions ['python_setup_py']
[0.317s] Level 1:colcon.colcon_core.package_identification:_identify(src/arm) by extension 'python_setup_py'
[0.483s] DEBUG:colcon.colcon_core.package_identification:Package 'src/arm' with type 'python' and name 'arm'
[0.483s] Level 1:colcon.colcon_core.package_identification:_identify(src/interbotix_ros_core) by extensions ['ignore', 'ignore_ament_install']
[0.483s] Level 1:colcon.colcon_core.package_identification:_identify(src/interbotix_ros_core) by extension 'ignore'
[0.483s] Level 1:colcon.colcon_core.package_identification:_identify(src/interbotix_ros_core) by extension 'ignore_ament_install'
[0.483s] Level 1:colcon.colcon_core.package_identification:_identify(src/interbotix_ros_core) by extensions ['colcon_pkg']
[0.483s] Level 1:colcon.colcon_core.package_identification:_identify(src/interbotix_ros_core) by extension 'colcon_pkg'
[0.483s] Level 1:colcon.colcon_core.package_identification:_identify(src/interbotix_ros_core) by extensions ['colcon_meta']
[0.483s] Level 1:colcon.colcon_core.package_identification:_identify(src/interbotix_ros_core) by extension 'colcon_meta'
[0.483s] Level 1:colcon.colcon_core.package_identification:_identify(src/interbotix_ros_core) by extensions ['ros']
[0.483s] Level 1:colcon.colcon_core.package_identification:_identify(src/interbotix_ros_core) by extension 'ros'
[0.483s] Level 1:colcon.colcon_core.package_identification:_identify(src/interbotix_ros_core) by extensions ['cmake', 'python']
[0.483s] Level 1:colcon.colcon_core.package_identification:_identify(src/interbotix_ros_core) by extension 'cmake'
[0.484s] Level 1:colcon.colcon_core.package_identification:_identify(src/interbotix_ros_core) by extension 'python'
[0.484s] Level 1:colcon.colcon_core.package_identification:_identify(src/interbotix_ros_core) by extensions ['python_setup_py']
[0.484s] Level 1:colcon.colcon_core.package_identification:_identify(src/interbotix_ros_core) by extension 'python_setup_py'
[0.484s] Level 1:colcon.colcon_core.package_identification:_identify(src/interbotix_ros_core/images) by extensions ['ignore', 'ignore_ament_install']
[0.484s] Level 1:colcon.colcon_core.package_identification:_identify(src/interbotix_ros_core/images) by extension 'ignore'
[0.484s] Level 1:colcon.colcon_core.package_identification:_identify(src/interbotix_ros_core/images) by extension 'ignore_ament_install'
[0.484s] Level 1:colcon.colcon_core.package_identification:_identify(src/interbotix_ros_core/images) by extensions ['colcon_pkg']
[0.484s] Level 1:colcon.colcon_core.package_identification:_identify(src/interbotix_ros_core/images) by extension 'colcon_pkg'
[0.484s] Level 1:colcon.colcon_core.package_identification:_identify(src/interbotix_ros_core/images) by extensions ['colcon_meta']
[0.484s] Level 1:colcon.colcon_core.package_identification:_identify(src/interbotix_ros_core/images) by extension 'colcon_meta'
[0.484s] Level 1:colcon.colcon_core.package_identification:_identify(src/interbotix_ros_core/images) by extensions ['ros']
[0.484s] Level 1:colcon.colcon_core.package_identification:_identify(src/interbotix_ros_core/images) by extension 'ros'
[0.484s] Level 1:colcon.colcon_core.package_identification:_identify(src/interbotix_ros_core/images) by extensions ['cmake', 'python']
[0.484s] Level 1:colcon.colcon_core.package_identification:_identify(src/interbotix_ros_core/images) by extension 'cmake'
[0.484s] Level 1:colcon.colcon_core.package_identification:_identify(src/interbotix_ros_core/images) by extension 'python'
[0.484s] Level 1:colcon.colcon_core.package_identification:_identify(src/interbotix_ros_core/images) by extensions ['python_setup_py']
[0.484s] Level 1:colcon.colcon_core.package_identification:_identify(src/interbotix_ros_core/images) by extension 'python_setup_py'
[0.485s] Level 1:colcon.colcon_core.package_identification:_identify(src/interbotix_ros_core/interbotix_ros_common_drivers) by extensions ['ignore', 'ignore_ament_install']
[0.485s] Level 1:colcon.colcon_core.package_identification:_identify(src/interbotix_ros_core/interbotix_ros_common_drivers) by extension 'ignore'
[0.485s] Level 1:colcon.colcon_core.package_identification:_identify(src/interbotix_ros_core/interbotix_ros_common_drivers) ignored
[0.485s] Level 1:colcon.colcon_core.package_identification:_identify(src/interbotix_ros_core/interbotix_ros_slate) by extensions ['ignore', 'ignore_ament_install']
[0.485s] Level 1:colcon.colcon_core.package_identification:_identify(src/interbotix_ros_core/interbotix_ros_slate) by extension 'ignore'
[0.485s] Level 1:colcon.colcon_core.package_identification:_identify(src/interbotix_ros_core/interbotix_ros_slate) ignored
[0.485s] Level 1:colcon.colcon_core.package_identification:_identify(src/interbotix_ros_core/interbotix_ros_xseries) by extensions ['ignore', 'ignore_ament_install']
[0.485s] Level 1:colcon.colcon_core.package_identification:_identify(src/interbotix_ros_core/interbotix_ros_xseries) by extension 'ignore'
[0.485s] Level 1:colcon.colcon_core.package_identification:_identify(src/interbotix_ros_core/interbotix_ros_xseries) by extension 'ignore_ament_install'
[0.485s] Level 1:colcon.colcon_core.package_identification:_identify(src/interbotix_ros_core/interbotix_ros_xseries) by extensions ['colcon_pkg']
[0.485s] Level 1:colcon.colcon_core.package_identification:_identify(src/interbotix_ros_core/interbotix_ros_xseries) by extension 'colcon_pkg'
[0.485s] Level 1:colcon.colcon_core.package_identification:_identify(src/interbotix_ros_core/interbotix_ros_xseries) by extensions ['colcon_meta']
[0.485s] Level 1:colcon.colcon_core.package_identification:_identify(src/interbotix_ros_core/interbotix_ros_xseries) by extension 'colcon_meta'
[0.485s] Level 1:colcon.colcon_core.package_identification:_identify(src/interbotix_ros_core/interbotix_ros_xseries) by extensions ['ros']
[0.486s] Level 1:colcon.colcon_core.package_identification:_identify(src/interbotix_ros_core/interbotix_ros_xseries) by extension 'ros'
[0.486s] Level 1:colcon.colcon_core.package_identification:_identify(src/interbotix_ros_core/interbotix_ros_xseries) by extensions ['cmake', 'python']
[0.486s] Level 1:colcon.colcon_core.package_identification:_identify(src/interbotix_ros_core/interbotix_ros_xseries) by extension 'cmake'
[0.486s] Level 1:colcon.colcon_core.package_identification:_identify(src/interbotix_ros_core/interbotix_ros_xseries) by extension 'python'
[0.486s] Level 1:colcon.colcon_core.package_identification:_identify(src/interbotix_ros_core/interbotix_ros_xseries) by extensions ['python_setup_py']
[0.486s] Level 1:colcon.colcon_core.package_identification:_identify(src/interbotix_ros_core/interbotix_ros_xseries) by extension 'python_setup_py'
[0.486s] Level 1:colcon.colcon_core.package_identification:_identify(src/interbotix_ros_core/interbotix_ros_xseries/dynamixel_workbench_toolbox) by extensions ['ignore', 'ignore_ament_install']
[0.486s] Level 1:colcon.colcon_core.package_identification:_identify(src/interbotix_ros_core/interbotix_ros_xseries/dynamixel_workbench_toolbox) by extension 'ignore'
[0.486s] Level 1:colcon.colcon_core.package_identification:_identify(src/interbotix_ros_core/interbotix_ros_xseries/dynamixel_workbench_toolbox) by extension 'ignore_ament_install'
[0.486s] Level 1:colcon.colcon_core.package_identification:_identify(src/interbotix_ros_core/interbotix_ros_xseries/dynamixel_workbench_toolbox) by extensions ['colcon_pkg']
[0.486s] Level 1:colcon.colcon_core.package_identification:_identify(src/interbotix_ros_core/interbotix_ros_xseries/dynamixel_workbench_toolbox) by extension 'colcon_pkg'
[0.486s] Level 1:colcon.colcon_core.package_identification:_identify(src/interbotix_ros_core/interbotix_ros_xseries/dynamixel_workbench_toolbox) by extensions ['colcon_meta']
[0.486s] Level 1:colcon.colcon_core.package_identification:_identify(src/interbotix_ros_core/interbotix_ros_xseries/dynamixel_workbench_toolbox) by extension 'colcon_meta'
[0.486s] Level 1:colcon.colcon_core.package_identification:_identify(src/interbotix_ros_core/interbotix_ros_xseries/dynamixel_workbench_toolbox) by extensions ['ros']
[0.486s] Level 1:colcon.colcon_core.package_identification:_identify(src/interbotix_ros_core/interbotix_ros_xseries/dynamixel_workbench_toolbox) by extension 'ros'
[0.486s] Level 1:colcon.colcon_core.package_identification:_identify(src/interbotix_ros_core/interbotix_ros_xseries/dynamixel_workbench_toolbox) by extensions ['cmake', 'python']
[0.486s] Level 1:colcon.colcon_core.package_identification:_identify(src/interbotix_ros_core/interbotix_ros_xseries/dynamixel_workbench_toolbox) by extension 'cmake'
[0.486s] Level 1:colcon.colcon_core.package_identification:_identify(src/interbotix_ros_core/interbotix_ros_xseries/dynamixel_workbench_toolbox) by extension 'python'
[0.486s] Level 1:colcon.colcon_core.package_identification:_identify(src/interbotix_ros_core/interbotix_ros_xseries/dynamixel_workbench_toolbox) by extensions ['python_setup_py']
[0.487s] Level 1:colcon.colcon_core.package_identification:_identify(src/interbotix_ros_core/interbotix_ros_xseries/dynamixel_workbench_toolbox) by extension 'python_setup_py'
[0.487s] Level 1:colcon.colcon_core.package_identification:_identify(src/interbotix_ros_core/interbotix_ros_xseries/interbotix_ros_xseries) by extensions ['ignore', 'ignore_ament_install']
[0.487s] Level 1:colcon.colcon_core.package_identification:_identify(src/interbotix_ros_core/interbotix_ros_xseries/interbotix_ros_xseries) by extension 'ignore'
[0.487s] Level 1:colcon.colcon_core.package_identification:_identify(src/interbotix_ros_core/interbotix_ros_xseries/interbotix_ros_xseries) by extension 'ignore_ament_install'
[0.487s] Level 1:colcon.colcon_core.package_identification:_identify(src/interbotix_ros_core/interbotix_ros_xseries/interbotix_ros_xseries) by extensions ['colcon_pkg']
[0.487s] Level 1:colcon.colcon_core.package_identification:_identify(src/interbotix_ros_core/interbotix_ros_xseries/interbotix_ros_xseries) by extension 'colcon_pkg'
[0.487s] Level 1:colcon.colcon_core.package_identification:_identify(src/interbotix_ros_core/interbotix_ros_xseries/interbotix_ros_xseries) by extensions ['colcon_meta']
[0.487s] Level 1:colcon.colcon_core.package_identification:_identify(src/interbotix_ros_core/interbotix_ros_xseries/interbotix_ros_xseries) by extension 'colcon_meta'
[0.487s] Level 1:colcon.colcon_core.package_identification:_identify(src/interbotix_ros_core/interbotix_ros_xseries/interbotix_ros_xseries) by extensions ['ros']
[0.487s] Level 1:colcon.colcon_core.package_identification:_identify(src/interbotix_ros_core/interbotix_ros_xseries/interbotix_ros_xseries) by extension 'ros'
[0.489s] DEBUG:colcon.colcon_core.package_identification:Package 'src/interbotix_ros_core/interbotix_ros_xseries/interbotix_ros_xseries' with type 'ros.ament_cmake' and name 'interbotix_ros_xseries'
[0.489s] Level 1:colcon.colcon_core.package_identification:_identify(src/interbotix_ros_core/interbotix_ros_xseries/interbotix_xs_driver) by extensions ['ignore', 'ignore_ament_install']
[0.489s] Level 1:colcon.colcon_core.package_identification:_identify(src/interbotix_ros_core/interbotix_ros_xseries/interbotix_xs_driver) by extension 'ignore'
[0.489s] Level 1:colcon.colcon_core.package_identification:_identify(src/interbotix_ros_core/interbotix_ros_xseries/interbotix_xs_driver) by extension 'ignore_ament_install'
[0.490s] Level 1:colcon.colcon_core.package_identification:_identify(src/interbotix_ros_core/interbotix_ros_xseries/interbotix_xs_driver) by extensions ['colcon_pkg']
[0.490s] Level 1:colcon.colcon_core.package_identification:_identify(src/interbotix_ros_core/interbotix_ros_xseries/interbotix_xs_driver) by extension 'colcon_pkg'
[0.490s] Level 1:colcon.colcon_core.package_identification:_identify(src/interbotix_ros_core/interbotix_ros_xseries/interbotix_xs_driver) by extensions ['colcon_meta']
[0.490s] Level 1:colcon.colcon_core.package_identification:_identify(src/interbotix_ros_core/interbotix_ros_xseries/interbotix_xs_driver) by extension 'colcon_meta'
[0.490s] Level 1:colcon.colcon_core.package_identification:_identify(src/interbotix_ros_core/interbotix_ros_xseries/interbotix_xs_driver) by extensions ['ros']
[0.490s] Level 1:colcon.colcon_core.package_identification:_identify(src/interbotix_ros_core/interbotix_ros_xseries/interbotix_xs_driver) by extension 'ros'
[0.490s] Level 1:colcon.colcon_core.package_identification:_identify(src/interbotix_ros_core/interbotix_ros_xseries/interbotix_xs_driver) by extensions ['cmake', 'python']
[0.490s] Level 1:colcon.colcon_core.package_identification:_identify(src/interbotix_ros_core/interbotix_ros_xseries/interbotix_xs_driver) by extension 'cmake'
[0.490s] Level 1:colcon.colcon_core.package_identification:_identify(src/interbotix_ros_core/interbotix_ros_xseries/interbotix_xs_driver) by extension 'python'
[0.490s] Level 1:colcon.colcon_core.package_identification:_identify(src/interbotix_ros_core/interbotix_ros_xseries/interbotix_xs_driver) by extensions ['python_setup_py']
[0.490s] Level 1:colcon.colcon_core.package_identification:_identify(src/interbotix_ros_core/interbotix_ros_xseries/interbotix_xs_driver) by extension 'python_setup_py'
[0.490s] Level 1:colcon.colcon_core.package_identification:_identify(src/interbotix_ros_core/interbotix_ros_xseries/interbotix_xs_msgs) by extensions ['ignore', 'ignore_ament_install']
[0.490s] Level 1:colcon.colcon_core.package_identification:_identify(src/interbotix_ros_core/interbotix_ros_xseries/interbotix_xs_msgs) by extension 'ignore'
[0.490s] Level 1:colcon.colcon_core.package_identification:_identify(src/interbotix_ros_core/interbotix_ros_xseries/interbotix_xs_msgs) by extension 'ignore_ament_install'
[0.490s] Level 1:colcon.colcon_core.package_identification:_identify(src/interbotix_ros_core/interbotix_ros_xseries/interbotix_xs_msgs) by extensions ['colcon_pkg']
[0.490s] Level 1:colcon.colcon_core.package_identification:_identify(src/interbotix_ros_core/interbotix_ros_xseries/interbotix_xs_msgs) by extension 'colcon_pkg'
[0.490s] Level 1:colcon.colcon_core.package_identification:_identify(src/interbotix_ros_core/interbotix_ros_xseries/interbotix_xs_msgs) by extensions ['colcon_meta']
[0.490s] Level 1:colcon.colcon_core.package_identification:_identify(src/interbotix_ros_core/interbotix_ros_xseries/interbotix_xs_msgs) by extension 'colcon_meta'
[0.491s] Level 1:colcon.colcon_core.package_identification:_identify(src/interbotix_ros_core/interbotix_ros_xseries/interbotix_xs_msgs) by extensions ['ros']
[0.491s] Level 1:colcon.colcon_core.package_identification:_identify(src/interbotix_ros_core/interbotix_ros_xseries/interbotix_xs_msgs) by extension 'ros'
[0.491s] DEBUG:colcon.colcon_core.package_identification:Package 'src/interbotix_ros_core/interbotix_ros_xseries/interbotix_xs_msgs' with type 'ros.ament_cmake' and name 'interbotix_xs_msgs'
[0.491s] Level 1:colcon.colcon_core.package_identification:_identify(src/interbotix_ros_core/interbotix_ros_xseries/interbotix_xs_sdk) by extensions ['ignore', 'ignore_ament_install']
[0.492s] Level 1:colcon.colcon_core.package_identification:_identify(src/interbotix_ros_core/interbotix_ros_xseries/interbotix_xs_sdk) by extension 'ignore'
[0.492s] Level 1:colcon.colcon_core.package_identification:_identify(src/interbotix_ros_core/interbotix_ros_xseries/interbotix_xs_sdk) by extension 'ignore_ament_install'
[0.492s] Level 1:colcon.colcon_core.package_identification:_identify(src/interbotix_ros_core/interbotix_ros_xseries/interbotix_xs_sdk) by extensions ['colcon_pkg']
[0.492s] Level 1:colcon.colcon_core.package_identification:_identify(src/interbotix_ros_core/interbotix_ros_xseries/interbotix_xs_sdk) by extension 'colcon_pkg'
[0.492s] Level 1:colcon.colcon_core.package_identification:_identify(src/interbotix_ros_core/interbotix_ros_xseries/interbotix_xs_sdk) by extensions ['colcon_meta']
[0.492s] Level 1:colcon.colcon_core.package_identification:_identify(src/interbotix_ros_core/interbotix_ros_xseries/interbotix_xs_sdk) by extension 'colcon_meta'
[0.492s] Level 1:colcon.colcon_core.package_identification:_identify(src/interbotix_ros_core/interbotix_ros_xseries/interbotix_xs_sdk) by extensions ['ros']
[0.492s] Level 1:colcon.colcon_core.package_identification:_identify(src/interbotix_ros_core/interbotix_ros_xseries/interbotix_xs_sdk) by extension 'ros'
[0.493s] DEBUG:colcon.colcon_core.package_identification:Package 'src/interbotix_ros_core/interbotix_ros_xseries/interbotix_xs_sdk' with type 'ros.ament_cmake' and name 'interbotix_xs_sdk'
[0.493s] Level 1:colcon.colcon_core.package_identification:_identify(src/interbotix_ros_manipulators) by extensions ['ignore', 'ignore_ament_install']
[0.493s] Level 1:colcon.colcon_core.package_identification:_identify(src/interbotix_ros_manipulators) by extension 'ignore'
[0.493s] Level 1:colcon.colcon_core.package_identification:_identify(src/interbotix_ros_manipulators) by extension 'ignore_ament_install'
[0.493s] Level 1:colcon.colcon_core.package_identification:_identify(src/interbotix_ros_manipulators) by extensions ['colcon_pkg']
[0.493s] Level 1:colcon.colcon_core.package_identification:_identify(src/interbotix_ros_manipulators) by extension 'colcon_pkg'
[0.493s] Level 1:colcon.colcon_core.package_identification:_identify(src/interbotix_ros_manipulators) by extensions ['colcon_meta']
[0.493s] Level 1:colcon.colcon_core.package_identification:_identify(src/interbotix_ros_manipulators) by extension 'colcon_meta'
[0.493s] Level 1:colcon.colcon_core.package_identification:_identify(src/interbotix_ros_manipulators) by extensions ['ros']
[0.493s] Level 1:colcon.colcon_core.package_identification:_identify(src/interbotix_ros_manipulators) by extension 'ros'
[0.493s] Level 1:colcon.colcon_core.package_identification:_identify(src/interbotix_ros_manipulators) by extensions ['cmake', 'python']
[0.494s] Level 1:colcon.colcon_core.package_identification:_identify(src/interbotix_ros_manipulators) by extension 'cmake'
[0.494s] Level 1:colcon.colcon_core.package_identification:_identify(src/interbotix_ros_manipulators) by extension 'python'
[0.494s] Level 1:colcon.colcon_core.package_identification:_identify(src/interbotix_ros_manipulators) by extensions ['python_setup_py']
[0.494s] Level 1:colcon.colcon_core.package_identification:_identify(src/interbotix_ros_manipulators) by extension 'python_setup_py'
[0.494s] Level 1:colcon.colcon_core.package_identification:_identify(src/interbotix_ros_manipulators/images) by extensions ['ignore', 'ignore_ament_install']
[0.494s] Level 1:colcon.colcon_core.package_identification:_identify(src/interbotix_ros_manipulators/images) by extension 'ignore'
[0.494s] Level 1:colcon.colcon_core.package_identification:_identify(src/interbotix_ros_manipulators/images) by extension 'ignore_ament_install'
[0.494s] Level 1:colcon.colcon_core.package_identification:_identify(src/interbotix_ros_manipulators/images) by extensions ['colcon_pkg']
[0.494s] Level 1:colcon.colcon_core.package_identification:_identify(src/interbotix_ros_manipulators/images) by extension 'colcon_pkg'
[0.494s] Level 1:colcon.colcon_core.package_identification:_identify(src/interbotix_ros_manipulators/images) by extensions ['colcon_meta']
[0.494s] Level 1:colcon.colcon_core.package_identification:_identify(src/interbotix_ros_manipulators/images) by extension 'colcon_meta'
[0.494s] Level 1:colcon.colcon_core.package_identification:_identify(src/interbotix_ros_manipulators/images) by extensions ['ros']
[0.494s] Level 1:colcon.colcon_core.package_identification:_identify(src/interbotix_ros_manipulators/images) by extension 'ros'
[0.494s] Level 1:colcon.colcon_core.package_identification:_identify(src/interbotix_ros_manipulators/images) by extensions ['cmake', 'python']
[0.494s] Level 1:colcon.colcon_core.package_identification:_identify(src/interbotix_ros_manipulators/images) by extension 'cmake'
[0.494s] Level 1:colcon.colcon_core.package_identification:_identify(src/interbotix_ros_manipulators/images) by extension 'python'
[0.494s] Level 1:colcon.colcon_core.package_identification:_identify(src/interbotix_ros_manipulators/images) by extensions ['python_setup_py']
[0.494s] Level 1:colcon.colcon_core.package_identification:_identify(src/interbotix_ros_manipulators/images) by extension 'python_setup_py'
[0.495s] Level 1:colcon.colcon_core.package_identification:_identify(src/interbotix_ros_manipulators/interbotix_ros_xsarms) by extensions ['ignore', 'ignore_ament_install']
[0.495s] Level 1:colcon.colcon_core.package_identification:_identify(src/interbotix_ros_manipulators/interbotix_ros_xsarms) by extension 'ignore'
[0.495s] Level 1:colcon.colcon_core.package_identification:_identify(src/interbotix_ros_manipulators/interbotix_ros_xsarms) by extension 'ignore_ament_install'
[0.495s] Level 1:colcon.colcon_core.package_identification:_identify(src/interbotix_ros_manipulators/interbotix_ros_xsarms) by extensions ['colcon_pkg']
[0.495s] Level 1:colcon.colcon_core.package_identification:_identify(src/interbotix_ros_manipulators/interbotix_ros_xsarms) by extension 'colcon_pkg'
[0.495s] Level 1:colcon.colcon_core.package_identification:_identify(src/interbotix_ros_manipulators/interbotix_ros_xsarms) by extensions ['colcon_meta']
[0.495s] Level 1:colcon.colcon_core.package_identification:_identify(src/interbotix_ros_manipulators/interbotix_ros_xsarms) by extension 'colcon_meta'
[0.495s] Level 1:colcon.colcon_core.package_identification:_identify(src/interbotix_ros_manipulators/interbotix_ros_xsarms) by extensions ['ros']
[0.495s] Level 1:colcon.colcon_core.package_identification:_identify(src/interbotix_ros_manipulators/interbotix_ros_xsarms) by extension 'ros'
[0.495s] Level 1:colcon.colcon_core.package_identification:_identify(src/interbotix_ros_manipulators/interbotix_ros_xsarms) by extensions ['cmake', 'python']
[0.495s] Level 1:colcon.colcon_core.package_identification:_identify(src/interbotix_ros_manipulators/interbotix_ros_xsarms) by extension 'cmake'
[0.495s] Level 1:colcon.colcon_core.package_identification:_identify(src/interbotix_ros_manipulators/interbotix_ros_xsarms) by extension 'python'
[0.495s] Level 1:colcon.colcon_core.package_identification:_identify(src/interbotix_ros_manipulators/interbotix_ros_xsarms) by extensions ['python_setup_py']
[0.495s] Level 1:colcon.colcon_core.package_identification:_identify(src/interbotix_ros_manipulators/interbotix_ros_xsarms) by extension 'python_setup_py'
[0.495s] Level 1:colcon.colcon_core.package_identification:_identify(src/interbotix_ros_manipulators/interbotix_ros_xsarms/examples) by extensions ['ignore', 'ignore_ament_install']
[0.495s] Level 1:colcon.colcon_core.package_identification:_identify(src/interbotix_ros_manipulators/interbotix_ros_xsarms/examples) by extension 'ignore'
[0.495s] Level 1:colcon.colcon_core.package_identification:_identify(src/interbotix_ros_manipulators/interbotix_ros_xsarms/examples) by extension 'ignore_ament_install'
[0.495s] Level 1:colcon.colcon_core.package_identification:_identify(src/interbotix_ros_manipulators/interbotix_ros_xsarms/examples) by extensions ['colcon_pkg']
[0.496s] Level 1:colcon.colcon_core.package_identification:_identify(src/interbotix_ros_manipulators/interbotix_ros_xsarms/examples) by extension 'colcon_pkg'
[0.496s] Level 1:colcon.colcon_core.package_identification:_identify(src/interbotix_ros_manipulators/interbotix_ros_xsarms/examples) by extensions ['colcon_meta']
[0.496s] Level 1:colcon.colcon_core.package_identification:_identify(src/interbotix_ros_manipulators/interbotix_ros_xsarms/examples) by extension 'colcon_meta'
[0.496s] Level 1:colcon.colcon_core.package_identification:_identify(src/interbotix_ros_manipulators/interbotix_ros_xsarms/examples) by extensions ['ros']
[0.496s] Level 1:colcon.colcon_core.package_identification:_identify(src/interbotix_ros_manipulators/interbotix_ros_xsarms/examples) by extension 'ros'
[0.496s] Level 1:colcon.colcon_core.package_identification:_identify(src/interbotix_ros_manipulators/interbotix_ros_xsarms/examples) by extensions ['cmake', 'python']
[0.496s] Level 1:colcon.colcon_core.package_identification:_identify(src/interbotix_ros_manipulators/interbotix_ros_xsarms/examples) by extension 'cmake'
[0.496s] Level 1:colcon.colcon_core.package_identification:_identify(src/interbotix_ros_manipulators/interbotix_ros_xsarms/examples) by extension 'python'
[0.496s] Level 1:colcon.colcon_core.package_identification:_identify(src/interbotix_ros_manipulators/interbotix_ros_xsarms/examples) by extensions ['python_setup_py']
[0.496s] Level 1:colcon.colcon_core.package_identification:_identify(src/interbotix_ros_manipulators/interbotix_ros_xsarms/examples) by extension 'python_setup_py'
[0.496s] Level 1:colcon.colcon_core.package_identification:_identify(src/interbotix_ros_manipulators/interbotix_ros_xsarms/examples/interbotix_ros_xsarms_examples) by extensions ['ignore', 'ignore_ament_install']
[0.496s] Level 1:colcon.colcon_core.package_identification:_identify(src/interbotix_ros_manipulators/interbotix_ros_xsarms/examples/interbotix_ros_xsarms_examples) by extension 'ignore'
[0.496s] Level 1:colcon.colcon_core.package_identification:_identify(src/interbotix_ros_manipulators/interbotix_ros_xsarms/examples/interbotix_ros_xsarms_examples) by extension 'ignore_ament_install'
[0.496s] Level 1:colcon.colcon_core.package_identification:_identify(src/interbotix_ros_manipulators/interbotix_ros_xsarms/examples/interbotix_ros_xsarms_examples) by extensions ['colcon_pkg']
[0.496s] Level 1:colcon.colcon_core.package_identification:_identify(src/interbotix_ros_manipulators/interbotix_ros_xsarms/examples/interbotix_ros_xsarms_examples) by extension 'colcon_pkg'
[0.496s] Level 1:colcon.colcon_core.package_identification:_identify(src/interbotix_ros_manipulators/interbotix_ros_xsarms/examples/interbotix_ros_xsarms_examples) by extensions ['colcon_meta']
[0.496s] Level 1:colcon.colcon_core.package_identification:_identify(src/interbotix_ros_manipulators/interbotix_ros_xsarms/examples/interbotix_ros_xsarms_examples) by extension 'colcon_meta'
[0.496s] Level 1:colcon.colcon_core.package_identification:_identify(src/interbotix_ros_manipulators/interbotix_ros_xsarms/examples/interbotix_ros_xsarms_examples) by extensions ['ros']
[0.496s] Level 1:colcon.colcon_core.package_identification:_identify(src/interbotix_ros_manipulators/interbotix_ros_xsarms/examples/interbotix_ros_xsarms_examples) by extension 'ros'
[0.497s] DEBUG:colcon.colcon_core.package_identification:Package 'src/interbotix_ros_manipulators/interbotix_ros_xsarms/examples/interbotix_ros_xsarms_examples' with type 'ros.ament_cmake' and name 'interbotix_ros_xsarms_examples'
[0.497s] Level 1:colcon.colcon_core.package_identification:_identify(src/interbotix_ros_manipulators/interbotix_ros_xsarms/examples/interbotix_xsarm_diagnostic_tool) by extensions ['ignore', 'ignore_ament_install']
[0.497s] Level 1:colcon.colcon_core.package_identification:_identify(src/interbotix_ros_manipulators/interbotix_ros_xsarms/examples/interbotix_xsarm_diagnostic_tool) by extension 'ignore'
[0.497s] Level 1:colcon.colcon_core.package_identification:_identify(src/interbotix_ros_manipulators/interbotix_ros_xsarms/examples/interbotix_xsarm_diagnostic_tool) ignored
[0.498s] Level 1:colcon.colcon_core.package_identification:_identify(src/interbotix_ros_manipulators/interbotix_ros_xsarms/examples/interbotix_xsarm_dual) by extensions ['ignore', 'ignore_ament_install']
[0.498s] Level 1:colcon.colcon_core.package_identification:_identify(src/interbotix_ros_manipulators/interbotix_ros_xsarms/examples/interbotix_xsarm_dual) by extension 'ignore'
[0.498s] Level 1:colcon.colcon_core.package_identification:_identify(src/interbotix_ros_manipulators/interbotix_ros_xsarms/examples/interbotix_xsarm_dual) by extension 'ignore_ament_install'
[0.498s] Level 1:colcon.colcon_core.package_identification:_identify(src/interbotix_ros_manipulators/interbotix_ros_xsarms/examples/interbotix_xsarm_dual) by extensions ['colcon_pkg']
[0.498s] Level 1:colcon.colcon_core.package_identification:_identify(src/interbotix_ros_manipulators/interbotix_ros_xsarms/examples/interbotix_xsarm_dual) by extension 'colcon_pkg'
[0.498s] Level 1:colcon.colcon_core.package_identification:_identify(src/interbotix_ros_manipulators/interbotix_ros_xsarms/examples/interbotix_xsarm_dual) by extensions ['colcon_meta']
[0.498s] Level 1:colcon.colcon_core.package_identification:_identify(src/interbotix_ros_manipulators/interbotix_ros_xsarms/examples/interbotix_xsarm_dual) by extension 'colcon_meta'
[0.498s] Level 1:colcon.colcon_core.package_identification:_identify(src/interbotix_ros_manipulators/interbotix_ros_xsarms/examples/interbotix_xsarm_dual) by extensions ['ros']
[0.498s] Level 1:colcon.colcon_core.package_identification:_identify(src/interbotix_ros_manipulators/interbotix_ros_xsarms/examples/interbotix_xsarm_dual) by extension 'ros'
[0.499s] DEBUG:colcon.colcon_core.package_identification:Package 'src/interbotix_ros_manipulators/interbotix_ros_xsarms/examples/interbotix_xsarm_dual' with type 'ros.ament_cmake' and name 'interbotix_xsarm_dual'
[0.499s] Level 1:colcon.colcon_core.package_identification:_identify(src/interbotix_ros_manipulators/interbotix_ros_xsarms/examples/interbotix_xsarm_dual_joy) by extensions ['ignore', 'ignore_ament_install']
[0.499s] Level 1:colcon.colcon_core.package_identification:_identify(src/interbotix_ros_manipulators/interbotix_ros_xsarms/examples/interbotix_xsarm_dual_joy) by extension 'ignore'
[0.499s] Level 1:colcon.colcon_core.package_identification:_identify(src/interbotix_ros_manipulators/interbotix_ros_xsarms/examples/interbotix_xsarm_dual_joy) ignored
[0.499s] Level 1:colcon.colcon_core.package_identification:_identify(src/interbotix_ros_manipulators/interbotix_ros_xsarms/examples/interbotix_xsarm_joy) by extensions ['ignore', 'ignore_ament_install']
[0.499s] Level 1:colcon.colcon_core.package_identification:_identify(src/interbotix_ros_manipulators/interbotix_ros_xsarms/examples/interbotix_xsarm_joy) by extension 'ignore'
[0.499s] Level 1:colcon.colcon_core.package_identification:_identify(src/interbotix_ros_manipulators/interbotix_ros_xsarms/examples/interbotix_xsarm_joy) by extension 'ignore_ament_install'
[0.499s] Level 1:colcon.colcon_core.package_identification:_identify(src/interbotix_ros_manipulators/interbotix_ros_xsarms/examples/interbotix_xsarm_joy) by extensions ['colcon_pkg']
[0.499s] Level 1:colcon.colcon_core.package_identification:_identify(src/interbotix_ros_manipulators/interbotix_ros_xsarms/examples/interbotix_xsarm_joy) by extension 'colcon_pkg'
[0.500s] Level 1:colcon.colcon_core.package_identification:_identify(src/interbotix_ros_manipulators/interbotix_ros_xsarms/examples/interbotix_xsarm_joy) by extensions ['colcon_meta']
[0.500s] Level 1:colcon.colcon_core.package_identification:_identify(src/interbotix_ros_manipulators/interbotix_ros_xsarms/examples/interbotix_xsarm_joy) by extension 'colcon_meta'
[0.500s] Level 1:colcon.colcon_core.package_identification:_identify(src/interbotix_ros_manipulators/interbotix_ros_xsarms/examples/interbotix_xsarm_joy) by extensions ['ros']
[0.500s] Level 1:colcon.colcon_core.package_identification:_identify(src/interbotix_ros_manipulators/interbotix_ros_xsarms/examples/interbotix_xsarm_joy) by extension 'ros'
[0.501s] DEBUG:colcon.colcon_core.package_identification:Package 'src/interbotix_ros_manipulators/interbotix_ros_xsarms/examples/interbotix_xsarm_joy' with type 'ros.ament_cmake' and name 'interbotix_xsarm_joy'
[0.501s] Level 1:colcon.colcon_core.package_identification:_identify(src/interbotix_ros_manipulators/interbotix_ros_xsarms/examples/interbotix_xsarm_moveit_interface) by extensions ['ignore', 'ignore_ament_install']
[0.501s] Level 1:colcon.colcon_core.package_identification:_identify(src/interbotix_ros_manipulators/interbotix_ros_xsarms/examples/interbotix_xsarm_moveit_interface) by extension 'ignore'
[0.501s] Level 1:colcon.colcon_core.package_identification:_identify(src/interbotix_ros_manipulators/interbotix_ros_xsarms/examples/interbotix_xsarm_moveit_interface) by extension 'ignore_ament_install'
[0.501s] Level 1:colcon.colcon_core.package_identification:_identify(src/interbotix_ros_manipulators/interbotix_ros_xsarms/examples/interbotix_xsarm_moveit_interface) by extensions ['colcon_pkg']
[0.501s] Level 1:colcon.colcon_core.package_identification:_identify(src/interbotix_ros_manipulators/interbotix_ros_xsarms/examples/interbotix_xsarm_moveit_interface) by extension 'colcon_pkg'
[0.501s] Level 1:colcon.colcon_core.package_identification:_identify(src/interbotix_ros_manipulators/interbotix_ros_xsarms/examples/interbotix_xsarm_moveit_interface) by extensions ['colcon_meta']
[0.501s] Level 1:colcon.colcon_core.package_identification:_identify(src/interbotix_ros_manipulators/interbotix_ros_xsarms/examples/interbotix_xsarm_moveit_interface) by extension 'colcon_meta'
[0.501s] Level 1:colcon.colcon_core.package_identification:_identify(src/interbotix_ros_manipulators/interbotix_ros_xsarms/examples/interbotix_xsarm_moveit_interface) by extensions ['ros']
[0.501s] Level 1:colcon.colcon_core.package_identification:_identify(src/interbotix_ros_manipulators/interbotix_ros_xsarms/examples/interbotix_xsarm_moveit_interface) by extension 'ros'
[0.502s] DEBUG:colcon.colcon_core.package_identification:Package 'src/interbotix_ros_manipulators/interbotix_ros_xsarms/examples/interbotix_xsarm_moveit_interface' with type 'ros.ament_cmake' and name 'interbotix_xsarm_moveit_interface'
[0.502s] Level 1:colcon.colcon_core.package_identification:_identify(src/interbotix_ros_manipulators/interbotix_ros_xsarms/examples/interbotix_xsarm_pid) by extensions ['ignore', 'ignore_ament_install']
[0.502s] Level 1:colcon.colcon_core.package_identification:_identify(src/interbotix_ros_manipulators/interbotix_ros_xsarms/examples/interbotix_xsarm_pid) by extension 'ignore'
[0.502s] Level 1:colcon.colcon_core.package_identification:_identify(src/interbotix_ros_manipulators/interbotix_ros_xsarms/examples/interbotix_xsarm_pid) ignored
[0.502s] Level 1:colcon.colcon_core.package_identification:_identify(src/interbotix_ros_manipulators/interbotix_ros_xsarms/examples/interbotix_xsarm_puppet) by extensions ['ignore', 'ignore_ament_install']
[0.502s] Level 1:colcon.colcon_core.package_identification:_identify(src/interbotix_ros_manipulators/interbotix_ros_xsarms/examples/interbotix_xsarm_puppet) by extension 'ignore'
[0.502s] Level 1:colcon.colcon_core.package_identification:_identify(src/interbotix_ros_manipulators/interbotix_ros_xsarms/examples/interbotix_xsarm_puppet) by extension 'ignore_ament_install'
[0.502s] Level 1:colcon.colcon_core.package_identification:_identify(src/interbotix_ros_manipulators/interbotix_ros_xsarms/examples/interbotix_xsarm_puppet) by extensions ['colcon_pkg']
[0.502s] Level 1:colcon.colcon_core.package_identification:_identify(src/interbotix_ros_manipulators/interbotix_ros_xsarms/examples/interbotix_xsarm_puppet) by extension 'colcon_pkg'
[0.502s] Level 1:colcon.colcon_core.package_identification:_identify(src/interbotix_ros_manipulators/interbotix_ros_xsarms/examples/interbotix_xsarm_puppet) by extensions ['colcon_meta']
[0.502s] Level 1:colcon.colcon_core.package_identification:_identify(src/interbotix_ros_manipulators/interbotix_ros_xsarms/examples/interbotix_xsarm_puppet) by extension 'colcon_meta'
[0.502s] Level 1:colcon.colcon_core.package_identification:_identify(src/interbotix_ros_manipulators/interbotix_ros_xsarms/examples/interbotix_xsarm_puppet) by extensions ['ros']
[0.502s] Level 1:colcon.colcon_core.package_identification:_identify(src/interbotix_ros_manipulators/interbotix_ros_xsarms/examples/interbotix_xsarm_puppet) by extension 'ros'
[0.503s] DEBUG:colcon.colcon_core.package_identification:Package 'src/interbotix_ros_manipulators/interbotix_ros_xsarms/examples/interbotix_xsarm_puppet' with type 'ros.ament_cmake' and name 'interbotix_xsarm_puppet'
[0.503s] Level 1:colcon.colcon_core.package_identification:_identify(src/interbotix_ros_manipulators/interbotix_ros_xsarms/images) by extensions ['ignore', 'ignore_ament_install']
[0.503s] Level 1:colcon.colcon_core.package_identification:_identify(src/interbotix_ros_manipulators/interbotix_ros_xsarms/images) by extension 'ignore'
[0.503s] Level 1:colcon.colcon_core.package_identification:_identify(src/interbotix_ros_manipulators/interbotix_ros_xsarms/images) by extension 'ignore_ament_install'
[0.503s] Level 1:colcon.colcon_core.package_identification:_identify(src/interbotix_ros_manipulators/interbotix_ros_xsarms/images) by extensions ['colcon_pkg']
[0.503s] Level 1:colcon.colcon_core.package_identification:_identify(src/interbotix_ros_manipulators/interbotix_ros_xsarms/images) by extension 'colcon_pkg'
[0.503s] Level 1:colcon.colcon_core.package_identification:_identify(src/interbotix_ros_manipulators/interbotix_ros_xsarms/images) by extensions ['colcon_meta']
[0.503s] Level 1:colcon.colcon_core.package_identification:_identify(src/interbotix_ros_manipulators/interbotix_ros_xsarms/images) by extension 'colcon_meta'
[0.503s] Level 1:colcon.colcon_core.package_identification:_identify(src/interbotix_ros_manipulators/interbotix_ros_xsarms/images) by extensions ['ros']
[0.503s] Level 1:colcon.colcon_core.package_identification:_identify(src/interbotix_ros_manipulators/interbotix_ros_xsarms/images) by extension 'ros'
[0.503s] Level 1:colcon.colcon_core.package_identification:_identify(src/interbotix_ros_manipulators/interbotix_ros_xsarms/images) by extensions ['cmake', 'python']
[0.504s] Level 1:colcon.colcon_core.package_identification:_identify(src/interbotix_ros_manipulators/interbotix_ros_xsarms/images) by extension 'cmake'
[0.504s] Level 1:colcon.colcon_core.package_identification:_identify(src/interbotix_ros_manipulators/interbotix_ros_xsarms/images) by extension 'python'
[0.504s] Level 1:colcon.colcon_core.package_identification:_identify(src/interbotix_ros_manipulators/interbotix_ros_xsarms/images) by extensions ['python_setup_py']
[0.504s] Level 1:colcon.colcon_core.package_identification:_identify(src/interbotix_ros_manipulators/interbotix_ros_xsarms/images) by extension 'python_setup_py'
[0.504s] Level 1:colcon.colcon_core.package_identification:_identify(src/interbotix_ros_manipulators/interbotix_ros_xsarms/install) by extensions ['ignore', 'ignore_ament_install']
[0.504s] Level 1:colcon.colcon_core.package_identification:_identify(src/interbotix_ros_manipulators/interbotix_ros_xsarms/install) by extension 'ignore'
[0.504s] Level 1:colcon.colcon_core.package_identification:_identify(src/interbotix_ros_manipulators/interbotix_ros_xsarms/install) by extension 'ignore_ament_install'
[0.504s] Level 1:colcon.colcon_core.package_identification:_identify(src/interbotix_ros_manipulators/interbotix_ros_xsarms/install) by extensions ['colcon_pkg']
[0.504s] Level 1:colcon.colcon_core.package_identification:_identify(src/interbotix_ros_manipulators/interbotix_ros_xsarms/install) by extension 'colcon_pkg'
[0.504s] Level 1:colcon.colcon_core.package_identification:_identify(src/interbotix_ros_manipulators/interbotix_ros_xsarms/install) by extensions ['colcon_meta']
[0.504s] Level 1:colcon.colcon_core.package_identification:_identify(src/interbotix_ros_manipulators/interbotix_ros_xsarms/install) by extension 'colcon_meta'
[0.504s] Level 1:colcon.colcon_core.package_identification:_identify(src/interbotix_ros_manipulators/interbotix_ros_xsarms/install) by extensions ['ros']
[0.504s] Level 1:colcon.colcon_core.package_identification:_identify(src/interbotix_ros_manipulators/interbotix_ros_xsarms/install) by extension 'ros'
[0.504s] Level 1:colcon.colcon_core.package_identification:_identify(src/interbotix_ros_manipulators/interbotix_ros_xsarms/install) by extensions ['cmake', 'python']
[0.504s] Level 1:colcon.colcon_core.package_identification:_identify(src/interbotix_ros_manipulators/interbotix_ros_xsarms/install) by extension 'cmake'
[0.504s] Level 1:colcon.colcon_core.package_identification:_identify(src/interbotix_ros_manipulators/interbotix_ros_xsarms/install) by extension 'python'
[0.504s] Level 1:colcon.colcon_core.package_identification:_identify(src/interbotix_ros_manipulators/interbotix_ros_xsarms/install) by extensions ['python_setup_py']
[0.504s] Level 1:colcon.colcon_core.package_identification:_identify(src/interbotix_ros_manipulators/interbotix_ros_xsarms/install) by extension 'python_setup_py'
[0.504s] Level 1:colcon.colcon_core.package_identification:_identify(src/interbotix_ros_manipulators/interbotix_ros_xsarms/install/amd64) by extensions ['ignore', 'ignore_ament_install']
[0.504s] Level 1:colcon.colcon_core.package_identification:_identify(src/interbotix_ros_manipulators/interbotix_ros_xsarms/install/amd64) by extension 'ignore'
[0.504s] Level 1:colcon.colcon_core.package_identification:_identify(src/interbotix_ros_manipulators/interbotix_ros_xsarms/install/amd64) by extension 'ignore_ament_install'
[0.504s] Level 1:colcon.colcon_core.package_identification:_identify(src/interbotix_ros_manipulators/interbotix_ros_xsarms/install/amd64) by extensions ['colcon_pkg']
[0.504s] Level 1:colcon.colcon_core.package_identification:_identify(src/interbotix_ros_manipulators/interbotix_ros_xsarms/install/amd64) by extension 'colcon_pkg'
[0.504s] Level 1:colcon.colcon_core.package_identification:_identify(src/interbotix_ros_manipulators/interbotix_ros_xsarms/install/amd64) by extensions ['colcon_meta']
[0.504s] Level 1:colcon.colcon_core.package_identification:_identify(src/interbotix_ros_manipulators/interbotix_ros_xsarms/install/amd64) by extension 'colcon_meta'
[0.504s] Level 1:colcon.colcon_core.package_identification:_identify(src/interbotix_ros_manipulators/interbotix_ros_xsarms/install/amd64) by extensions ['ros']
[0.504s] Level 1:colcon.colcon_core.package_identification:_identify(src/interbotix_ros_manipulators/interbotix_ros_xsarms/install/amd64) by extension 'ros'
[0.505s] Level 1:colcon.colcon_core.package_identification:_identify(src/interbotix_ros_manipulators/interbotix_ros_xsarms/install/amd64) by extensions ['cmake', 'python']
[0.505s] Level 1:colcon.colcon_core.package_identification:_identify(src/interbotix_ros_manipulators/interbotix_ros_xsarms/install/amd64) by extension 'cmake'
[0.505s] Level 1:colcon.colcon_core.package_identification:_identify(src/interbotix_ros_manipulators/interbotix_ros_xsarms/install/amd64) by extension 'python'
[0.505s] Level 1:colcon.colcon_core.package_identification:_identify(src/interbotix_ros_manipulators/interbotix_ros_xsarms/install/amd64) by extensions ['python_setup_py']
[0.505s] Level 1:colcon.colcon_core.package_identification:_identify(src/interbotix_ros_manipulators/interbotix_ros_xsarms/install/amd64) by extension 'python_setup_py'
[0.505s] Level 1:colcon.colcon_core.package_identification:_identify(src/interbotix_ros_manipulators/interbotix_ros_xsarms/install/rpi4) by extensions ['ignore', 'ignore_ament_install']
[0.505s] Level 1:colcon.colcon_core.package_identification:_identify(src/interbotix_ros_manipulators/interbotix_ros_xsarms/install/rpi4) by extension 'ignore'
[0.505s] Level 1:colcon.colcon_core.package_identification:_identify(src/interbotix_ros_manipulators/interbotix_ros_xsarms/install/rpi4) by extension 'ignore_ament_install'
[0.505s] Level 1:colcon.colcon_core.package_identification:_identify(src/interbotix_ros_manipulators/interbotix_ros_xsarms/install/rpi4) by extensions ['colcon_pkg']
[0.505s] Level 1:colcon.colcon_core.package_identification:_identify(src/interbotix_ros_manipulators/interbotix_ros_xsarms/install/rpi4) by extension 'colcon_pkg'
[0.505s] Level 1:colcon.colcon_core.package_identification:_identify(src/interbotix_ros_manipulators/interbotix_ros_xsarms/install/rpi4) by extensions ['colcon_meta']
[0.505s] Level 1:colcon.colcon_core.package_identification:_identify(src/interbotix_ros_manipulators/interbotix_ros_xsarms/install/rpi4) by extension 'colcon_meta'
[0.505s] Level 1:colcon.colcon_core.package_identification:_identify(src/interbotix_ros_manipulators/interbotix_ros_xsarms/install/rpi4) by extensions ['ros']
[0.505s] Level 1:colcon.colcon_core.package_identification:_identify(src/interbotix_ros_manipulators/interbotix_ros_xsarms/install/rpi4) by extension 'ros'
[0.505s] Level 1:colcon.colcon_core.package_identification:_identify(src/interbotix_ros_manipulators/interbotix_ros_xsarms/install/rpi4) by extensions ['cmake', 'python']
[0.505s] Level 1:colcon.colcon_core.package_identification:_identify(src/interbotix_ros_manipulators/interbotix_ros_xsarms/install/rpi4) by extension 'cmake'
[0.505s] Level 1:colcon.colcon_core.package_identification:_identify(src/interbotix_ros_manipulators/interbotix_ros_xsarms/install/rpi4) by extension 'python'
[0.505s] Level 1:colcon.colcon_core.package_identification:_identify(src/interbotix_ros_manipulators/interbotix_ros_xsarms/install/rpi4) by extensions ['python_setup_py']
[0.505s] Level 1:colcon.colcon_core.package_identification:_identify(src/interbotix_ros_manipulators/interbotix_ros_xsarms/install/rpi4) by extension 'python_setup_py'
[0.505s] Level 1:colcon.colcon_core.package_identification:_identify(src/interbotix_ros_manipulators/interbotix_ros_xsarms/interbotix_ros_xsarms) by extensions ['ignore', 'ignore_ament_install']
[0.505s] Level 1:colcon.colcon_core.package_identification:_identify(src/interbotix_ros_manipulators/interbotix_ros_xsarms/interbotix_ros_xsarms) by extension 'ignore'
[0.505s] Level 1:colcon.colcon_core.package_identification:_identify(src/interbotix_ros_manipulators/interbotix_ros_xsarms/interbotix_ros_xsarms) by extension 'ignore_ament_install'
[0.505s] Level 1:colcon.colcon_core.package_identification:_identify(src/interbotix_ros_manipulators/interbotix_ros_xsarms/interbotix_ros_xsarms) by extensions ['colcon_pkg']
[0.505s] Level 1:colcon.colcon_core.package_identification:_identify(src/interbotix_ros_manipulators/interbotix_ros_xsarms/interbotix_ros_xsarms) by extension 'colcon_pkg'
[0.505s] Level 1:colcon.colcon_core.package_identification:_identify(src/interbotix_ros_manipulators/interbotix_ros_xsarms/interbotix_ros_xsarms) by extensions ['colcon_meta']
[0.505s] Level 1:colcon.colcon_core.package_identification:_identify(src/interbotix_ros_manipulators/interbotix_ros_xsarms/interbotix_ros_xsarms) by extension 'colcon_meta'
[0.505s] Level 1:colcon.colcon_core.package_identification:_identify(src/interbotix_ros_manipulators/interbotix_ros_xsarms/interbotix_ros_xsarms) by extensions ['ros']
[0.505s] Level 1:colcon.colcon_core.package_identification:_identify(src/interbotix_ros_manipulators/interbotix_ros_xsarms/interbotix_ros_xsarms) by extension 'ros'
[0.506s] DEBUG:colcon.colcon_core.package_identification:Package 'src/interbotix_ros_manipulators/interbotix_ros_xsarms/interbotix_ros_xsarms' with type 'ros.ament_cmake' and name 'interbotix_ros_xsarms'
[0.506s] Level 1:colcon.colcon_core.package_identification:_identify(src/interbotix_ros_manipulators/interbotix_ros_xsarms/interbotix_xsarm_control) by extensions ['ignore', 'ignore_ament_install']
[0.506s] Level 1:colcon.colcon_core.package_identification:_identify(src/interbotix_ros_manipulators/interbotix_ros_xsarms/interbotix_xsarm_control) by extension 'ignore'
[0.506s] Level 1:colcon.colcon_core.package_identification:_identify(src/interbotix_ros_manipulators/interbotix_ros_xsarms/interbotix_xsarm_control) by extension 'ignore_ament_install'
[0.506s] Level 1:colcon.colcon_core.package_identification:_identify(src/interbotix_ros_manipulators/interbotix_ros_xsarms/interbotix_xsarm_control) by extensions ['colcon_pkg']
[0.506s] Level 1:colcon.colcon_core.package_identification:_identify(src/interbotix_ros_manipulators/interbotix_ros_xsarms/interbotix_xsarm_control) by extension 'colcon_pkg'
[0.506s] Level 1:colcon.colcon_core.package_identification:_identify(src/interbotix_ros_manipulators/interbotix_ros_xsarms/interbotix_xsarm_control) by extensions ['colcon_meta']
[0.506s] Level 1:colcon.colcon_core.package_identification:_identify(src/interbotix_ros_manipulators/interbotix_ros_xsarms/interbotix_xsarm_control) by extension 'colcon_meta'
[0.506s] Level 1:colcon.colcon_core.package_identification:_identify(src/interbotix_ros_manipulators/interbotix_ros_xsarms/interbotix_xsarm_control) by extensions ['ros']
[0.506s] Level 1:colcon.colcon_core.package_identification:_identify(src/interbotix_ros_manipulators/interbotix_ros_xsarms/interbotix_xsarm_control) by extension 'ros'
[0.507s] DEBUG:colcon.colcon_core.package_identification:Package 'src/interbotix_ros_manipulators/interbotix_ros_xsarms/interbotix_xsarm_control' with type 'ros.ament_cmake' and name 'interbotix_xsarm_control'
[0.507s] Level 1:colcon.colcon_core.package_identification:_identify(src/interbotix_ros_manipulators/interbotix_ros_xsarms/interbotix_xsarm_descriptions) by extensions ['ignore', 'ignore_ament_install']
[0.507s] Level 1:colcon.colcon_core.package_identification:_identify(src/interbotix_ros_manipulators/interbotix_ros_xsarms/interbotix_xsarm_descriptions) by extension 'ignore'
[0.507s] Level 1:colcon.colcon_core.package_identification:_identify(src/interbotix_ros_manipulators/interbotix_ros_xsarms/interbotix_xsarm_descriptions) by extension 'ignore_ament_install'
[0.507s] Level 1:colcon.colcon_core.package_identification:_identify(src/interbotix_ros_manipulators/interbotix_ros_xsarms/interbotix_xsarm_descriptions) by extensions ['colcon_pkg']
[0.507s] Level 1:colcon.colcon_core.package_identification:_identify(src/interbotix_ros_manipulators/interbotix_ros_xsarms/interbotix_xsarm_descriptions) by extension 'colcon_pkg'
[0.507s] Level 1:colcon.colcon_core.package_identification:_identify(src/interbotix_ros_manipulators/interbotix_ros_xsarms/interbotix_xsarm_descriptions) by extensions ['colcon_meta']
[0.507s] Level 1:colcon.colcon_core.package_identification:_identify(src/interbotix_ros_manipulators/interbotix_ros_xsarms/interbotix_xsarm_descriptions) by extension 'colcon_meta'
[0.507s] Level 1:colcon.colcon_core.package_identification:_identify(src/interbotix_ros_manipulators/interbotix_ros_xsarms/interbotix_xsarm_descriptions) by extensions ['ros']
[0.507s] Level 1:colcon.colcon_core.package_identification:_identify(src/interbotix_ros_manipulators/interbotix_ros_xsarms/interbotix_xsarm_descriptions) by extension 'ros'
[0.507s] DEBUG:colcon.colcon_core.package_identification:Package 'src/interbotix_ros_manipulators/interbotix_ros_xsarms/interbotix_xsarm_descriptions' with type 'ros.ament_cmake' and name 'interbotix_xsarm_descriptions'
[0.508s] Level 1:colcon.colcon_core.package_identification:_identify(src/interbotix_ros_manipulators/interbotix_ros_xsarms/interbotix_xsarm_moveit) by extensions ['ignore', 'ignore_ament_install']
[0.508s] Level 1:colcon.colcon_core.package_identification:_identify(src/interbotix_ros_manipulators/interbotix_ros_xsarms/interbotix_xsarm_moveit) by extension 'ignore'
[0.508s] Level 1:colcon.colcon_core.package_identification:_identify(src/interbotix_ros_manipulators/interbotix_ros_xsarms/interbotix_xsarm_moveit) by extension 'ignore_ament_install'
[0.508s] Level 1:colcon.colcon_core.package_identification:_identify(src/interbotix_ros_manipulators/interbotix_ros_xsarms/interbotix_xsarm_moveit) by extensions ['colcon_pkg']
[0.508s] Level 1:colcon.colcon_core.package_identification:_identify(src/interbotix_ros_manipulators/interbotix_ros_xsarms/interbotix_xsarm_moveit) by extension 'colcon_pkg'
[0.508s] Level 1:colcon.colcon_core.package_identification:_identify(src/interbotix_ros_manipulators/interbotix_ros_xsarms/interbotix_xsarm_moveit) by extensions ['colcon_meta']
[0.508s] Level 1:colcon.colcon_core.package_identification:_identify(src/interbotix_ros_manipulators/interbotix_ros_xsarms/interbotix_xsarm_moveit) by extension 'colcon_meta'
[0.508s] Level 1:colcon.colcon_core.package_identification:_identify(src/interbotix_ros_manipulators/interbotix_ros_xsarms/interbotix_xsarm_moveit) by extensions ['ros']
[0.508s] Level 1:colcon.colcon_core.package_identification:_identify(src/interbotix_ros_manipulators/interbotix_ros_xsarms/interbotix_xsarm_moveit) by extension 'ros'
[0.508s] DEBUG:colcon.colcon_core.package_identification:Package 'src/interbotix_ros_manipulators/interbotix_ros_xsarms/interbotix_xsarm_moveit' with type 'ros.ament_cmake' and name 'interbotix_xsarm_moveit'
[0.508s] Level 1:colcon.colcon_core.package_identification:_identify(src/interbotix_ros_manipulators/interbotix_ros_xsarms/interbotix_xsarm_perception) by extensions ['ignore', 'ignore_ament_install']
[0.509s] Level 1:colcon.colcon_core.package_identification:_identify(src/interbotix_ros_manipulators/interbotix_ros_xsarms/interbotix_xsarm_perception) by extension 'ignore'
[0.509s] Level 1:colcon.colcon_core.package_identification:_identify(src/interbotix_ros_manipulators/interbotix_ros_xsarms/interbotix_xsarm_perception) ignored
[0.509s] Level 1:colcon.colcon_core.package_identification:_identify(src/interbotix_ros_manipulators/interbotix_ros_xsarms/interbotix_xsarm_ros_control) by extensions ['ignore', 'ignore_ament_install']
[0.509s] Level 1:colcon.colcon_core.package_identification:_identify(src/interbotix_ros_manipulators/interbotix_ros_xsarms/interbotix_xsarm_ros_control) by extension 'ignore'
[0.509s] Level 1:colcon.colcon_core.package_identification:_identify(src/interbotix_ros_manipulators/interbotix_ros_xsarms/interbotix_xsarm_ros_control) by extension 'ignore_ament_install'
[0.509s] Level 1:colcon.colcon_core.package_identification:_identify(src/interbotix_ros_manipulators/interbotix_ros_xsarms/interbotix_xsarm_ros_control) by extensions ['colcon_pkg']
[0.509s] Level 1:colcon.colcon_core.package_identification:_identify(src/interbotix_ros_manipulators/interbotix_ros_xsarms/interbotix_xsarm_ros_control) by extension 'colcon_pkg'
[0.509s] Level 1:colcon.colcon_core.package_identification:_identify(src/interbotix_ros_manipulators/interbotix_ros_xsarms/interbotix_xsarm_ros_control) by extensions ['colcon_meta']
[0.509s] Level 1:colcon.colcon_core.package_identification:_identify(src/interbotix_ros_manipulators/interbotix_ros_xsarms/interbotix_xsarm_ros_control) by extension 'colcon_meta'
[0.509s] Level 1:colcon.colcon_core.package_identification:_identify(src/interbotix_ros_manipulators/interbotix_ros_xsarms/interbotix_xsarm_ros_control) by extensions ['ros']
[0.509s] Level 1:colcon.colcon_core.package_identification:_identify(src/interbotix_ros_manipulators/interbotix_ros_xsarms/interbotix_xsarm_ros_control) by extension 'ros'
[0.509s] DEBUG:colcon.colcon_core.package_identification:Package 'src/interbotix_ros_manipulators/interbotix_ros_xsarms/interbotix_xsarm_ros_control' with type 'ros.ament_cmake' and name 'interbotix_xsarm_ros_control'
[0.509s] Level 1:colcon.colcon_core.package_identification:_identify(src/interbotix_ros_manipulators/interbotix_ros_xsarms/interbotix_xsarm_sim) by extensions ['ignore', 'ignore_ament_install']
[0.509s] Level 1:colcon.colcon_core.package_identification:_identify(src/interbotix_ros_manipulators/interbotix_ros_xsarms/interbotix_xsarm_sim) by extension 'ignore'
[0.509s] Level 1:colcon.colcon_core.package_identification:_identify(src/interbotix_ros_manipulators/interbotix_ros_xsarms/interbotix_xsarm_sim) by extension 'ignore_ament_install'
[0.509s] Level 1:colcon.colcon_core.package_identification:_identify(src/interbotix_ros_manipulators/interbotix_ros_xsarms/interbotix_xsarm_sim) by extensions ['colcon_pkg']
[0.509s] Level 1:colcon.colcon_core.package_identification:_identify(src/interbotix_ros_manipulators/interbotix_ros_xsarms/interbotix_xsarm_sim) by extension 'colcon_pkg'
[0.509s] Level 1:colcon.colcon_core.package_identification:_identify(src/interbotix_ros_manipulators/interbotix_ros_xsarms/interbotix_xsarm_sim) by extensions ['colcon_meta']
[0.509s] Level 1:colcon.colcon_core.package_identification:_identify(src/interbotix_ros_manipulators/interbotix_ros_xsarms/interbotix_xsarm_sim) by extension 'colcon_meta'
[0.509s] Level 1:colcon.colcon_core.package_identification:_identify(src/interbotix_ros_manipulators/interbotix_ros_xsarms/interbotix_xsarm_sim) by extensions ['ros']
[0.509s] Level 1:colcon.colcon_core.package_identification:_identify(src/interbotix_ros_manipulators/interbotix_ros_xsarms/interbotix_xsarm_sim) by extension 'ros'
[0.510s] DEBUG:colcon.colcon_core.package_identification:Package 'src/interbotix_ros_manipulators/interbotix_ros_xsarms/interbotix_xsarm_sim' with type 'ros.ament_cmake' and name 'interbotix_xsarm_sim'
[0.510s] Level 1:colcon.colcon_core.package_identification:_identify(src/interbotix_ros_toolboxes) by extensions ['ignore', 'ignore_ament_install']
[0.510s] Level 1:colcon.colcon_core.package_identification:_identify(src/interbotix_ros_toolboxes) by extension 'ignore'
[0.510s] Level 1:colcon.colcon_core.package_identification:_identify(src/interbotix_ros_toolboxes) by extension 'ignore_ament_install'
[0.510s] Level 1:colcon.colcon_core.package_identification:_identify(src/interbotix_ros_toolboxes) by extensions ['colcon_pkg']
[0.510s] Level 1:colcon.colcon_core.package_identification:_identify(src/interbotix_ros_toolboxes) by extension 'colcon_pkg'
[0.510s] Level 1:colcon.colcon_core.package_identification:_identify(src/interbotix_ros_toolboxes) by extensions ['colcon_meta']
[0.510s] Level 1:colcon.colcon_core.package_identification:_identify(src/interbotix_ros_toolboxes) by extension 'colcon_meta'
[0.510s] Level 1:colcon.colcon_core.package_identification:_identify(src/interbotix_ros_toolboxes) by extensions ['ros']
[0.510s] Level 1:colcon.colcon_core.package_identification:_identify(src/interbotix_ros_toolboxes) by extension 'ros'
[0.510s] Level 1:colcon.colcon_core.package_identification:_identify(src/interbotix_ros_toolboxes) by extensions ['cmake', 'python']
[0.510s] Level 1:colcon.colcon_core.package_identification:_identify(src/interbotix_ros_toolboxes) by extension 'cmake'
[0.510s] Level 1:colcon.colcon_core.package_identification:_identify(src/interbotix_ros_toolboxes) by extension 'python'
[0.510s] Level 1:colcon.colcon_core.package_identification:_identify(src/interbotix_ros_toolboxes) by extensions ['python_setup_py']
[0.510s] Level 1:colcon.colcon_core.package_identification:_identify(src/interbotix_ros_toolboxes) by extension 'python_setup_py'
[0.510s] Level 1:colcon.colcon_core.package_identification:_identify(src/interbotix_ros_toolboxes/images) by extensions ['ignore', 'ignore_ament_install']
[0.510s] Level 1:colcon.colcon_core.package_identification:_identify(src/interbotix_ros_toolboxes/images) by extension 'ignore'
[0.510s] Level 1:colcon.colcon_core.package_identification:_identify(src/interbotix_ros_toolboxes/images) by extension 'ignore_ament_install'
[0.510s] Level 1:colcon.colcon_core.package_identification:_identify(src/interbotix_ros_toolboxes/images) by extensions ['colcon_pkg']
[0.510s] Level 1:colcon.colcon_core.package_identification:_identify(src/interbotix_ros_toolboxes/images) by extension 'colcon_pkg'
[0.510s] Level 1:colcon.colcon_core.package_identification:_identify(src/interbotix_ros_toolboxes/images) by extensions ['colcon_meta']
[0.510s] Level 1:colcon.colcon_core.package_identification:_identify(src/interbotix_ros_toolboxes/images) by extension 'colcon_meta'
[0.510s] Level 1:colcon.colcon_core.package_identification:_identify(src/interbotix_ros_toolboxes/images) by extensions ['ros']
[0.510s] Level 1:colcon.colcon_core.package_identification:_identify(src/interbotix_ros_toolboxes/images) by extension 'ros'
[0.510s] Level 1:colcon.colcon_core.package_identification:_identify(src/interbotix_ros_toolboxes/images) by extensions ['cmake', 'python']
[0.510s] Level 1:colcon.colcon_core.package_identification:_identify(src/interbotix_ros_toolboxes/images) by extension 'cmake'
[0.510s] Level 1:colcon.colcon_core.package_identification:_identify(src/interbotix_ros_toolboxes/images) by extension 'python'
[0.510s] Level 1:colcon.colcon_core.package_identification:_identify(src/interbotix_ros_toolboxes/images) by extensions ['python_setup_py']
[0.510s] Level 1:colcon.colcon_core.package_identification:_identify(src/interbotix_ros_toolboxes/images) by extension 'python_setup_py'
[0.511s] Level 1:colcon.colcon_core.package_identification:_identify(src/interbotix_ros_toolboxes/interbotix_common_toolbox) by extensions ['ignore', 'ignore_ament_install']
[0.511s] Level 1:colcon.colcon_core.package_identification:_identify(src/interbotix_ros_toolboxes/interbotix_common_toolbox) by extension 'ignore'
[0.511s] Level 1:colcon.colcon_core.package_identification:_identify(src/interbotix_ros_toolboxes/interbotix_common_toolbox) by extension 'ignore_ament_install'
[0.511s] Level 1:colcon.colcon_core.package_identification:_identify(src/interbotix_ros_toolboxes/interbotix_common_toolbox) by extensions ['colcon_pkg']
[0.511s] Level 1:colcon.colcon_core.package_identification:_identify(src/interbotix_ros_toolboxes/interbotix_common_toolbox) by extension 'colcon_pkg'
[0.511s] Level 1:colcon.colcon_core.package_identification:_identify(src/interbotix_ros_toolboxes/interbotix_common_toolbox) by extensions ['colcon_meta']
[0.511s] Level 1:colcon.colcon_core.package_identification:_identify(src/interbotix_ros_toolboxes/interbotix_common_toolbox) by extension 'colcon_meta'
[0.511s] Level 1:colcon.colcon_core.package_identification:_identify(src/interbotix_ros_toolboxes/interbotix_common_toolbox) by extensions ['ros']
[0.511s] Level 1:colcon.colcon_core.package_identification:_identify(src/interbotix_ros_toolboxes/interbotix_common_toolbox) by extension 'ros'
[0.511s] Level 1:colcon.colcon_core.package_identification:_identify(src/interbotix_ros_toolboxes/interbotix_common_toolbox) by extensions ['cmake', 'python']
[0.511s] Level 1:colcon.colcon_core.package_identification:_identify(src/interbotix_ros_toolboxes/interbotix_common_toolbox) by extension 'cmake'
[0.511s] Level 1:colcon.colcon_core.package_identification:_identify(src/interbotix_ros_toolboxes/interbotix_common_toolbox) by extension 'python'
[0.511s] Level 1:colcon.colcon_core.package_identification:_identify(src/interbotix_ros_toolboxes/interbotix_common_toolbox) by extensions ['python_setup_py']
[0.511s] Level 1:colcon.colcon_core.package_identification:_identify(src/interbotix_ros_toolboxes/interbotix_common_toolbox) by extension 'python_setup_py'
[0.511s] Level 1:colcon.colcon_core.package_identification:_identify(src/interbotix_ros_toolboxes/interbotix_common_toolbox/interbotix_common_modules) by extensions ['ignore', 'ignore_ament_install']
[0.511s] Level 1:colcon.colcon_core.package_identification:_identify(src/interbotix_ros_toolboxes/interbotix_common_toolbox/interbotix_common_modules) by extension 'ignore'
[0.511s] Level 1:colcon.colcon_core.package_identification:_identify(src/interbotix_ros_toolboxes/interbotix_common_toolbox/interbotix_common_modules) by extension 'ignore_ament_install'
[0.511s] Level 1:colcon.colcon_core.package_identification:_identify(src/interbotix_ros_toolboxes/interbotix_common_toolbox/interbotix_common_modules) by extensions ['colcon_pkg']
[0.511s] Level 1:colcon.colcon_core.package_identification:_identify(src/interbotix_ros_toolboxes/interbotix_common_toolbox/interbotix_common_modules) by extension 'colcon_pkg'
[0.511s] Level 1:colcon.colcon_core.package_identification:_identify(src/interbotix_ros_toolboxes/interbotix_common_toolbox/interbotix_common_modules) by extensions ['colcon_meta']
[0.511s] Level 1:colcon.colcon_core.package_identification:_identify(src/interbotix_ros_toolboxes/interbotix_common_toolbox/interbotix_common_modules) by extension 'colcon_meta'
[0.511s] Level 1:colcon.colcon_core.package_identification:_identify(src/interbotix_ros_toolboxes/interbotix_common_toolbox/interbotix_common_modules) by extensions ['ros']
[0.511s] Level 1:colcon.colcon_core.package_identification:_identify(src/interbotix_ros_toolboxes/interbotix_common_toolbox/interbotix_common_modules) by extension 'ros'
[0.511s] DEBUG:colcon.colcon_core.package_identification:Package 'src/interbotix_ros_toolboxes/interbotix_common_toolbox/interbotix_common_modules' with type 'ros.ament_python' and name 'interbotix_common_modules'
[0.511s] Level 1:colcon.colcon_core.package_identification:_identify(src/interbotix_ros_toolboxes/interbotix_common_toolbox/interbotix_common_sim) by extensions ['ignore', 'ignore_ament_install']
[0.511s] Level 1:colcon.colcon_core.package_identification:_identify(src/interbotix_ros_toolboxes/interbotix_common_toolbox/interbotix_common_sim) by extension 'ignore'
[0.511s] Level 1:colcon.colcon_core.package_identification:_identify(src/interbotix_ros_toolboxes/interbotix_common_toolbox/interbotix_common_sim) by extension 'ignore_ament_install'
[0.511s] Level 1:colcon.colcon_core.package_identification:_identify(src/interbotix_ros_toolboxes/interbotix_common_toolbox/interbotix_common_sim) by extensions ['colcon_pkg']
[0.511s] Level 1:colcon.colcon_core.package_identification:_identify(src/interbotix_ros_toolboxes/interbotix_common_toolbox/interbotix_common_sim) by extension 'colcon_pkg'
[0.511s] Level 1:colcon.colcon_core.package_identification:_identify(src/interbotix_ros_toolboxes/interbotix_common_toolbox/interbotix_common_sim) by extensions ['colcon_meta']
[0.511s] Level 1:colcon.colcon_core.package_identification:_identify(src/interbotix_ros_toolboxes/interbotix_common_toolbox/interbotix_common_sim) by extension 'colcon_meta'
[0.511s] Level 1:colcon.colcon_core.package_identification:_identify(src/interbotix_ros_toolboxes/interbotix_common_toolbox/interbotix_common_sim) by extensions ['ros']
[0.511s] Level 1:colcon.colcon_core.package_identification:_identify(src/interbotix_ros_toolboxes/interbotix_common_toolbox/interbotix_common_sim) by extension 'ros'
[0.512s] DEBUG:colcon.colcon_core.package_identification:Package 'src/interbotix_ros_toolboxes/interbotix_common_toolbox/interbotix_common_sim' with type 'ros.ament_cmake' and name 'interbotix_common_sim'
[0.512s] Level 1:colcon.colcon_core.package_identification:_identify(src/interbotix_ros_toolboxes/interbotix_common_toolbox/interbotix_common_toolbox) by extensions ['ignore', 'ignore_ament_install']
[0.512s] Level 1:colcon.colcon_core.package_identification:_identify(src/interbotix_ros_toolboxes/interbotix_common_toolbox/interbotix_common_toolbox) by extension 'ignore'
[0.512s] Level 1:colcon.colcon_core.package_identification:_identify(src/interbotix_ros_toolboxes/interbotix_common_toolbox/interbotix_common_toolbox) by extension 'ignore_ament_install'
[0.512s] Level 1:colcon.colcon_core.package_identification:_identify(src/interbotix_ros_toolboxes/interbotix_common_toolbox/interbotix_common_toolbox) by extensions ['colcon_pkg']
[0.512s] Level 1:colcon.colcon_core.package_identification:_identify(src/interbotix_ros_toolboxes/interbotix_common_toolbox/interbotix_common_toolbox) by extension 'colcon_pkg'
[0.512s] Level 1:colcon.colcon_core.package_identification:_identify(src/interbotix_ros_toolboxes/interbotix_common_toolbox/interbotix_common_toolbox) by extensions ['colcon_meta']
[0.512s] Level 1:colcon.colcon_core.package_identification:_identify(src/interbotix_ros_toolboxes/interbotix_common_toolbox/interbotix_common_toolbox) by extension 'colcon_meta'
[0.512s] Level 1:colcon.colcon_core.package_identification:_identify(src/interbotix_ros_toolboxes/interbotix_common_toolbox/interbotix_common_toolbox) by extensions ['ros']
[0.512s] Level 1:colcon.colcon_core.package_identification:_identify(src/interbotix_ros_toolboxes/interbotix_common_toolbox/interbotix_common_toolbox) by extension 'ros'
[0.512s] DEBUG:colcon.colcon_core.package_identification:Package 'src/interbotix_ros_toolboxes/interbotix_common_toolbox/interbotix_common_toolbox' with type 'ros.ament_cmake' and name 'interbotix_common_toolbox'
[0.512s] Level 1:colcon.colcon_core.package_identification:_identify(src/interbotix_ros_toolboxes/interbotix_common_toolbox/interbotix_landmark_modules) by extensions ['ignore', 'ignore_ament_install']
[0.512s] Level 1:colcon.colcon_core.package_identification:_identify(src/interbotix_ros_toolboxes/interbotix_common_toolbox/interbotix_landmark_modules) by extension 'ignore'
[0.512s] Level 1:colcon.colcon_core.package_identification:_identify(src/interbotix_ros_toolboxes/interbotix_common_toolbox/interbotix_landmark_modules) ignored
[0.512s] Level 1:colcon.colcon_core.package_identification:_identify(src/interbotix_ros_toolboxes/interbotix_common_toolbox/interbotix_moveit_interface) by extensions ['ignore', 'ignore_ament_install']
[0.512s] Level 1:colcon.colcon_core.package_identification:_identify(src/interbotix_ros_toolboxes/interbotix_common_toolbox/interbotix_moveit_interface) by extension 'ignore'
[0.512s] Level 1:colcon.colcon_core.package_identification:_identify(src/interbotix_ros_toolboxes/interbotix_common_toolbox/interbotix_moveit_interface) by extension 'ignore_ament_install'
[0.512s] Level 1:colcon.colcon_core.package_identification:_identify(src/interbotix_ros_toolboxes/interbotix_common_toolbox/interbotix_moveit_interface) by extensions ['colcon_pkg']
[0.512s] Level 1:colcon.colcon_core.package_identification:_identify(src/interbotix_ros_toolboxes/interbotix_common_toolbox/interbotix_moveit_interface) by extension 'colcon_pkg'
[0.512s] Level 1:colcon.colcon_core.package_identification:_identify(src/interbotix_ros_toolboxes/interbotix_common_toolbox/interbotix_moveit_interface) by extensions ['colcon_meta']
[0.512s] Level 1:colcon.colcon_core.package_identification:_identify(src/interbotix_ros_toolboxes/interbotix_common_toolbox/interbotix_moveit_interface) by extension 'colcon_meta'
[0.512s] Level 1:colcon.colcon_core.package_identification:_identify(src/interbotix_ros_toolboxes/interbotix_common_toolbox/interbotix_moveit_interface) by extensions ['ros']
[0.512s] Level 1:colcon.colcon_core.package_identification:_identify(src/interbotix_ros_toolboxes/interbotix_common_toolbox/interbotix_moveit_interface) by extension 'ros'
[0.513s] DEBUG:colcon.colcon_core.package_identification:Package 'src/interbotix_ros_toolboxes/interbotix_common_toolbox/interbotix_moveit_interface' with type 'ros.ament_cmake' and name 'interbotix_moveit_interface'
[0.513s] Level 1:colcon.colcon_core.package_identification:_identify(src/interbotix_ros_toolboxes/interbotix_common_toolbox/interbotix_moveit_interface_msgs) by extensions ['ignore', 'ignore_ament_install']
[0.513s] Level 1:colcon.colcon_core.package_identification:_identify(src/interbotix_ros_toolboxes/interbotix_common_toolbox/interbotix_moveit_interface_msgs) by extension 'ignore'
[0.513s] Level 1:colcon.colcon_core.package_identification:_identify(src/interbotix_ros_toolboxes/interbotix_common_toolbox/interbotix_moveit_interface_msgs) by extension 'ignore_ament_install'
[0.513s] Level 1:colcon.colcon_core.package_identification:_identify(src/interbotix_ros_toolboxes/interbotix_common_toolbox/interbotix_moveit_interface_msgs) by extensions ['colcon_pkg']
[0.513s] Level 1:colcon.colcon_core.package_identification:_identify(src/interbotix_ros_toolboxes/interbotix_common_toolbox/interbotix_moveit_interface_msgs) by extension 'colcon_pkg'
[0.513s] Level 1:colcon.colcon_core.package_identification:_identify(src/interbotix_ros_toolboxes/interbotix_common_toolbox/interbotix_moveit_interface_msgs) by extensions ['colcon_meta']
[0.513s] Level 1:colcon.colcon_core.package_identification:_identify(src/interbotix_ros_toolboxes/interbotix_common_toolbox/interbotix_moveit_interface_msgs) by extension 'colcon_meta'
[0.513s] Level 1:colcon.colcon_core.package_identification:_identify(src/interbotix_ros_toolboxes/interbotix_common_toolbox/interbotix_moveit_interface_msgs) by extensions ['ros']
[0.513s] Level 1:colcon.colcon_core.package_identification:_identify(src/interbotix_ros_toolboxes/interbotix_common_toolbox/interbotix_moveit_interface_msgs) by extension 'ros'
[0.514s] DEBUG:colcon.colcon_core.package_identification:Package 'src/interbotix_ros_toolboxes/interbotix_common_toolbox/interbotix_moveit_interface_msgs' with type 'ros.ament_cmake' and name 'interbotix_moveit_interface_msgs'
[0.514s] Level 1:colcon.colcon_core.package_identification:_identify(src/interbotix_ros_toolboxes/interbotix_common_toolbox/interbotix_tf_tools) by extensions ['ignore', 'ignore_ament_install']
[0.514s] Level 1:colcon.colcon_core.package_identification:_identify(src/interbotix_ros_toolboxes/interbotix_common_toolbox/interbotix_tf_tools) by extension 'ignore'
[0.514s] Level 1:colcon.colcon_core.package_identification:_identify(src/interbotix_ros_toolboxes/interbotix_common_toolbox/interbotix_tf_tools) by extension 'ignore_ament_install'
[0.514s] Level 1:colcon.colcon_core.package_identification:_identify(src/interbotix_ros_toolboxes/interbotix_common_toolbox/interbotix_tf_tools) by extensions ['colcon_pkg']
[0.514s] Level 1:colcon.colcon_core.package_identification:_identify(src/interbotix_ros_toolboxes/interbotix_common_toolbox/interbotix_tf_tools) by extension 'colcon_pkg'
[0.514s] Level 1:colcon.colcon_core.package_identification:_identify(src/interbotix_ros_toolboxes/interbotix_common_toolbox/interbotix_tf_tools) by extensions ['colcon_meta']
[0.514s] Level 1:colcon.colcon_core.package_identification:_identify(src/interbotix_ros_toolboxes/interbotix_common_toolbox/interbotix_tf_tools) by extension 'colcon_meta'
[0.514s] Level 1:colcon.colcon_core.package_identification:_identify(src/interbotix_ros_toolboxes/interbotix_common_toolbox/interbotix_tf_tools) by extensions ['ros']
[0.514s] Level 1:colcon.colcon_core.package_identification:_identify(src/interbotix_ros_toolboxes/interbotix_common_toolbox/interbotix_tf_tools) by extension 'ros'
[0.514s] DEBUG:colcon.colcon_core.package_identification:Package 'src/interbotix_ros_toolboxes/interbotix_common_toolbox/interbotix_tf_tools' with type 'ros.ament_cmake' and name 'interbotix_tf_tools'
[0.514s] Level 1:colcon.colcon_core.package_identification:_identify(src/interbotix_ros_toolboxes/interbotix_io_toolbox) by extensions ['ignore', 'ignore_ament_install']
[0.514s] Level 1:colcon.colcon_core.package_identification:_identify(src/interbotix_ros_toolboxes/interbotix_io_toolbox) by extension 'ignore'
[0.514s] Level 1:colcon.colcon_core.package_identification:_identify(src/interbotix_ros_toolboxes/interbotix_io_toolbox) ignored
[0.514s] Level 1:colcon.colcon_core.package_identification:_identify(src/interbotix_ros_toolboxes/interbotix_perception_toolbox) by extensions ['ignore', 'ignore_ament_install']
[0.514s] Level 1:colcon.colcon_core.package_identification:_identify(src/interbotix_ros_toolboxes/interbotix_perception_toolbox) by extension 'ignore'
[0.514s] Level 1:colcon.colcon_core.package_identification:_identify(src/interbotix_ros_toolboxes/interbotix_perception_toolbox) ignored
[0.514s] Level 1:colcon.colcon_core.package_identification:_identify(src/interbotix_ros_toolboxes/interbotix_rpi_toolbox) by extensions ['ignore', 'ignore_ament_install']
[0.515s] Level 1:colcon.colcon_core.package_identification:_identify(src/interbotix_ros_toolboxes/interbotix_rpi_toolbox) by extension 'ignore'
[0.515s] Level 1:colcon.colcon_core.package_identification:_identify(src/interbotix_ros_toolboxes/interbotix_rpi_toolbox) ignored
[0.515s] Level 1:colcon.colcon_core.package_identification:_identify(src/interbotix_ros_toolboxes/interbotix_xs_toolbox) by extensions ['ignore', 'ignore_ament_install']
[0.515s] Level 1:colcon.colcon_core.package_identification:_identify(src/interbotix_ros_toolboxes/interbotix_xs_toolbox) by extension 'ignore'
[0.515s] Level 1:colcon.colcon_core.package_identification:_identify(src/interbotix_ros_toolboxes/interbotix_xs_toolbox) by extension 'ignore_ament_install'
[0.515s] Level 1:colcon.colcon_core.package_identification:_identify(src/interbotix_ros_toolboxes/interbotix_xs_toolbox) by extensions ['colcon_pkg']
[0.515s] Level 1:colcon.colcon_core.package_identification:_identify(src/interbotix_ros_toolboxes/interbotix_xs_toolbox) by extension 'colcon_pkg'
[0.515s] Level 1:colcon.colcon_core.package_identification:_identify(src/interbotix_ros_toolboxes/interbotix_xs_toolbox) by extensions ['colcon_meta']
[0.515s] Level 1:colcon.colcon_core.package_identification:_identify(src/interbotix_ros_toolboxes/interbotix_xs_toolbox) by extension 'colcon_meta'
[0.515s] Level 1:colcon.colcon_core.package_identification:_identify(src/interbotix_ros_toolboxes/interbotix_xs_toolbox) by extensions ['ros']
[0.515s] Level 1:colcon.colcon_core.package_identification:_identify(src/interbotix_ros_toolboxes/interbotix_xs_toolbox) by extension 'ros'
[0.515s] Level 1:colcon.colcon_core.package_identification:_identify(src/interbotix_ros_toolboxes/interbotix_xs_toolbox) by extensions ['cmake', 'python']
[0.515s] Level 1:colcon.colcon_core.package_identification:_identify(src/interbotix_ros_toolboxes/interbotix_xs_toolbox) by extension 'cmake'
[0.515s] Level 1:colcon.colcon_core.package_identification:_identify(src/interbotix_ros_toolboxes/interbotix_xs_toolbox) by extension 'python'
[0.515s] Level 1:colcon.colcon_core.package_identification:_identify(src/interbotix_ros_toolboxes/interbotix_xs_toolbox) by extensions ['python_setup_py']
[0.515s] Level 1:colcon.colcon_core.package_identification:_identify(src/interbotix_ros_toolboxes/interbotix_xs_toolbox) by extension 'python_setup_py'
[0.515s] Level 1:colcon.colcon_core.package_identification:_identify(src/interbotix_ros_toolboxes/interbotix_xs_toolbox/interbotix_xs_modules) by extensions ['ignore', 'ignore_ament_install']
[0.515s] Level 1:colcon.colcon_core.package_identification:_identify(src/interbotix_ros_toolboxes/interbotix_xs_toolbox/interbotix_xs_modules) by extension 'ignore'
[0.515s] Level 1:colcon.colcon_core.package_identification:_identify(src/interbotix_ros_toolboxes/interbotix_xs_toolbox/interbotix_xs_modules) by extension 'ignore_ament_install'
[0.515s] Level 1:colcon.colcon_core.package_identification:_identify(src/interbotix_ros_toolboxes/interbotix_xs_toolbox/interbotix_xs_modules) by extensions ['colcon_pkg']
[0.515s] Level 1:colcon.colcon_core.package_identification:_identify(src/interbotix_ros_toolboxes/interbotix_xs_toolbox/interbotix_xs_modules) by extension 'colcon_pkg'
[0.515s] Level 1:colcon.colcon_core.package_identification:_identify(src/interbotix_ros_toolboxes/interbotix_xs_toolbox/interbotix_xs_modules) by extensions ['colcon_meta']
[0.515s] Level 1:colcon.colcon_core.package_identification:_identify(src/interbotix_ros_toolboxes/interbotix_xs_toolbox/interbotix_xs_modules) by extension 'colcon_meta'
[0.515s] Level 1:colcon.colcon_core.package_identification:_identify(src/interbotix_ros_toolboxes/interbotix_xs_toolbox/interbotix_xs_modules) by extensions ['ros']
[0.515s] Level 1:colcon.colcon_core.package_identification:_identify(src/interbotix_ros_toolboxes/interbotix_xs_toolbox/interbotix_xs_modules) by extension 'ros'
[0.515s] DEBUG:colcon.colcon_core.package_identification:Package 'src/interbotix_ros_toolboxes/interbotix_xs_toolbox/interbotix_xs_modules' with type 'ros.ament_python' and name 'interbotix_xs_modules'
[0.515s] Level 1:colcon.colcon_core.package_identification:_identify(src/interbotix_ros_toolboxes/interbotix_xs_toolbox/interbotix_xs_ros_control) by extensions ['ignore', 'ignore_ament_install']
[0.515s] Level 1:colcon.colcon_core.package_identification:_identify(src/interbotix_ros_toolboxes/interbotix_xs_toolbox/interbotix_xs_ros_control) by extension 'ignore'
[0.516s] Level 1:colcon.colcon_core.package_identification:_identify(src/interbotix_ros_toolboxes/interbotix_xs_toolbox/interbotix_xs_ros_control) by extension 'ignore_ament_install'
[0.516s] Level 1:colcon.colcon_core.package_identification:_identify(src/interbotix_ros_toolboxes/interbotix_xs_toolbox/interbotix_xs_ros_control) by extensions ['colcon_pkg']
[0.516s] Level 1:colcon.colcon_core.package_identification:_identify(src/interbotix_ros_toolboxes/interbotix_xs_toolbox/interbotix_xs_ros_control) by extension 'colcon_pkg'
[0.516s] Level 1:colcon.colcon_core.package_identification:_identify(src/interbotix_ros_toolboxes/interbotix_xs_toolbox/interbotix_xs_ros_control) by extensions ['colcon_meta']
[0.516s] Level 1:colcon.colcon_core.package_identification:_identify(src/interbotix_ros_toolboxes/interbotix_xs_toolbox/interbotix_xs_ros_control) by extension 'colcon_meta'
[0.516s] Level 1:colcon.colcon_core.package_identification:_identify(src/interbotix_ros_toolboxes/interbotix_xs_toolbox/interbotix_xs_ros_control) by extensions ['ros']
[0.516s] Level 1:colcon.colcon_core.package_identification:_identify(src/interbotix_ros_toolboxes/interbotix_xs_toolbox/interbotix_xs_ros_control) by extension 'ros'
[0.516s] DEBUG:colcon.colcon_core.package_identification:Package 'src/interbotix_ros_toolboxes/interbotix_xs_toolbox/interbotix_xs_ros_control' with type 'ros.ament_cmake' and name 'interbotix_xs_ros_control'
[0.516s] Level 1:colcon.colcon_core.package_identification:_identify(src/interbotix_ros_toolboxes/interbotix_xs_toolbox/interbotix_xs_rviz) by extensions ['ignore', 'ignore_ament_install']
[0.516s] Level 1:colcon.colcon_core.package_identification:_identify(src/interbotix_ros_toolboxes/interbotix_xs_toolbox/interbotix_xs_rviz) by extension 'ignore'
[0.516s] Level 1:colcon.colcon_core.package_identification:_identify(src/interbotix_ros_toolboxes/interbotix_xs_toolbox/interbotix_xs_rviz) by extension 'ignore_ament_install'
[0.516s] Level 1:colcon.colcon_core.package_identification:_identify(src/interbotix_ros_toolboxes/interbotix_xs_toolbox/interbotix_xs_rviz) by extensions ['colcon_pkg']
[0.516s] Level 1:colcon.colcon_core.package_identification:_identify(src/interbotix_ros_toolboxes/interbotix_xs_toolbox/interbotix_xs_rviz) by extension 'colcon_pkg'
[0.516s] Level 1:colcon.colcon_core.package_identification:_identify(src/interbotix_ros_toolboxes/interbotix_xs_toolbox/interbotix_xs_rviz) by extensions ['colcon_meta']
[0.516s] Level 1:colcon.colcon_core.package_identification:_identify(src/interbotix_ros_toolboxes/interbotix_xs_toolbox/interbotix_xs_rviz) by extension 'colcon_meta'
[0.516s] Level 1:colcon.colcon_core.package_identification:_identify(src/interbotix_ros_toolboxes/interbotix_xs_toolbox/interbotix_xs_rviz) by extensions ['ros']
[0.516s] Level 1:colcon.colcon_core.package_identification:_identify(src/interbotix_ros_toolboxes/interbotix_xs_toolbox/interbotix_xs_rviz) by extension 'ros'
[0.517s] DEBUG:colcon.colcon_core.package_identification:Package 'src/interbotix_ros_toolboxes/interbotix_xs_toolbox/interbotix_xs_rviz' with type 'ros.ament_cmake' and name 'interbotix_xs_rviz'
[0.517s] Level 1:colcon.colcon_core.package_identification:_identify(src/interbotix_ros_toolboxes/interbotix_xs_toolbox/interbotix_xs_toolbox) by extensions ['ignore', 'ignore_ament_install']
[0.517s] Level 1:colcon.colcon_core.package_identification:_identify(src/interbotix_ros_toolboxes/interbotix_xs_toolbox/interbotix_xs_toolbox) by extension 'ignore'
[0.517s] Level 1:colcon.colcon_core.package_identification:_identify(src/interbotix_ros_toolboxes/interbotix_xs_toolbox/interbotix_xs_toolbox) by extension 'ignore_ament_install'
[0.517s] Level 1:colcon.colcon_core.package_identification:_identify(src/interbotix_ros_toolboxes/interbotix_xs_toolbox/interbotix_xs_toolbox) by extensions ['colcon_pkg']
[0.517s] Level 1:colcon.colcon_core.package_identification:_identify(src/interbotix_ros_toolboxes/interbotix_xs_toolbox/interbotix_xs_toolbox) by extension 'colcon_pkg'
[0.517s] Level 1:colcon.colcon_core.package_identification:_identify(src/interbotix_ros_toolboxes/interbotix_xs_toolbox/interbotix_xs_toolbox) by extensions ['colcon_meta']
[0.517s] Level 1:colcon.colcon_core.package_identification:_identify(src/interbotix_ros_toolboxes/interbotix_xs_toolbox/interbotix_xs_toolbox) by extension 'colcon_meta'
[0.517s] Level 1:colcon.colcon_core.package_identification:_identify(src/interbotix_ros_toolboxes/interbotix_xs_toolbox/interbotix_xs_toolbox) by extensions ['ros']
[0.517s] Level 1:colcon.colcon_core.package_identification:_identify(src/interbotix_ros_toolboxes/interbotix_xs_toolbox/interbotix_xs_toolbox) by extension 'ros'
[0.517s] DEBUG:colcon.colcon_core.package_identification:Package 'src/interbotix_ros_toolboxes/interbotix_xs_toolbox/interbotix_xs_toolbox' with type 'ros.ament_cmake' and name 'interbotix_xs_toolbox'
[0.517s] Level 1:colcon.colcon_core.package_identification:_identify(src/interbotix_ros_toolboxes/third_party_libraries) by extensions ['ignore', 'ignore_ament_install']
[0.517s] Level 1:colcon.colcon_core.package_identification:_identify(src/interbotix_ros_toolboxes/third_party_libraries) by extension 'ignore'
[0.517s] Level 1:colcon.colcon_core.package_identification:_identify(src/interbotix_ros_toolboxes/third_party_libraries) by extension 'ignore_ament_install'
[0.517s] Level 1:colcon.colcon_core.package_identification:_identify(src/interbotix_ros_toolboxes/third_party_libraries) by extensions ['colcon_pkg']
[0.517s] Level 1:colcon.colcon_core.package_identification:_identify(src/interbotix_ros_toolboxes/third_party_libraries) by extension 'colcon_pkg'
[0.517s] Level 1:colcon.colcon_core.package_identification:_identify(src/interbotix_ros_toolboxes/third_party_libraries) by extensions ['colcon_meta']
[0.517s] Level 1:colcon.colcon_core.package_identification:_identify(src/interbotix_ros_toolboxes/third_party_libraries) by extension 'colcon_meta'
[0.518s] Level 1:colcon.colcon_core.package_identification:_identify(src/interbotix_ros_toolboxes/third_party_libraries) by extensions ['ros']
[0.518s] Level 1:colcon.colcon_core.package_identification:_identify(src/interbotix_ros_toolboxes/third_party_libraries) by extension 'ros'
[0.518s] Level 1:colcon.colcon_core.package_identification:_identify(src/interbotix_ros_toolboxes/third_party_libraries) by extensions ['cmake', 'python']
[0.518s] Level 1:colcon.colcon_core.package_identification:_identify(src/interbotix_ros_toolboxes/third_party_libraries) by extension 'cmake'
[0.518s] Level 1:colcon.colcon_core.package_identification:_identify(src/interbotix_ros_toolboxes/third_party_libraries) by extension 'python'
[0.518s] Level 1:colcon.colcon_core.package_identification:_identify(src/interbotix_ros_toolboxes/third_party_libraries) by extensions ['python_setup_py']
[0.518s] Level 1:colcon.colcon_core.package_identification:_identify(src/interbotix_ros_toolboxes/third_party_libraries) by extension 'python_setup_py'
[0.518s] Level 1:colcon.colcon_core.package_identification:_identify(src/interbotix_ros_toolboxes/third_party_libraries/ModernRobotics) by extensions ['ignore', 'ignore_ament_install']
[0.518s] Level 1:colcon.colcon_core.package_identification:_identify(src/interbotix_ros_toolboxes/third_party_libraries/ModernRobotics) by extension 'ignore'
[0.518s] Level 1:colcon.colcon_core.package_identification:_identify(src/interbotix_ros_toolboxes/third_party_libraries/ModernRobotics) by extension 'ignore_ament_install'
[0.518s] Level 1:colcon.colcon_core.package_identification:_identify(src/interbotix_ros_toolboxes/third_party_libraries/ModernRobotics) by extensions ['colcon_pkg']
[0.518s] Level 1:colcon.colcon_core.package_identification:_identify(src/interbotix_ros_toolboxes/third_party_libraries/ModernRobotics) by extension 'colcon_pkg'
[0.518s] Level 1:colcon.colcon_core.package_identification:_identify(src/interbotix_ros_toolboxes/third_party_libraries/ModernRobotics) by extensions ['colcon_meta']
[0.518s] Level 1:colcon.colcon_core.package_identification:_identify(src/interbotix_ros_toolboxes/third_party_libraries/ModernRobotics) by extension 'colcon_meta'
[0.518s] Level 1:colcon.colcon_core.package_identification:_identify(src/interbotix_ros_toolboxes/third_party_libraries/ModernRobotics) by extensions ['ros']
[0.518s] Level 1:colcon.colcon_core.package_identification:_identify(src/interbotix_ros_toolboxes/third_party_libraries/ModernRobotics) by extension 'ros'
[0.518s] Level 1:colcon.colcon_core.package_identification:_identify(src/interbotix_ros_toolboxes/third_party_libraries/ModernRobotics) by extensions ['cmake', 'python']
[0.518s] Level 1:colcon.colcon_core.package_identification:_identify(src/interbotix_ros_toolboxes/third_party_libraries/ModernRobotics) by extension 'cmake'
[0.518s] Level 1:colcon.colcon_core.package_identification:_identify(src/interbotix_ros_toolboxes/third_party_libraries/ModernRobotics) by extension 'python'
[0.518s] Level 1:colcon.colcon_core.package_identification:_identify(src/interbotix_ros_toolboxes/third_party_libraries/ModernRobotics) by extensions ['python_setup_py']
[0.518s] Level 1:colcon.colcon_core.package_identification:_identify(src/interbotix_ros_toolboxes/third_party_libraries/ModernRobotics) by extension 'python_setup_py'
[0.518s] Level 1:colcon.colcon_core.package_identification:_identify(src/interbotix_xs_driver) by extensions ['ignore', 'ignore_ament_install']
[0.518s] Level 1:colcon.colcon_core.package_identification:_identify(src/interbotix_xs_driver) by extension 'ignore'
[0.518s] Level 1:colcon.colcon_core.package_identification:_identify(src/interbotix_xs_driver) by extension 'ignore_ament_install'
[0.518s] Level 1:colcon.colcon_core.package_identification:_identify(src/interbotix_xs_driver) by extensions ['colcon_pkg']
[0.518s] Level 1:colcon.colcon_core.package_identification:_identify(src/interbotix_xs_driver) by extension 'colcon_pkg'
[0.518s] Level 1:colcon.colcon_core.package_identification:_identify(src/interbotix_xs_driver) by extensions ['colcon_meta']
[0.518s] Level 1:colcon.colcon_core.package_identification:_identify(src/interbotix_xs_driver) by extension 'colcon_meta'
[0.518s] Level 1:colcon.colcon_core.package_identification:_identify(src/interbotix_xs_driver) by extensions ['ros']
[0.518s] Level 1:colcon.colcon_core.package_identification:_identify(src/interbotix_xs_driver) by extension 'ros'
[0.518s] DEBUG:colcon.colcon_core.package_identification:Package 'src/interbotix_xs_driver' with type 'ros.ament_cmake' and name 'interbotix_xs_driver'
[0.518s] Level 1:colcon.colcon_core.package_discovery:discover_packages(recursive) using defaults
[0.519s] Level 1:colcon.colcon_core.package_discovery:discover_packages(ignore) discover
[0.519s] Level 1:colcon.colcon_core.package_discovery:discover_packages(ignore) using defaults
[0.519s] Level 1:colcon.colcon_core.package_discovery:discover_packages(path) discover
[0.519s] Level 1:colcon.colcon_core.package_discovery:discover_packages(path) using defaults
[0.534s] INFO:colcon.colcon_core.package_selection:Skipping not selected package 'interbotix_common_modules' in 'src/interbotix_ros_toolboxes/interbotix_common_toolbox/interbotix_common_modules'
[0.535s] INFO:colcon.colcon_core.package_selection:Skipping not selected package 'interbotix_common_sim' in 'src/interbotix_ros_toolboxes/interbotix_common_toolbox/interbotix_common_sim'
[0.535s] INFO:colcon.colcon_core.package_selection:Skipping not selected package 'interbotix_moveit_interface_msgs' in 'src/interbotix_ros_toolboxes/interbotix_common_toolbox/interbotix_moveit_interface_msgs'
[0.535s] INFO:colcon.colcon_core.package_selection:Skipping not selected package 'interbotix_tf_tools' in 'src/interbotix_ros_toolboxes/interbotix_common_toolbox/interbotix_tf_tools'
[0.535s] INFO:colcon.colcon_core.package_selection:Skipping not selected package 'interbotix_xs_driver' in 'src/interbotix_xs_driver'
[0.535s] INFO:colcon.colcon_core.package_selection:Skipping not selected package 'interbotix_xs_msgs' in 'src/interbotix_ros_core/interbotix_ros_xseries/interbotix_xs_msgs'
[0.535s] INFO:colcon.colcon_core.package_selection:Skipping not selected package 'modern_robotics' in 'src/ModernRobotics/packages/Python'
[0.535s] INFO:colcon.colcon_core.package_selection:Skipping not selected package 'interbotix_common_toolbox' in 'src/interbotix_ros_toolboxes/interbotix_common_toolbox/interbotix_common_toolbox'
[0.535s] INFO:colcon.colcon_core.package_selection:Skipping not selected package 'interbotix_moveit_interface' in 'src/interbotix_ros_toolboxes/interbotix_common_toolbox/interbotix_moveit_interface'
[0.535s] INFO:colcon.colcon_core.package_selection:Skipping not selected package 'interbotix_xs_ros_control' in 'src/interbotix_ros_toolboxes/interbotix_xs_toolbox/interbotix_xs_ros_control'
[0.535s] INFO:colcon.colcon_core.package_selection:Skipping not selected package 'interbotix_xs_sdk' in 'src/interbotix_ros_core/interbotix_ros_xseries/interbotix_xs_sdk'
[0.535s] INFO:colcon.colcon_core.package_selection:Skipping not selected package 'interbotix_ros_xseries' in 'src/interbotix_ros_core/interbotix_ros_xseries/interbotix_ros_xseries'
[0.535s] INFO:colcon.colcon_core.package_selection:Skipping not selected package 'interbotix_xs_modules' in 'src/interbotix_ros_toolboxes/interbotix_xs_toolbox/interbotix_xs_modules'
[0.535s] INFO:colcon.colcon_core.package_selection:Skipping not selected package 'interbotix_xs_rviz' in 'src/interbotix_ros_toolboxes/interbotix_xs_toolbox/interbotix_xs_rviz'
[0.535s] INFO:colcon.colcon_core.package_selection:Skipping not selected package 'interbotix_xs_toolbox' in 'src/interbotix_ros_toolboxes/interbotix_xs_toolbox/interbotix_xs_toolbox'
[0.535s] INFO:colcon.colcon_core.package_selection:Skipping not selected package 'interbotix_xsarm_descriptions' in 'src/interbotix_ros_manipulators/interbotix_ros_xsarms/interbotix_xsarm_descriptions'
[0.535s] INFO:colcon.colcon_core.package_selection:Skipping not selected package 'interbotix_xsarm_control' in 'src/interbotix_ros_manipulators/interbotix_ros_xsarms/interbotix_xsarm_control'
[0.535s] INFO:colcon.colcon_core.package_selection:Skipping not selected package 'interbotix_xsarm_sim' in 'src/interbotix_ros_manipulators/interbotix_ros_xsarms/interbotix_xsarm_sim'
[0.535s] INFO:colcon.colcon_core.package_selection:Skipping not selected package 'interbotix_xsarm_dual' in 'src/interbotix_ros_manipulators/interbotix_ros_xsarms/examples/interbotix_xsarm_dual'
[0.535s] INFO:colcon.colcon_core.package_selection:Skipping not selected package 'interbotix_xsarm_joy' in 'src/interbotix_ros_manipulators/interbotix_ros_xsarms/examples/interbotix_xsarm_joy'
[0.535s] INFO:colcon.colcon_core.package_selection:Skipping not selected package 'interbotix_xsarm_puppet' in 'src/interbotix_ros_manipulators/interbotix_ros_xsarms/examples/interbotix_xsarm_puppet'
[0.535s] INFO:colcon.colcon_core.package_selection:Skipping not selected package 'interbotix_xsarm_ros_control' in 'src/interbotix_ros_manipulators/interbotix_ros_xsarms/interbotix_xsarm_ros_control'
[0.535s] INFO:colcon.colcon_core.package_selection:Skipping not selected package 'interbotix_xsarm_moveit' in 'src/interbotix_ros_manipulators/interbotix_ros_xsarms/interbotix_xsarm_moveit'
[0.535s] INFO:colcon.colcon_core.package_selection:Skipping not selected package 'interbotix_ros_xsarms' in 'src/interbotix_ros_manipulators/interbotix_ros_xsarms/interbotix_ros_xsarms'
[0.535s] INFO:colcon.colcon_core.package_selection:Skipping not selected package 'interbotix_xsarm_moveit_interface' in 'src/interbotix_ros_manipulators/interbotix_ros_xsarms/examples/interbotix_xsarm_moveit_interface'
[0.535s] INFO:colcon.colcon_core.package_selection:Skipping not selected package 'interbotix_ros_xsarms_examples' in 'src/interbotix_ros_manipulators/interbotix_ros_xsarms/examples/interbotix_ros_xsarms_examples'
[0.535s] Level 1:colcon.colcon_core.package_discovery:discover_packages(prefix_path) check parameters
[0.535s] Level 1:colcon.colcon_core.package_discovery:discover_packages(prefix_path) discover
[0.536s] DEBUG:colcon.colcon_installed_package_information.package_discovery:Found 27 installed packages in /home/derek-dietz/MSAI/ComputerVision/Final_Project/ws/interbotix/install
[0.537s] DEBUG:colcon.colcon_installed_package_information.package_discovery:Found 436 installed packages in /opt/ros/kilted
[0.538s] Level 1:colcon.colcon_core.package_discovery:discover_packages(prefix_path) using defaults
[0.577s] Level 5:colcon.colcon_core.verb:set package 'arm' build argument 'cmake_args' from command line to 'None'
[0.577s] Level 5:colcon.colcon_core.verb:set package 'arm' build argument 'cmake_target' from command line to 'None'
[0.577s] Level 5:colcon.colcon_core.verb:set package 'arm' build argument 'cmake_target_skip_unavailable' from command line to 'False'
[0.577s] Level 5:colcon.colcon_core.verb:set package 'arm' build argument 'cmake_clean_cache' from command line to 'False'
[0.577s] Level 5:colcon.colcon_core.verb:set package 'arm' build argument 'cmake_clean_first' from command line to 'False'
[0.577s] Level 5:colcon.colcon_core.verb:set package 'arm' build argument 'cmake_force_configure' from command line to 'False'
[0.577s] Level 5:colcon.colcon_core.verb:set package 'arm' build argument 'ament_cmake_args' from command line to 'None'
[0.577s] Level 5:colcon.colcon_core.verb:set package 'arm' build argument 'catkin_cmake_args' from command line to 'None'
[0.577s] Level 5:colcon.colcon_core.verb:set package 'arm' build argument 'catkin_skip_building_tests' from command line to 'False'
[0.577s] DEBUG:colcon.colcon_core.verb:Building package 'arm' with the following arguments: {'ament_cmake_args': None, 'build_base': '/home/derek-dietz/MSAI/ComputerVision/Final_Project/ws/interbotix/build/arm', 'catkin_cmake_args': None, 'catkin_skip_building_tests': False, 'cmake_args': None, 'cmake_clean_cache': False, 'cmake_clean_first': False, 'cmake_force_configure': False, 'cmake_target': None, 'cmake_target_skip_unavailable': False, 'install_base': '/home/derek-dietz/MSAI/ComputerVision/Final_Project/ws/interbotix/install', 'merge_install': True, 'path': '/home/derek-dietz/MSAI/ComputerVision/Final_Project/ws/interbotix/src/arm', 'symlink_install': False, 'test_result_base': None}
[0.577s] INFO:colcon.colcon_core.executor:Executing jobs using 'parallel' executor
[0.578s] DEBUG:colcon.colcon_parallel_executor.executor.parallel:run_until_complete
[0.578s] INFO:colcon.colcon_core.task.python.build:Building Python package in '/home/derek-dietz/MSAI/ComputerVision/Final_Project/ws/interbotix/src/arm'
[0.580s] INFO:colcon.colcon_core.plugin_system:Skipping extension 'colcon_core.shell.bat': Not used on non-Windows systems
[0.580s] INFO:colcon.colcon_core.shell:Skip shell extension 'powershell' for command environment: Not usable outside of PowerShell
[0.580s] DEBUG:colcon.colcon_core.shell:Skip shell extension 'dsv' for command environment
[1.223s] DEBUG:colcon.colcon_core.event_handler.log_command:Invoking command in '/home/derek-dietz/MSAI/ComputerVision/Final_Project/ws/interbotix/src/arm': DEBUGINFOD_URLS=https://debuginfod.ubuntu.com PYTHONPATH=/home/derek-dietz/MSAI/ComputerVision/Final_Project/ws/interbotix/build/arm/prefix_override:/usr/lib/python3/dist-packages/colcon_core/task/python/colcon_distutils_commands:/home/derek-dietz/MSAI/ComputerVision/Final_Project/ws/interbotix/install/lib/python3.12/site-packages:${PYTHONPATH} /usr/bin/python3 -W ignore:setup.py install is deprecated -W ignore:easy_install command is deprecated setup.py egg_info --egg-base ../ws/interbotix/build/arm build --build-base /home/derek-dietz/MSAI/ComputerVision/Final_Project/ws/interbotix/build/arm/build install --record /home/derek-dietz/MSAI/ComputerVision/Final_Project/ws/interbotix/build/arm/install.log --single-version-externally-managed install_data
[1.669s] DEBUG:colcon.colcon_core.event_handler.log_command:Invoked command in '/home/derek-dietz/MSAI/ComputerVision/Final_Project/ws/interbotix/src/arm' returned '0': DEBUGINFOD_URLS=https://debuginfod.ubuntu.com PYTHONPATH=/home/derek-dietz/MSAI/ComputerVision/Final_Project/ws/interbotix/build/arm/prefix_override:/usr/lib/python3/dist-packages/colcon_core/task/python/colcon_distutils_commands:/home/derek-dietz/MSAI/ComputerVision/Final_Project/ws/interbotix/install/lib/python3.12/site-packages:${PYTHONPATH} /usr/bin/python3 -W ignore:setup.py install is deprecated -W ignore:easy_install command is deprecated setup.py egg_info --egg-base ../ws/interbotix/build/arm build --build-base /home/derek-dietz/MSAI/ComputerVision/Final_Project/ws/interbotix/build/arm/build install --record /home/derek-dietz/MSAI/ComputerVision/Final_Project/ws/interbotix/build/arm/install.log --single-version-externally-managed install_data
[1.672s] Level 1:colcon.colcon_core.environment:checking '/home/derek-dietz/MSAI/ComputerVision/Final_Project/ws/interbotix/install' for CMake module files
[1.672s] Level 1:colcon.colcon_core.environment:checking '/home/derek-dietz/MSAI/ComputerVision/Final_Project/ws/interbotix/install' for CMake config files
[1.673s] Level 1:colcon.colcon_core.shell:create_environment_hook('arm', 'cmake_prefix_path')
[1.673s] INFO:colcon.colcon_core.shell:Creating environment hook '/home/derek-dietz/MSAI/ComputerVision/Final_Project/ws/interbotix/install/share/arm/hook/cmake_prefix_path.ps1'
[1.674s] INFO:colcon.colcon_core.shell:Creating environment descriptor '/home/derek-dietz/MSAI/ComputerVision/Final_Project/ws/interbotix/install/share/arm/hook/cmake_prefix_path.dsv'
[1.675s] INFO:colcon.colcon_core.shell:Creating environment hook '/home/derek-dietz/MSAI/ComputerVision/Final_Project/ws/interbotix/install/share/arm/hook/cmake_prefix_path.sh'
[1.676s] Level 1:colcon.colcon_core.environment:checking '/home/derek-dietz/MSAI/ComputerVision/Final_Project/ws/interbotix/install/lib'
[1.676s] Level 1:colcon.colcon_core.shell:create_environment_hook('arm', 'ld_library_path_lib')
[1.676s] INFO:colcon.colcon_core.shell:Creating environment hook '/home/derek-dietz/MSAI/ComputerVision/Final_Project/ws/interbotix/install/share/arm/hook/ld_library_path_lib.ps1'
[1.677s] INFO:colcon.colcon_core.shell:Creating environment descriptor '/home/derek-dietz/MSAI/ComputerVision/Final_Project/ws/interbotix/install/share/arm/hook/ld_library_path_lib.dsv'
[1.677s] INFO:colcon.colcon_core.shell:Creating environment hook '/home/derek-dietz/MSAI/ComputerVision/Final_Project/ws/interbotix/install/share/arm/hook/ld_library_path_lib.sh'
[1.677s] Level 1:colcon.colcon_core.environment:checking '/home/derek-dietz/MSAI/ComputerVision/Final_Project/ws/interbotix/install/bin'
[1.677s] Level 1:colcon.colcon_core.environment:checking '/home/derek-dietz/MSAI/ComputerVision/Final_Project/ws/interbotix/install/lib/pkgconfig/arm.pc'
[1.678s] Level 1:colcon.colcon_core.environment:checking '/home/derek-dietz/MSAI/ComputerVision/Final_Project/ws/interbotix/install/lib/python3.12/site-packages'
[1.678s] Level 1:colcon.colcon_core.shell:create_environment_hook('arm', 'pythonpath')
[1.678s] INFO:colcon.colcon_core.shell:Creating environment hook '/home/derek-dietz/MSAI/ComputerVision/Final_Project/ws/interbotix/install/share/arm/hook/pythonpath.ps1'
[1.678s] INFO:colcon.colcon_core.shell:Creating environment descriptor '/home/derek-dietz/MSAI/ComputerVision/Final_Project/ws/interbotix/install/share/arm/hook/pythonpath.dsv'
[1.679s] INFO:colcon.colcon_core.shell:Creating environment hook '/home/derek-dietz/MSAI/ComputerVision/Final_Project/ws/interbotix/install/share/arm/hook/pythonpath.sh'
[1.680s] Level 1:colcon.colcon_core.environment:checking '/home/derek-dietz/MSAI/ComputerVision/Final_Project/ws/interbotix/install/bin'
[1.680s] Level 1:colcon.colcon_core.environment:create_environment_scripts_only(arm)
[1.680s] INFO:colcon.colcon_core.shell:Creating package script '/home/derek-dietz/MSAI/ComputerVision/Final_Project/ws/interbotix/install/share/arm/package.ps1'
[1.681s] INFO:colcon.colcon_core.shell:Creating package descriptor '/home/derek-dietz/MSAI/ComputerVision/Final_Project/ws/interbotix/install/share/arm/package.dsv'
[1.682s] INFO:colcon.colcon_core.shell:Creating package script '/home/derek-dietz/MSAI/ComputerVision/Final_Project/ws/interbotix/install/share/arm/package.sh'
[1.683s] INFO:colcon.colcon_core.shell:Creating package script '/home/derek-dietz/MSAI/ComputerVision/Final_Project/ws/interbotix/install/share/arm/package.bash'
[1.683s] INFO:colcon.colcon_core.shell:Creating package script '/home/derek-dietz/MSAI/ComputerVision/Final_Project/ws/interbotix/install/share/arm/package.zsh'
[1.684s] Level 1:colcon.colcon_core.environment:create_file_with_runtime_dependencies(/home/derek-dietz/MSAI/ComputerVision/Final_Project/ws/interbotix/install/share/colcon-core/packages/arm)
[1.684s] DEBUG:colcon.colcon_parallel_executor.executor.parallel:closing loop
[1.684s] DEBUG:colcon.colcon_parallel_executor.executor.parallel:loop closed
[1.684s] DEBUG:colcon.colcon_parallel_executor.executor.parallel:run_until_complete finished with '0'
[1.685s] DEBUG:colcon.colcon_core.event_reactor:joining thread
[1.691s] INFO:colcon.colcon_core.plugin_system:Skipping extension 'colcon_notification.desktop_notification.terminal_notifier': Not used on non-Darwin systems
[1.691s] INFO:colcon.colcon_core.plugin_system:Skipping extension 'colcon_notification.desktop_notification.win32': Not used on non-Windows systems
[1.691s] INFO:colcon.colcon_notification.desktop_notification:Sending desktop notification using 'notify2'
[1.719s] DEBUG:colcon.colcon_core.event_reactor:joined thread
[1.719s] INFO:colcon.colcon_core.shell:Creating prefix script '/home/derek-dietz/MSAI/ComputerVision/Final_Project/ws/interbotix/install/local_setup.ps1'
[1.720s] INFO:colcon.colcon_core.shell:Creating prefix util module '/home/derek-dietz/MSAI/ComputerVision/Final_Project/ws/interbotix/install/_local_setup_util_ps1.py'
[1.721s] INFO:colcon.colcon_core.shell:Creating prefix chain script '/home/derek-dietz/MSAI/ComputerVision/Final_Project/ws/interbotix/install/setup.ps1'
[1.722s] INFO:colcon.colcon_core.shell:Creating prefix script '/home/derek-dietz/MSAI/ComputerVision/Final_Project/ws/interbotix/install/local_setup.sh'
[1.723s] INFO:colcon.colcon_core.shell:Creating prefix util module '/home/derek-dietz/MSAI/ComputerVision/Final_Project/ws/interbotix/install/_local_setup_util_sh.py'
[1.723s] INFO:colcon.colcon_core.shell:Creating prefix chain script '/home/derek-dietz/MSAI/ComputerVision/Final_Project/ws/interbotix/install/setup.sh'
[1.724s] INFO:colcon.colcon_core.shell:Creating prefix script '/home/derek-dietz/MSAI/ComputerVision/Final_Project/ws/interbotix/install/local_setup.bash'
[1.725s] INFO:colcon.colcon_core.shell:Creating prefix chain script '/home/derek-dietz/MSAI/ComputerVision/Final_Project/ws/interbotix/install/setup.bash'
[1.726s] INFO:colcon.colcon_core.shell:Creating prefix script '/home/derek-dietz/MSAI/ComputerVision/Final_Project/ws/interbotix/install/local_setup.zsh'
[1.726s] INFO:colcon.colcon_core.shell:Creating prefix chain script '/home/derek-dietz/MSAI/ComputerVision/Final_Project/ws/interbotix/install/setup.zsh'
