[0.095s] DEBUG:colcon:Command line arguments: ['/usr/bin/colcon', 'build', '--merge-install']
[0.095s] DEBUG:colcon:Parsed command line arguments: Namespace(log_base=None, log_level=None, verb_name='build', build_base='build', install_base='install', merge_install=True, symlink_install=False, test_result_base=None, continue_on_error=False, executor='parallel', parallel_workers=22, event_handlers=None, ignore_user_meta=False, metas=['./colcon.meta'], base_paths=['.'], packages_ignore=None, packages_ignore_regex=None, paths=None, packages_up_to=None, packages_up_to_regex=None, packages_above=None, packages_above_and_dependencies=None, packages_above_depth=None, packages_select_by_dep=None, packages_skip_by_dep=None, packages_skip_up_to=None, packages_select_build_failed=False, packages_skip_build_finished=False, packages_select_test_failures=False, packages_skip_test_passed=False, packages_select=None, packages_skip=None, packages_select_regex=None, packages_skip_regex=None, packages_start=None, packages_end=None, allow_overriding=[], cmake_args=None, cmake_target=None, cmake_target_skip_unavailable=False, cmake_clean_cache=False, cmake_clean_first=False, cmake_force_configure=False, ament_cmake_args=None, catkin_cmake_args=None, catkin_skip_building_tests=False, mixin_files=None, mixin=None, verb_parser=<colcon_mixin.mixin.mixin_argument.MixinArgumentDecorator object at 0x77d9a4b5aea0>, verb_extension=<colcon_core.verb.build.BuildVerb object at 0x77d9a4b5a930>, main=<bound method BuildVerb.main of <colcon_core.verb.build.BuildVerb object at 0x77d9a4b5a930>>, mixin_verb=('build',))
[0.118s] Level 1:colcon.colcon_core.package_discovery:discover_packages(colcon_meta) check parameters
[0.118s] Level 1:colcon.colcon_core.package_discovery:discover_packages(recursive) check parameters
[0.119s] Level 1:colcon.colcon_core.package_discovery:discover_packages(ignore) check parameters
[0.119s] Level 1:colcon.colcon_core.package_discovery:discover_packages(path) check parameters
[0.119s] Level 1:colcon.colcon_core.package_discovery:discover_packages(colcon_meta) discover
[0.119s] Level 1:colcon.colcon_core.package_discovery:discover_packages(recursive) discover
[0.119s] INFO:colcon.colcon_core.package_discovery:Crawling recursively for packages in '/home/derek-dietz/MSAI/ComputerVision/Final_Project/ws/interbotix'
[0.119s] Level 1:colcon.colcon_core.package_identification:_identify(.) by extensions ['ignore', 'ignore_ament_install']
[0.119s] Level 1:colcon.colcon_core.package_identification:_identify(.) by extension 'ignore'
[0.119s] Level 1:colcon.colcon_core.package_identification:_identify(.) by extension 'ignore_ament_install'
[0.119s] Level 1:colcon.colcon_core.package_identification:_identify(.) by extensions ['colcon_pkg']
[0.119s] Level 1:colcon.colcon_core.package_identification:_identify(.) by extension 'colcon_pkg'
[0.119s] Level 1:colcon.colcon_core.package_identification:_identify(.) by extensions ['colcon_meta']
[0.119s] Level 1:colcon.colcon_core.package_identification:_identify(.) by extension 'colcon_meta'
[0.119s] Level 1:colcon.colcon_core.package_identification:_identify(.) by extensions ['ros']
[0.119s] Level 1:colcon.colcon_core.package_identification:_identify(.) by extension 'ros'
[0.136s] Level 1:colcon.colcon_core.package_identification:_identify(.) by extensions ['cmake', 'python']
[0.136s] Level 1:colcon.colcon_core.package_identification:_identify(.) by extension 'cmake'
[0.136s] Level 1:colcon.colcon_core.package_identification:_identify(.) by extension 'python'
[0.136s] Level 1:colcon.colcon_core.package_identification:_identify(.) by extensions ['python_setup_py']
[0.136s] Level 1:colcon.colcon_core.package_identification:_identify(.) by extension 'python_setup_py'
[0.136s] Level 1:colcon.colcon_core.package_identification:_identify(build) by extensions ['ignore', 'ignore_ament_install']
[0.136s] Level 1:colcon.colcon_core.package_identification:_identify(build) by extension 'ignore'
[0.136s] Level 1:colcon.colcon_core.package_identification:_identify(build) ignored
[0.136s] Level 1:colcon.colcon_core.package_identification:_identify(install) by extensions ['ignore', 'ignore_ament_install']
[0.136s] Level 1:colcon.colcon_core.package_identification:_identify(install) by extension 'ignore'
[0.136s] Level 1:colcon.colcon_core.package_identification:_identify(install) ignored
[0.136s] Level 1:colcon.colcon_core.package_identification:_identify(log) by extensions ['ignore', 'ignore_ament_install']
[0.136s] Level 1:colcon.colcon_core.package_identification:_identify(log) by extension 'ignore'
[0.136s] Level 1:colcon.colcon_core.package_identification:_identify(log) ignored
[0.136s] Level 1:colcon.colcon_core.package_identification:_identify(src) by extensions ['ignore', 'ignore_ament_install']
[0.136s] Level 1:colcon.colcon_core.package_identification:_identify(src) by extension 'ignore'
[0.136s] Level 1:colcon.colcon_core.package_identification:_identify(src) by extension 'ignore_ament_install'
[0.136s] Level 1:colcon.colcon_core.package_identification:_identify(src) by extensions ['colcon_pkg']
[0.136s] Level 1:colcon.colcon_core.package_identification:_identify(src) by extension 'colcon_pkg'
[0.136s] Level 1:colcon.colcon_core.package_identification:_identify(src) by extensions ['colcon_meta']
[0.136s] Level 1:colcon.colcon_core.package_identification:_identify(src) by extension 'colcon_meta'
[0.136s] Level 1:colcon.colcon_core.package_identification:_identify(src) by extensions ['ros']
[0.136s] Level 1:colcon.colcon_core.package_identification:_identify(src) by extension 'ros'
[0.136s] Level 1:colcon.colcon_core.package_identification:_identify(src) by extensions ['cmake', 'python']
[0.136s] Level 1:colcon.colcon_core.package_identification:_identify(src) by extension 'cmake'
[0.136s] Level 1:colcon.colcon_core.package_identification:_identify(src) by extension 'python'
[0.136s] Level 1:colcon.colcon_core.package_identification:_identify(src) by extensions ['python_setup_py']
[0.136s] Level 1:colcon.colcon_core.package_identification:_identify(src) by extension 'python_setup_py'
[0.137s] Level 1:colcon.colcon_core.package_identification:_identify(src/ModernRobotics) by extensions ['ignore', 'ignore_ament_install']
[0.137s] Level 1:colcon.colcon_core.package_identification:_identify(src/ModernRobotics) by extension 'ignore'
[0.137s] Level 1:colcon.colcon_core.package_identification:_identify(src/ModernRobotics) by extension 'ignore_ament_install'
[0.137s] Level 1:colcon.colcon_core.package_identification:_identify(src/ModernRobotics) by extensions ['colcon_pkg']
[0.137s] Level 1:colcon.colcon_core.package_identification:_identify(src/ModernRobotics) by extension 'colcon_pkg'
[0.137s] Level 1:colcon.colcon_core.package_identification:_identify(src/ModernRobotics) by extensions ['colcon_meta']
[0.137s] Level 1:colcon.colcon_core.package_identification:_identify(src/ModernRobotics) by extension 'colcon_meta'
[0.137s] Level 1:colcon.colcon_core.package_identification:_identify(src/ModernRobotics) by extensions ['ros']
[0.137s] Level 1:colcon.colcon_core.package_identification:_identify(src/ModernRobotics) by extension 'ros'
[0.137s] Level 1:colcon.colcon_core.package_identification:_identify(src/ModernRobotics) by extensions ['cmake', 'python']
[0.137s] Level 1:colcon.colcon_core.package_identification:_identify(src/ModernRobotics) by extension 'cmake'
[0.137s] Level 1:colcon.colcon_core.package_identification:_identify(src/ModernRobotics) by extension 'python'
[0.137s] Level 1:colcon.colcon_core.package_identification:_identify(src/ModernRobotics) by extensions ['python_setup_py']
[0.137s] Level 1:colcon.colcon_core.package_identification:_identify(src/ModernRobotics) by extension 'python_setup_py'
[0.137s] Level 1:colcon.colcon_core.package_identification:_identify(src/ModernRobotics/doc) by extensions ['ignore', 'ignore_ament_install']
[0.137s] Level 1:colcon.colcon_core.package_identification:_identify(src/ModernRobotics/doc) by extension 'ignore'
[0.137s] Level 1:colcon.colcon_core.package_identification:_identify(src/ModernRobotics/doc) by extension 'ignore_ament_install'
[0.137s] Level 1:colcon.colcon_core.package_identification:_identify(src/ModernRobotics/doc) by extensions ['colcon_pkg']
[0.137s] Level 1:colcon.colcon_core.package_identification:_identify(src/ModernRobotics/doc) by extension 'colcon_pkg'
[0.137s] Level 1:colcon.colcon_core.package_identification:_identify(src/ModernRobotics/doc) by extensions ['colcon_meta']
[0.137s] Level 1:colcon.colcon_core.package_identification:_identify(src/ModernRobotics/doc) by extension 'colcon_meta'
[0.137s] Level 1:colcon.colcon_core.package_identification:_identify(src/ModernRobotics/doc) by extensions ['ros']
[0.137s] Level 1:colcon.colcon_core.package_identification:_identify(src/ModernRobotics/doc) by extension 'ros'
[0.137s] Level 1:colcon.colcon_core.package_identification:_identify(src/ModernRobotics/doc) by extensions ['cmake', 'python']
[0.137s] Level 1:colcon.colcon_core.package_identification:_identify(src/ModernRobotics/doc) by extension 'cmake'
[0.137s] Level 1:colcon.colcon_core.package_identification:_identify(src/ModernRobotics/doc) by extension 'python'
[0.137s] Level 1:colcon.colcon_core.package_identification:_identify(src/ModernRobotics/doc) by extensions ['python_setup_py']
[0.137s] Level 1:colcon.colcon_core.package_identification:_identify(src/ModernRobotics/doc) by extension 'python_setup_py'
[0.137s] Level 1:colcon.colcon_core.package_identification:_identify(src/ModernRobotics/packages) by extensions ['ignore', 'ignore_ament_install']
[0.137s] Level 1:colcon.colcon_core.package_identification:_identify(src/ModernRobotics/packages) by extension 'ignore'
[0.137s] Level 1:colcon.colcon_core.package_identification:_identify(src/ModernRobotics/packages) by extension 'ignore_ament_install'
[0.137s] Level 1:colcon.colcon_core.package_identification:_identify(src/ModernRobotics/packages) by extensions ['colcon_pkg']
[0.137s] Level 1:colcon.colcon_core.package_identification:_identify(src/ModernRobotics/packages) by extension 'colcon_pkg'
[0.137s] Level 1:colcon.colcon_core.package_identification:_identify(src/ModernRobotics/packages) by extensions ['colcon_meta']
[0.137s] Level 1:colcon.colcon_core.package_identification:_identify(src/ModernRobotics/packages) by extension 'colcon_meta'
[0.137s] Level 1:colcon.colcon_core.package_identification:_identify(src/ModernRobotics/packages) by extensions ['ros']
[0.137s] Level 1:colcon.colcon_core.package_identification:_identify(src/ModernRobotics/packages) by extension 'ros'
[0.137s] Level 1:colcon.colcon_core.package_identification:_identify(src/ModernRobotics/packages) by extensions ['cmake', 'python']
[0.137s] Level 1:colcon.colcon_core.package_identification:_identify(src/ModernRobotics/packages) by extension 'cmake'
[0.137s] Level 1:colcon.colcon_core.package_identification:_identify(src/ModernRobotics/packages) by extension 'python'
[0.138s] Level 1:colcon.colcon_core.package_identification:_identify(src/ModernRobotics/packages) by extensions ['python_setup_py']
[0.138s] Level 1:colcon.colcon_core.package_identification:_identify(src/ModernRobotics/packages) by extension 'python_setup_py'
[0.138s] Level 1:colcon.colcon_core.package_identification:_identify(src/ModernRobotics/packages/MATLAB) by extensions ['ignore', 'ignore_ament_install']
[0.138s] Level 1:colcon.colcon_core.package_identification:_identify(src/ModernRobotics/packages/MATLAB) by extension 'ignore'
[0.138s] Level 1:colcon.colcon_core.package_identification:_identify(src/ModernRobotics/packages/MATLAB) by extension 'ignore_ament_install'
[0.138s] Level 1:colcon.colcon_core.package_identification:_identify(src/ModernRobotics/packages/MATLAB) by extensions ['colcon_pkg']
[0.138s] Level 1:colcon.colcon_core.package_identification:_identify(src/ModernRobotics/packages/MATLAB) by extension 'colcon_pkg'
[0.138s] Level 1:colcon.colcon_core.package_identification:_identify(src/ModernRobotics/packages/MATLAB) by extensions ['colcon_meta']
[0.138s] Level 1:colcon.colcon_core.package_identification:_identify(src/ModernRobotics/packages/MATLAB) by extension 'colcon_meta'
[0.138s] Level 1:colcon.colcon_core.package_identification:_identify(src/ModernRobotics/packages/MATLAB) by extensions ['ros']
[0.138s] Level 1:colcon.colcon_core.package_identification:_identify(src/ModernRobotics/packages/MATLAB) by extension 'ros'
[0.138s] Level 1:colcon.colcon_core.package_identification:_identify(src/ModernRobotics/packages/MATLAB) by extensions ['cmake', 'python']
[0.138s] Level 1:colcon.colcon_core.package_identification:_identify(src/ModernRobotics/packages/MATLAB) by extension 'cmake'
[0.138s] Level 1:colcon.colcon_core.package_identification:_identify(src/ModernRobotics/packages/MATLAB) by extension 'python'
[0.138s] Level 1:colcon.colcon_core.package_identification:_identify(src/ModernRobotics/packages/MATLAB) by extensions ['python_setup_py']
[0.138s] Level 1:colcon.colcon_core.package_identification:_identify(src/ModernRobotics/packages/MATLAB) by extension 'python_setup_py'
[0.138s] Level 1:colcon.colcon_core.package_identification:_identify(src/ModernRobotics/packages/MATLAB/mr) by extensions ['ignore', 'ignore_ament_install']
[0.138s] Level 1:colcon.colcon_core.package_identification:_identify(src/ModernRobotics/packages/MATLAB/mr) by extension 'ignore'
[0.138s] Level 1:colcon.colcon_core.package_identification:_identify(src/ModernRobotics/packages/MATLAB/mr) by extension 'ignore_ament_install'
[0.138s] Level 1:colcon.colcon_core.package_identification:_identify(src/ModernRobotics/packages/MATLAB/mr) by extensions ['colcon_pkg']
[0.138s] Level 1:colcon.colcon_core.package_identification:_identify(src/ModernRobotics/packages/MATLAB/mr) by extension 'colcon_pkg'
[0.138s] Level 1:colcon.colcon_core.package_identification:_identify(src/ModernRobotics/packages/MATLAB/mr) by extensions ['colcon_meta']
[0.138s] Level 1:colcon.colcon_core.package_identification:_identify(src/ModernRobotics/packages/MATLAB/mr) by extension 'colcon_meta'
[0.138s] Level 1:colcon.colcon_core.package_identification:_identify(src/ModernRobotics/packages/MATLAB/mr) by extensions ['ros']
[0.138s] Level 1:colcon.colcon_core.package_identification:_identify(src/ModernRobotics/packages/MATLAB/mr) by extension 'ros'
[0.138s] Level 1:colcon.colcon_core.package_identification:_identify(src/ModernRobotics/packages/MATLAB/mr) by extensions ['cmake', 'python']
[0.138s] Level 1:colcon.colcon_core.package_identification:_identify(src/ModernRobotics/packages/MATLAB/mr) by extension 'cmake'
[0.138s] Level 1:colcon.colcon_core.package_identification:_identify(src/ModernRobotics/packages/MATLAB/mr) by extension 'python'
[0.138s] Level 1:colcon.colcon_core.package_identification:_identify(src/ModernRobotics/packages/MATLAB/mr) by extensions ['python_setup_py']
[0.138s] Level 1:colcon.colcon_core.package_identification:_identify(src/ModernRobotics/packages/MATLAB/mr) by extension 'python_setup_py'
[0.138s] Level 1:colcon.colcon_core.package_identification:_identify(src/ModernRobotics/packages/Mathematica) by extensions ['ignore', 'ignore_ament_install']
[0.138s] Level 1:colcon.colcon_core.package_identification:_identify(src/ModernRobotics/packages/Mathematica) by extension 'ignore'
[0.138s] Level 1:colcon.colcon_core.package_identification:_identify(src/ModernRobotics/packages/Mathematica) by extension 'ignore_ament_install'
[0.138s] Level 1:colcon.colcon_core.package_identification:_identify(src/ModernRobotics/packages/Mathematica) by extensions ['colcon_pkg']
[0.138s] Level 1:colcon.colcon_core.package_identification:_identify(src/ModernRobotics/packages/Mathematica) by extension 'colcon_pkg'
[0.138s] Level 1:colcon.colcon_core.package_identification:_identify(src/ModernRobotics/packages/Mathematica) by extensions ['colcon_meta']
[0.138s] Level 1:colcon.colcon_core.package_identification:_identify(src/ModernRobotics/packages/Mathematica) by extension 'colcon_meta'
[0.139s] Level 1:colcon.colcon_core.package_identification:_identify(src/ModernRobotics/packages/Mathematica) by extensions ['ros']
[0.139s] Level 1:colcon.colcon_core.package_identification:_identify(src/ModernRobotics/packages/Mathematica) by extension 'ros'
[0.139s] Level 1:colcon.colcon_core.package_identification:_identify(src/ModernRobotics/packages/Mathematica) by extensions ['cmake', 'python']
[0.139s] Level 1:colcon.colcon_core.package_identification:_identify(src/ModernRobotics/packages/Mathematica) by extension 'cmake'
[0.139s] Level 1:colcon.colcon_core.package_identification:_identify(src/ModernRobotics/packages/Mathematica) by extension 'python'
[0.139s] Level 1:colcon.colcon_core.package_identification:_identify(src/ModernRobotics/packages/Mathematica) by extensions ['python_setup_py']
[0.139s] Level 1:colcon.colcon_core.package_identification:_identify(src/ModernRobotics/packages/Mathematica) by extension 'python_setup_py'
[0.139s] Level 1:colcon.colcon_core.package_identification:_identify(src/ModernRobotics/packages/Python) by extensions ['ignore', 'ignore_ament_install']
[0.139s] Level 1:colcon.colcon_core.package_identification:_identify(src/ModernRobotics/packages/Python) by extension 'ignore'
[0.139s] Level 1:colcon.colcon_core.package_identification:_identify(src/ModernRobotics/packages/Python) by extension 'ignore_ament_install'
[0.139s] Level 1:colcon.colcon_core.package_identification:_identify(src/ModernRobotics/packages/Python) by extensions ['colcon_pkg']
[0.139s] Level 1:colcon.colcon_core.package_identification:_identify(src/ModernRobotics/packages/Python) by extension 'colcon_pkg'
[0.139s] Level 1:colcon.colcon_core.package_identification:_identify(src/ModernRobotics/packages/Python) by extensions ['colcon_meta']
[0.139s] Level 1:colcon.colcon_core.package_identification:_identify(src/ModernRobotics/packages/Python) by extension 'colcon_meta'
[0.139s] Level 1:colcon.colcon_core.package_identification:_identify(src/ModernRobotics/packages/Python) by extensions ['ros']
[0.139s] Level 1:colcon.colcon_core.package_identification:_identify(src/ModernRobotics/packages/Python) by extension 'ros'
[0.139s] Level 1:colcon.colcon_core.package_identification:_identify(src/ModernRobotics/packages/Python) by extensions ['cmake', 'python']
[0.139s] Level 1:colcon.colcon_core.package_identification:_identify(src/ModernRobotics/packages/Python) by extension 'cmake'
[0.139s] Level 1:colcon.colcon_core.package_identification:_identify(src/ModernRobotics/packages/Python) by extension 'python'
[0.139s] Level 1:colcon.colcon_core.package_identification:_identify(src/ModernRobotics/packages/Python) by extensions ['python_setup_py']
[0.139s] Level 1:colcon.colcon_core.package_identification:_identify(src/ModernRobotics/packages/Python) by extension 'python_setup_py'
[0.297s] DEBUG:colcon.colcon_core.package_identification:Package 'src/ModernRobotics/packages/Python' with type 'python' and name 'modern_robotics'
[0.297s] Level 1:colcon.colcon_core.package_identification:_identify(src/arm) by extensions ['ignore', 'ignore_ament_install']
[0.298s] Level 1:colcon.colcon_core.package_identification:_identify(src/arm) by extension 'ignore'
[0.298s] Level 1:colcon.colcon_core.package_identification:_identify(src/arm) by extension 'ignore_ament_install'
[0.298s] Level 1:colcon.colcon_core.package_identification:_identify(src/arm) by extensions ['colcon_pkg']
[0.298s] Level 1:colcon.colcon_core.package_identification:_identify(src/arm) by extension 'colcon_pkg'
[0.298s] Level 1:colcon.colcon_core.package_identification:_identify(src/arm) by extensions ['colcon_meta']
[0.298s] Level 1:colcon.colcon_core.package_identification:_identify(src/arm) by extension 'colcon_meta'
[0.298s] Level 1:colcon.colcon_core.package_identification:_identify(src/arm) by extensions ['ros']
[0.298s] Level 1:colcon.colcon_core.package_identification:_identify(src/arm) by extension 'ros'
[0.299s] DEBUG:colcon.colcon_core.package_identification:Failed to parse potential ROS package manifest in'src/arm': Error(s) in package 'src/arm/package.xml':
The manifest contains invalid XML:
mismatched tag: line 28, column 2
[0.299s] Level 1:colcon.colcon_core.package_identification:_identify(src/arm) by extensions ['cmake', 'python']
[0.299s] Level 1:colcon.colcon_core.package_identification:_identify(src/arm) by extension 'cmake'
[0.299s] Level 1:colcon.colcon_core.package_identification:_identify(src/arm) by extension 'python'
[0.299s] DEBUG:colcon.colcon_core.package_identification:Python package in 'src/arm' passes arguments to the setup() function which requires a different identification extension than 'python'
[0.299s] Level 1:colcon.colcon_core.package_identification:_identify(src/arm) by extensions ['python_setup_py']
[0.299s] Level 1:colcon.colcon_core.package_identification:_identify(src/arm) by extension 'python_setup_py'
[0.474s] DEBUG:colcon.colcon_core.package_identification:Package 'src/arm' with type 'python' and name 'arm'
[0.474s] Level 1:colcon.colcon_core.package_identification:_identify(src/interbotix_ros_core) by extensions ['ignore', 'ignore_ament_install']
[0.474s] Level 1:colcon.colcon_core.package_identification:_identify(src/interbotix_ros_core) by extension 'ignore'
[0.474s] Level 1:colcon.colcon_core.package_identification:_identify(src/interbotix_ros_core) by extension 'ignore_ament_install'
[0.474s] Level 1:colcon.colcon_core.package_identification:_identify(src/interbotix_ros_core) by extensions ['colcon_pkg']
[0.474s] Level 1:colcon.colcon_core.package_identification:_identify(src/interbotix_ros_core) by extension 'colcon_pkg'
[0.474s] Level 1:colcon.colcon_core.package_identification:_identify(src/interbotix_ros_core) by extensions ['colcon_meta']
[0.474s] Level 1:colcon.colcon_core.package_identification:_identify(src/interbotix_ros_core) by extension 'colcon_meta'
[0.474s] Level 1:colcon.colcon_core.package_identification:_identify(src/interbotix_ros_core) by extensions ['ros']
[0.474s] Level 1:colcon.colcon_core.package_identification:_identify(src/interbotix_ros_core) by extension 'ros'
[0.475s] Level 1:colcon.colcon_core.package_identification:_identify(src/interbotix_ros_core) by extensions ['cmake', 'python']
[0.475s] Level 1:colcon.colcon_core.package_identification:_identify(src/interbotix_ros_core) by extension 'cmake'
[0.475s] Level 1:colcon.colcon_core.package_identification:_identify(src/interbotix_ros_core) by extension 'python'
[0.475s] Level 1:colcon.colcon_core.package_identification:_identify(src/interbotix_ros_core) by extensions ['python_setup_py']
[0.475s] Level 1:colcon.colcon_core.package_identification:_identify(src/interbotix_ros_core) by extension 'python_setup_py'
[0.475s] Level 1:colcon.colcon_core.package_identification:_identify(src/interbotix_ros_core/images) by extensions ['ignore', 'ignore_ament_install']
[0.475s] Level 1:colcon.colcon_core.package_identification:_identify(src/interbotix_ros_core/images) by extension 'ignore'
[0.475s] Level 1:colcon.colcon_core.package_identification:_identify(src/interbotix_ros_core/images) by extension 'ignore_ament_install'
[0.475s] Level 1:colcon.colcon_core.package_identification:_identify(src/interbotix_ros_core/images) by extensions ['colcon_pkg']
[0.475s] Level 1:colcon.colcon_core.package_identification:_identify(src/interbotix_ros_core/images) by extension 'colcon_pkg'
[0.475s] Level 1:colcon.colcon_core.package_identification:_identify(src/interbotix_ros_core/images) by extensions ['colcon_meta']
[0.475s] Level 1:colcon.colcon_core.package_identification:_identify(src/interbotix_ros_core/images) by extension 'colcon_meta'
[0.475s] Level 1:colcon.colcon_core.package_identification:_identify(src/interbotix_ros_core/images) by extensions ['ros']
[0.475s] Level 1:colcon.colcon_core.package_identification:_identify(src/interbotix_ros_core/images) by extension 'ros'
[0.476s] Level 1:colcon.colcon_core.package_identification:_identify(src/interbotix_ros_core/images) by extensions ['cmake', 'python']
[0.476s] Level 1:colcon.colcon_core.package_identification:_identify(src/interbotix_ros_core/images) by extension 'cmake'
[0.476s] Level 1:colcon.colcon_core.package_identification:_identify(src/interbotix_ros_core/images) by extension 'python'
[0.476s] Level 1:colcon.colcon_core.package_identification:_identify(src/interbotix_ros_core/images) by extensions ['python_setup_py']
[0.476s] Level 1:colcon.colcon_core.package_identification:_identify(src/interbotix_ros_core/images) by extension 'python_setup_py'
[0.476s] Level 1:colcon.colcon_core.package_identification:_identify(src/interbotix_ros_core/interbotix_ros_common_drivers) by extensions ['ignore', 'ignore_ament_install']
[0.476s] Level 1:colcon.colcon_core.package_identification:_identify(src/interbotix_ros_core/interbotix_ros_common_drivers) by extension 'ignore'
[0.476s] Level 1:colcon.colcon_core.package_identification:_identify(src/interbotix_ros_core/interbotix_ros_common_drivers) ignored
[0.476s] Level 1:colcon.colcon_core.package_identification:_identify(src/interbotix_ros_core/interbotix_ros_slate) by extensions ['ignore', 'ignore_ament_install']
[0.476s] Level 1:colcon.colcon_core.package_identification:_identify(src/interbotix_ros_core/interbotix_ros_slate) by extension 'ignore'
[0.476s] Level 1:colcon.colcon_core.package_identification:_identify(src/interbotix_ros_core/interbotix_ros_slate) ignored
[0.476s] Level 1:colcon.colcon_core.package_identification:_identify(src/interbotix_ros_core/interbotix_ros_xseries) by extensions ['ignore', 'ignore_ament_install']
[0.477s] Level 1:colcon.colcon_core.package_identification:_identify(src/interbotix_ros_core/interbotix_ros_xseries) by extension 'ignore'
[0.477s] Level 1:colcon.colcon_core.package_identification:_identify(src/interbotix_ros_core/interbotix_ros_xseries) by extension 'ignore_ament_install'
[0.477s] Level 1:colcon.colcon_core.package_identification:_identify(src/interbotix_ros_core/interbotix_ros_xseries) by extensions ['colcon_pkg']
[0.477s] Level 1:colcon.colcon_core.package_identification:_identify(src/interbotix_ros_core/interbotix_ros_xseries) by extension 'colcon_pkg'
[0.477s] Level 1:colcon.colcon_core.package_identification:_identify(src/interbotix_ros_core/interbotix_ros_xseries) by extensions ['colcon_meta']
[0.477s] Level 1:colcon.colcon_core.package_identification:_identify(src/interbotix_ros_core/interbotix_ros_xseries) by extension 'colcon_meta'
[0.477s] Level 1:colcon.colcon_core.package_identification:_identify(src/interbotix_ros_core/interbotix_ros_xseries) by extensions ['ros']
[0.477s] Level 1:colcon.colcon_core.package_identification:_identify(src/interbotix_ros_core/interbotix_ros_xseries) by extension 'ros'
[0.477s] Level 1:colcon.colcon_core.package_identification:_identify(src/interbotix_ros_core/interbotix_ros_xseries) by extensions ['cmake', 'python']
[0.477s] Level 1:colcon.colcon_core.package_identification:_identify(src/interbotix_ros_core/interbotix_ros_xseries) by extension 'cmake'
[0.477s] Level 1:colcon.colcon_core.package_identification:_identify(src/interbotix_ros_core/interbotix_ros_xseries) by extension 'python'
[0.477s] Level 1:colcon.colcon_core.package_identification:_identify(src/interbotix_ros_core/interbotix_ros_xseries) by extensions ['python_setup_py']
[0.477s] Level 1:colcon.colcon_core.package_identification:_identify(src/interbotix_ros_core/interbotix_ros_xseries) by extension 'python_setup_py'
[0.477s] Level 1:colcon.colcon_core.package_identification:_identify(src/interbotix_ros_core/interbotix_ros_xseries/dynamixel_workbench_toolbox) by extensions ['ignore', 'ignore_ament_install']
[0.477s] Level 1:colcon.colcon_core.package_identification:_identify(src/interbotix_ros_core/interbotix_ros_xseries/dynamixel_workbench_toolbox) by extension 'ignore'
[0.478s] Level 1:colcon.colcon_core.package_identification:_identify(src/interbotix_ros_core/interbotix_ros_xseries/dynamixel_workbench_toolbox) by extension 'ignore_ament_install'
[0.478s] Level 1:colcon.colcon_core.package_identification:_identify(src/interbotix_ros_core/interbotix_ros_xseries/dynamixel_workbench_toolbox) by extensions ['colcon_pkg']
[0.478s] Level 1:colcon.colcon_core.package_identification:_identify(src/interbotix_ros_core/interbotix_ros_xseries/dynamixel_workbench_toolbox) by extension 'colcon_pkg'
[0.478s] Level 1:colcon.colcon_core.package_identification:_identify(src/interbotix_ros_core/interbotix_ros_xseries/dynamixel_workbench_toolbox) by extensions ['colcon_meta']
[0.478s] Level 1:colcon.colcon_core.package_identification:_identify(src/interbotix_ros_core/interbotix_ros_xseries/dynamixel_workbench_toolbox) by extension 'colcon_meta'
[0.478s] Level 1:colcon.colcon_core.package_identification:_identify(src/interbotix_ros_core/interbotix_ros_xseries/dynamixel_workbench_toolbox) by extensions ['ros']
[0.478s] Level 1:colcon.colcon_core.package_identification:_identify(src/interbotix_ros_core/interbotix_ros_xseries/dynamixel_workbench_toolbox) by extension 'ros'
[0.478s] Level 1:colcon.colcon_core.package_identification:_identify(src/interbotix_ros_core/interbotix_ros_xseries/dynamixel_workbench_toolbox) by extensions ['cmake', 'python']
[0.478s] Level 1:colcon.colcon_core.package_identification:_identify(src/interbotix_ros_core/interbotix_ros_xseries/dynamixel_workbench_toolbox) by extension 'cmake'
[0.478s] Level 1:colcon.colcon_core.package_identification:_identify(src/interbotix_ros_core/interbotix_ros_xseries/dynamixel_workbench_toolbox) by extension 'python'
[0.478s] Level 1:colcon.colcon_core.package_identification:_identify(src/interbotix_ros_core/interbotix_ros_xseries/dynamixel_workbench_toolbox) by extensions ['python_setup_py']
[0.478s] Level 1:colcon.colcon_core.package_identification:_identify(src/interbotix_ros_core/interbotix_ros_xseries/dynamixel_workbench_toolbox) by extension 'python_setup_py'
[0.478s] Level 1:colcon.colcon_core.package_identification:_identify(src/interbotix_ros_core/interbotix_ros_xseries/interbotix_ros_xseries) by extensions ['ignore', 'ignore_ament_install']
[0.478s] Level 1:colcon.colcon_core.package_identification:_identify(src/interbotix_ros_core/interbotix_ros_xseries/interbotix_ros_xseries) by extension 'ignore'
[0.478s] Level 1:colcon.colcon_core.package_identification:_identify(src/interbotix_ros_core/interbotix_ros_xseries/interbotix_ros_xseries) by extension 'ignore_ament_install'
[0.478s] Level 1:colcon.colcon_core.package_identification:_identify(src/interbotix_ros_core/interbotix_ros_xseries/interbotix_ros_xseries) by extensions ['colcon_pkg']
[0.478s] Level 1:colcon.colcon_core.package_identification:_identify(src/interbotix_ros_core/interbotix_ros_xseries/interbotix_ros_xseries) by extension 'colcon_pkg'
[0.479s] Level 1:colcon.colcon_core.package_identification:_identify(src/interbotix_ros_core/interbotix_ros_xseries/interbotix_ros_xseries) by extensions ['colcon_meta']
[0.479s] Level 1:colcon.colcon_core.package_identification:_identify(src/interbotix_ros_core/interbotix_ros_xseries/interbotix_ros_xseries) by extension 'colcon_meta'
[0.479s] Level 1:colcon.colcon_core.package_identification:_identify(src/interbotix_ros_core/interbotix_ros_xseries/interbotix_ros_xseries) by extensions ['ros']
[0.479s] Level 1:colcon.colcon_core.package_identification:_identify(src/interbotix_ros_core/interbotix_ros_xseries/interbotix_ros_xseries) by extension 'ros'
[0.481s] DEBUG:colcon.colcon_core.package_identification:Package 'src/interbotix_ros_core/interbotix_ros_xseries/interbotix_ros_xseries' with type 'ros.ament_cmake' and name 'interbotix_ros_xseries'
[0.481s] Level 1:colcon.colcon_core.package_identification:_identify(src/interbotix_ros_core/interbotix_ros_xseries/interbotix_xs_driver) by extensions ['ignore', 'ignore_ament_install']
[0.481s] Level 1:colcon.colcon_core.package_identification:_identify(src/interbotix_ros_core/interbotix_ros_xseries/interbotix_xs_driver) by extension 'ignore'
[0.482s] Level 1:colcon.colcon_core.package_identification:_identify(src/interbotix_ros_core/interbotix_ros_xseries/interbotix_xs_driver) by extension 'ignore_ament_install'
[0.482s] Level 1:colcon.colcon_core.package_identification:_identify(src/interbotix_ros_core/interbotix_ros_xseries/interbotix_xs_driver) by extensions ['colcon_pkg']
[0.482s] Level 1:colcon.colcon_core.package_identification:_identify(src/interbotix_ros_core/interbotix_ros_xseries/interbotix_xs_driver) by extension 'colcon_pkg'
[0.482s] Level 1:colcon.colcon_core.package_identification:_identify(src/interbotix_ros_core/interbotix_ros_xseries/interbotix_xs_driver) by extensions ['colcon_meta']
[0.482s] Level 1:colcon.colcon_core.package_identification:_identify(src/interbotix_ros_core/interbotix_ros_xseries/interbotix_xs_driver) by extension 'colcon_meta'
[0.482s] Level 1:colcon.colcon_core.package_identification:_identify(src/interbotix_ros_core/interbotix_ros_xseries/interbotix_xs_driver) by extensions ['ros']
[0.482s] Level 1:colcon.colcon_core.package_identification:_identify(src/interbotix_ros_core/interbotix_ros_xseries/interbotix_xs_driver) by extension 'ros'
[0.482s] Level 1:colcon.colcon_core.package_identification:_identify(src/interbotix_ros_core/interbotix_ros_xseries/interbotix_xs_driver) by extensions ['cmake', 'python']
[0.482s] Level 1:colcon.colcon_core.package_identification:_identify(src/interbotix_ros_core/interbotix_ros_xseries/interbotix_xs_driver) by extension 'cmake'
[0.482s] Level 1:colcon.colcon_core.package_identification:_identify(src/interbotix_ros_core/interbotix_ros_xseries/interbotix_xs_driver) by extension 'python'
[0.482s] Level 1:colcon.colcon_core.package_identification:_identify(src/interbotix_ros_core/interbotix_ros_xseries/interbotix_xs_driver) by extensions ['python_setup_py']
[0.482s] Level 1:colcon.colcon_core.package_identification:_identify(src/interbotix_ros_core/interbotix_ros_xseries/interbotix_xs_driver) by extension 'python_setup_py'
[0.483s] Level 1:colcon.colcon_core.package_identification:_identify(src/interbotix_ros_core/interbotix_ros_xseries/interbotix_xs_msgs) by extensions ['ignore', 'ignore_ament_install']
[0.483s] Level 1:colcon.colcon_core.package_identification:_identify(src/interbotix_ros_core/interbotix_ros_xseries/interbotix_xs_msgs) by extension 'ignore'
[0.483s] Level 1:colcon.colcon_core.package_identification:_identify(src/interbotix_ros_core/interbotix_ros_xseries/interbotix_xs_msgs) by extension 'ignore_ament_install'
[0.483s] Level 1:colcon.colcon_core.package_identification:_identify(src/interbotix_ros_core/interbotix_ros_xseries/interbotix_xs_msgs) by extensions ['colcon_pkg']
[0.483s] Level 1:colcon.colcon_core.package_identification:_identify(src/interbotix_ros_core/interbotix_ros_xseries/interbotix_xs_msgs) by extension 'colcon_pkg'
[0.483s] Level 1:colcon.colcon_core.package_identification:_identify(src/interbotix_ros_core/interbotix_ros_xseries/interbotix_xs_msgs) by extensions ['colcon_meta']
[0.483s] Level 1:colcon.colcon_core.package_identification:_identify(src/interbotix_ros_core/interbotix_ros_xseries/interbotix_xs_msgs) by extension 'colcon_meta'
[0.483s] Level 1:colcon.colcon_core.package_identification:_identify(src/interbotix_ros_core/interbotix_ros_xseries/interbotix_xs_msgs) by extensions ['ros']
[0.483s] Level 1:colcon.colcon_core.package_identification:_identify(src/interbotix_ros_core/interbotix_ros_xseries/interbotix_xs_msgs) by extension 'ros'
[0.484s] DEBUG:colcon.colcon_core.package_identification:Package 'src/interbotix_ros_core/interbotix_ros_xseries/interbotix_xs_msgs' with type 'ros.ament_cmake' and name 'interbotix_xs_msgs'
[0.484s] Level 1:colcon.colcon_core.package_identification:_identify(src/interbotix_ros_core/interbotix_ros_xseries/interbotix_xs_sdk) by extensions ['ignore', 'ignore_ament_install']
[0.484s] Level 1:colcon.colcon_core.package_identification:_identify(src/interbotix_ros_core/interbotix_ros_xseries/interbotix_xs_sdk) by extension 'ignore'
[0.484s] Level 1:colcon.colcon_core.package_identification:_identify(src/interbotix_ros_core/interbotix_ros_xseries/interbotix_xs_sdk) by extension 'ignore_ament_install'
[0.484s] Level 1:colcon.colcon_core.package_identification:_identify(src/interbotix_ros_core/interbotix_ros_xseries/interbotix_xs_sdk) by extensions ['colcon_pkg']
[0.485s] Level 1:colcon.colcon_core.package_identification:_identify(src/interbotix_ros_core/interbotix_ros_xseries/interbotix_xs_sdk) by extension 'colcon_pkg'
[0.485s] Level 1:colcon.colcon_core.package_identification:_identify(src/interbotix_ros_core/interbotix_ros_xseries/interbotix_xs_sdk) by extensions ['colcon_meta']
[0.485s] Level 1:colcon.colcon_core.package_identification:_identify(src/interbotix_ros_core/interbotix_ros_xseries/interbotix_xs_sdk) by extension 'colcon_meta'
[0.485s] Level 1:colcon.colcon_core.package_identification:_identify(src/interbotix_ros_core/interbotix_ros_xseries/interbotix_xs_sdk) by extensions ['ros']
[0.485s] Level 1:colcon.colcon_core.package_identification:_identify(src/interbotix_ros_core/interbotix_ros_xseries/interbotix_xs_sdk) by extension 'ros'
[0.486s] DEBUG:colcon.colcon_core.package_identification:Package 'src/interbotix_ros_core/interbotix_ros_xseries/interbotix_xs_sdk' with type 'ros.ament_cmake' and name 'interbotix_xs_sdk'
[0.486s] Level 1:colcon.colcon_core.package_identification:_identify(src/interbotix_ros_manipulators) by extensions ['ignore', 'ignore_ament_install']
[0.486s] Level 1:colcon.colcon_core.package_identification:_identify(src/interbotix_ros_manipulators) by extension 'ignore'
[0.486s] Level 1:colcon.colcon_core.package_identification:_identify(src/interbotix_ros_manipulators) by extension 'ignore_ament_install'
[0.486s] Level 1:colcon.colcon_core.package_identification:_identify(src/interbotix_ros_manipulators) by extensions ['colcon_pkg']
[0.486s] Level 1:colcon.colcon_core.package_identification:_identify(src/interbotix_ros_manipulators) by extension 'colcon_pkg'
[0.486s] Level 1:colcon.colcon_core.package_identification:_identify(src/interbotix_ros_manipulators) by extensions ['colcon_meta']
[0.486s] Level 1:colcon.colcon_core.package_identification:_identify(src/interbotix_ros_manipulators) by extension 'colcon_meta'
[0.486s] Level 1:colcon.colcon_core.package_identification:_identify(src/interbotix_ros_manipulators) by extensions ['ros']
[0.486s] Level 1:colcon.colcon_core.package_identification:_identify(src/interbotix_ros_manipulators) by extension 'ros'
[0.486s] Level 1:colcon.colcon_core.package_identification:_identify(src/interbotix_ros_manipulators) by extensions ['cmake', 'python']
[0.486s] Level 1:colcon.colcon_core.package_identification:_identify(src/interbotix_ros_manipulators) by extension 'cmake'
[0.486s] Level 1:colcon.colcon_core.package_identification:_identify(src/interbotix_ros_manipulators) by extension 'python'
[0.487s] Level 1:colcon.colcon_core.package_identification:_identify(src/interbotix_ros_manipulators) by extensions ['python_setup_py']
[0.487s] Level 1:colcon.colcon_core.package_identification:_identify(src/interbotix_ros_manipulators) by extension 'python_setup_py'
[0.487s] Level 1:colcon.colcon_core.package_identification:_identify(src/interbotix_ros_manipulators/images) by extensions ['ignore', 'ignore_ament_install']
[0.487s] Level 1:colcon.colcon_core.package_identification:_identify(src/interbotix_ros_manipulators/images) by extension 'ignore'
[0.487s] Level 1:colcon.colcon_core.package_identification:_identify(src/interbotix_ros_manipulators/images) by extension 'ignore_ament_install'
[0.487s] Level 1:colcon.colcon_core.package_identification:_identify(src/interbotix_ros_manipulators/images) by extensions ['colcon_pkg']
[0.487s] Level 1:colcon.colcon_core.package_identification:_identify(src/interbotix_ros_manipulators/images) by extension 'colcon_pkg'
[0.487s] Level 1:colcon.colcon_core.package_identification:_identify(src/interbotix_ros_manipulators/images) by extensions ['colcon_meta']
[0.487s] Level 1:colcon.colcon_core.package_identification:_identify(src/interbotix_ros_manipulators/images) by extension 'colcon_meta'
[0.487s] Level 1:colcon.colcon_core.package_identification:_identify(src/interbotix_ros_manipulators/images) by extensions ['ros']
[0.487s] Level 1:colcon.colcon_core.package_identification:_identify(src/interbotix_ros_manipulators/images) by extension 'ros'
[0.487s] Level 1:colcon.colcon_core.package_identification:_identify(src/interbotix_ros_manipulators/images) by extensions ['cmake', 'python']
[0.487s] Level 1:colcon.colcon_core.package_identification:_identify(src/interbotix_ros_manipulators/images) by extension 'cmake'
[0.487s] Level 1:colcon.colcon_core.package_identification:_identify(src/interbotix_ros_manipulators/images) by extension 'python'
[0.487s] Level 1:colcon.colcon_core.package_identification:_identify(src/interbotix_ros_manipulators/images) by extensions ['python_setup_py']
[0.487s] Level 1:colcon.colcon_core.package_identification:_identify(src/interbotix_ros_manipulators/images) by extension 'python_setup_py'
[0.487s] Level 1:colcon.colcon_core.package_identification:_identify(src/interbotix_ros_manipulators/interbotix_ros_xsarms) by extensions ['ignore', 'ignore_ament_install']
[0.488s] Level 1:colcon.colcon_core.package_identification:_identify(src/interbotix_ros_manipulators/interbotix_ros_xsarms) by extension 'ignore'
[0.488s] Level 1:colcon.colcon_core.package_identification:_identify(src/interbotix_ros_manipulators/interbotix_ros_xsarms) by extension 'ignore_ament_install'
[0.488s] Level 1:colcon.colcon_core.package_identification:_identify(src/interbotix_ros_manipulators/interbotix_ros_xsarms) by extensions ['colcon_pkg']
[0.488s] Level 1:colcon.colcon_core.package_identification:_identify(src/interbotix_ros_manipulators/interbotix_ros_xsarms) by extension 'colcon_pkg'
[0.488s] Level 1:colcon.colcon_core.package_identification:_identify(src/interbotix_ros_manipulators/interbotix_ros_xsarms) by extensions ['colcon_meta']
[0.488s] Level 1:colcon.colcon_core.package_identification:_identify(src/interbotix_ros_manipulators/interbotix_ros_xsarms) by extension 'colcon_meta'
[0.488s] Level 1:colcon.colcon_core.package_identification:_identify(src/interbotix_ros_manipulators/interbotix_ros_xsarms) by extensions ['ros']
[0.488s] Level 1:colcon.colcon_core.package_identification:_identify(src/interbotix_ros_manipulators/interbotix_ros_xsarms) by extension 'ros'
[0.488s] Level 1:colcon.colcon_core.package_identification:_identify(src/interbotix_ros_manipulators/interbotix_ros_xsarms) by extensions ['cmake', 'python']
[0.488s] Level 1:colcon.colcon_core.package_identification:_identify(src/interbotix_ros_manipulators/interbotix_ros_xsarms) by extension 'cmake'
[0.488s] Level 1:colcon.colcon_core.package_identification:_identify(src/interbotix_ros_manipulators/interbotix_ros_xsarms) by extension 'python'
[0.488s] Level 1:colcon.colcon_core.package_identification:_identify(src/interbotix_ros_manipulators/interbotix_ros_xsarms) by extensions ['python_setup_py']
[0.488s] Level 1:colcon.colcon_core.package_identification:_identify(src/interbotix_ros_manipulators/interbotix_ros_xsarms) by extension 'python_setup_py'
[0.488s] Level 1:colcon.colcon_core.package_identification:_identify(src/interbotix_ros_manipulators/interbotix_ros_xsarms/examples) by extensions ['ignore', 'ignore_ament_install']
[0.488s] Level 1:colcon.colcon_core.package_identification:_identify(src/interbotix_ros_manipulators/interbotix_ros_xsarms/examples) by extension 'ignore'
[0.488s] Level 1:colcon.colcon_core.package_identification:_identify(src/interbotix_ros_manipulators/interbotix_ros_xsarms/examples) by extension 'ignore_ament_install'
[0.488s] Level 1:colcon.colcon_core.package_identification:_identify(src/interbotix_ros_manipulators/interbotix_ros_xsarms/examples) by extensions ['colcon_pkg']
[0.488s] Level 1:colcon.colcon_core.package_identification:_identify(src/interbotix_ros_manipulators/interbotix_ros_xsarms/examples) by extension 'colcon_pkg'
[0.488s] Level 1:colcon.colcon_core.package_identification:_identify(src/interbotix_ros_manipulators/interbotix_ros_xsarms/examples) by extensions ['colcon_meta']
[0.488s] Level 1:colcon.colcon_core.package_identification:_identify(src/interbotix_ros_manipulators/interbotix_ros_xsarms/examples) by extension 'colcon_meta'
[0.489s] Level 1:colcon.colcon_core.package_identification:_identify(src/interbotix_ros_manipulators/interbotix_ros_xsarms/examples) by extensions ['ros']
[0.489s] Level 1:colcon.colcon_core.package_identification:_identify(src/interbotix_ros_manipulators/interbotix_ros_xsarms/examples) by extension 'ros'
[0.489s] Level 1:colcon.colcon_core.package_identification:_identify(src/interbotix_ros_manipulators/interbotix_ros_xsarms/examples) by extensions ['cmake', 'python']
[0.489s] Level 1:colcon.colcon_core.package_identification:_identify(src/interbotix_ros_manipulators/interbotix_ros_xsarms/examples) by extension 'cmake'
[0.489s] Level 1:colcon.colcon_core.package_identification:_identify(src/interbotix_ros_manipulators/interbotix_ros_xsarms/examples) by extension 'python'
[0.489s] Level 1:colcon.colcon_core.package_identification:_identify(src/interbotix_ros_manipulators/interbotix_ros_xsarms/examples) by extensions ['python_setup_py']
[0.489s] Level 1:colcon.colcon_core.package_identification:_identify(src/interbotix_ros_manipulators/interbotix_ros_xsarms/examples) by extension 'python_setup_py'
[0.489s] Level 1:colcon.colcon_core.package_identification:_identify(src/interbotix_ros_manipulators/interbotix_ros_xsarms/examples/interbotix_ros_xsarms_examples) by extensions ['ignore', 'ignore_ament_install']
[0.489s] Level 1:colcon.colcon_core.package_identification:_identify(src/interbotix_ros_manipulators/interbotix_ros_xsarms/examples/interbotix_ros_xsarms_examples) by extension 'ignore'
[0.489s] Level 1:colcon.colcon_core.package_identification:_identify(src/interbotix_ros_manipulators/interbotix_ros_xsarms/examples/interbotix_ros_xsarms_examples) by extension 'ignore_ament_install'
[0.489s] Level 1:colcon.colcon_core.package_identification:_identify(src/interbotix_ros_manipulators/interbotix_ros_xsarms/examples/interbotix_ros_xsarms_examples) by extensions ['colcon_pkg']
[0.489s] Level 1:colcon.colcon_core.package_identification:_identify(src/interbotix_ros_manipulators/interbotix_ros_xsarms/examples/interbotix_ros_xsarms_examples) by extension 'colcon_pkg'
[0.489s] Level 1:colcon.colcon_core.package_identification:_identify(src/interbotix_ros_manipulators/interbotix_ros_xsarms/examples/interbotix_ros_xsarms_examples) by extensions ['colcon_meta']
[0.489s] Level 1:colcon.colcon_core.package_identification:_identify(src/interbotix_ros_manipulators/interbotix_ros_xsarms/examples/interbotix_ros_xsarms_examples) by extension 'colcon_meta'
[0.489s] Level 1:colcon.colcon_core.package_identification:_identify(src/interbotix_ros_manipulators/interbotix_ros_xsarms/examples/interbotix_ros_xsarms_examples) by extensions ['ros']
[0.489s] Level 1:colcon.colcon_core.package_identification:_identify(src/interbotix_ros_manipulators/interbotix_ros_xsarms/examples/interbotix_ros_xsarms_examples) by extension 'ros'
[0.490s] DEBUG:colcon.colcon_core.package_identification:Package 'src/interbotix_ros_manipulators/interbotix_ros_xsarms/examples/interbotix_ros_xsarms_examples' with type 'ros.ament_cmake' and name 'interbotix_ros_xsarms_examples'
[0.490s] Level 1:colcon.colcon_core.package_identification:_identify(src/interbotix_ros_manipulators/interbotix_ros_xsarms/examples/interbotix_xsarm_diagnostic_tool) by extensions ['ignore', 'ignore_ament_install']
[0.490s] Level 1:colcon.colcon_core.package_identification:_identify(src/interbotix_ros_manipulators/interbotix_ros_xsarms/examples/interbotix_xsarm_diagnostic_tool) by extension 'ignore'
[0.490s] Level 1:colcon.colcon_core.package_identification:_identify(src/interbotix_ros_manipulators/interbotix_ros_xsarms/examples/interbotix_xsarm_diagnostic_tool) ignored
[0.491s] Level 1:colcon.colcon_core.package_identification:_identify(src/interbotix_ros_manipulators/interbotix_ros_xsarms/examples/interbotix_xsarm_dual) by extensions ['ignore', 'ignore_ament_install']
[0.491s] Level 1:colcon.colcon_core.package_identification:_identify(src/interbotix_ros_manipulators/interbotix_ros_xsarms/examples/interbotix_xsarm_dual) by extension 'ignore'
[0.491s] Level 1:colcon.colcon_core.package_identification:_identify(src/interbotix_ros_manipulators/interbotix_ros_xsarms/examples/interbotix_xsarm_dual) by extension 'ignore_ament_install'
[0.491s] Level 1:colcon.colcon_core.package_identification:_identify(src/interbotix_ros_manipulators/interbotix_ros_xsarms/examples/interbotix_xsarm_dual) by extensions ['colcon_pkg']
[0.491s] Level 1:colcon.colcon_core.package_identification:_identify(src/interbotix_ros_manipulators/interbotix_ros_xsarms/examples/interbotix_xsarm_dual) by extension 'colcon_pkg'
[0.491s] Level 1:colcon.colcon_core.package_identification:_identify(src/interbotix_ros_manipulators/interbotix_ros_xsarms/examples/interbotix_xsarm_dual) by extensions ['colcon_meta']
[0.491s] Level 1:colcon.colcon_core.package_identification:_identify(src/interbotix_ros_manipulators/interbotix_ros_xsarms/examples/interbotix_xsarm_dual) by extension 'colcon_meta'
[0.491s] Level 1:colcon.colcon_core.package_identification:_identify(src/interbotix_ros_manipulators/interbotix_ros_xsarms/examples/interbotix_xsarm_dual) by extensions ['ros']
[0.491s] Level 1:colcon.colcon_core.package_identification:_identify(src/interbotix_ros_manipulators/interbotix_ros_xsarms/examples/interbotix_xsarm_dual) by extension 'ros'
[0.492s] DEBUG:colcon.colcon_core.package_identification:Package 'src/interbotix_ros_manipulators/interbotix_ros_xsarms/examples/interbotix_xsarm_dual' with type 'ros.ament_cmake' and name 'interbotix_xsarm_dual'
[0.492s] Level 1:colcon.colcon_core.package_identification:_identify(src/interbotix_ros_manipulators/interbotix_ros_xsarms/examples/interbotix_xsarm_dual_joy) by extensions ['ignore', 'ignore_ament_install']
[0.492s] Level 1:colcon.colcon_core.package_identification:_identify(src/interbotix_ros_manipulators/interbotix_ros_xsarms/examples/interbotix_xsarm_dual_joy) by extension 'ignore'
[0.492s] Level 1:colcon.colcon_core.package_identification:_identify(src/interbotix_ros_manipulators/interbotix_ros_xsarms/examples/interbotix_xsarm_dual_joy) ignored
[0.492s] Level 1:colcon.colcon_core.package_identification:_identify(src/interbotix_ros_manipulators/interbotix_ros_xsarms/examples/interbotix_xsarm_joy) by extensions ['ignore', 'ignore_ament_install']
[0.492s] Level 1:colcon.colcon_core.package_identification:_identify(src/interbotix_ros_manipulators/interbotix_ros_xsarms/examples/interbotix_xsarm_joy) by extension 'ignore'
[0.492s] Level 1:colcon.colcon_core.package_identification:_identify(src/interbotix_ros_manipulators/interbotix_ros_xsarms/examples/interbotix_xsarm_joy) by extension 'ignore_ament_install'
[0.492s] Level 1:colcon.colcon_core.package_identification:_identify(src/interbotix_ros_manipulators/interbotix_ros_xsarms/examples/interbotix_xsarm_joy) by extensions ['colcon_pkg']
[0.492s] Level 1:colcon.colcon_core.package_identification:_identify(src/interbotix_ros_manipulators/interbotix_ros_xsarms/examples/interbotix_xsarm_joy) by extension 'colcon_pkg'
[0.492s] Level 1:colcon.colcon_core.package_identification:_identify(src/interbotix_ros_manipulators/interbotix_ros_xsarms/examples/interbotix_xsarm_joy) by extensions ['colcon_meta']
[0.492s] Level 1:colcon.colcon_core.package_identification:_identify(src/interbotix_ros_manipulators/interbotix_ros_xsarms/examples/interbotix_xsarm_joy) by extension 'colcon_meta'
[0.493s] Level 1:colcon.colcon_core.package_identification:_identify(src/interbotix_ros_manipulators/interbotix_ros_xsarms/examples/interbotix_xsarm_joy) by extensions ['ros']
[0.493s] Level 1:colcon.colcon_core.package_identification:_identify(src/interbotix_ros_manipulators/interbotix_ros_xsarms/examples/interbotix_xsarm_joy) by extension 'ros'
[0.494s] DEBUG:colcon.colcon_core.package_identification:Package 'src/interbotix_ros_manipulators/interbotix_ros_xsarms/examples/interbotix_xsarm_joy' with type 'ros.ament_cmake' and name 'interbotix_xsarm_joy'
[0.494s] Level 1:colcon.colcon_core.package_identification:_identify(src/interbotix_ros_manipulators/interbotix_ros_xsarms/examples/interbotix_xsarm_moveit_interface) by extensions ['ignore', 'ignore_ament_install']
[0.494s] Level 1:colcon.colcon_core.package_identification:_identify(src/interbotix_ros_manipulators/interbotix_ros_xsarms/examples/interbotix_xsarm_moveit_interface) by extension 'ignore'
[0.494s] Level 1:colcon.colcon_core.package_identification:_identify(src/interbotix_ros_manipulators/interbotix_ros_xsarms/examples/interbotix_xsarm_moveit_interface) by extension 'ignore_ament_install'
[0.494s] Level 1:colcon.colcon_core.package_identification:_identify(src/interbotix_ros_manipulators/interbotix_ros_xsarms/examples/interbotix_xsarm_moveit_interface) by extensions ['colcon_pkg']
[0.494s] Level 1:colcon.colcon_core.package_identification:_identify(src/interbotix_ros_manipulators/interbotix_ros_xsarms/examples/interbotix_xsarm_moveit_interface) by extension 'colcon_pkg'
[0.494s] Level 1:colcon.colcon_core.package_identification:_identify(src/interbotix_ros_manipulators/interbotix_ros_xsarms/examples/interbotix_xsarm_moveit_interface) by extensions ['colcon_meta']
[0.494s] Level 1:colcon.colcon_core.package_identification:_identify(src/interbotix_ros_manipulators/interbotix_ros_xsarms/examples/interbotix_xsarm_moveit_interface) by extension 'colcon_meta'
[0.494s] Level 1:colcon.colcon_core.package_identification:_identify(src/interbotix_ros_manipulators/interbotix_ros_xsarms/examples/interbotix_xsarm_moveit_interface) by extensions ['ros']
[0.494s] Level 1:colcon.colcon_core.package_identification:_identify(src/interbotix_ros_manipulators/interbotix_ros_xsarms/examples/interbotix_xsarm_moveit_interface) by extension 'ros'
[0.494s] DEBUG:colcon.colcon_core.package_identification:Package 'src/interbotix_ros_manipulators/interbotix_ros_xsarms/examples/interbotix_xsarm_moveit_interface' with type 'ros.ament_cmake' and name 'interbotix_xsarm_moveit_interface'
[0.494s] Level 1:colcon.colcon_core.package_identification:_identify(src/interbotix_ros_manipulators/interbotix_ros_xsarms/examples/interbotix_xsarm_pid) by extensions ['ignore', 'ignore_ament_install']
[0.495s] Level 1:colcon.colcon_core.package_identification:_identify(src/interbotix_ros_manipulators/interbotix_ros_xsarms/examples/interbotix_xsarm_pid) by extension 'ignore'
[0.495s] Level 1:colcon.colcon_core.package_identification:_identify(src/interbotix_ros_manipulators/interbotix_ros_xsarms/examples/interbotix_xsarm_pid) ignored
[0.495s] Level 1:colcon.colcon_core.package_identification:_identify(src/interbotix_ros_manipulators/interbotix_ros_xsarms/examples/interbotix_xsarm_puppet) by extensions ['ignore', 'ignore_ament_install']
[0.495s] Level 1:colcon.colcon_core.package_identification:_identify(src/interbotix_ros_manipulators/interbotix_ros_xsarms/examples/interbotix_xsarm_puppet) by extension 'ignore'
[0.495s] Level 1:colcon.colcon_core.package_identification:_identify(src/interbotix_ros_manipulators/interbotix_ros_xsarms/examples/interbotix_xsarm_puppet) by extension 'ignore_ament_install'
[0.495s] Level 1:colcon.colcon_core.package_identification:_identify(src/interbotix_ros_manipulators/interbotix_ros_xsarms/examples/interbotix_xsarm_puppet) by extensions ['colcon_pkg']
[0.495s] Level 1:colcon.colcon_core.package_identification:_identify(src/interbotix_ros_manipulators/interbotix_ros_xsarms/examples/interbotix_xsarm_puppet) by extension 'colcon_pkg'
[0.495s] Level 1:colcon.colcon_core.package_identification:_identify(src/interbotix_ros_manipulators/interbotix_ros_xsarms/examples/interbotix_xsarm_puppet) by extensions ['colcon_meta']
[0.495s] Level 1:colcon.colcon_core.package_identification:_identify(src/interbotix_ros_manipulators/interbotix_ros_xsarms/examples/interbotix_xsarm_puppet) by extension 'colcon_meta'
[0.495s] Level 1:colcon.colcon_core.package_identification:_identify(src/interbotix_ros_manipulators/interbotix_ros_xsarms/examples/interbotix_xsarm_puppet) by extensions ['ros']
[0.495s] Level 1:colcon.colcon_core.package_identification:_identify(src/interbotix_ros_manipulators/interbotix_ros_xsarms/examples/interbotix_xsarm_puppet) by extension 'ros'
[0.496s] DEBUG:colcon.colcon_core.package_identification:Package 'src/interbotix_ros_manipulators/interbotix_ros_xsarms/examples/interbotix_xsarm_puppet' with type 'ros.ament_cmake' and name 'interbotix_xsarm_puppet'
[0.496s] Level 1:colcon.colcon_core.package_identification:_identify(src/interbotix_ros_manipulators/interbotix_ros_xsarms/images) by extensions ['ignore', 'ignore_ament_install']
[0.496s] Level 1:colcon.colcon_core.package_identification:_identify(src/interbotix_ros_manipulators/interbotix_ros_xsarms/images) by extension 'ignore'
[0.496s] Level 1:colcon.colcon_core.package_identification:_identify(src/interbotix_ros_manipulators/interbotix_ros_xsarms/images) by extension 'ignore_ament_install'
[0.496s] Level 1:colcon.colcon_core.package_identification:_identify(src/interbotix_ros_manipulators/interbotix_ros_xsarms/images) by extensions ['colcon_pkg']
[0.496s] Level 1:colcon.colcon_core.package_identification:_identify(src/interbotix_ros_manipulators/interbotix_ros_xsarms/images) by extension 'colcon_pkg'
[0.496s] Level 1:colcon.colcon_core.package_identification:_identify(src/interbotix_ros_manipulators/interbotix_ros_xsarms/images) by extensions ['colcon_meta']
[0.496s] Level 1:colcon.colcon_core.package_identification:_identify(src/interbotix_ros_manipulators/interbotix_ros_xsarms/images) by extension 'colcon_meta'
[0.496s] Level 1:colcon.colcon_core.package_identification:_identify(src/interbotix_ros_manipulators/interbotix_ros_xsarms/images) by extensions ['ros']
[0.496s] Level 1:colcon.colcon_core.package_identification:_identify(src/interbotix_ros_manipulators/interbotix_ros_xsarms/images) by extension 'ros'
[0.496s] Level 1:colcon.colcon_core.package_identification:_identify(src/interbotix_ros_manipulators/interbotix_ros_xsarms/images) by extensions ['cmake', 'python']
[0.496s] Level 1:colcon.colcon_core.package_identification:_identify(src/interbotix_ros_manipulators/interbotix_ros_xsarms/images) by extension 'cmake'
[0.496s] Level 1:colcon.colcon_core.package_identification:_identify(src/interbotix_ros_manipulators/interbotix_ros_xsarms/images) by extension 'python'
[0.496s] Level 1:colcon.colcon_core.package_identification:_identify(src/interbotix_ros_manipulators/interbotix_ros_xsarms/images) by extensions ['python_setup_py']
[0.496s] Level 1:colcon.colcon_core.package_identification:_identify(src/interbotix_ros_manipulators/interbotix_ros_xsarms/images) by extension 'python_setup_py'
[0.496s] Level 1:colcon.colcon_core.package_identification:_identify(src/interbotix_ros_manipulators/interbotix_ros_xsarms/install) by extensions ['ignore', 'ignore_ament_install']
[0.496s] Level 1:colcon.colcon_core.package_identification:_identify(src/interbotix_ros_manipulators/interbotix_ros_xsarms/install) by extension 'ignore'
[0.496s] Level 1:colcon.colcon_core.package_identification:_identify(src/interbotix_ros_manipulators/interbotix_ros_xsarms/install) by extension 'ignore_ament_install'
[0.496s] Level 1:colcon.colcon_core.package_identification:_identify(src/interbotix_ros_manipulators/interbotix_ros_xsarms/install) by extensions ['colcon_pkg']
[0.496s] Level 1:colcon.colcon_core.package_identification:_identify(src/interbotix_ros_manipulators/interbotix_ros_xsarms/install) by extension 'colcon_pkg'
[0.496s] Level 1:colcon.colcon_core.package_identification:_identify(src/interbotix_ros_manipulators/interbotix_ros_xsarms/install) by extensions ['colcon_meta']
[0.496s] Level 1:colcon.colcon_core.package_identification:_identify(src/interbotix_ros_manipulators/interbotix_ros_xsarms/install) by extension 'colcon_meta'
[0.496s] Level 1:colcon.colcon_core.package_identification:_identify(src/interbotix_ros_manipulators/interbotix_ros_xsarms/install) by extensions ['ros']
[0.496s] Level 1:colcon.colcon_core.package_identification:_identify(src/interbotix_ros_manipulators/interbotix_ros_xsarms/install) by extension 'ros'
[0.496s] Level 1:colcon.colcon_core.package_identification:_identify(src/interbotix_ros_manipulators/interbotix_ros_xsarms/install) by extensions ['cmake', 'python']
[0.496s] Level 1:colcon.colcon_core.package_identification:_identify(src/interbotix_ros_manipulators/interbotix_ros_xsarms/install) by extension 'cmake'
[0.496s] Level 1:colcon.colcon_core.package_identification:_identify(src/interbotix_ros_manipulators/interbotix_ros_xsarms/install) by extension 'python'
[0.497s] Level 1:colcon.colcon_core.package_identification:_identify(src/interbotix_ros_manipulators/interbotix_ros_xsarms/install) by extensions ['python_setup_py']
[0.497s] Level 1:colcon.colcon_core.package_identification:_identify(src/interbotix_ros_manipulators/interbotix_ros_xsarms/install) by extension 'python_setup_py'
[0.497s] Level 1:colcon.colcon_core.package_identification:_identify(src/interbotix_ros_manipulators/interbotix_ros_xsarms/install/amd64) by extensions ['ignore', 'ignore_ament_install']
[0.497s] Level 1:colcon.colcon_core.package_identification:_identify(src/interbotix_ros_manipulators/interbotix_ros_xsarms/install/amd64) by extension 'ignore'
[0.497s] Level 1:colcon.colcon_core.package_identification:_identify(src/interbotix_ros_manipulators/interbotix_ros_xsarms/install/amd64) by extension 'ignore_ament_install'
[0.497s] Level 1:colcon.colcon_core.package_identification:_identify(src/interbotix_ros_manipulators/interbotix_ros_xsarms/install/amd64) by extensions ['colcon_pkg']
[0.497s] Level 1:colcon.colcon_core.package_identification:_identify(src/interbotix_ros_manipulators/interbotix_ros_xsarms/install/amd64) by extension 'colcon_pkg'
[0.497s] Level 1:colcon.colcon_core.package_identification:_identify(src/interbotix_ros_manipulators/interbotix_ros_xsarms/install/amd64) by extensions ['colcon_meta']
[0.497s] Level 1:colcon.colcon_core.package_identification:_identify(src/interbotix_ros_manipulators/interbotix_ros_xsarms/install/amd64) by extension 'colcon_meta'
[0.497s] Level 1:colcon.colcon_core.package_identification:_identify(src/interbotix_ros_manipulators/interbotix_ros_xsarms/install/amd64) by extensions ['ros']
[0.497s] Level 1:colcon.colcon_core.package_identification:_identify(src/interbotix_ros_manipulators/interbotix_ros_xsarms/install/amd64) by extension 'ros'
[0.497s] Level 1:colcon.colcon_core.package_identification:_identify(src/interbotix_ros_manipulators/interbotix_ros_xsarms/install/amd64) by extensions ['cmake', 'python']
[0.497s] Level 1:colcon.colcon_core.package_identification:_identify(src/interbotix_ros_manipulators/interbotix_ros_xsarms/install/amd64) by extension 'cmake'
[0.497s] Level 1:colcon.colcon_core.package_identification:_identify(src/interbotix_ros_manipulators/interbotix_ros_xsarms/install/amd64) by extension 'python'
[0.497s] Level 1:colcon.colcon_core.package_identification:_identify(src/interbotix_ros_manipulators/interbotix_ros_xsarms/install/amd64) by extensions ['python_setup_py']
[0.497s] Level 1:colcon.colcon_core.package_identification:_identify(src/interbotix_ros_manipulators/interbotix_ros_xsarms/install/amd64) by extension 'python_setup_py'
[0.497s] Level 1:colcon.colcon_core.package_identification:_identify(src/interbotix_ros_manipulators/interbotix_ros_xsarms/install/rpi4) by extensions ['ignore', 'ignore_ament_install']
[0.497s] Level 1:colcon.colcon_core.package_identification:_identify(src/interbotix_ros_manipulators/interbotix_ros_xsarms/install/rpi4) by extension 'ignore'
[0.497s] Level 1:colcon.colcon_core.package_identification:_identify(src/interbotix_ros_manipulators/interbotix_ros_xsarms/install/rpi4) by extension 'ignore_ament_install'
[0.497s] Level 1:colcon.colcon_core.package_identification:_identify(src/interbotix_ros_manipulators/interbotix_ros_xsarms/install/rpi4) by extensions ['colcon_pkg']
[0.497s] Level 1:colcon.colcon_core.package_identification:_identify(src/interbotix_ros_manipulators/interbotix_ros_xsarms/install/rpi4) by extension 'colcon_pkg'
[0.497s] Level 1:colcon.colcon_core.package_identification:_identify(src/interbotix_ros_manipulators/interbotix_ros_xsarms/install/rpi4) by extensions ['colcon_meta']
[0.497s] Level 1:colcon.colcon_core.package_identification:_identify(src/interbotix_ros_manipulators/interbotix_ros_xsarms/install/rpi4) by extension 'colcon_meta'
[0.497s] Level 1:colcon.colcon_core.package_identification:_identify(src/interbotix_ros_manipulators/interbotix_ros_xsarms/install/rpi4) by extensions ['ros']
[0.497s] Level 1:colcon.colcon_core.package_identification:_identify(src/interbotix_ros_manipulators/interbotix_ros_xsarms/install/rpi4) by extension 'ros'
[0.497s] Level 1:colcon.colcon_core.package_identification:_identify(src/interbotix_ros_manipulators/interbotix_ros_xsarms/install/rpi4) by extensions ['cmake', 'python']
[0.497s] Level 1:colcon.colcon_core.package_identification:_identify(src/interbotix_ros_manipulators/interbotix_ros_xsarms/install/rpi4) by extension 'cmake'
[0.497s] Level 1:colcon.colcon_core.package_identification:_identify(src/interbotix_ros_manipulators/interbotix_ros_xsarms/install/rpi4) by extension 'python'
[0.497s] Level 1:colcon.colcon_core.package_identification:_identify(src/interbotix_ros_manipulators/interbotix_ros_xsarms/install/rpi4) by extensions ['python_setup_py']
[0.497s] Level 1:colcon.colcon_core.package_identification:_identify(src/interbotix_ros_manipulators/interbotix_ros_xsarms/install/rpi4) by extension 'python_setup_py'
[0.497s] Level 1:colcon.colcon_core.package_identification:_identify(src/interbotix_ros_manipulators/interbotix_ros_xsarms/interbotix_ros_xsarms) by extensions ['ignore', 'ignore_ament_install']
[0.497s] Level 1:colcon.colcon_core.package_identification:_identify(src/interbotix_ros_manipulators/interbotix_ros_xsarms/interbotix_ros_xsarms) by extension 'ignore'
[0.497s] Level 1:colcon.colcon_core.package_identification:_identify(src/interbotix_ros_manipulators/interbotix_ros_xsarms/interbotix_ros_xsarms) by extension 'ignore_ament_install'
[0.498s] Level 1:colcon.colcon_core.package_identification:_identify(src/interbotix_ros_manipulators/interbotix_ros_xsarms/interbotix_ros_xsarms) by extensions ['colcon_pkg']
[0.498s] Level 1:colcon.colcon_core.package_identification:_identify(src/interbotix_ros_manipulators/interbotix_ros_xsarms/interbotix_ros_xsarms) by extension 'colcon_pkg'
[0.498s] Level 1:colcon.colcon_core.package_identification:_identify(src/interbotix_ros_manipulators/interbotix_ros_xsarms/interbotix_ros_xsarms) by extensions ['colcon_meta']
[0.498s] Level 1:colcon.colcon_core.package_identification:_identify(src/interbotix_ros_manipulators/interbotix_ros_xsarms/interbotix_ros_xsarms) by extension 'colcon_meta'
[0.498s] Level 1:colcon.colcon_core.package_identification:_identify(src/interbotix_ros_manipulators/interbotix_ros_xsarms/interbotix_ros_xsarms) by extensions ['ros']
[0.498s] Level 1:colcon.colcon_core.package_identification:_identify(src/interbotix_ros_manipulators/interbotix_ros_xsarms/interbotix_ros_xsarms) by extension 'ros'
[0.498s] DEBUG:colcon.colcon_core.package_identification:Package 'src/interbotix_ros_manipulators/interbotix_ros_xsarms/interbotix_ros_xsarms' with type 'ros.ament_cmake' and name 'interbotix_ros_xsarms'
[0.498s] Level 1:colcon.colcon_core.package_identification:_identify(src/interbotix_ros_manipulators/interbotix_ros_xsarms/interbotix_xsarm_control) by extensions ['ignore', 'ignore_ament_install']
[0.498s] Level 1:colcon.colcon_core.package_identification:_identify(src/interbotix_ros_manipulators/interbotix_ros_xsarms/interbotix_xsarm_control) by extension 'ignore'
[0.498s] Level 1:colcon.colcon_core.package_identification:_identify(src/interbotix_ros_manipulators/interbotix_ros_xsarms/interbotix_xsarm_control) by extension 'ignore_ament_install'
[0.498s] Level 1:colcon.colcon_core.package_identification:_identify(src/interbotix_ros_manipulators/interbotix_ros_xsarms/interbotix_xsarm_control) by extensions ['colcon_pkg']
[0.498s] Level 1:colcon.colcon_core.package_identification:_identify(src/interbotix_ros_manipulators/interbotix_ros_xsarms/interbotix_xsarm_control) by extension 'colcon_pkg'
[0.498s] Level 1:colcon.colcon_core.package_identification:_identify(src/interbotix_ros_manipulators/interbotix_ros_xsarms/interbotix_xsarm_control) by extensions ['colcon_meta']
[0.498s] Level 1:colcon.colcon_core.package_identification:_identify(src/interbotix_ros_manipulators/interbotix_ros_xsarms/interbotix_xsarm_control) by extension 'colcon_meta'
[0.498s] Level 1:colcon.colcon_core.package_identification:_identify(src/interbotix_ros_manipulators/interbotix_ros_xsarms/interbotix_xsarm_control) by extensions ['ros']
[0.498s] Level 1:colcon.colcon_core.package_identification:_identify(src/interbotix_ros_manipulators/interbotix_ros_xsarms/interbotix_xsarm_control) by extension 'ros'
[0.499s] DEBUG:colcon.colcon_core.package_identification:Package 'src/interbotix_ros_manipulators/interbotix_ros_xsarms/interbotix_xsarm_control' with type 'ros.ament_cmake' and name 'interbotix_xsarm_control'
[0.499s] Level 1:colcon.colcon_core.package_identification:_identify(src/interbotix_ros_manipulators/interbotix_ros_xsarms/interbotix_xsarm_descriptions) by extensions ['ignore', 'ignore_ament_install']
[0.499s] Level 1:colcon.colcon_core.package_identification:_identify(src/interbotix_ros_manipulators/interbotix_ros_xsarms/interbotix_xsarm_descriptions) by extension 'ignore'
[0.499s] Level 1:colcon.colcon_core.package_identification:_identify(src/interbotix_ros_manipulators/interbotix_ros_xsarms/interbotix_xsarm_descriptions) by extension 'ignore_ament_install'
[0.499s] Level 1:colcon.colcon_core.package_identification:_identify(src/interbotix_ros_manipulators/interbotix_ros_xsarms/interbotix_xsarm_descriptions) by extensions ['colcon_pkg']
[0.499s] Level 1:colcon.colcon_core.package_identification:_identify(src/interbotix_ros_manipulators/interbotix_ros_xsarms/interbotix_xsarm_descriptions) by extension 'colcon_pkg'
[0.499s] Level 1:colcon.colcon_core.package_identification:_identify(src/interbotix_ros_manipulators/interbotix_ros_xsarms/interbotix_xsarm_descriptions) by extensions ['colcon_meta']
[0.499s] Level 1:colcon.colcon_core.package_identification:_identify(src/interbotix_ros_manipulators/interbotix_ros_xsarms/interbotix_xsarm_descriptions) by extension 'colcon_meta'
[0.499s] Level 1:colcon.colcon_core.package_identification:_identify(src/interbotix_ros_manipulators/interbotix_ros_xsarms/interbotix_xsarm_descriptions) by extensions ['ros']
[0.499s] Level 1:colcon.colcon_core.package_identification:_identify(src/interbotix_ros_manipulators/interbotix_ros_xsarms/interbotix_xsarm_descriptions) by extension 'ros'
[0.500s] DEBUG:colcon.colcon_core.package_identification:Package 'src/interbotix_ros_manipulators/interbotix_ros_xsarms/interbotix_xsarm_descriptions' with type 'ros.ament_cmake' and name 'interbotix_xsarm_descriptions'
[0.500s] Level 1:colcon.colcon_core.package_identification:_identify(src/interbotix_ros_manipulators/interbotix_ros_xsarms/interbotix_xsarm_moveit) by extensions ['ignore', 'ignore_ament_install']
[0.500s] Level 1:colcon.colcon_core.package_identification:_identify(src/interbotix_ros_manipulators/interbotix_ros_xsarms/interbotix_xsarm_moveit) by extension 'ignore'
[0.500s] Level 1:colcon.colcon_core.package_identification:_identify(src/interbotix_ros_manipulators/interbotix_ros_xsarms/interbotix_xsarm_moveit) by extension 'ignore_ament_install'
[0.500s] Level 1:colcon.colcon_core.package_identification:_identify(src/interbotix_ros_manipulators/interbotix_ros_xsarms/interbotix_xsarm_moveit) by extensions ['colcon_pkg']
[0.500s] Level 1:colcon.colcon_core.package_identification:_identify(src/interbotix_ros_manipulators/interbotix_ros_xsarms/interbotix_xsarm_moveit) by extension 'colcon_pkg'
[0.500s] Level 1:colcon.colcon_core.package_identification:_identify(src/interbotix_ros_manipulators/interbotix_ros_xsarms/interbotix_xsarm_moveit) by extensions ['colcon_meta']
[0.500s] Level 1:colcon.colcon_core.package_identification:_identify(src/interbotix_ros_manipulators/interbotix_ros_xsarms/interbotix_xsarm_moveit) by extension 'colcon_meta'
[0.500s] Level 1:colcon.colcon_core.package_identification:_identify(src/interbotix_ros_manipulators/interbotix_ros_xsarms/interbotix_xsarm_moveit) by extensions ['ros']
[0.500s] Level 1:colcon.colcon_core.package_identification:_identify(src/interbotix_ros_manipulators/interbotix_ros_xsarms/interbotix_xsarm_moveit) by extension 'ros'
[0.501s] DEBUG:colcon.colcon_core.package_identification:Package 'src/interbotix_ros_manipulators/interbotix_ros_xsarms/interbotix_xsarm_moveit' with type 'ros.ament_cmake' and name 'interbotix_xsarm_moveit'
[0.501s] Level 1:colcon.colcon_core.package_identification:_identify(src/interbotix_ros_manipulators/interbotix_ros_xsarms/interbotix_xsarm_perception) by extensions ['ignore', 'ignore_ament_install']
[0.501s] Level 1:colcon.colcon_core.package_identification:_identify(src/interbotix_ros_manipulators/interbotix_ros_xsarms/interbotix_xsarm_perception) by extension 'ignore'
[0.501s] Level 1:colcon.colcon_core.package_identification:_identify(src/interbotix_ros_manipulators/interbotix_ros_xsarms/interbotix_xsarm_perception) ignored
[0.501s] Level 1:colcon.colcon_core.package_identification:_identify(src/interbotix_ros_manipulators/interbotix_ros_xsarms/interbotix_xsarm_ros_control) by extensions ['ignore', 'ignore_ament_install']
[0.501s] Level 1:colcon.colcon_core.package_identification:_identify(src/interbotix_ros_manipulators/interbotix_ros_xsarms/interbotix_xsarm_ros_control) by extension 'ignore'
[0.501s] Level 1:colcon.colcon_core.package_identification:_identify(src/interbotix_ros_manipulators/interbotix_ros_xsarms/interbotix_xsarm_ros_control) by extension 'ignore_ament_install'
[0.501s] Level 1:colcon.colcon_core.package_identification:_identify(src/interbotix_ros_manipulators/interbotix_ros_xsarms/interbotix_xsarm_ros_control) by extensions ['colcon_pkg']
[0.501s] Level 1:colcon.colcon_core.package_identification:_identify(src/interbotix_ros_manipulators/interbotix_ros_xsarms/interbotix_xsarm_ros_control) by extension 'colcon_pkg'
[0.501s] Level 1:colcon.colcon_core.package_identification:_identify(src/interbotix_ros_manipulators/interbotix_ros_xsarms/interbotix_xsarm_ros_control) by extensions ['colcon_meta']
[0.501s] Level 1:colcon.colcon_core.package_identification:_identify(src/interbotix_ros_manipulators/interbotix_ros_xsarms/interbotix_xsarm_ros_control) by extension 'colcon_meta'
[0.501s] Level 1:colcon.colcon_core.package_identification:_identify(src/interbotix_ros_manipulators/interbotix_ros_xsarms/interbotix_xsarm_ros_control) by extensions ['ros']
[0.501s] Level 1:colcon.colcon_core.package_identification:_identify(src/interbotix_ros_manipulators/interbotix_ros_xsarms/interbotix_xsarm_ros_control) by extension 'ros'
[0.501s] DEBUG:colcon.colcon_core.package_identification:Package 'src/interbotix_ros_manipulators/interbotix_ros_xsarms/interbotix_xsarm_ros_control' with type 'ros.ament_cmake' and name 'interbotix_xsarm_ros_control'
[0.501s] Level 1:colcon.colcon_core.package_identification:_identify(src/interbotix_ros_manipulators/interbotix_ros_xsarms/interbotix_xsarm_sim) by extensions ['ignore', 'ignore_ament_install']
[0.501s] Level 1:colcon.colcon_core.package_identification:_identify(src/interbotix_ros_manipulators/interbotix_ros_xsarms/interbotix_xsarm_sim) by extension 'ignore'
[0.501s] Level 1:colcon.colcon_core.package_identification:_identify(src/interbotix_ros_manipulators/interbotix_ros_xsarms/interbotix_xsarm_sim) by extension 'ignore_ament_install'
[0.501s] Level 1:colcon.colcon_core.package_identification:_identify(src/interbotix_ros_manipulators/interbotix_ros_xsarms/interbotix_xsarm_sim) by extensions ['colcon_pkg']
[0.502s] Level 1:colcon.colcon_core.package_identification:_identify(src/interbotix_ros_manipulators/interbotix_ros_xsarms/interbotix_xsarm_sim) by extension 'colcon_pkg'
[0.502s] Level 1:colcon.colcon_core.package_identification:_identify(src/interbotix_ros_manipulators/interbotix_ros_xsarms/interbotix_xsarm_sim) by extensions ['colcon_meta']
[0.502s] Level 1:colcon.colcon_core.package_identification:_identify(src/interbotix_ros_manipulators/interbotix_ros_xsarms/interbotix_xsarm_sim) by extension 'colcon_meta'
[0.502s] Level 1:colcon.colcon_core.package_identification:_identify(src/interbotix_ros_manipulators/interbotix_ros_xsarms/interbotix_xsarm_sim) by extensions ['ros']
[0.502s] Level 1:colcon.colcon_core.package_identification:_identify(src/interbotix_ros_manipulators/interbotix_ros_xsarms/interbotix_xsarm_sim) by extension 'ros'
[0.502s] DEBUG:colcon.colcon_core.package_identification:Package 'src/interbotix_ros_manipulators/interbotix_ros_xsarms/interbotix_xsarm_sim' with type 'ros.ament_cmake' and name 'interbotix_xsarm_sim'
[0.502s] Level 1:colcon.colcon_core.package_identification:_identify(src/interbotix_ros_toolboxes) by extensions ['ignore', 'ignore_ament_install']
[0.502s] Level 1:colcon.colcon_core.package_identification:_identify(src/interbotix_ros_toolboxes) by extension 'ignore'
[0.502s] Level 1:colcon.colcon_core.package_identification:_identify(src/interbotix_ros_toolboxes) by extension 'ignore_ament_install'
[0.502s] Level 1:colcon.colcon_core.package_identification:_identify(src/interbotix_ros_toolboxes) by extensions ['colcon_pkg']
[0.502s] Level 1:colcon.colcon_core.package_identification:_identify(src/interbotix_ros_toolboxes) by extension 'colcon_pkg'
[0.502s] Level 1:colcon.colcon_core.package_identification:_identify(src/interbotix_ros_toolboxes) by extensions ['colcon_meta']
[0.502s] Level 1:colcon.colcon_core.package_identification:_identify(src/interbotix_ros_toolboxes) by extension 'colcon_meta'
[0.502s] Level 1:colcon.colcon_core.package_identification:_identify(src/interbotix_ros_toolboxes) by extensions ['ros']
[0.502s] Level 1:colcon.colcon_core.package_identification:_identify(src/interbotix_ros_toolboxes) by extension 'ros'
[0.502s] Level 1:colcon.colcon_core.package_identification:_identify(src/interbotix_ros_toolboxes) by extensions ['cmake', 'python']
[0.502s] Level 1:colcon.colcon_core.package_identification:_identify(src/interbotix_ros_toolboxes) by extension 'cmake'
[0.502s] Level 1:colcon.colcon_core.package_identification:_identify(src/interbotix_ros_toolboxes) by extension 'python'
[0.502s] Level 1:colcon.colcon_core.package_identification:_identify(src/interbotix_ros_toolboxes) by extensions ['python_setup_py']
[0.502s] Level 1:colcon.colcon_core.package_identification:_identify(src/interbotix_ros_toolboxes) by extension 'python_setup_py'
[0.502s] Level 1:colcon.colcon_core.package_identification:_identify(src/interbotix_ros_toolboxes/images) by extensions ['ignore', 'ignore_ament_install']
[0.502s] Level 1:colcon.colcon_core.package_identification:_identify(src/interbotix_ros_toolboxes/images) by extension 'ignore'
[0.502s] Level 1:colcon.colcon_core.package_identification:_identify(src/interbotix_ros_toolboxes/images) by extension 'ignore_ament_install'
[0.502s] Level 1:colcon.colcon_core.package_identification:_identify(src/interbotix_ros_toolboxes/images) by extensions ['colcon_pkg']
[0.502s] Level 1:colcon.colcon_core.package_identification:_identify(src/interbotix_ros_toolboxes/images) by extension 'colcon_pkg'
[0.503s] Level 1:colcon.colcon_core.package_identification:_identify(src/interbotix_ros_toolboxes/images) by extensions ['colcon_meta']
[0.503s] Level 1:colcon.colcon_core.package_identification:_identify(src/interbotix_ros_toolboxes/images) by extension 'colcon_meta'
[0.503s] Level 1:colcon.colcon_core.package_identification:_identify(src/interbotix_ros_toolboxes/images) by extensions ['ros']
[0.503s] Level 1:colcon.colcon_core.package_identification:_identify(src/interbotix_ros_toolboxes/images) by extension 'ros'
[0.503s] Level 1:colcon.colcon_core.package_identification:_identify(src/interbotix_ros_toolboxes/images) by extensions ['cmake', 'python']
[0.503s] Level 1:colcon.colcon_core.package_identification:_identify(src/interbotix_ros_toolboxes/images) by extension 'cmake'
[0.503s] Level 1:colcon.colcon_core.package_identification:_identify(src/interbotix_ros_toolboxes/images) by extension 'python'
[0.503s] Level 1:colcon.colcon_core.package_identification:_identify(src/interbotix_ros_toolboxes/images) by extensions ['python_setup_py']
[0.503s] Level 1:colcon.colcon_core.package_identification:_identify(src/interbotix_ros_toolboxes/images) by extension 'python_setup_py'
[0.503s] Level 1:colcon.colcon_core.package_identification:_identify(src/interbotix_ros_toolboxes/interbotix_common_toolbox) by extensions ['ignore', 'ignore_ament_install']
[0.503s] Level 1:colcon.colcon_core.package_identification:_identify(src/interbotix_ros_toolboxes/interbotix_common_toolbox) by extension 'ignore'
[0.503s] Level 1:colcon.colcon_core.package_identification:_identify(src/interbotix_ros_toolboxes/interbotix_common_toolbox) by extension 'ignore_ament_install'
[0.503s] Level 1:colcon.colcon_core.package_identification:_identify(src/interbotix_ros_toolboxes/interbotix_common_toolbox) by extensions ['colcon_pkg']
[0.503s] Level 1:colcon.colcon_core.package_identification:_identify(src/interbotix_ros_toolboxes/interbotix_common_toolbox) by extension 'colcon_pkg'
[0.503s] Level 1:colcon.colcon_core.package_identification:_identify(src/interbotix_ros_toolboxes/interbotix_common_toolbox) by extensions ['colcon_meta']
[0.503s] Level 1:colcon.colcon_core.package_identification:_identify(src/interbotix_ros_toolboxes/interbotix_common_toolbox) by extension 'colcon_meta'
[0.503s] Level 1:colcon.colcon_core.package_identification:_identify(src/interbotix_ros_toolboxes/interbotix_common_toolbox) by extensions ['ros']
[0.503s] Level 1:colcon.colcon_core.package_identification:_identify(src/interbotix_ros_toolboxes/interbotix_common_toolbox) by extension 'ros'
[0.503s] Level 1:colcon.colcon_core.package_identification:_identify(src/interbotix_ros_toolboxes/interbotix_common_toolbox) by extensions ['cmake', 'python']
[0.503s] Level 1:colcon.colcon_core.package_identification:_identify(src/interbotix_ros_toolboxes/interbotix_common_toolbox) by extension 'cmake'
[0.503s] Level 1:colcon.colcon_core.package_identification:_identify(src/interbotix_ros_toolboxes/interbotix_common_toolbox) by extension 'python'
[0.503s] Level 1:colcon.colcon_core.package_identification:_identify(src/interbotix_ros_toolboxes/interbotix_common_toolbox) by extensions ['python_setup_py']
[0.503s] Level 1:colcon.colcon_core.package_identification:_identify(src/interbotix_ros_toolboxes/interbotix_common_toolbox) by extension 'python_setup_py'
[0.503s] Level 1:colcon.colcon_core.package_identification:_identify(src/interbotix_ros_toolboxes/interbotix_common_toolbox/interbotix_common_modules) by extensions ['ignore', 'ignore_ament_install']
[0.503s] Level 1:colcon.colcon_core.package_identification:_identify(src/interbotix_ros_toolboxes/interbotix_common_toolbox/interbotix_common_modules) by extension 'ignore'
[0.503s] Level 1:colcon.colcon_core.package_identification:_identify(src/interbotix_ros_toolboxes/interbotix_common_toolbox/interbotix_common_modules) by extension 'ignore_ament_install'
[0.503s] Level 1:colcon.colcon_core.package_identification:_identify(src/interbotix_ros_toolboxes/interbotix_common_toolbox/interbotix_common_modules) by extensions ['colcon_pkg']
[0.503s] Level 1:colcon.colcon_core.package_identification:_identify(src/interbotix_ros_toolboxes/interbotix_common_toolbox/interbotix_common_modules) by extension 'colcon_pkg'
[0.503s] Level 1:colcon.colcon_core.package_identification:_identify(src/interbotix_ros_toolboxes/interbotix_common_toolbox/interbotix_common_modules) by extensions ['colcon_meta']
[0.503s] Level 1:colcon.colcon_core.package_identification:_identify(src/interbotix_ros_toolboxes/interbotix_common_toolbox/interbotix_common_modules) by extension 'colcon_meta'
[0.503s] Level 1:colcon.colcon_core.package_identification:_identify(src/interbotix_ros_toolboxes/interbotix_common_toolbox/interbotix_common_modules) by extensions ['ros']
[0.503s] Level 1:colcon.colcon_core.package_identification:_identify(src/interbotix_ros_toolboxes/interbotix_common_toolbox/interbotix_common_modules) by extension 'ros'
[0.503s] DEBUG:colcon.colcon_core.package_identification:Package 'src/interbotix_ros_toolboxes/interbotix_common_toolbox/interbotix_common_modules' with type 'ros.ament_python' and name 'interbotix_common_modules'
[0.504s] Level 1:colcon.colcon_core.package_identification:_identify(src/interbotix_ros_toolboxes/interbotix_common_toolbox/interbotix_common_sim) by extensions ['ignore', 'ignore_ament_install']
[0.504s] Level 1:colcon.colcon_core.package_identification:_identify(src/interbotix_ros_toolboxes/interbotix_common_toolbox/interbotix_common_sim) by extension 'ignore'
[0.504s] Level 1:colcon.colcon_core.package_identification:_identify(src/interbotix_ros_toolboxes/interbotix_common_toolbox/interbotix_common_sim) by extension 'ignore_ament_install'
[0.504s] Level 1:colcon.colcon_core.package_identification:_identify(src/interbotix_ros_toolboxes/interbotix_common_toolbox/interbotix_common_sim) by extensions ['colcon_pkg']
[0.504s] Level 1:colcon.colcon_core.package_identification:_identify(src/interbotix_ros_toolboxes/interbotix_common_toolbox/interbotix_common_sim) by extension 'colcon_pkg'
[0.504s] Level 1:colcon.colcon_core.package_identification:_identify(src/interbotix_ros_toolboxes/interbotix_common_toolbox/interbotix_common_sim) by extensions ['colcon_meta']
[0.504s] Level 1:colcon.colcon_core.package_identification:_identify(src/interbotix_ros_toolboxes/interbotix_common_toolbox/interbotix_common_sim) by extension 'colcon_meta'
[0.504s] Level 1:colcon.colcon_core.package_identification:_identify(src/interbotix_ros_toolboxes/interbotix_common_toolbox/interbotix_common_sim) by extensions ['ros']
[0.504s] Level 1:colcon.colcon_core.package_identification:_identify(src/interbotix_ros_toolboxes/interbotix_common_toolbox/interbotix_common_sim) by extension 'ros'
[0.504s] DEBUG:colcon.colcon_core.package_identification:Package 'src/interbotix_ros_toolboxes/interbotix_common_toolbox/interbotix_common_sim' with type 'ros.ament_cmake' and name 'interbotix_common_sim'
[0.504s] Level 1:colcon.colcon_core.package_identification:_identify(src/interbotix_ros_toolboxes/interbotix_common_toolbox/interbotix_common_toolbox) by extensions ['ignore', 'ignore_ament_install']
[0.504s] Level 1:colcon.colcon_core.package_identification:_identify(src/interbotix_ros_toolboxes/interbotix_common_toolbox/interbotix_common_toolbox) by extension 'ignore'
[0.504s] Level 1:colcon.colcon_core.package_identification:_identify(src/interbotix_ros_toolboxes/interbotix_common_toolbox/interbotix_common_toolbox) by extension 'ignore_ament_install'
[0.504s] Level 1:colcon.colcon_core.package_identification:_identify(src/interbotix_ros_toolboxes/interbotix_common_toolbox/interbotix_common_toolbox) by extensions ['colcon_pkg']
[0.504s] Level 1:colcon.colcon_core.package_identification:_identify(src/interbotix_ros_toolboxes/interbotix_common_toolbox/interbotix_common_toolbox) by extension 'colcon_pkg'
[0.504s] Level 1:colcon.colcon_core.package_identification:_identify(src/interbotix_ros_toolboxes/interbotix_common_toolbox/interbotix_common_toolbox) by extensions ['colcon_meta']
[0.504s] Level 1:colcon.colcon_core.package_identification:_identify(src/interbotix_ros_toolboxes/interbotix_common_toolbox/interbotix_common_toolbox) by extension 'colcon_meta'
[0.504s] Level 1:colcon.colcon_core.package_identification:_identify(src/interbotix_ros_toolboxes/interbotix_common_toolbox/interbotix_common_toolbox) by extensions ['ros']
[0.504s] Level 1:colcon.colcon_core.package_identification:_identify(src/interbotix_ros_toolboxes/interbotix_common_toolbox/interbotix_common_toolbox) by extension 'ros'
[0.504s] DEBUG:colcon.colcon_core.package_identification:Package 'src/interbotix_ros_toolboxes/interbotix_common_toolbox/interbotix_common_toolbox' with type 'ros.ament_cmake' and name 'interbotix_common_toolbox'
[0.504s] Level 1:colcon.colcon_core.package_identification:_identify(src/interbotix_ros_toolboxes/interbotix_common_toolbox/interbotix_landmark_modules) by extensions ['ignore', 'ignore_ament_install']
[0.505s] Level 1:colcon.colcon_core.package_identification:_identify(src/interbotix_ros_toolboxes/interbotix_common_toolbox/interbotix_landmark_modules) by extension 'ignore'
[0.505s] Level 1:colcon.colcon_core.package_identification:_identify(src/interbotix_ros_toolboxes/interbotix_common_toolbox/interbotix_landmark_modules) ignored
[0.505s] Level 1:colcon.colcon_core.package_identification:_identify(src/interbotix_ros_toolboxes/interbotix_common_toolbox/interbotix_moveit_interface) by extensions ['ignore', 'ignore_ament_install']
[0.505s] Level 1:colcon.colcon_core.package_identification:_identify(src/interbotix_ros_toolboxes/interbotix_common_toolbox/interbotix_moveit_interface) by extension 'ignore'
[0.505s] Level 1:colcon.colcon_core.package_identification:_identify(src/interbotix_ros_toolboxes/interbotix_common_toolbox/interbotix_moveit_interface) by extension 'ignore_ament_install'
[0.505s] Level 1:colcon.colcon_core.package_identification:_identify(src/interbotix_ros_toolboxes/interbotix_common_toolbox/interbotix_moveit_interface) by extensions ['colcon_pkg']
[0.505s] Level 1:colcon.colcon_core.package_identification:_identify(src/interbotix_ros_toolboxes/interbotix_common_toolbox/interbotix_moveit_interface) by extension 'colcon_pkg'
[0.505s] Level 1:colcon.colcon_core.package_identification:_identify(src/interbotix_ros_toolboxes/interbotix_common_toolbox/interbotix_moveit_interface) by extensions ['colcon_meta']
[0.505s] Level 1:colcon.colcon_core.package_identification:_identify(src/interbotix_ros_toolboxes/interbotix_common_toolbox/interbotix_moveit_interface) by extension 'colcon_meta'
[0.505s] Level 1:colcon.colcon_core.package_identification:_identify(src/interbotix_ros_toolboxes/interbotix_common_toolbox/interbotix_moveit_interface) by extensions ['ros']
[0.505s] Level 1:colcon.colcon_core.package_identification:_identify(src/interbotix_ros_toolboxes/interbotix_common_toolbox/interbotix_moveit_interface) by extension 'ros'
[0.505s] DEBUG:colcon.colcon_core.package_identification:Package 'src/interbotix_ros_toolboxes/interbotix_common_toolbox/interbotix_moveit_interface' with type 'ros.ament_cmake' and name 'interbotix_moveit_interface'
[0.505s] Level 1:colcon.colcon_core.package_identification:_identify(src/interbotix_ros_toolboxes/interbotix_common_toolbox/interbotix_moveit_interface_msgs) by extensions ['ignore', 'ignore_ament_install']
[0.505s] Level 1:colcon.colcon_core.package_identification:_identify(src/interbotix_ros_toolboxes/interbotix_common_toolbox/interbotix_moveit_interface_msgs) by extension 'ignore'
[0.506s] Level 1:colcon.colcon_core.package_identification:_identify(src/interbotix_ros_toolboxes/interbotix_common_toolbox/interbotix_moveit_interface_msgs) by extension 'ignore_ament_install'
[0.506s] Level 1:colcon.colcon_core.package_identification:_identify(src/interbotix_ros_toolboxes/interbotix_common_toolbox/interbotix_moveit_interface_msgs) by extensions ['colcon_pkg']
[0.506s] Level 1:colcon.colcon_core.package_identification:_identify(src/interbotix_ros_toolboxes/interbotix_common_toolbox/interbotix_moveit_interface_msgs) by extension 'colcon_pkg'
[0.506s] Level 1:colcon.colcon_core.package_identification:_identify(src/interbotix_ros_toolboxes/interbotix_common_toolbox/interbotix_moveit_interface_msgs) by extensions ['colcon_meta']
[0.506s] Level 1:colcon.colcon_core.package_identification:_identify(src/interbotix_ros_toolboxes/interbotix_common_toolbox/interbotix_moveit_interface_msgs) by extension 'colcon_meta'
[0.506s] Level 1:colcon.colcon_core.package_identification:_identify(src/interbotix_ros_toolboxes/interbotix_common_toolbox/interbotix_moveit_interface_msgs) by extensions ['ros']
[0.506s] Level 1:colcon.colcon_core.package_identification:_identify(src/interbotix_ros_toolboxes/interbotix_common_toolbox/interbotix_moveit_interface_msgs) by extension 'ros'
[0.506s] DEBUG:colcon.colcon_core.package_identification:Package 'src/interbotix_ros_toolboxes/interbotix_common_toolbox/interbotix_moveit_interface_msgs' with type 'ros.ament_cmake' and name 'interbotix_moveit_interface_msgs'
[0.506s] Level 1:colcon.colcon_core.package_identification:_identify(src/interbotix_ros_toolboxes/interbotix_common_toolbox/interbotix_tf_tools) by extensions ['ignore', 'ignore_ament_install']
[0.506s] Level 1:colcon.colcon_core.package_identification:_identify(src/interbotix_ros_toolboxes/interbotix_common_toolbox/interbotix_tf_tools) by extension 'ignore'
[0.506s] Level 1:colcon.colcon_core.package_identification:_identify(src/interbotix_ros_toolboxes/interbotix_common_toolbox/interbotix_tf_tools) by extension 'ignore_ament_install'
[0.506s] Level 1:colcon.colcon_core.package_identification:_identify(src/interbotix_ros_toolboxes/interbotix_common_toolbox/interbotix_tf_tools) by extensions ['colcon_pkg']
[0.506s] Level 1:colcon.colcon_core.package_identification:_identify(src/interbotix_ros_toolboxes/interbotix_common_toolbox/interbotix_tf_tools) by extension 'colcon_pkg'
[0.506s] Level 1:colcon.colcon_core.package_identification:_identify(src/interbotix_ros_toolboxes/interbotix_common_toolbox/interbotix_tf_tools) by extensions ['colcon_meta']
[0.506s] Level 1:colcon.colcon_core.package_identification:_identify(src/interbotix_ros_toolboxes/interbotix_common_toolbox/interbotix_tf_tools) by extension 'colcon_meta'
[0.506s] Level 1:colcon.colcon_core.package_identification:_identify(src/interbotix_ros_toolboxes/interbotix_common_toolbox/interbotix_tf_tools) by extensions ['ros']
[0.506s] Level 1:colcon.colcon_core.package_identification:_identify(src/interbotix_ros_toolboxes/interbotix_common_toolbox/interbotix_tf_tools) by extension 'ros'
[0.507s] DEBUG:colcon.colcon_core.package_identification:Package 'src/interbotix_ros_toolboxes/interbotix_common_toolbox/interbotix_tf_tools' with type 'ros.ament_cmake' and name 'interbotix_tf_tools'
[0.507s] Level 1:colcon.colcon_core.package_identification:_identify(src/interbotix_ros_toolboxes/interbotix_io_toolbox) by extensions ['ignore', 'ignore_ament_install']
[0.507s] Level 1:colcon.colcon_core.package_identification:_identify(src/interbotix_ros_toolboxes/interbotix_io_toolbox) by extension 'ignore'
[0.507s] Level 1:colcon.colcon_core.package_identification:_identify(src/interbotix_ros_toolboxes/interbotix_io_toolbox) ignored
[0.507s] Level 1:colcon.colcon_core.package_identification:_identify(src/interbotix_ros_toolboxes/interbotix_perception_toolbox) by extensions ['ignore', 'ignore_ament_install']
[0.507s] Level 1:colcon.colcon_core.package_identification:_identify(src/interbotix_ros_toolboxes/interbotix_perception_toolbox) by extension 'ignore'
[0.507s] Level 1:colcon.colcon_core.package_identification:_identify(src/interbotix_ros_toolboxes/interbotix_perception_toolbox) ignored
[0.507s] Level 1:colcon.colcon_core.package_identification:_identify(src/interbotix_ros_toolboxes/interbotix_rpi_toolbox) by extensions ['ignore', 'ignore_ament_install']
[0.507s] Level 1:colcon.colcon_core.package_identification:_identify(src/interbotix_ros_toolboxes/interbotix_rpi_toolbox) by extension 'ignore'
[0.507s] Level 1:colcon.colcon_core.package_identification:_identify(src/interbotix_ros_toolboxes/interbotix_rpi_toolbox) ignored
[0.507s] Level 1:colcon.colcon_core.package_identification:_identify(src/interbotix_ros_toolboxes/interbotix_xs_toolbox) by extensions ['ignore', 'ignore_ament_install']
[0.507s] Level 1:colcon.colcon_core.package_identification:_identify(src/interbotix_ros_toolboxes/interbotix_xs_toolbox) by extension 'ignore'
[0.507s] Level 1:colcon.colcon_core.package_identification:_identify(src/interbotix_ros_toolboxes/interbotix_xs_toolbox) by extension 'ignore_ament_install'
[0.507s] Level 1:colcon.colcon_core.package_identification:_identify(src/interbotix_ros_toolboxes/interbotix_xs_toolbox) by extensions ['colcon_pkg']
[0.507s] Level 1:colcon.colcon_core.package_identification:_identify(src/interbotix_ros_toolboxes/interbotix_xs_toolbox) by extension 'colcon_pkg'
[0.507s] Level 1:colcon.colcon_core.package_identification:_identify(src/interbotix_ros_toolboxes/interbotix_xs_toolbox) by extensions ['colcon_meta']
[0.507s] Level 1:colcon.colcon_core.package_identification:_identify(src/interbotix_ros_toolboxes/interbotix_xs_toolbox) by extension 'colcon_meta'
[0.507s] Level 1:colcon.colcon_core.package_identification:_identify(src/interbotix_ros_toolboxes/interbotix_xs_toolbox) by extensions ['ros']
[0.507s] Level 1:colcon.colcon_core.package_identification:_identify(src/interbotix_ros_toolboxes/interbotix_xs_toolbox) by extension 'ros'
[0.507s] Level 1:colcon.colcon_core.package_identification:_identify(src/interbotix_ros_toolboxes/interbotix_xs_toolbox) by extensions ['cmake', 'python']
[0.507s] Level 1:colcon.colcon_core.package_identification:_identify(src/interbotix_ros_toolboxes/interbotix_xs_toolbox) by extension 'cmake'
[0.507s] Level 1:colcon.colcon_core.package_identification:_identify(src/interbotix_ros_toolboxes/interbotix_xs_toolbox) by extension 'python'
[0.507s] Level 1:colcon.colcon_core.package_identification:_identify(src/interbotix_ros_toolboxes/interbotix_xs_toolbox) by extensions ['python_setup_py']
[0.507s] Level 1:colcon.colcon_core.package_identification:_identify(src/interbotix_ros_toolboxes/interbotix_xs_toolbox) by extension 'python_setup_py'
[0.507s] Level 1:colcon.colcon_core.package_identification:_identify(src/interbotix_ros_toolboxes/interbotix_xs_toolbox/interbotix_xs_modules) by extensions ['ignore', 'ignore_ament_install']
[0.507s] Level 1:colcon.colcon_core.package_identification:_identify(src/interbotix_ros_toolboxes/interbotix_xs_toolbox/interbotix_xs_modules) by extension 'ignore'
[0.507s] Level 1:colcon.colcon_core.package_identification:_identify(src/interbotix_ros_toolboxes/interbotix_xs_toolbox/interbotix_xs_modules) by extension 'ignore_ament_install'
[0.507s] Level 1:colcon.colcon_core.package_identification:_identify(src/interbotix_ros_toolboxes/interbotix_xs_toolbox/interbotix_xs_modules) by extensions ['colcon_pkg']
[0.508s] Level 1:colcon.colcon_core.package_identification:_identify(src/interbotix_ros_toolboxes/interbotix_xs_toolbox/interbotix_xs_modules) by extension 'colcon_pkg'
[0.508s] Level 1:colcon.colcon_core.package_identification:_identify(src/interbotix_ros_toolboxes/interbotix_xs_toolbox/interbotix_xs_modules) by extensions ['colcon_meta']
[0.508s] Level 1:colcon.colcon_core.package_identification:_identify(src/interbotix_ros_toolboxes/interbotix_xs_toolbox/interbotix_xs_modules) by extension 'colcon_meta'
[0.508s] Level 1:colcon.colcon_core.package_identification:_identify(src/interbotix_ros_toolboxes/interbotix_xs_toolbox/interbotix_xs_modules) by extensions ['ros']
[0.508s] Level 1:colcon.colcon_core.package_identification:_identify(src/interbotix_ros_toolboxes/interbotix_xs_toolbox/interbotix_xs_modules) by extension 'ros'
[0.508s] DEBUG:colcon.colcon_core.package_identification:Package 'src/interbotix_ros_toolboxes/interbotix_xs_toolbox/interbotix_xs_modules' with type 'ros.ament_python' and name 'interbotix_xs_modules'
[0.508s] Level 1:colcon.colcon_core.package_identification:_identify(src/interbotix_ros_toolboxes/interbotix_xs_toolbox/interbotix_xs_ros_control) by extensions ['ignore', 'ignore_ament_install']
[0.508s] Level 1:colcon.colcon_core.package_identification:_identify(src/interbotix_ros_toolboxes/interbotix_xs_toolbox/interbotix_xs_ros_control) by extension 'ignore'
[0.508s] Level 1:colcon.colcon_core.package_identification:_identify(src/interbotix_ros_toolboxes/interbotix_xs_toolbox/interbotix_xs_ros_control) by extension 'ignore_ament_install'
[0.508s] Level 1:colcon.colcon_core.package_identification:_identify(src/interbotix_ros_toolboxes/interbotix_xs_toolbox/interbotix_xs_ros_control) by extensions ['colcon_pkg']
[0.508s] Level 1:colcon.colcon_core.package_identification:_identify(src/interbotix_ros_toolboxes/interbotix_xs_toolbox/interbotix_xs_ros_control) by extension 'colcon_pkg'
[0.508s] Level 1:colcon.colcon_core.package_identification:_identify(src/interbotix_ros_toolboxes/interbotix_xs_toolbox/interbotix_xs_ros_control) by extensions ['colcon_meta']
[0.508s] Level 1:colcon.colcon_core.package_identification:_identify(src/interbotix_ros_toolboxes/interbotix_xs_toolbox/interbotix_xs_ros_control) by extension 'colcon_meta'
[0.508s] Level 1:colcon.colcon_core.package_identification:_identify(src/interbotix_ros_toolboxes/interbotix_xs_toolbox/interbotix_xs_ros_control) by extensions ['ros']
[0.508s] Level 1:colcon.colcon_core.package_identification:_identify(src/interbotix_ros_toolboxes/interbotix_xs_toolbox/interbotix_xs_ros_control) by extension 'ros'
[0.509s] DEBUG:colcon.colcon_core.package_identification:Package 'src/interbotix_ros_toolboxes/interbotix_xs_toolbox/interbotix_xs_ros_control' with type 'ros.ament_cmake' and name 'interbotix_xs_ros_control'
[0.509s] Level 1:colcon.colcon_core.package_identification:_identify(src/interbotix_ros_toolboxes/interbotix_xs_toolbox/interbotix_xs_rviz) by extensions ['ignore', 'ignore_ament_install']
[0.509s] Level 1:colcon.colcon_core.package_identification:_identify(src/interbotix_ros_toolboxes/interbotix_xs_toolbox/interbotix_xs_rviz) by extension 'ignore'
[0.509s] Level 1:colcon.colcon_core.package_identification:_identify(src/interbotix_ros_toolboxes/interbotix_xs_toolbox/interbotix_xs_rviz) by extension 'ignore_ament_install'
[0.509s] Level 1:colcon.colcon_core.package_identification:_identify(src/interbotix_ros_toolboxes/interbotix_xs_toolbox/interbotix_xs_rviz) by extensions ['colcon_pkg']
[0.509s] Level 1:colcon.colcon_core.package_identification:_identify(src/interbotix_ros_toolboxes/interbotix_xs_toolbox/interbotix_xs_rviz) by extension 'colcon_pkg'
[0.509s] Level 1:colcon.colcon_core.package_identification:_identify(src/interbotix_ros_toolboxes/interbotix_xs_toolbox/interbotix_xs_rviz) by extensions ['colcon_meta']
[0.509s] Level 1:colcon.colcon_core.package_identification:_identify(src/interbotix_ros_toolboxes/interbotix_xs_toolbox/interbotix_xs_rviz) by extension 'colcon_meta'
[0.509s] Level 1:colcon.colcon_core.package_identification:_identify(src/interbotix_ros_toolboxes/interbotix_xs_toolbox/interbotix_xs_rviz) by extensions ['ros']
[0.509s] Level 1:colcon.colcon_core.package_identification:_identify(src/interbotix_ros_toolboxes/interbotix_xs_toolbox/interbotix_xs_rviz) by extension 'ros'
[0.509s] DEBUG:colcon.colcon_core.package_identification:Package 'src/interbotix_ros_toolboxes/interbotix_xs_toolbox/interbotix_xs_rviz' with type 'ros.ament_cmake' and name 'interbotix_xs_rviz'
[0.510s] Level 1:colcon.colcon_core.package_identification:_identify(src/interbotix_ros_toolboxes/interbotix_xs_toolbox/interbotix_xs_toolbox) by extensions ['ignore', 'ignore_ament_install']
[0.510s] Level 1:colcon.colcon_core.package_identification:_identify(src/interbotix_ros_toolboxes/interbotix_xs_toolbox/interbotix_xs_toolbox) by extension 'ignore'
[0.510s] Level 1:colcon.colcon_core.package_identification:_identify(src/interbotix_ros_toolboxes/interbotix_xs_toolbox/interbotix_xs_toolbox) by extension 'ignore_ament_install'
[0.510s] Level 1:colcon.colcon_core.package_identification:_identify(src/interbotix_ros_toolboxes/interbotix_xs_toolbox/interbotix_xs_toolbox) by extensions ['colcon_pkg']
[0.510s] Level 1:colcon.colcon_core.package_identification:_identify(src/interbotix_ros_toolboxes/interbotix_xs_toolbox/interbotix_xs_toolbox) by extension 'colcon_pkg'
[0.510s] Level 1:colcon.colcon_core.package_identification:_identify(src/interbotix_ros_toolboxes/interbotix_xs_toolbox/interbotix_xs_toolbox) by extensions ['colcon_meta']
[0.510s] Level 1:colcon.colcon_core.package_identification:_identify(src/interbotix_ros_toolboxes/interbotix_xs_toolbox/interbotix_xs_toolbox) by extension 'colcon_meta'
[0.510s] Level 1:colcon.colcon_core.package_identification:_identify(src/interbotix_ros_toolboxes/interbotix_xs_toolbox/interbotix_xs_toolbox) by extensions ['ros']
[0.510s] Level 1:colcon.colcon_core.package_identification:_identify(src/interbotix_ros_toolboxes/interbotix_xs_toolbox/interbotix_xs_toolbox) by extension 'ros'
[0.510s] DEBUG:colcon.colcon_core.package_identification:Package 'src/interbotix_ros_toolboxes/interbotix_xs_toolbox/interbotix_xs_toolbox' with type 'ros.ament_cmake' and name 'interbotix_xs_toolbox'
[0.510s] Level 1:colcon.colcon_core.package_identification:_identify(src/interbotix_ros_toolboxes/third_party_libraries) by extensions ['ignore', 'ignore_ament_install']
[0.510s] Level 1:colcon.colcon_core.package_identification:_identify(src/interbotix_ros_toolboxes/third_party_libraries) by extension 'ignore'
[0.510s] Level 1:colcon.colcon_core.package_identification:_identify(src/interbotix_ros_toolboxes/third_party_libraries) by extension 'ignore_ament_install'
[0.510s] Level 1:colcon.colcon_core.package_identification:_identify(src/interbotix_ros_toolboxes/third_party_libraries) by extensions ['colcon_pkg']
[0.510s] Level 1:colcon.colcon_core.package_identification:_identify(src/interbotix_ros_toolboxes/third_party_libraries) by extension 'colcon_pkg'
[0.510s] Level 1:colcon.colcon_core.package_identification:_identify(src/interbotix_ros_toolboxes/third_party_libraries) by extensions ['colcon_meta']
[0.510s] Level 1:colcon.colcon_core.package_identification:_identify(src/interbotix_ros_toolboxes/third_party_libraries) by extension 'colcon_meta'
[0.510s] Level 1:colcon.colcon_core.package_identification:_identify(src/interbotix_ros_toolboxes/third_party_libraries) by extensions ['ros']
[0.510s] Level 1:colcon.colcon_core.package_identification:_identify(src/interbotix_ros_toolboxes/third_party_libraries) by extension 'ros'
[0.510s] Level 1:colcon.colcon_core.package_identification:_identify(src/interbotix_ros_toolboxes/third_party_libraries) by extensions ['cmake', 'python']
[0.510s] Level 1:colcon.colcon_core.package_identification:_identify(src/interbotix_ros_toolboxes/third_party_libraries) by extension 'cmake'
[0.510s] Level 1:colcon.colcon_core.package_identification:_identify(src/interbotix_ros_toolboxes/third_party_libraries) by extension 'python'
[0.510s] Level 1:colcon.colcon_core.package_identification:_identify(src/interbotix_ros_toolboxes/third_party_libraries) by extensions ['python_setup_py']
[0.510s] Level 1:colcon.colcon_core.package_identification:_identify(src/interbotix_ros_toolboxes/third_party_libraries) by extension 'python_setup_py'
[0.510s] Level 1:colcon.colcon_core.package_identification:_identify(src/interbotix_ros_toolboxes/third_party_libraries/ModernRobotics) by extensions ['ignore', 'ignore_ament_install']
[0.510s] Level 1:colcon.colcon_core.package_identification:_identify(src/interbotix_ros_toolboxes/third_party_libraries/ModernRobotics) by extension 'ignore'
[0.510s] Level 1:colcon.colcon_core.package_identification:_identify(src/interbotix_ros_toolboxes/third_party_libraries/ModernRobotics) by extension 'ignore_ament_install'
[0.511s] Level 1:colcon.colcon_core.package_identification:_identify(src/interbotix_ros_toolboxes/third_party_libraries/ModernRobotics) by extensions ['colcon_pkg']
[0.511s] Level 1:colcon.colcon_core.package_identification:_identify(src/interbotix_ros_toolboxes/third_party_libraries/ModernRobotics) by extension 'colcon_pkg'
[0.511s] Level 1:colcon.colcon_core.package_identification:_identify(src/interbotix_ros_toolboxes/third_party_libraries/ModernRobotics) by extensions ['colcon_meta']
[0.511s] Level 1:colcon.colcon_core.package_identification:_identify(src/interbotix_ros_toolboxes/third_party_libraries/ModernRobotics) by extension 'colcon_meta'
[0.511s] Level 1:colcon.colcon_core.package_identification:_identify(src/interbotix_ros_toolboxes/third_party_libraries/ModernRobotics) by extensions ['ros']
[0.511s] Level 1:colcon.colcon_core.package_identification:_identify(src/interbotix_ros_toolboxes/third_party_libraries/ModernRobotics) by extension 'ros'
[0.511s] Level 1:colcon.colcon_core.package_identification:_identify(src/interbotix_ros_toolboxes/third_party_libraries/ModernRobotics) by extensions ['cmake', 'python']
[0.511s] Level 1:colcon.colcon_core.package_identification:_identify(src/interbotix_ros_toolboxes/third_party_libraries/ModernRobotics) by extension 'cmake'
[0.511s] Level 1:colcon.colcon_core.package_identification:_identify(src/interbotix_ros_toolboxes/third_party_libraries/ModernRobotics) by extension 'python'
[0.511s] Level 1:colcon.colcon_core.package_identification:_identify(src/interbotix_ros_toolboxes/third_party_libraries/ModernRobotics) by extensions ['python_setup_py']
[0.511s] Level 1:colcon.colcon_core.package_identification:_identify(src/interbotix_ros_toolboxes/third_party_libraries/ModernRobotics) by extension 'python_setup_py'
[0.511s] Level 1:colcon.colcon_core.package_identification:_identify(src/interbotix_xs_driver) by extensions ['ignore', 'ignore_ament_install']
[0.511s] Level 1:colcon.colcon_core.package_identification:_identify(src/interbotix_xs_driver) by extension 'ignore'
[0.511s] Level 1:colcon.colcon_core.package_identification:_identify(src/interbotix_xs_driver) by extension 'ignore_ament_install'
[0.511s] Level 1:colcon.colcon_core.package_identification:_identify(src/interbotix_xs_driver) by extensions ['colcon_pkg']
[0.511s] Level 1:colcon.colcon_core.package_identification:_identify(src/interbotix_xs_driver) by extension 'colcon_pkg'
[0.511s] Level 1:colcon.colcon_core.package_identification:_identify(src/interbotix_xs_driver) by extensions ['colcon_meta']
[0.511s] Level 1:colcon.colcon_core.package_identification:_identify(src/interbotix_xs_driver) by extension 'colcon_meta'
[0.511s] Level 1:colcon.colcon_core.package_identification:_identify(src/interbotix_xs_driver) by extensions ['ros']
[0.511s] Level 1:colcon.colcon_core.package_identification:_identify(src/interbotix_xs_driver) by extension 'ros'
[0.511s] DEBUG:colcon.colcon_core.package_identification:Package 'src/interbotix_xs_driver' with type 'ros.ament_cmake' and name 'interbotix_xs_driver'
[0.511s] Level 1:colcon.colcon_core.package_discovery:discover_packages(recursive) using defaults
[0.511s] Level 1:colcon.colcon_core.package_discovery:discover_packages(ignore) discover
[0.511s] Level 1:colcon.colcon_core.package_discovery:discover_packages(ignore) using defaults
[0.511s] Level 1:colcon.colcon_core.package_discovery:discover_packages(path) discover
[0.511s] Level 1:colcon.colcon_core.package_discovery:discover_packages(path) using defaults
[0.529s] Level 1:colcon.colcon_core.package_discovery:discover_packages(prefix_path) check parameters
[0.529s] Level 1:colcon.colcon_core.package_discovery:discover_packages(prefix_path) discover
[0.530s] DEBUG:colcon.colcon_installed_package_information.package_discovery:Found 27 installed packages in /home/derek-dietz/MSAI/ComputerVision/Final_Project/ws/interbotix/install
[0.530s] DEBUG:colcon.colcon_installed_package_information.package_discovery:Found 1 installed packages in /home/derek-dietz/MSAI/ComputerVision/Final_Project/ros_ws/install
[0.531s] DEBUG:colcon.colcon_installed_package_information.package_discovery:Found 436 installed packages in /opt/ros/kilted
[0.532s] Level 1:colcon.colcon_core.package_discovery:discover_packages(prefix_path) using defaults
[0.574s] Level 5:colcon.colcon_core.verb:set package 'arm' build argument 'cmake_args' from command line to 'None'
[0.574s] Level 5:colcon.colcon_core.verb:set package 'arm' build argument 'cmake_target' from command line to 'None'
[0.574s] Level 5:colcon.colcon_core.verb:set package 'arm' build argument 'cmake_target_skip_unavailable' from command line to 'False'
[0.574s] Level 5:colcon.colcon_core.verb:set package 'arm' build argument 'cmake_clean_cache' from command line to 'False'
[0.574s] Level 5:colcon.colcon_core.verb:set package 'arm' build argument 'cmake_clean_first' from command line to 'False'
[0.574s] Level 5:colcon.colcon_core.verb:set package 'arm' build argument 'cmake_force_configure' from command line to 'False'
[0.574s] Level 5:colcon.colcon_core.verb:set package 'arm' build argument 'ament_cmake_args' from command line to 'None'
[0.574s] Level 5:colcon.colcon_core.verb:set package 'arm' build argument 'catkin_cmake_args' from command line to 'None'
[0.574s] Level 5:colcon.colcon_core.verb:set package 'arm' build argument 'catkin_skip_building_tests' from command line to 'False'
[0.574s] DEBUG:colcon.colcon_core.verb:Building package 'arm' with the following arguments: {'ament_cmake_args': None, 'build_base': '/home/derek-dietz/MSAI/ComputerVision/Final_Project/ws/interbotix/build/arm', 'catkin_cmake_args': None, 'catkin_skip_building_tests': False, 'cmake_args': None, 'cmake_clean_cache': False, 'cmake_clean_first': False, 'cmake_force_configure': False, 'cmake_target': None, 'cmake_target_skip_unavailable': False, 'install_base': '/home/derek-dietz/MSAI/ComputerVision/Final_Project/ws/interbotix/install', 'merge_install': True, 'path': '/home/derek-dietz/MSAI/ComputerVision/Final_Project/ws/interbotix/src/arm', 'symlink_install': False, 'test_result_base': None}
[0.575s] Level 5:colcon.colcon_core.verb:set package 'interbotix_common_modules' build argument 'cmake_args' from command line to 'None'
[0.575s] Level 5:colcon.colcon_core.verb:set package 'interbotix_common_modules' build argument 'cmake_target' from command line to 'None'
[0.575s] Level 5:colcon.colcon_core.verb:set package 'interbotix_common_modules' build argument 'cmake_target_skip_unavailable' from command line to 'False'
[0.575s] Level 5:colcon.colcon_core.verb:set package 'interbotix_common_modules' build argument 'cmake_clean_cache' from command line to 'False'
[0.575s] Level 5:colcon.colcon_core.verb:set package 'interbotix_common_modules' build argument 'cmake_clean_first' from command line to 'False'
[0.575s] Level 5:colcon.colcon_core.verb:set package 'interbotix_common_modules' build argument 'cmake_force_configure' from command line to 'False'
[0.575s] Level 5:colcon.colcon_core.verb:set package 'interbotix_common_modules' build argument 'ament_cmake_args' from command line to 'None'
[0.575s] Level 5:colcon.colcon_core.verb:set package 'interbotix_common_modules' build argument 'catkin_cmake_args' from command line to 'None'
[0.575s] Level 5:colcon.colcon_core.verb:set package 'interbotix_common_modules' build argument 'catkin_skip_building_tests' from command line to 'False'
[0.575s] DEBUG:colcon.colcon_core.verb:Building package 'interbotix_common_modules' with the following arguments: {'ament_cmake_args': None, 'build_base': '/home/derek-dietz/MSAI/ComputerVision/Final_Project/ws/interbotix/build/interbotix_common_modules', 'catkin_cmake_args': None, 'catkin_skip_building_tests': False, 'cmake_args': None, 'cmake_clean_cache': False, 'cmake_clean_first': False, 'cmake_force_configure': False, 'cmake_target': None, 'cmake_target_skip_unavailable': False, 'install_base': '/home/derek-dietz/MSAI/ComputerVision/Final_Project/ws/interbotix/install', 'merge_install': True, 'path': '/home/derek-dietz/MSAI/ComputerVision/Final_Project/ws/interbotix/src/interbotix_ros_toolboxes/interbotix_common_toolbox/interbotix_common_modules', 'symlink_install': False, 'test_result_base': None}
[0.575s] Level 5:colcon.colcon_core.verb:set package 'interbotix_common_sim' build argument 'cmake_args' from command line to 'None'
[0.575s] Level 5:colcon.colcon_core.verb:set package 'interbotix_common_sim' build argument 'cmake_target' from command line to 'None'
[0.575s] Level 5:colcon.colcon_core.verb:set package 'interbotix_common_sim' build argument 'cmake_target_skip_unavailable' from command line to 'False'
[0.575s] Level 5:colcon.colcon_core.verb:set package 'interbotix_common_sim' build argument 'cmake_clean_cache' from command line to 'False'
[0.575s] Level 5:colcon.colcon_core.verb:set package 'interbotix_common_sim' build argument 'cmake_clean_first' from command line to 'False'
[0.575s] Level 5:colcon.colcon_core.verb:set package 'interbotix_common_sim' build argument 'cmake_force_configure' from command line to 'False'
[0.575s] Level 5:colcon.colcon_core.verb:set package 'interbotix_common_sim' build argument 'ament_cmake_args' from command line to 'None'
[0.575s] Level 5:colcon.colcon_core.verb:set package 'interbotix_common_sim' build argument 'catkin_cmake_args' from command line to 'None'
[0.575s] Level 5:colcon.colcon_core.verb:set package 'interbotix_common_sim' build argument 'catkin_skip_building_tests' from command line to 'False'
[0.575s] DEBUG:colcon.colcon_core.verb:Building package 'interbotix_common_sim' with the following arguments: {'ament_cmake_args': None, 'build_base': '/home/derek-dietz/MSAI/ComputerVision/Final_Project/ws/interbotix/build/interbotix_common_sim', 'catkin_cmake_args': None, 'catkin_skip_building_tests': False, 'cmake_args': None, 'cmake_clean_cache': False, 'cmake_clean_first': False, 'cmake_force_configure': False, 'cmake_target': None, 'cmake_target_skip_unavailable': False, 'install_base': '/home/derek-dietz/MSAI/ComputerVision/Final_Project/ws/interbotix/install', 'merge_install': True, 'path': '/home/derek-dietz/MSAI/ComputerVision/Final_Project/ws/interbotix/src/interbotix_ros_toolboxes/interbotix_common_toolbox/interbotix_common_sim', 'symlink_install': False, 'test_result_base': None}
[0.575s] Level 5:colcon.colcon_core.verb:set package 'interbotix_moveit_interface_msgs' build argument 'cmake_args' from command line to 'None'
[0.575s] Level 5:colcon.colcon_core.verb:set package 'interbotix_moveit_interface_msgs' build argument 'cmake_target' from command line to 'None'
[0.575s] Level 5:colcon.colcon_core.verb:set package 'interbotix_moveit_interface_msgs' build argument 'cmake_target_skip_unavailable' from command line to 'False'
[0.575s] Level 5:colcon.colcon_core.verb:set package 'interbotix_moveit_interface_msgs' build argument 'cmake_clean_cache' from command line to 'False'
[0.575s] Level 5:colcon.colcon_core.verb:set package 'interbotix_moveit_interface_msgs' build argument 'cmake_clean_first' from command line to 'False'
[0.575s] Level 5:colcon.colcon_core.verb:set package 'interbotix_moveit_interface_msgs' build argument 'cmake_force_configure' from command line to 'False'
[0.575s] Level 5:colcon.colcon_core.verb:set package 'interbotix_moveit_interface_msgs' build argument 'ament_cmake_args' from command line to 'None'
[0.575s] Level 5:colcon.colcon_core.verb:set package 'interbotix_moveit_interface_msgs' build argument 'catkin_cmake_args' from command line to 'None'
[0.575s] Level 5:colcon.colcon_core.verb:set package 'interbotix_moveit_interface_msgs' build argument 'catkin_skip_building_tests' from command line to 'False'
[0.575s] DEBUG:colcon.colcon_core.verb:Building package 'interbotix_moveit_interface_msgs' with the following arguments: {'ament_cmake_args': None, 'build_base': '/home/derek-dietz/MSAI/ComputerVision/Final_Project/ws/interbotix/build/interbotix_moveit_interface_msgs', 'catkin_cmake_args': None, 'catkin_skip_building_tests': False, 'cmake_args': None, 'cmake_clean_cache': False, 'cmake_clean_first': False, 'cmake_force_configure': False, 'cmake_target': None, 'cmake_target_skip_unavailable': False, 'install_base': '/home/derek-dietz/MSAI/ComputerVision/Final_Project/ws/interbotix/install', 'merge_install': True, 'path': '/home/derek-dietz/MSAI/ComputerVision/Final_Project/ws/interbotix/src/interbotix_ros_toolboxes/interbotix_common_toolbox/interbotix_moveit_interface_msgs', 'symlink_install': False, 'test_result_base': None}
[0.575s] Level 5:colcon.colcon_core.verb:set package 'interbotix_tf_tools' build argument 'cmake_args' from command line to 'None'
[0.575s] Level 5:colcon.colcon_core.verb:set package 'interbotix_tf_tools' build argument 'cmake_target' from command line to 'None'
[0.575s] Level 5:colcon.colcon_core.verb:set package 'interbotix_tf_tools' build argument 'cmake_target_skip_unavailable' from command line to 'False'
[0.575s] Level 5:colcon.colcon_core.verb:set package 'interbotix_tf_tools' build argument 'cmake_clean_cache' from command line to 'False'
[0.575s] Level 5:colcon.colcon_core.verb:set package 'interbotix_tf_tools' build argument 'cmake_clean_first' from command line to 'False'
[0.575s] Level 5:colcon.colcon_core.verb:set package 'interbotix_tf_tools' build argument 'cmake_force_configure' from command line to 'False'
[0.576s] Level 5:colcon.colcon_core.verb:set package 'interbotix_tf_tools' build argument 'ament_cmake_args' from command line to 'None'
[0.576s] Level 5:colcon.colcon_core.verb:set package 'interbotix_tf_tools' build argument 'catkin_cmake_args' from command line to 'None'
[0.576s] Level 5:colcon.colcon_core.verb:set package 'interbotix_tf_tools' build argument 'catkin_skip_building_tests' from command line to 'False'
[0.576s] DEBUG:colcon.colcon_core.verb:Building package 'interbotix_tf_tools' with the following arguments: {'ament_cmake_args': None, 'build_base': '/home/derek-dietz/MSAI/ComputerVision/Final_Project/ws/interbotix/build/interbotix_tf_tools', 'catkin_cmake_args': None, 'catkin_skip_building_tests': False, 'cmake_args': None, 'cmake_clean_cache': False, 'cmake_clean_first': False, 'cmake_force_configure': False, 'cmake_target': None, 'cmake_target_skip_unavailable': False, 'install_base': '/home/derek-dietz/MSAI/ComputerVision/Final_Project/ws/interbotix/install', 'merge_install': True, 'path': '/home/derek-dietz/MSAI/ComputerVision/Final_Project/ws/interbotix/src/interbotix_ros_toolboxes/interbotix_common_toolbox/interbotix_tf_tools', 'symlink_install': False, 'test_result_base': None}
[0.576s] Level 5:colcon.colcon_core.verb:set package 'interbotix_xs_driver' build argument 'cmake_args' from command line to 'None'
[0.576s] Level 5:colcon.colcon_core.verb:set package 'interbotix_xs_driver' build argument 'cmake_target' from command line to 'None'
[0.576s] Level 5:colcon.colcon_core.verb:set package 'interbotix_xs_driver' build argument 'cmake_target_skip_unavailable' from command line to 'False'
[0.576s] Level 5:colcon.colcon_core.verb:set package 'interbotix_xs_driver' build argument 'cmake_clean_cache' from command line to 'False'
[0.576s] Level 5:colcon.colcon_core.verb:set package 'interbotix_xs_driver' build argument 'cmake_clean_first' from command line to 'False'
[0.576s] Level 5:colcon.colcon_core.verb:set package 'interbotix_xs_driver' build argument 'cmake_force_configure' from command line to 'False'
[0.576s] Level 5:colcon.colcon_core.verb:set package 'interbotix_xs_driver' build argument 'ament_cmake_args' from command line to 'None'
[0.576s] Level 5:colcon.colcon_core.verb:set package 'interbotix_xs_driver' build argument 'catkin_cmake_args' from command line to 'None'
[0.576s] Level 5:colcon.colcon_core.verb:set package 'interbotix_xs_driver' build argument 'catkin_skip_building_tests' from command line to 'False'
[0.576s] DEBUG:colcon.colcon_core.verb:Building package 'interbotix_xs_driver' with the following arguments: {'ament_cmake_args': None, 'build_base': '/home/derek-dietz/MSAI/ComputerVision/Final_Project/ws/interbotix/build/interbotix_xs_driver', 'catkin_cmake_args': None, 'catkin_skip_building_tests': False, 'cmake_args': None, 'cmake_clean_cache': False, 'cmake_clean_first': False, 'cmake_force_configure': False, 'cmake_target': None, 'cmake_target_skip_unavailable': False, 'install_base': '/home/derek-dietz/MSAI/ComputerVision/Final_Project/ws/interbotix/install', 'merge_install': True, 'path': '/home/derek-dietz/MSAI/ComputerVision/Final_Project/ws/interbotix/src/interbotix_xs_driver', 'symlink_install': False, 'test_result_base': None}
[0.576s] Level 5:colcon.colcon_core.verb:set package 'interbotix_xs_msgs' build argument 'cmake_args' from command line to 'None'
[0.576s] Level 5:colcon.colcon_core.verb:set package 'interbotix_xs_msgs' build argument 'cmake_target' from command line to 'None'
[0.576s] Level 5:colcon.colcon_core.verb:set package 'interbotix_xs_msgs' build argument 'cmake_target_skip_unavailable' from command line to 'False'
[0.576s] Level 5:colcon.colcon_core.verb:set package 'interbotix_xs_msgs' build argument 'cmake_clean_cache' from command line to 'False'
[0.576s] Level 5:colcon.colcon_core.verb:set package 'interbotix_xs_msgs' build argument 'cmake_clean_first' from command line to 'False'
[0.576s] Level 5:colcon.colcon_core.verb:set package 'interbotix_xs_msgs' build argument 'cmake_force_configure' from command line to 'False'
[0.576s] Level 5:colcon.colcon_core.verb:set package 'interbotix_xs_msgs' build argument 'ament_cmake_args' from command line to 'None'
[0.576s] Level 5:colcon.colcon_core.verb:set package 'interbotix_xs_msgs' build argument 'catkin_cmake_args' from command line to 'None'
[0.576s] Level 5:colcon.colcon_core.verb:set package 'interbotix_xs_msgs' build argument 'catkin_skip_building_tests' from command line to 'False'
[0.576s] DEBUG:colcon.colcon_core.verb:Building package 'interbotix_xs_msgs' with the following arguments: {'ament_cmake_args': None, 'build_base': '/home/derek-dietz/MSAI/ComputerVision/Final_Project/ws/interbotix/build/interbotix_xs_msgs', 'catkin_cmake_args': None, 'catkin_skip_building_tests': False, 'cmake_args': None, 'cmake_clean_cache': False, 'cmake_clean_first': False, 'cmake_force_configure': False, 'cmake_target': None, 'cmake_target_skip_unavailable': False, 'install_base': '/home/derek-dietz/MSAI/ComputerVision/Final_Project/ws/interbotix/install', 'merge_install': True, 'path': '/home/derek-dietz/MSAI/ComputerVision/Final_Project/ws/interbotix/src/interbotix_ros_core/interbotix_ros_xseries/interbotix_xs_msgs', 'symlink_install': False, 'test_result_base': None}
[0.576s] Level 5:colcon.colcon_core.verb:set package 'modern_robotics' build argument 'cmake_args' from command line to 'None'
[0.576s] Level 5:colcon.colcon_core.verb:set package 'modern_robotics' build argument 'cmake_target' from command line to 'None'
[0.576s] Level 5:colcon.colcon_core.verb:set package 'modern_robotics' build argument 'cmake_target_skip_unavailable' from command line to 'False'
[0.576s] Level 5:colcon.colcon_core.verb:set package 'modern_robotics' build argument 'cmake_clean_cache' from command line to 'False'
[0.576s] Level 5:colcon.colcon_core.verb:set package 'modern_robotics' build argument 'cmake_clean_first' from command line to 'False'
[0.576s] Level 5:colcon.colcon_core.verb:set package 'modern_robotics' build argument 'cmake_force_configure' from command line to 'False'
[0.576s] Level 5:colcon.colcon_core.verb:set package 'modern_robotics' build argument 'ament_cmake_args' from command line to 'None'
[0.576s] Level 5:colcon.colcon_core.verb:set package 'modern_robotics' build argument 'catkin_cmake_args' from command line to 'None'
[0.576s] Level 5:colcon.colcon_core.verb:set package 'modern_robotics' build argument 'catkin_skip_building_tests' from command line to 'False'
[0.576s] DEBUG:colcon.colcon_core.verb:Building package 'modern_robotics' with the following arguments: {'ament_cmake_args': None, 'build_base': '/home/derek-dietz/MSAI/ComputerVision/Final_Project/ws/interbotix/build/modern_robotics', 'catkin_cmake_args': None, 'catkin_skip_building_tests': False, 'cmake_args': None, 'cmake_clean_cache': False, 'cmake_clean_first': False, 'cmake_force_configure': False, 'cmake_target': None, 'cmake_target_skip_unavailable': False, 'install_base': '/home/derek-dietz/MSAI/ComputerVision/Final_Project/ws/interbotix/install', 'merge_install': True, 'path': '/home/derek-dietz/MSAI/ComputerVision/Final_Project/ws/interbotix/src/ModernRobotics/packages/Python', 'symlink_install': False, 'test_result_base': None}
[0.576s] Level 5:colcon.colcon_core.verb:set package 'interbotix_common_toolbox' build argument 'cmake_args' from command line to 'None'
[0.576s] Level 5:colcon.colcon_core.verb:set package 'interbotix_common_toolbox' build argument 'cmake_target' from command line to 'None'
[0.576s] Level 5:colcon.colcon_core.verb:set package 'interbotix_common_toolbox' build argument 'cmake_target_skip_unavailable' from command line to 'False'
[0.576s] Level 5:colcon.colcon_core.verb:set package 'interbotix_common_toolbox' build argument 'cmake_clean_cache' from command line to 'False'
[0.576s] Level 5:colcon.colcon_core.verb:set package 'interbotix_common_toolbox' build argument 'cmake_clean_first' from command line to 'False'
[0.576s] Level 5:colcon.colcon_core.verb:set package 'interbotix_common_toolbox' build argument 'cmake_force_configure' from command line to 'False'
[0.577s] Level 5:colcon.colcon_core.verb:set package 'interbotix_common_toolbox' build argument 'ament_cmake_args' from command line to 'None'
[0.577s] Level 5:colcon.colcon_core.verb:set package 'interbotix_common_toolbox' build argument 'catkin_cmake_args' from command line to 'None'
[0.577s] Level 5:colcon.colcon_core.verb:set package 'interbotix_common_toolbox' build argument 'catkin_skip_building_tests' from command line to 'False'
[0.577s] DEBUG:colcon.colcon_core.verb:Building package 'interbotix_common_toolbox' with the following arguments: {'ament_cmake_args': None, 'build_base': '/home/derek-dietz/MSAI/ComputerVision/Final_Project/ws/interbotix/build/interbotix_common_toolbox', 'catkin_cmake_args': None, 'catkin_skip_building_tests': False, 'cmake_args': None, 'cmake_clean_cache': False, 'cmake_clean_first': False, 'cmake_force_configure': False, 'cmake_target': None, 'cmake_target_skip_unavailable': False, 'install_base': '/home/derek-dietz/MSAI/ComputerVision/Final_Project/ws/interbotix/install', 'merge_install': True, 'path': '/home/derek-dietz/MSAI/ComputerVision/Final_Project/ws/interbotix/src/interbotix_ros_toolboxes/interbotix_common_toolbox/interbotix_common_toolbox', 'symlink_install': False, 'test_result_base': None}
[0.577s] Level 5:colcon.colcon_core.verb:set package 'interbotix_moveit_interface' build argument 'cmake_args' from command line to 'None'
[0.577s] Level 5:colcon.colcon_core.verb:set package 'interbotix_moveit_interface' build argument 'cmake_target' from command line to 'None'
[0.577s] Level 5:colcon.colcon_core.verb:set package 'interbotix_moveit_interface' build argument 'cmake_target_skip_unavailable' from command line to 'False'
[0.577s] Level 5:colcon.colcon_core.verb:set package 'interbotix_moveit_interface' build argument 'cmake_clean_cache' from command line to 'False'
[0.577s] Level 5:colcon.colcon_core.verb:set package 'interbotix_moveit_interface' build argument 'cmake_clean_first' from command line to 'False'
[0.577s] Level 5:colcon.colcon_core.verb:set package 'interbotix_moveit_interface' build argument 'cmake_force_configure' from command line to 'False'
[0.577s] Level 5:colcon.colcon_core.verb:set package 'interbotix_moveit_interface' build argument 'ament_cmake_args' from command line to 'None'
[0.577s] Level 5:colcon.colcon_core.verb:set package 'interbotix_moveit_interface' build argument 'catkin_cmake_args' from command line to 'None'
[0.577s] Level 5:colcon.colcon_core.verb:set package 'interbotix_moveit_interface' build argument 'catkin_skip_building_tests' from command line to 'False'
[0.577s] DEBUG:colcon.colcon_core.verb:Building package 'interbotix_moveit_interface' with the following arguments: {'ament_cmake_args': None, 'build_base': '/home/derek-dietz/MSAI/ComputerVision/Final_Project/ws/interbotix/build/interbotix_moveit_interface', 'catkin_cmake_args': None, 'catkin_skip_building_tests': False, 'cmake_args': None, 'cmake_clean_cache': False, 'cmake_clean_first': False, 'cmake_force_configure': False, 'cmake_target': None, 'cmake_target_skip_unavailable': False, 'install_base': '/home/derek-dietz/MSAI/ComputerVision/Final_Project/ws/interbotix/install', 'merge_install': True, 'path': '/home/derek-dietz/MSAI/ComputerVision/Final_Project/ws/interbotix/src/interbotix_ros_toolboxes/interbotix_common_toolbox/interbotix_moveit_interface', 'symlink_install': False, 'test_result_base': None}
[0.577s] Level 5:colcon.colcon_core.verb:set package 'interbotix_xs_ros_control' build argument 'cmake_args' from command line to 'None'
[0.577s] Level 5:colcon.colcon_core.verb:set package 'interbotix_xs_ros_control' build argument 'cmake_target' from command line to 'None'
[0.577s] Level 5:colcon.colcon_core.verb:set package 'interbotix_xs_ros_control' build argument 'cmake_target_skip_unavailable' from command line to 'False'
[0.577s] Level 5:colcon.colcon_core.verb:set package 'interbotix_xs_ros_control' build argument 'cmake_clean_cache' from command line to 'False'
[0.577s] Level 5:colcon.colcon_core.verb:set package 'interbotix_xs_ros_control' build argument 'cmake_clean_first' from command line to 'False'
[0.577s] Level 5:colcon.colcon_core.verb:set package 'interbotix_xs_ros_control' build argument 'cmake_force_configure' from command line to 'False'
[0.577s] Level 5:colcon.colcon_core.verb:set package 'interbotix_xs_ros_control' build argument 'ament_cmake_args' from command line to 'None'
[0.577s] Level 5:colcon.colcon_core.verb:set package 'interbotix_xs_ros_control' build argument 'catkin_cmake_args' from command line to 'None'
[0.577s] Level 5:colcon.colcon_core.verb:set package 'interbotix_xs_ros_control' build argument 'catkin_skip_building_tests' from command line to 'False'
[0.577s] DEBUG:colcon.colcon_core.verb:Building package 'interbotix_xs_ros_control' with the following arguments: {'ament_cmake_args': None, 'build_base': '/home/derek-dietz/MSAI/ComputerVision/Final_Project/ws/interbotix/build/interbotix_xs_ros_control', 'catkin_cmake_args': None, 'catkin_skip_building_tests': False, 'cmake_args': None, 'cmake_clean_cache': False, 'cmake_clean_first': False, 'cmake_force_configure': False, 'cmake_target': None, 'cmake_target_skip_unavailable': False, 'install_base': '/home/derek-dietz/MSAI/ComputerVision/Final_Project/ws/interbotix/install', 'merge_install': True, 'path': '/home/derek-dietz/MSAI/ComputerVision/Final_Project/ws/interbotix/src/interbotix_ros_toolboxes/interbotix_xs_toolbox/interbotix_xs_ros_control', 'symlink_install': False, 'test_result_base': None}
[0.577s] Level 5:colcon.colcon_core.verb:set package 'interbotix_xs_sdk' build argument 'cmake_args' from command line to 'None'
[0.577s] Level 5:colcon.colcon_core.verb:set package 'interbotix_xs_sdk' build argument 'cmake_target' from command line to 'None'
[0.577s] Level 5:colcon.colcon_core.verb:set package 'interbotix_xs_sdk' build argument 'cmake_target_skip_unavailable' from command line to 'False'
[0.577s] Level 5:colcon.colcon_core.verb:set package 'interbotix_xs_sdk' build argument 'cmake_clean_cache' from command line to 'False'
[0.577s] Level 5:colcon.colcon_core.verb:set package 'interbotix_xs_sdk' build argument 'cmake_clean_first' from command line to 'False'
[0.577s] Level 5:colcon.colcon_core.verb:set package 'interbotix_xs_sdk' build argument 'cmake_force_configure' from command line to 'False'
[0.577s] Level 5:colcon.colcon_core.verb:set package 'interbotix_xs_sdk' build argument 'ament_cmake_args' from command line to 'None'
[0.577s] Level 5:colcon.colcon_core.verb:set package 'interbotix_xs_sdk' build argument 'catkin_cmake_args' from command line to 'None'
[0.577s] Level 5:colcon.colcon_core.verb:set package 'interbotix_xs_sdk' build argument 'catkin_skip_building_tests' from command line to 'False'
[0.577s] DEBUG:colcon.colcon_core.verb:Building package 'interbotix_xs_sdk' with the following arguments: {'ament_cmake_args': None, 'build_base': '/home/derek-dietz/MSAI/ComputerVision/Final_Project/ws/interbotix/build/interbotix_xs_sdk', 'catkin_cmake_args': None, 'catkin_skip_building_tests': False, 'cmake_args': None, 'cmake_clean_cache': False, 'cmake_clean_first': False, 'cmake_force_configure': False, 'cmake_target': None, 'cmake_target_skip_unavailable': False, 'install_base': '/home/derek-dietz/MSAI/ComputerVision/Final_Project/ws/interbotix/install', 'merge_install': True, 'path': '/home/derek-dietz/MSAI/ComputerVision/Final_Project/ws/interbotix/src/interbotix_ros_core/interbotix_ros_xseries/interbotix_xs_sdk', 'symlink_install': False, 'test_result_base': None}
[0.577s] Level 5:colcon.colcon_core.verb:set package 'interbotix_ros_xseries' build argument 'cmake_args' from command line to 'None'
[0.577s] Level 5:colcon.colcon_core.verb:set package 'interbotix_ros_xseries' build argument 'cmake_target' from command line to 'None'
[0.577s] Level 5:colcon.colcon_core.verb:set package 'interbotix_ros_xseries' build argument 'cmake_target_skip_unavailable' from command line to 'False'
[0.577s] Level 5:colcon.colcon_core.verb:set package 'interbotix_ros_xseries' build argument 'cmake_clean_cache' from command line to 'False'
[0.577s] Level 5:colcon.colcon_core.verb:set package 'interbotix_ros_xseries' build argument 'cmake_clean_first' from command line to 'False'
[0.577s] Level 5:colcon.colcon_core.verb:set package 'interbotix_ros_xseries' build argument 'cmake_force_configure' from command line to 'False'
[0.577s] Level 5:colcon.colcon_core.verb:set package 'interbotix_ros_xseries' build argument 'ament_cmake_args' from command line to 'None'
[0.577s] Level 5:colcon.colcon_core.verb:set package 'interbotix_ros_xseries' build argument 'catkin_cmake_args' from command line to 'None'
[0.577s] Level 5:colcon.colcon_core.verb:set package 'interbotix_ros_xseries' build argument 'catkin_skip_building_tests' from command line to 'False'
[0.577s] DEBUG:colcon.colcon_core.verb:Building package 'interbotix_ros_xseries' with the following arguments: {'ament_cmake_args': None, 'build_base': '/home/derek-dietz/MSAI/ComputerVision/Final_Project/ws/interbotix/build/interbotix_ros_xseries', 'catkin_cmake_args': None, 'catkin_skip_building_tests': False, 'cmake_args': None, 'cmake_clean_cache': False, 'cmake_clean_first': False, 'cmake_force_configure': False, 'cmake_target': None, 'cmake_target_skip_unavailable': False, 'install_base': '/home/derek-dietz/MSAI/ComputerVision/Final_Project/ws/interbotix/install', 'merge_install': True, 'path': '/home/derek-dietz/MSAI/ComputerVision/Final_Project/ws/interbotix/src/interbotix_ros_core/interbotix_ros_xseries/interbotix_ros_xseries', 'symlink_install': False, 'test_result_base': None}
[0.578s] Level 5:colcon.colcon_core.verb:set package 'interbotix_xs_modules' build argument 'cmake_args' from command line to 'None'
[0.578s] Level 5:colcon.colcon_core.verb:set package 'interbotix_xs_modules' build argument 'cmake_target' from command line to 'None'
[0.578s] Level 5:colcon.colcon_core.verb:set package 'interbotix_xs_modules' build argument 'cmake_target_skip_unavailable' from command line to 'False'
[0.578s] Level 5:colcon.colcon_core.verb:set package 'interbotix_xs_modules' build argument 'cmake_clean_cache' from command line to 'False'
[0.578s] Level 5:colcon.colcon_core.verb:set package 'interbotix_xs_modules' build argument 'cmake_clean_first' from command line to 'False'
[0.578s] Level 5:colcon.colcon_core.verb:set package 'interbotix_xs_modules' build argument 'cmake_force_configure' from command line to 'False'
[0.578s] Level 5:colcon.colcon_core.verb:set package 'interbotix_xs_modules' build argument 'ament_cmake_args' from command line to 'None'
[0.578s] Level 5:colcon.colcon_core.verb:set package 'interbotix_xs_modules' build argument 'catkin_cmake_args' from command line to 'None'
[0.578s] Level 5:colcon.colcon_core.verb:set package 'interbotix_xs_modules' build argument 'catkin_skip_building_tests' from command line to 'False'
[0.578s] DEBUG:colcon.colcon_core.verb:Building package 'interbotix_xs_modules' with the following arguments: {'ament_cmake_args': None, 'build_base': '/home/derek-dietz/MSAI/ComputerVision/Final_Project/ws/interbotix/build/interbotix_xs_modules', 'catkin_cmake_args': None, 'catkin_skip_building_tests': False, 'cmake_args': None, 'cmake_clean_cache': False, 'cmake_clean_first': False, 'cmake_force_configure': False, 'cmake_target': None, 'cmake_target_skip_unavailable': False, 'install_base': '/home/derek-dietz/MSAI/ComputerVision/Final_Project/ws/interbotix/install', 'merge_install': True, 'path': '/home/derek-dietz/MSAI/ComputerVision/Final_Project/ws/interbotix/src/interbotix_ros_toolboxes/interbotix_xs_toolbox/interbotix_xs_modules', 'symlink_install': False, 'test_result_base': None}
[0.578s] Level 5:colcon.colcon_core.verb:set package 'interbotix_xs_rviz' build argument 'cmake_args' from command line to 'None'
[0.578s] Level 5:colcon.colcon_core.verb:set package 'interbotix_xs_rviz' build argument 'cmake_target' from command line to 'None'
[0.578s] Level 5:colcon.colcon_core.verb:set package 'interbotix_xs_rviz' build argument 'cmake_target_skip_unavailable' from command line to 'False'
[0.578s] Level 5:colcon.colcon_core.verb:set package 'interbotix_xs_rviz' build argument 'cmake_clean_cache' from command line to 'False'
[0.578s] Level 5:colcon.colcon_core.verb:set package 'interbotix_xs_rviz' build argument 'cmake_clean_first' from command line to 'False'
[0.578s] Level 5:colcon.colcon_core.verb:set package 'interbotix_xs_rviz' build argument 'cmake_force_configure' from command line to 'False'
[0.578s] Level 5:colcon.colcon_core.verb:set package 'interbotix_xs_rviz' build argument 'ament_cmake_args' from command line to 'None'
[0.578s] Level 5:colcon.colcon_core.verb:set package 'interbotix_xs_rviz' build argument 'catkin_cmake_args' from command line to 'None'
[0.578s] Level 5:colcon.colcon_core.verb:set package 'interbotix_xs_rviz' build argument 'catkin_skip_building_tests' from command line to 'False'
[0.578s] DEBUG:colcon.colcon_core.verb:Building package 'interbotix_xs_rviz' with the following arguments: {'ament_cmake_args': None, 'build_base': '/home/derek-dietz/MSAI/ComputerVision/Final_Project/ws/interbotix/build/interbotix_xs_rviz', 'catkin_cmake_args': None, 'catkin_skip_building_tests': False, 'cmake_args': None, 'cmake_clean_cache': False, 'cmake_clean_first': False, 'cmake_force_configure': False, 'cmake_target': None, 'cmake_target_skip_unavailable': False, 'install_base': '/home/derek-dietz/MSAI/ComputerVision/Final_Project/ws/interbotix/install', 'merge_install': True, 'path': '/home/derek-dietz/MSAI/ComputerVision/Final_Project/ws/interbotix/src/interbotix_ros_toolboxes/interbotix_xs_toolbox/interbotix_xs_rviz', 'symlink_install': False, 'test_result_base': None}
[0.578s] Level 5:colcon.colcon_core.verb:set package 'interbotix_xs_toolbox' build argument 'cmake_args' from command line to 'None'
[0.578s] Level 5:colcon.colcon_core.verb:set package 'interbotix_xs_toolbox' build argument 'cmake_target' from command line to 'None'
[0.578s] Level 5:colcon.colcon_core.verb:set package 'interbotix_xs_toolbox' build argument 'cmake_target_skip_unavailable' from command line to 'False'
[0.578s] Level 5:colcon.colcon_core.verb:set package 'interbotix_xs_toolbox' build argument 'cmake_clean_cache' from command line to 'False'
[0.578s] Level 5:colcon.colcon_core.verb:set package 'interbotix_xs_toolbox' build argument 'cmake_clean_first' from command line to 'False'
[0.578s] Level 5:colcon.colcon_core.verb:set package 'interbotix_xs_toolbox' build argument 'cmake_force_configure' from command line to 'False'
[0.578s] Level 5:colcon.colcon_core.verb:set package 'interbotix_xs_toolbox' build argument 'ament_cmake_args' from command line to 'None'
[0.578s] Level 5:colcon.colcon_core.verb:set package 'interbotix_xs_toolbox' build argument 'catkin_cmake_args' from command line to 'None'
[0.578s] Level 5:colcon.colcon_core.verb:set package 'interbotix_xs_toolbox' build argument 'catkin_skip_building_tests' from command line to 'False'
[0.578s] DEBUG:colcon.colcon_core.verb:Building package 'interbotix_xs_toolbox' with the following arguments: {'ament_cmake_args': None, 'build_base': '/home/derek-dietz/MSAI/ComputerVision/Final_Project/ws/interbotix/build/interbotix_xs_toolbox', 'catkin_cmake_args': None, 'catkin_skip_building_tests': False, 'cmake_args': None, 'cmake_clean_cache': False, 'cmake_clean_first': False, 'cmake_force_configure': False, 'cmake_target': None, 'cmake_target_skip_unavailable': False, 'install_base': '/home/derek-dietz/MSAI/ComputerVision/Final_Project/ws/interbotix/install', 'merge_install': True, 'path': '/home/derek-dietz/MSAI/ComputerVision/Final_Project/ws/interbotix/src/interbotix_ros_toolboxes/interbotix_xs_toolbox/interbotix_xs_toolbox', 'symlink_install': False, 'test_result_base': None}
[0.578s] Level 5:colcon.colcon_core.verb:set package 'interbotix_xsarm_descriptions' build argument 'cmake_args' from command line to 'None'
[0.578s] Level 5:colcon.colcon_core.verb:set package 'interbotix_xsarm_descriptions' build argument 'cmake_target' from command line to 'None'
[0.578s] Level 5:colcon.colcon_core.verb:set package 'interbotix_xsarm_descriptions' build argument 'cmake_target_skip_unavailable' from command line to 'False'
[0.578s] Level 5:colcon.colcon_core.verb:set package 'interbotix_xsarm_descriptions' build argument 'cmake_clean_cache' from command line to 'False'
[0.578s] Level 5:colcon.colcon_core.verb:set package 'interbotix_xsarm_descriptions' build argument 'cmake_clean_first' from command line to 'False'
[0.578s] Level 5:colcon.colcon_core.verb:set package 'interbotix_xsarm_descriptions' build argument 'cmake_force_configure' from command line to 'False'
[0.578s] Level 5:colcon.colcon_core.verb:set package 'interbotix_xsarm_descriptions' build argument 'ament_cmake_args' from command line to 'None'
[0.578s] Level 5:colcon.colcon_core.verb:set package 'interbotix_xsarm_descriptions' build argument 'catkin_cmake_args' from command line to 'None'
[0.578s] Level 5:colcon.colcon_core.verb:set package 'interbotix_xsarm_descriptions' build argument 'catkin_skip_building_tests' from command line to 'False'
[0.578s] DEBUG:colcon.colcon_core.verb:Building package 'interbotix_xsarm_descriptions' with the following arguments: {'ament_cmake_args': None, 'build_base': '/home/derek-dietz/MSAI/ComputerVision/Final_Project/ws/interbotix/build/interbotix_xsarm_descriptions', 'catkin_cmake_args': None, 'catkin_skip_building_tests': False, 'cmake_args': None, 'cmake_clean_cache': False, 'cmake_clean_first': False, 'cmake_force_configure': False, 'cmake_target': None, 'cmake_target_skip_unavailable': False, 'install_base': '/home/derek-dietz/MSAI/ComputerVision/Final_Project/ws/interbotix/install', 'merge_install': True, 'path': '/home/derek-dietz/MSAI/ComputerVision/Final_Project/ws/interbotix/src/interbotix_ros_manipulators/interbotix_ros_xsarms/interbotix_xsarm_descriptions', 'symlink_install': False, 'test_result_base': None}
[0.578s] Level 5:colcon.colcon_core.verb:set package 'interbotix_xsarm_control' build argument 'cmake_args' from command line to 'None'
[0.579s] Level 5:colcon.colcon_core.verb:set package 'interbotix_xsarm_control' build argument 'cmake_target' from command line to 'None'
[0.579s] Level 5:colcon.colcon_core.verb:set package 'interbotix_xsarm_control' build argument 'cmake_target_skip_unavailable' from command line to 'False'
[0.579s] Level 5:colcon.colcon_core.verb:set package 'interbotix_xsarm_control' build argument 'cmake_clean_cache' from command line to 'False'
[0.579s] Level 5:colcon.colcon_core.verb:set package 'interbotix_xsarm_control' build argument 'cmake_clean_first' from command line to 'False'
[0.579s] Level 5:colcon.colcon_core.verb:set package 'interbotix_xsarm_control' build argument 'cmake_force_configure' from command line to 'False'
[0.579s] Level 5:colcon.colcon_core.verb:set package 'interbotix_xsarm_control' build argument 'ament_cmake_args' from command line to 'None'
[0.579s] Level 5:colcon.colcon_core.verb:set package 'interbotix_xsarm_control' build argument 'catkin_cmake_args' from command line to 'None'
[0.579s] Level 5:colcon.colcon_core.verb:set package 'interbotix_xsarm_control' build argument 'catkin_skip_building_tests' from command line to 'False'
[0.579s] DEBUG:colcon.colcon_core.verb:Building package 'interbotix_xsarm_control' with the following arguments: {'ament_cmake_args': None, 'build_base': '/home/derek-dietz/MSAI/ComputerVision/Final_Project/ws/interbotix/build/interbotix_xsarm_control', 'catkin_cmake_args': None, 'catkin_skip_building_tests': False, 'cmake_args': None, 'cmake_clean_cache': False, 'cmake_clean_first': False, 'cmake_force_configure': False, 'cmake_target': None, 'cmake_target_skip_unavailable': False, 'install_base': '/home/derek-dietz/MSAI/ComputerVision/Final_Project/ws/interbotix/install', 'merge_install': True, 'path': '/home/derek-dietz/MSAI/ComputerVision/Final_Project/ws/interbotix/src/interbotix_ros_manipulators/interbotix_ros_xsarms/interbotix_xsarm_control', 'symlink_install': False, 'test_result_base': None}
[0.579s] Level 5:colcon.colcon_core.verb:set package 'interbotix_xsarm_sim' build argument 'cmake_args' from command line to 'None'
[0.579s] Level 5:colcon.colcon_core.verb:set package 'interbotix_xsarm_sim' build argument 'cmake_target' from command line to 'None'
[0.579s] Level 5:colcon.colcon_core.verb:set package 'interbotix_xsarm_sim' build argument 'cmake_target_skip_unavailable' from command line to 'False'
[0.579s] Level 5:colcon.colcon_core.verb:set package 'interbotix_xsarm_sim' build argument 'cmake_clean_cache' from command line to 'False'
[0.579s] Level 5:colcon.colcon_core.verb:set package 'interbotix_xsarm_sim' build argument 'cmake_clean_first' from command line to 'False'
[0.579s] Level 5:colcon.colcon_core.verb:set package 'interbotix_xsarm_sim' build argument 'cmake_force_configure' from command line to 'False'
[0.579s] Level 5:colcon.colcon_core.verb:set package 'interbotix_xsarm_sim' build argument 'ament_cmake_args' from command line to 'None'
[0.579s] Level 5:colcon.colcon_core.verb:set package 'interbotix_xsarm_sim' build argument 'catkin_cmake_args' from command line to 'None'
[0.579s] Level 5:colcon.colcon_core.verb:set package 'interbotix_xsarm_sim' build argument 'catkin_skip_building_tests' from command line to 'False'
[0.579s] DEBUG:colcon.colcon_core.verb:Building package 'interbotix_xsarm_sim' with the following arguments: {'ament_cmake_args': None, 'build_base': '/home/derek-dietz/MSAI/ComputerVision/Final_Project/ws/interbotix/build/interbotix_xsarm_sim', 'catkin_cmake_args': None, 'catkin_skip_building_tests': False, 'cmake_args': None, 'cmake_clean_cache': False, 'cmake_clean_first': False, 'cmake_force_configure': False, 'cmake_target': None, 'cmake_target_skip_unavailable': False, 'install_base': '/home/derek-dietz/MSAI/ComputerVision/Final_Project/ws/interbotix/install', 'merge_install': True, 'path': '/home/derek-dietz/MSAI/ComputerVision/Final_Project/ws/interbotix/src/interbotix_ros_manipulators/interbotix_ros_xsarms/interbotix_xsarm_sim', 'symlink_install': False, 'test_result_base': None}
[0.579s] Level 5:colcon.colcon_core.verb:set package 'interbotix_xsarm_dual' build argument 'cmake_args' from command line to 'None'
[0.579s] Level 5:colcon.colcon_core.verb:set package 'interbotix_xsarm_dual' build argument 'cmake_target' from command line to 'None'
[0.579s] Level 5:colcon.colcon_core.verb:set package 'interbotix_xsarm_dual' build argument 'cmake_target_skip_unavailable' from command line to 'False'
[0.579s] Level 5:colcon.colcon_core.verb:set package 'interbotix_xsarm_dual' build argument 'cmake_clean_cache' from command line to 'False'
[0.579s] Level 5:colcon.colcon_core.verb:set package 'interbotix_xsarm_dual' build argument 'cmake_clean_first' from command line to 'False'
[0.579s] Level 5:colcon.colcon_core.verb:set package 'interbotix_xsarm_dual' build argument 'cmake_force_configure' from command line to 'False'
[0.579s] Level 5:colcon.colcon_core.verb:set package 'interbotix_xsarm_dual' build argument 'ament_cmake_args' from command line to 'None'
[0.579s] Level 5:colcon.colcon_core.verb:set package 'interbotix_xsarm_dual' build argument 'catkin_cmake_args' from command line to 'None'
[0.579s] Level 5:colcon.colcon_core.verb:set package 'interbotix_xsarm_dual' build argument 'catkin_skip_building_tests' from command line to 'False'
[0.579s] DEBUG:colcon.colcon_core.verb:Building package 'interbotix_xsarm_dual' with the following arguments: {'ament_cmake_args': None, 'build_base': '/home/derek-dietz/MSAI/ComputerVision/Final_Project/ws/interbotix/build/interbotix_xsarm_dual', 'catkin_cmake_args': None, 'catkin_skip_building_tests': False, 'cmake_args': None, 'cmake_clean_cache': False, 'cmake_clean_first': False, 'cmake_force_configure': False, 'cmake_target': None, 'cmake_target_skip_unavailable': False, 'install_base': '/home/derek-dietz/MSAI/ComputerVision/Final_Project/ws/interbotix/install', 'merge_install': True, 'path': '/home/derek-dietz/MSAI/ComputerVision/Final_Project/ws/interbotix/src/interbotix_ros_manipulators/interbotix_ros_xsarms/examples/interbotix_xsarm_dual', 'symlink_install': False, 'test_result_base': None}
[0.579s] Level 5:colcon.colcon_core.verb:set package 'interbotix_xsarm_joy' build argument 'cmake_args' from command line to 'None'
[0.579s] Level 5:colcon.colcon_core.verb:set package 'interbotix_xsarm_joy' build argument 'cmake_target' from command line to 'None'
[0.579s] Level 5:colcon.colcon_core.verb:set package 'interbotix_xsarm_joy' build argument 'cmake_target_skip_unavailable' from command line to 'False'
[0.579s] Level 5:colcon.colcon_core.verb:set package 'interbotix_xsarm_joy' build argument 'cmake_clean_cache' from command line to 'False'
[0.579s] Level 5:colcon.colcon_core.verb:set package 'interbotix_xsarm_joy' build argument 'cmake_clean_first' from command line to 'False'
[0.579s] Level 5:colcon.colcon_core.verb:set package 'interbotix_xsarm_joy' build argument 'cmake_force_configure' from command line to 'False'
[0.579s] Level 5:colcon.colcon_core.verb:set package 'interbotix_xsarm_joy' build argument 'ament_cmake_args' from command line to 'None'
[0.579s] Level 5:colcon.colcon_core.verb:set package 'interbotix_xsarm_joy' build argument 'catkin_cmake_args' from command line to 'None'
[0.579s] Level 5:colcon.colcon_core.verb:set package 'interbotix_xsarm_joy' build argument 'catkin_skip_building_tests' from command line to 'False'
[0.579s] DEBUG:colcon.colcon_core.verb:Building package 'interbotix_xsarm_joy' with the following arguments: {'ament_cmake_args': None, 'build_base': '/home/derek-dietz/MSAI/ComputerVision/Final_Project/ws/interbotix/build/interbotix_xsarm_joy', 'catkin_cmake_args': None, 'catkin_skip_building_tests': False, 'cmake_args': None, 'cmake_clean_cache': False, 'cmake_clean_first': False, 'cmake_force_configure': False, 'cmake_target': None, 'cmake_target_skip_unavailable': False, 'install_base': '/home/derek-dietz/MSAI/ComputerVision/Final_Project/ws/interbotix/install', 'merge_install': True, 'path': '/home/derek-dietz/MSAI/ComputerVision/Final_Project/ws/interbotix/src/interbotix_ros_manipulators/interbotix_ros_xsarms/examples/interbotix_xsarm_joy', 'symlink_install': False, 'test_result_base': None}
[0.579s] Level 5:colcon.colcon_core.verb:set package 'interbotix_xsarm_puppet' build argument 'cmake_args' from command line to 'None'
[0.579s] Level 5:colcon.colcon_core.verb:set package 'interbotix_xsarm_puppet' build argument 'cmake_target' from command line to 'None'
[0.579s] Level 5:colcon.colcon_core.verb:set package 'interbotix_xsarm_puppet' build argument 'cmake_target_skip_unavailable' from command line to 'False'
[0.579s] Level 5:colcon.colcon_core.verb:set package 'interbotix_xsarm_puppet' build argument 'cmake_clean_cache' from command line to 'False'
[0.579s] Level 5:colcon.colcon_core.verb:set package 'interbotix_xsarm_puppet' build argument 'cmake_clean_first' from command line to 'False'
[0.579s] Level 5:colcon.colcon_core.verb:set package 'interbotix_xsarm_puppet' build argument 'cmake_force_configure' from command line to 'False'
[0.579s] Level 5:colcon.colcon_core.verb:set package 'interbotix_xsarm_puppet' build argument 'ament_cmake_args' from command line to 'None'
[0.579s] Level 5:colcon.colcon_core.verb:set package 'interbotix_xsarm_puppet' build argument 'catkin_cmake_args' from command line to 'None'
[0.579s] Level 5:colcon.colcon_core.verb:set package 'interbotix_xsarm_puppet' build argument 'catkin_skip_building_tests' from command line to 'False'
[0.580s] DEBUG:colcon.colcon_core.verb:Building package 'interbotix_xsarm_puppet' with the following arguments: {'ament_cmake_args': None, 'build_base': '/home/derek-dietz/MSAI/ComputerVision/Final_Project/ws/interbotix/build/interbotix_xsarm_puppet', 'catkin_cmake_args': None, 'catkin_skip_building_tests': False, 'cmake_args': None, 'cmake_clean_cache': False, 'cmake_clean_first': False, 'cmake_force_configure': False, 'cmake_target': None, 'cmake_target_skip_unavailable': False, 'install_base': '/home/derek-dietz/MSAI/ComputerVision/Final_Project/ws/interbotix/install', 'merge_install': True, 'path': '/home/derek-dietz/MSAI/ComputerVision/Final_Project/ws/interbotix/src/interbotix_ros_manipulators/interbotix_ros_xsarms/examples/interbotix_xsarm_puppet', 'symlink_install': False, 'test_result_base': None}
[0.580s] Level 5:colcon.colcon_core.verb:set package 'interbotix_xsarm_ros_control' build argument 'cmake_args' from command line to 'None'
[0.580s] Level 5:colcon.colcon_core.verb:set package 'interbotix_xsarm_ros_control' build argument 'cmake_target' from command line to 'None'
[0.580s] Level 5:colcon.colcon_core.verb:set package 'interbotix_xsarm_ros_control' build argument 'cmake_target_skip_unavailable' from command line to 'False'
[0.580s] Level 5:colcon.colcon_core.verb:set package 'interbotix_xsarm_ros_control' build argument 'cmake_clean_cache' from command line to 'False'
[0.580s] Level 5:colcon.colcon_core.verb:set package 'interbotix_xsarm_ros_control' build argument 'cmake_clean_first' from command line to 'False'
[0.580s] Level 5:colcon.colcon_core.verb:set package 'interbotix_xsarm_ros_control' build argument 'cmake_force_configure' from command line to 'False'
[0.580s] Level 5:colcon.colcon_core.verb:set package 'interbotix_xsarm_ros_control' build argument 'ament_cmake_args' from command line to 'None'
[0.580s] Level 5:colcon.colcon_core.verb:set package 'interbotix_xsarm_ros_control' build argument 'catkin_cmake_args' from command line to 'None'
[0.580s] Level 5:colcon.colcon_core.verb:set package 'interbotix_xsarm_ros_control' build argument 'catkin_skip_building_tests' from command line to 'False'
[0.580s] DEBUG:colcon.colcon_core.verb:Building package 'interbotix_xsarm_ros_control' with the following arguments: {'ament_cmake_args': None, 'build_base': '/home/derek-dietz/MSAI/ComputerVision/Final_Project/ws/interbotix/build/interbotix_xsarm_ros_control', 'catkin_cmake_args': None, 'catkin_skip_building_tests': False, 'cmake_args': None, 'cmake_clean_cache': False, 'cmake_clean_first': False, 'cmake_force_configure': False, 'cmake_target': None, 'cmake_target_skip_unavailable': False, 'install_base': '/home/derek-dietz/MSAI/ComputerVision/Final_Project/ws/interbotix/install', 'merge_install': True, 'path': '/home/derek-dietz/MSAI/ComputerVision/Final_Project/ws/interbotix/src/interbotix_ros_manipulators/interbotix_ros_xsarms/interbotix_xsarm_ros_control', 'symlink_install': False, 'test_result_base': None}
[0.580s] Level 5:colcon.colcon_core.verb:set package 'interbotix_xsarm_moveit' build argument 'cmake_args' from command line to 'None'
[0.580s] Level 5:colcon.colcon_core.verb:set package 'interbotix_xsarm_moveit' build argument 'cmake_target' from command line to 'None'
[0.580s] Level 5:colcon.colcon_core.verb:set package 'interbotix_xsarm_moveit' build argument 'cmake_target_skip_unavailable' from command line to 'False'
[0.580s] Level 5:colcon.colcon_core.verb:set package 'interbotix_xsarm_moveit' build argument 'cmake_clean_cache' from command line to 'False'
[0.580s] Level 5:colcon.colcon_core.verb:set package 'interbotix_xsarm_moveit' build argument 'cmake_clean_first' from command line to 'False'
[0.580s] Level 5:colcon.colcon_core.verb:set package 'interbotix_xsarm_moveit' build argument 'cmake_force_configure' from command line to 'False'
[0.580s] Level 5:colcon.colcon_core.verb:set package 'interbotix_xsarm_moveit' build argument 'ament_cmake_args' from command line to 'None'
[0.580s] Level 5:colcon.colcon_core.verb:set package 'interbotix_xsarm_moveit' build argument 'catkin_cmake_args' from command line to 'None'
[0.580s] Level 5:colcon.colcon_core.verb:set package 'interbotix_xsarm_moveit' build argument 'catkin_skip_building_tests' from command line to 'False'
[0.580s] DEBUG:colcon.colcon_core.verb:Building package 'interbotix_xsarm_moveit' with the following arguments: {'ament_cmake_args': None, 'build_base': '/home/derek-dietz/MSAI/ComputerVision/Final_Project/ws/interbotix/build/interbotix_xsarm_moveit', 'catkin_cmake_args': None, 'catkin_skip_building_tests': False, 'cmake_args': None, 'cmake_clean_cache': False, 'cmake_clean_first': False, 'cmake_force_configure': False, 'cmake_target': None, 'cmake_target_skip_unavailable': False, 'install_base': '/home/derek-dietz/MSAI/ComputerVision/Final_Project/ws/interbotix/install', 'merge_install': True, 'path': '/home/derek-dietz/MSAI/ComputerVision/Final_Project/ws/interbotix/src/interbotix_ros_manipulators/interbotix_ros_xsarms/interbotix_xsarm_moveit', 'symlink_install': False, 'test_result_base': None}
[0.580s] Level 5:colcon.colcon_core.verb:set package 'interbotix_ros_xsarms' build argument 'cmake_args' from command line to 'None'
[0.580s] Level 5:colcon.colcon_core.verb:set package 'interbotix_ros_xsarms' build argument 'cmake_target' from command line to 'None'
[0.580s] Level 5:colcon.colcon_core.verb:set package 'interbotix_ros_xsarms' build argument 'cmake_target_skip_unavailable' from command line to 'False'
[0.580s] Level 5:colcon.colcon_core.verb:set package 'interbotix_ros_xsarms' build argument 'cmake_clean_cache' from command line to 'False'
[0.580s] Level 5:colcon.colcon_core.verb:set package 'interbotix_ros_xsarms' build argument 'cmake_clean_first' from command line to 'False'
[0.580s] Level 5:colcon.colcon_core.verb:set package 'interbotix_ros_xsarms' build argument 'cmake_force_configure' from command line to 'False'
[0.580s] Level 5:colcon.colcon_core.verb:set package 'interbotix_ros_xsarms' build argument 'ament_cmake_args' from command line to 'None'
[0.580s] Level 5:colcon.colcon_core.verb:set package 'interbotix_ros_xsarms' build argument 'catkin_cmake_args' from command line to 'None'
[0.580s] Level 5:colcon.colcon_core.verb:set package 'interbotix_ros_xsarms' build argument 'catkin_skip_building_tests' from command line to 'False'
[0.580s] DEBUG:colcon.colcon_core.verb:Building package 'interbotix_ros_xsarms' with the following arguments: {'ament_cmake_args': None, 'build_base': '/home/derek-dietz/MSAI/ComputerVision/Final_Project/ws/interbotix/build/interbotix_ros_xsarms', 'catkin_cmake_args': None, 'catkin_skip_building_tests': False, 'cmake_args': None, 'cmake_clean_cache': False, 'cmake_clean_first': False, 'cmake_force_configure': False, 'cmake_target': None, 'cmake_target_skip_unavailable': False, 'install_base': '/home/derek-dietz/MSAI/ComputerVision/Final_Project/ws/interbotix/install', 'merge_install': True, 'path': '/home/derek-dietz/MSAI/ComputerVision/Final_Project/ws/interbotix/src/interbotix_ros_manipulators/interbotix_ros_xsarms/interbotix_ros_xsarms', 'symlink_install': False, 'test_result_base': None}
[0.580s] Level 5:colcon.colcon_core.verb:set package 'interbotix_xsarm_moveit_interface' build argument 'cmake_args' from command line to 'None'
[0.580s] Level 5:colcon.colcon_core.verb:set package 'interbotix_xsarm_moveit_interface' build argument 'cmake_target' from command line to 'None'
[0.580s] Level 5:colcon.colcon_core.verb:set package 'interbotix_xsarm_moveit_interface' build argument 'cmake_target_skip_unavailable' from command line to 'False'
[0.580s] Level 5:colcon.colcon_core.verb:set package 'interbotix_xsarm_moveit_interface' build argument 'cmake_clean_cache' from command line to 'False'
[0.580s] Level 5:colcon.colcon_core.verb:set package 'interbotix_xsarm_moveit_interface' build argument 'cmake_clean_first' from command line to 'False'
[0.580s] Level 5:colcon.colcon_core.verb:set package 'interbotix_xsarm_moveit_interface' build argument 'cmake_force_configure' from command line to 'False'
[0.580s] Level 5:colcon.colcon_core.verb:set package 'interbotix_xsarm_moveit_interface' build argument 'ament_cmake_args' from command line to 'None'
[0.580s] Level 5:colcon.colcon_core.verb:set package 'interbotix_xsarm_moveit_interface' build argument 'catkin_cmake_args' from command line to 'None'
[0.580s] Level 5:colcon.colcon_core.verb:set package 'interbotix_xsarm_moveit_interface' build argument 'catkin_skip_building_tests' from command line to 'False'
[0.580s] DEBUG:colcon.colcon_core.verb:Building package 'interbotix_xsarm_moveit_interface' with the following arguments: {'ament_cmake_args': None, 'build_base': '/home/derek-dietz/MSAI/ComputerVision/Final_Project/ws/interbotix/build/interbotix_xsarm_moveit_interface', 'catkin_cmake_args': None, 'catkin_skip_building_tests': False, 'cmake_args': None, 'cmake_clean_cache': False, 'cmake_clean_first': False, 'cmake_force_configure': False, 'cmake_target': None, 'cmake_target_skip_unavailable': False, 'install_base': '/home/derek-dietz/MSAI/ComputerVision/Final_Project/ws/interbotix/install', 'merge_install': True, 'path': '/home/derek-dietz/MSAI/ComputerVision/Final_Project/ws/interbotix/src/interbotix_ros_manipulators/interbotix_ros_xsarms/examples/interbotix_xsarm_moveit_interface', 'symlink_install': False, 'test_result_base': None}
[0.581s] Level 5:colcon.colcon_core.verb:set package 'interbotix_ros_xsarms_examples' build argument 'cmake_args' from command line to 'None'
[0.581s] Level 5:colcon.colcon_core.verb:set package 'interbotix_ros_xsarms_examples' build argument 'cmake_target' from command line to 'None'
[0.581s] Level 5:colcon.colcon_core.verb:set package 'interbotix_ros_xsarms_examples' build argument 'cmake_target_skip_unavailable' from command line to 'False'
[0.581s] Level 5:colcon.colcon_core.verb:set package 'interbotix_ros_xsarms_examples' build argument 'cmake_clean_cache' from command line to 'False'
[0.581s] Level 5:colcon.colcon_core.verb:set package 'interbotix_ros_xsarms_examples' build argument 'cmake_clean_first' from command line to 'False'
[0.581s] Level 5:colcon.colcon_core.verb:set package 'interbotix_ros_xsarms_examples' build argument 'cmake_force_configure' from command line to 'False'
[0.581s] Level 5:colcon.colcon_core.verb:set package 'interbotix_ros_xsarms_examples' build argument 'ament_cmake_args' from command line to 'None'
[0.581s] Level 5:colcon.colcon_core.verb:set package 'interbotix_ros_xsarms_examples' build argument 'catkin_cmake_args' from command line to 'None'
[0.581s] Level 5:colcon.colcon_core.verb:set package 'interbotix_ros_xsarms_examples' build argument 'catkin_skip_building_tests' from command line to 'False'
[0.581s] DEBUG:colcon.colcon_core.verb:Building package 'interbotix_ros_xsarms_examples' with the following arguments: {'ament_cmake_args': None, 'build_base': '/home/derek-dietz/MSAI/ComputerVision/Final_Project/ws/interbotix/build/interbotix_ros_xsarms_examples', 'catkin_cmake_args': None, 'catkin_skip_building_tests': False, 'cmake_args': None, 'cmake_clean_cache': False, 'cmake_clean_first': False, 'cmake_force_configure': False, 'cmake_target': None, 'cmake_target_skip_unavailable': False, 'install_base': '/home/derek-dietz/MSAI/ComputerVision/Final_Project/ws/interbotix/install', 'merge_install': True, 'path': '/home/derek-dietz/MSAI/ComputerVision/Final_Project/ws/interbotix/src/interbotix_ros_manipulators/interbotix_ros_xsarms/examples/interbotix_ros_xsarms_examples', 'symlink_install': False, 'test_result_base': None}
[0.581s] INFO:colcon.colcon_core.executor:Executing jobs using 'parallel' executor
[0.582s] DEBUG:colcon.colcon_parallel_executor.executor.parallel:run_until_complete
[0.582s] INFO:colcon.colcon_ros.task.ament_cmake.build:Building ROS package in '/home/derek-dietz/MSAI/ComputerVision/Final_Project/ws/interbotix/src/interbotix_ros_core/interbotix_ros_xseries/interbotix_xs_msgs' with build type 'ament_cmake'
[0.582s] INFO:colcon.colcon_cmake.task.cmake.build:Building CMake package in '/home/derek-dietz/MSAI/ComputerVision/Final_Project/ws/interbotix/src/interbotix_ros_core/interbotix_ros_xseries/interbotix_xs_msgs'
[0.584s] INFO:colcon.colcon_core.plugin_system:Skipping extension 'colcon_core.shell.bat': Not used on non-Windows systems
[0.584s] INFO:colcon.colcon_core.shell:Skip shell extension 'powershell' for command environment: Not usable outside of PowerShell
[0.584s] DEBUG:colcon.colcon_core.shell:Skip shell extension 'dsv' for command environment
[0.587s] INFO:colcon.colcon_ros.task.ament_cmake.build:Building ROS package in '/home/derek-dietz/MSAI/ComputerVision/Final_Project/ws/interbotix/src/interbotix_xs_driver' with build type 'ament_cmake'
[0.587s] INFO:colcon.colcon_cmake.task.cmake.build:Building CMake package in '/home/derek-dietz/MSAI/ComputerVision/Final_Project/ws/interbotix/src/interbotix_xs_driver'
[0.587s] INFO:colcon.colcon_core.shell:Skip shell extension 'powershell' for command environment: Not usable outside of PowerShell
[0.587s] DEBUG:colcon.colcon_core.shell:Skip shell extension 'dsv' for command environment
[0.590s] INFO:colcon.colcon_ros.task.ament_python.build:Building ROS package in '/home/derek-dietz/MSAI/ComputerVision/Final_Project/ws/interbotix/src/interbotix_ros_toolboxes/interbotix_common_toolbox/interbotix_common_modules' with build type 'ament_python'
[0.590s] Level 1:colcon.colcon_core.shell:create_environment_hook('interbotix_common_modules', 'ament_prefix_path')
[0.590s] INFO:colcon.colcon_core.shell:Creating environment hook '/home/derek-dietz/MSAI/ComputerVision/Final_Project/ws/interbotix/install/share/interbotix_common_modules/hook/ament_prefix_path.ps1'
[0.590s] INFO:colcon.colcon_core.shell:Creating environment descriptor '/home/derek-dietz/MSAI/ComputerVision/Final_Project/ws/interbotix/install/share/interbotix_common_modules/hook/ament_prefix_path.dsv'
[0.591s] INFO:colcon.colcon_core.shell:Creating environment hook '/home/derek-dietz/MSAI/ComputerVision/Final_Project/ws/interbotix/install/share/interbotix_common_modules/hook/ament_prefix_path.sh'
[0.591s] INFO:colcon.colcon_core.shell:Skip shell extension 'powershell' for command environment: Not usable outside of PowerShell
[0.591s] DEBUG:colcon.colcon_core.shell:Skip shell extension 'dsv' for command environment
[0.594s] INFO:colcon.colcon_ros.task.ament_cmake.build:Building ROS package in '/home/derek-dietz/MSAI/ComputerVision/Final_Project/ws/interbotix/src/interbotix_ros_toolboxes/interbotix_common_toolbox/interbotix_common_sim' with build type 'ament_cmake'
[0.594s] INFO:colcon.colcon_cmake.task.cmake.build:Building CMake package in '/home/derek-dietz/MSAI/ComputerVision/Final_Project/ws/interbotix/src/interbotix_ros_toolboxes/interbotix_common_toolbox/interbotix_common_sim'
[0.594s] INFO:colcon.colcon_core.shell:Skip shell extension 'powershell' for command environment: Not usable outside of PowerShell
[0.594s] DEBUG:colcon.colcon_core.shell:Skip shell extension 'dsv' for command environment
[0.596s] INFO:colcon.colcon_ros.task.ament_cmake.build:Building ROS package in '/home/derek-dietz/MSAI/ComputerVision/Final_Project/ws/interbotix/src/interbotix_ros_toolboxes/interbotix_common_toolbox/interbotix_moveit_interface_msgs' with build type 'ament_cmake'
[0.597s] INFO:colcon.colcon_cmake.task.cmake.build:Building CMake package in '/home/derek-dietz/MSAI/ComputerVision/Final_Project/ws/interbotix/src/interbotix_ros_toolboxes/interbotix_common_toolbox/interbotix_moveit_interface_msgs'
[0.597s] INFO:colcon.colcon_core.shell:Skip shell extension 'powershell' for command environment: Not usable outside of PowerShell
[0.597s] DEBUG:colcon.colcon_core.shell:Skip shell extension 'dsv' for command environment
[0.599s] INFO:colcon.colcon_core.task.python.build:Building Python package in '/home/derek-dietz/MSAI/ComputerVision/Final_Project/ws/interbotix/src/arm'
[0.599s] INFO:colcon.colcon_core.shell:Skip shell extension 'powershell' for command environment: Not usable outside of PowerShell
[0.599s] DEBUG:colcon.colcon_core.shell:Skip shell extension 'dsv' for command environment
[0.602s] INFO:colcon.colcon_ros.task.ament_cmake.build:Building ROS package in '/home/derek-dietz/MSAI/ComputerVision/Final_Project/ws/interbotix/src/interbotix_ros_toolboxes/interbotix_common_toolbox/interbotix_tf_tools' with build type 'ament_cmake'
[0.602s] INFO:colcon.colcon_cmake.task.cmake.build:Building CMake package in '/home/derek-dietz/MSAI/ComputerVision/Final_Project/ws/interbotix/src/interbotix_ros_toolboxes/interbotix_common_toolbox/interbotix_tf_tools'
[0.602s] INFO:colcon.colcon_core.shell:Skip shell extension 'powershell' for command environment: Not usable outside of PowerShell
[0.602s] DEBUG:colcon.colcon_core.shell:Skip shell extension 'dsv' for command environment
[0.604s] INFO:colcon.colcon_core.task.python.build:Building Python package in '/home/derek-dietz/MSAI/ComputerVision/Final_Project/ws/interbotix/src/ModernRobotics/packages/Python'
[0.605s] INFO:colcon.colcon_core.shell:Skip shell extension 'powershell' for command environment: Not usable outside of PowerShell
[0.605s] DEBUG:colcon.colcon_core.shell:Skip shell extension 'dsv' for command environment
[0.610s] DEBUG:colcon.colcon_core.event_handler.log_command:Invoking command in '/home/derek-dietz/MSAI/ComputerVision/Final_Project/ws/interbotix/build/interbotix_xs_msgs': CMAKE_PREFIX_PATH=${CMAKE_PREFIX_PATH}:/opt/ros/kilted DEBUGINFOD_URLS=https://debuginfod.ubuntu.com /usr/bin/cmake --build /home/derek-dietz/MSAI/ComputerVision/Final_Project/ws/interbotix/build/interbotix_xs_msgs -- -j22 -l22
[0.612s] DEBUG:colcon.colcon_core.event_handler.log_command:Invoking command in '/home/derek-dietz/MSAI/ComputerVision/Final_Project/ws/interbotix/build/interbotix_xs_driver': CMAKE_PREFIX_PATH=${CMAKE_PREFIX_PATH}:/opt/ros/kilted DEBUGINFOD_URLS=https://debuginfod.ubuntu.com /usr/bin/cmake --build /home/derek-dietz/MSAI/ComputerVision/Final_Project/ws/interbotix/build/interbotix_xs_driver -- -j22 -l22
[0.790s] INFO:colcon.colcon_core.task.python.build:Building Python package in '/home/derek-dietz/MSAI/ComputerVision/Final_Project/ws/interbotix/src/interbotix_ros_toolboxes/interbotix_common_toolbox/interbotix_common_modules'
[0.790s] INFO:colcon.colcon_core.shell:Skip shell extension 'powershell' for command environment: Not usable outside of PowerShell
[0.790s] DEBUG:colcon.colcon_core.shell:Skip shell extension 'dsv' for command environment
[0.794s] DEBUG:colcon.colcon_core.event_handler.log_command:Invoking command in '/home/derek-dietz/MSAI/ComputerVision/Final_Project/ws/interbotix/build/interbotix_common_sim': CMAKE_PREFIX_PATH=${CMAKE_PREFIX_PATH}:/opt/ros/kilted DEBUGINFOD_URLS=https://debuginfod.ubuntu.com /usr/bin/cmake --build /home/derek-dietz/MSAI/ComputerVision/Final_Project/ws/interbotix/build/interbotix_common_sim -- -j22 -l22
[0.795s] DEBUG:colcon.colcon_core.event_handler.log_command:Invoking command in '/home/derek-dietz/MSAI/ComputerVision/Final_Project/ws/interbotix/build/interbotix_moveit_interface_msgs': CMAKE_PREFIX_PATH=${CMAKE_PREFIX_PATH}:/opt/ros/kilted DEBUGINFOD_URLS=https://debuginfod.ubuntu.com /usr/bin/cmake --build /home/derek-dietz/MSAI/ComputerVision/Final_Project/ws/interbotix/build/interbotix_moveit_interface_msgs -- -j22 -l22
[0.973s] DEBUG:colcon.colcon_core.event_handler.log_command:Invoking command in '/home/derek-dietz/MSAI/ComputerVision/Final_Project/ws/interbotix/build/interbotix_tf_tools': CMAKE_PREFIX_PATH=${CMAKE_PREFIX_PATH}:/opt/ros/kilted DEBUGINFOD_URLS=https://debuginfod.ubuntu.com /usr/bin/cmake --build /home/derek-dietz/MSAI/ComputerVision/Final_Project/ws/interbotix/build/interbotix_tf_tools -- -j22 -l22
[0.981s] DEBUG:colcon.colcon_core.event_handler.log_command:Invoked command in '/home/derek-dietz/MSAI/ComputerVision/Final_Project/ws/interbotix/build/interbotix_xs_driver' returned '0': CMAKE_PREFIX_PATH=${CMAKE_PREFIX_PATH}:/opt/ros/kilted DEBUGINFOD_URLS=https://debuginfod.ubuntu.com /usr/bin/cmake --build /home/derek-dietz/MSAI/ComputerVision/Final_Project/ws/interbotix/build/interbotix_xs_driver -- -j22 -l22
[0.992s] DEBUG:colcon.colcon_core.event_handler.log_command:Invoking command in '/home/derek-dietz/MSAI/ComputerVision/Final_Project/ws/interbotix/build/interbotix_xs_driver': CMAKE_PREFIX_PATH=${CMAKE_PREFIX_PATH}:/opt/ros/kilted DEBUGINFOD_URLS=https://debuginfod.ubuntu.com /usr/bin/cmake --install /home/derek-dietz/MSAI/ComputerVision/Final_Project/ws/interbotix/build/interbotix_xs_driver
[0.992s] DEBUG:colcon.colcon_core.event_handler.log_command:Invoked command in '/home/derek-dietz/MSAI/ComputerVision/Final_Project/ws/interbotix/build/interbotix_common_sim' returned '0': CMAKE_PREFIX_PATH=${CMAKE_PREFIX_PATH}:/opt/ros/kilted DEBUGINFOD_URLS=https://debuginfod.ubuntu.com /usr/bin/cmake --build /home/derek-dietz/MSAI/ComputerVision/Final_Project/ws/interbotix/build/interbotix_common_sim -- -j22 -l22
[0.994s] DEBUG:colcon.colcon_core.event_handler.log_command:Invoking command in '/home/derek-dietz/MSAI/ComputerVision/Final_Project/ws/interbotix/build/interbotix_common_sim': CMAKE_PREFIX_PATH=${CMAKE_PREFIX_PATH}:/opt/ros/kilted DEBUGINFOD_URLS=https://debuginfod.ubuntu.com /usr/bin/cmake --install /home/derek-dietz/MSAI/ComputerVision/Final_Project/ws/interbotix/build/interbotix_common_sim
[1.196s] Level 1:colcon.colcon_core.environment:create_environment_scripts_only(interbotix_xs_driver)
[1.196s] DEBUG:colcon.colcon_core.event_handler.log_command:Invoked command in '/home/derek-dietz/MSAI/ComputerVision/Final_Project/ws/interbotix/build/interbotix_xs_driver' returned '0': CMAKE_PREFIX_PATH=${CMAKE_PREFIX_PATH}:/opt/ros/kilted DEBUGINFOD_URLS=https://debuginfod.ubuntu.com /usr/bin/cmake --install /home/derek-dietz/MSAI/ComputerVision/Final_Project/ws/interbotix/build/interbotix_xs_driver
[1.199s] Level 1:colcon.colcon_core.environment:checking '/home/derek-dietz/MSAI/ComputerVision/Final_Project/ws/interbotix/install' for CMake module files
[1.200s] Level 1:colcon.colcon_core.environment:checking '/home/derek-dietz/MSAI/ComputerVision/Final_Project/ws/interbotix/install' for CMake config files
[1.201s] Level 1:colcon.colcon_core.shell:create_environment_hook('interbotix_xs_driver', 'cmake_prefix_path')
[1.201s] INFO:colcon.colcon_core.shell:Creating environment hook '/home/derek-dietz/MSAI/ComputerVision/Final_Project/ws/interbotix/install/share/interbotix_xs_driver/hook/cmake_prefix_path.ps1'
[1.201s] INFO:colcon.colcon_core.shell:Creating environment descriptor '/home/derek-dietz/MSAI/ComputerVision/Final_Project/ws/interbotix/install/share/interbotix_xs_driver/hook/cmake_prefix_path.dsv'
[1.202s] INFO:colcon.colcon_core.shell:Creating environment hook '/home/derek-dietz/MSAI/ComputerVision/Final_Project/ws/interbotix/install/share/interbotix_xs_driver/hook/cmake_prefix_path.sh'
[1.203s] Level 1:colcon.colcon_core.environment:checking '/home/derek-dietz/MSAI/ComputerVision/Final_Project/ws/interbotix/install/lib'
[1.203s] Level 1:colcon.colcon_core.shell:create_environment_hook('interbotix_xs_driver', 'ld_library_path_lib')
[1.203s] INFO:colcon.colcon_core.shell:Creating environment hook '/home/derek-dietz/MSAI/ComputerVision/Final_Project/ws/interbotix/install/share/interbotix_xs_driver/hook/ld_library_path_lib.ps1'
[1.203s] INFO:colcon.colcon_core.shell:Creating environment descriptor '/home/derek-dietz/MSAI/ComputerVision/Final_Project/ws/interbotix/install/share/interbotix_xs_driver/hook/ld_library_path_lib.dsv'
[1.204s] INFO:colcon.colcon_core.shell:Creating environment hook '/home/derek-dietz/MSAI/ComputerVision/Final_Project/ws/interbotix/install/share/interbotix_xs_driver/hook/ld_library_path_lib.sh'
[1.204s] Level 1:colcon.colcon_core.environment:checking '/home/derek-dietz/MSAI/ComputerVision/Final_Project/ws/interbotix/install/bin'
[1.204s] Level 1:colcon.colcon_core.environment:checking '/home/derek-dietz/MSAI/ComputerVision/Final_Project/ws/interbotix/install/lib/pkgconfig/interbotix_xs_driver.pc'
[1.205s] Level 1:colcon.colcon_core.environment:checking '/home/derek-dietz/MSAI/ComputerVision/Final_Project/ws/interbotix/install/lib/python3.12/site-packages'
[1.205s] Level 1:colcon.colcon_core.shell:create_environment_hook('interbotix_xs_driver', 'pythonpath')
[1.205s] INFO:colcon.colcon_core.shell:Creating environment hook '/home/derek-dietz/MSAI/ComputerVision/Final_Project/ws/interbotix/install/share/interbotix_xs_driver/hook/pythonpath.ps1'
[1.205s] INFO:colcon.colcon_core.shell:Creating environment descriptor '/home/derek-dietz/MSAI/ComputerVision/Final_Project/ws/interbotix/install/share/interbotix_xs_driver/hook/pythonpath.dsv'
[1.206s] INFO:colcon.colcon_core.shell:Creating environment hook '/home/derek-dietz/MSAI/ComputerVision/Final_Project/ws/interbotix/install/share/interbotix_xs_driver/hook/pythonpath.sh'
[1.207s] Level 1:colcon.colcon_core.environment:checking '/home/derek-dietz/MSAI/ComputerVision/Final_Project/ws/interbotix/install/bin'
[1.207s] INFO:colcon.colcon_core.shell:Creating package script '/home/derek-dietz/MSAI/ComputerVision/Final_Project/ws/interbotix/install/share/interbotix_xs_driver/package.ps1'
[1.208s] INFO:colcon.colcon_core.shell:Creating package descriptor '/home/derek-dietz/MSAI/ComputerVision/Final_Project/ws/interbotix/install/share/interbotix_xs_driver/package.dsv'
[1.208s] INFO:colcon.colcon_core.shell:Creating package script '/home/derek-dietz/MSAI/ComputerVision/Final_Project/ws/interbotix/install/share/interbotix_xs_driver/package.sh'
[1.209s] INFO:colcon.colcon_core.shell:Creating package script '/home/derek-dietz/MSAI/ComputerVision/Final_Project/ws/interbotix/install/share/interbotix_xs_driver/package.bash'
[1.210s] INFO:colcon.colcon_core.shell:Creating package script '/home/derek-dietz/MSAI/ComputerVision/Final_Project/ws/interbotix/install/share/interbotix_xs_driver/package.zsh'
[1.210s] Level 1:colcon.colcon_core.environment:create_file_with_runtime_dependencies(/home/derek-dietz/MSAI/ComputerVision/Final_Project/ws/interbotix/install/share/colcon-core/packages/interbotix_xs_driver)
[1.211s] Level 1:colcon.colcon_core.environment:create_environment_scripts_only(interbotix_xs_driver)
[1.211s] Level 1:colcon.colcon_core.environment:checking '/home/derek-dietz/MSAI/ComputerVision/Final_Project/ws/interbotix/install' for CMake module files
[1.211s] Level 1:colcon.colcon_core.environment:checking '/home/derek-dietz/MSAI/ComputerVision/Final_Project/ws/interbotix/install' for CMake config files
[1.212s] Level 1:colcon.colcon_core.shell:create_environment_hook('interbotix_xs_driver', 'cmake_prefix_path')
[1.212s] INFO:colcon.colcon_core.shell:Creating environment hook '/home/derek-dietz/MSAI/ComputerVision/Final_Project/ws/interbotix/install/share/interbotix_xs_driver/hook/cmake_prefix_path.ps1'
[1.212s] INFO:colcon.colcon_core.shell:Creating environment descriptor '/home/derek-dietz/MSAI/ComputerVision/Final_Project/ws/interbotix/install/share/interbotix_xs_driver/hook/cmake_prefix_path.dsv'
[1.213s] INFO:colcon.colcon_core.shell:Creating environment hook '/home/derek-dietz/MSAI/ComputerVision/Final_Project/ws/interbotix/install/share/interbotix_xs_driver/hook/cmake_prefix_path.sh'
[1.213s] Level 1:colcon.colcon_core.environment:checking '/home/derek-dietz/MSAI/ComputerVision/Final_Project/ws/interbotix/install/lib'
[1.213s] Level 1:colcon.colcon_core.shell:create_environment_hook('interbotix_xs_driver', 'ld_library_path_lib')
[1.214s] INFO:colcon.colcon_core.shell:Creating environment hook '/home/derek-dietz/MSAI/ComputerVision/Final_Project/ws/interbotix/install/share/interbotix_xs_driver/hook/ld_library_path_lib.ps1'
[1.214s] INFO:colcon.colcon_core.shell:Creating environment descriptor '/home/derek-dietz/MSAI/ComputerVision/Final_Project/ws/interbotix/install/share/interbotix_xs_driver/hook/ld_library_path_lib.dsv'
[1.214s] INFO:colcon.colcon_core.shell:Creating environment hook '/home/derek-dietz/MSAI/ComputerVision/Final_Project/ws/interbotix/install/share/interbotix_xs_driver/hook/ld_library_path_lib.sh'
[1.214s] Level 1:colcon.colcon_core.environment:checking '/home/derek-dietz/MSAI/ComputerVision/Final_Project/ws/interbotix/install/bin'
[1.214s] Level 1:colcon.colcon_core.environment:checking '/home/derek-dietz/MSAI/ComputerVision/Final_Project/ws/interbotix/install/lib/pkgconfig/interbotix_xs_driver.pc'
[1.215s] Level 1:colcon.colcon_core.environment:checking '/home/derek-dietz/MSAI/ComputerVision/Final_Project/ws/interbotix/install/lib/python3.12/site-packages'
[1.215s] Level 1:colcon.colcon_core.shell:create_environment_hook('interbotix_xs_driver', 'pythonpath')
[1.215s] INFO:colcon.colcon_core.shell:Creating environment hook '/home/derek-dietz/MSAI/ComputerVision/Final_Project/ws/interbotix/install/share/interbotix_xs_driver/hook/pythonpath.ps1'
[1.215s] INFO:colcon.colcon_core.shell:Creating environment descriptor '/home/derek-dietz/MSAI/ComputerVision/Final_Project/ws/interbotix/install/share/interbotix_xs_driver/hook/pythonpath.dsv'
[1.215s] INFO:colcon.colcon_core.shell:Creating environment hook '/home/derek-dietz/MSAI/ComputerVision/Final_Project/ws/interbotix/install/share/interbotix_xs_driver/hook/pythonpath.sh'
[1.216s] Level 1:colcon.colcon_core.environment:checking '/home/derek-dietz/MSAI/ComputerVision/Final_Project/ws/interbotix/install/bin'
[1.216s] INFO:colcon.colcon_core.shell:Creating package script '/home/derek-dietz/MSAI/ComputerVision/Final_Project/ws/interbotix/install/share/interbotix_xs_driver/package.ps1'
[1.216s] INFO:colcon.colcon_core.shell:Creating package descriptor '/home/derek-dietz/MSAI/ComputerVision/Final_Project/ws/interbotix/install/share/interbotix_xs_driver/package.dsv'
[1.217s] INFO:colcon.colcon_core.shell:Creating package script '/home/derek-dietz/MSAI/ComputerVision/Final_Project/ws/interbotix/install/share/interbotix_xs_driver/package.sh'
[1.217s] INFO:colcon.colcon_core.shell:Creating package script '/home/derek-dietz/MSAI/ComputerVision/Final_Project/ws/interbotix/install/share/interbotix_xs_driver/package.bash'
[1.217s] INFO:colcon.colcon_core.shell:Creating package script '/home/derek-dietz/MSAI/ComputerVision/Final_Project/ws/interbotix/install/share/interbotix_xs_driver/package.zsh'
[1.217s] Level 1:colcon.colcon_core.environment:create_file_with_runtime_dependencies(/home/derek-dietz/MSAI/ComputerVision/Final_Project/ws/interbotix/install/share/colcon-core/packages/interbotix_xs_driver)
[1.218s] Level 1:colcon.colcon_core.environment:create_environment_scripts_only(interbotix_common_sim)
[1.218s] Level 1:colcon.colcon_core.environment:checking '/home/derek-dietz/MSAI/ComputerVision/Final_Project/ws/interbotix/install' for CMake module files
[1.218s] Level 1:colcon.colcon_core.environment:checking '/home/derek-dietz/MSAI/ComputerVision/Final_Project/ws/interbotix/install' for CMake config files
[1.219s] DEBUG:colcon.colcon_core.event_handler.log_command:Invoked command in '/home/derek-dietz/MSAI/ComputerVision/Final_Project/ws/interbotix/build/interbotix_common_sim' returned '0': CMAKE_PREFIX_PATH=${CMAKE_PREFIX_PATH}:/opt/ros/kilted DEBUGINFOD_URLS=https://debuginfod.ubuntu.com /usr/bin/cmake --install /home/derek-dietz/MSAI/ComputerVision/Final_Project/ws/interbotix/build/interbotix_common_sim
[1.219s] Level 1:colcon.colcon_core.shell:create_environment_hook('interbotix_common_sim', 'cmake_prefix_path')
[1.219s] INFO:colcon.colcon_core.shell:Creating environment hook '/home/derek-dietz/MSAI/ComputerVision/Final_Project/ws/interbotix/install/share/interbotix_common_sim/hook/cmake_prefix_path.ps1'
[1.219s] INFO:colcon.colcon_core.shell:Creating environment descriptor '/home/derek-dietz/MSAI/ComputerVision/Final_Project/ws/interbotix/install/share/interbotix_common_sim/hook/cmake_prefix_path.dsv'
[1.219s] INFO:colcon.colcon_core.shell:Creating environment hook '/home/derek-dietz/MSAI/ComputerVision/Final_Project/ws/interbotix/install/share/interbotix_common_sim/hook/cmake_prefix_path.sh'
[1.220s] Level 1:colcon.colcon_core.environment:checking '/home/derek-dietz/MSAI/ComputerVision/Final_Project/ws/interbotix/install/lib'
[1.220s] Level 1:colcon.colcon_core.shell:create_environment_hook('interbotix_common_sim', 'ld_library_path_lib')
[1.220s] INFO:colcon.colcon_core.shell:Creating environment hook '/home/derek-dietz/MSAI/ComputerVision/Final_Project/ws/interbotix/install/share/interbotix_common_sim/hook/ld_library_path_lib.ps1'
[1.220s] INFO:colcon.colcon_core.shell:Creating environment descriptor '/home/derek-dietz/MSAI/ComputerVision/Final_Project/ws/interbotix/install/share/interbotix_common_sim/hook/ld_library_path_lib.dsv'
[1.220s] INFO:colcon.colcon_core.shell:Creating environment hook '/home/derek-dietz/MSAI/ComputerVision/Final_Project/ws/interbotix/install/share/interbotix_common_sim/hook/ld_library_path_lib.sh'
[1.220s] Level 1:colcon.colcon_core.environment:checking '/home/derek-dietz/MSAI/ComputerVision/Final_Project/ws/interbotix/install/bin'
[1.220s] Level 1:colcon.colcon_core.environment:checking '/home/derek-dietz/MSAI/ComputerVision/Final_Project/ws/interbotix/install/lib/pkgconfig/interbotix_common_sim.pc'
[1.221s] Level 1:colcon.colcon_core.environment:checking '/home/derek-dietz/MSAI/ComputerVision/Final_Project/ws/interbotix/install/lib/python3.12/site-packages'
[1.221s] Level 1:colcon.colcon_core.shell:create_environment_hook('interbotix_common_sim', 'pythonpath')
[1.221s] INFO:colcon.colcon_core.shell:Creating environment hook '/home/derek-dietz/MSAI/ComputerVision/Final_Project/ws/interbotix/install/share/interbotix_common_sim/hook/pythonpath.ps1'
[1.221s] INFO:colcon.colcon_core.shell:Creating environment descriptor '/home/derek-dietz/MSAI/ComputerVision/Final_Project/ws/interbotix/install/share/interbotix_common_sim/hook/pythonpath.dsv'
[1.221s] INFO:colcon.colcon_core.shell:Creating environment hook '/home/derek-dietz/MSAI/ComputerVision/Final_Project/ws/interbotix/install/share/interbotix_common_sim/hook/pythonpath.sh'
[1.221s] Level 1:colcon.colcon_core.environment:checking '/home/derek-dietz/MSAI/ComputerVision/Final_Project/ws/interbotix/install/bin'
[1.222s] INFO:colcon.colcon_core.shell:Creating package script '/home/derek-dietz/MSAI/ComputerVision/Final_Project/ws/interbotix/install/share/interbotix_common_sim/package.ps1'
[1.222s] INFO:colcon.colcon_core.shell:Creating package descriptor '/home/derek-dietz/MSAI/ComputerVision/Final_Project/ws/interbotix/install/share/interbotix_common_sim/package.dsv'
[1.222s] INFO:colcon.colcon_core.shell:Creating package script '/home/derek-dietz/MSAI/ComputerVision/Final_Project/ws/interbotix/install/share/interbotix_common_sim/package.sh'
[1.222s] INFO:colcon.colcon_core.shell:Creating package script '/home/derek-dietz/MSAI/ComputerVision/Final_Project/ws/interbotix/install/share/interbotix_common_sim/package.bash'
[1.223s] INFO:colcon.colcon_core.shell:Creating package script '/home/derek-dietz/MSAI/ComputerVision/Final_Project/ws/interbotix/install/share/interbotix_common_sim/package.zsh'
[1.223s] Level 1:colcon.colcon_core.environment:create_file_with_runtime_dependencies(/home/derek-dietz/MSAI/ComputerVision/Final_Project/ws/interbotix/install/share/colcon-core/packages/interbotix_common_sim)
[1.223s] Level 1:colcon.colcon_core.environment:create_environment_scripts_only(interbotix_common_sim)
[1.223s] Level 1:colcon.colcon_core.environment:checking '/home/derek-dietz/MSAI/ComputerVision/Final_Project/ws/interbotix/install' for CMake module files
[1.223s] Level 1:colcon.colcon_core.environment:checking '/home/derek-dietz/MSAI/ComputerVision/Final_Project/ws/interbotix/install' for CMake config files
[1.224s] Level 1:colcon.colcon_core.shell:create_environment_hook('interbotix_common_sim', 'cmake_prefix_path')
[1.224s] INFO:colcon.colcon_core.shell:Creating environment hook '/home/derek-dietz/MSAI/ComputerVision/Final_Project/ws/interbotix/install/share/interbotix_common_sim/hook/cmake_prefix_path.ps1'
[1.224s] INFO:colcon.colcon_core.shell:Creating environment descriptor '/home/derek-dietz/MSAI/ComputerVision/Final_Project/ws/interbotix/install/share/interbotix_common_sim/hook/cmake_prefix_path.dsv'
[1.224s] INFO:colcon.colcon_core.shell:Creating environment hook '/home/derek-dietz/MSAI/ComputerVision/Final_Project/ws/interbotix/install/share/interbotix_common_sim/hook/cmake_prefix_path.sh'
[1.224s] Level 1:colcon.colcon_core.environment:checking '/home/derek-dietz/MSAI/ComputerVision/Final_Project/ws/interbotix/install/lib'
[1.225s] Level 1:colcon.colcon_core.shell:create_environment_hook('interbotix_common_sim', 'ld_library_path_lib')
[1.225s] INFO:colcon.colcon_core.shell:Creating environment hook '/home/derek-dietz/MSAI/ComputerVision/Final_Project/ws/interbotix/install/share/interbotix_common_sim/hook/ld_library_path_lib.ps1'
[1.225s] INFO:colcon.colcon_core.shell:Creating environment descriptor '/home/derek-dietz/MSAI/ComputerVision/Final_Project/ws/interbotix/install/share/interbotix_common_sim/hook/ld_library_path_lib.dsv'
[1.225s] INFO:colcon.colcon_core.shell:Creating environment hook '/home/derek-dietz/MSAI/ComputerVision/Final_Project/ws/interbotix/install/share/interbotix_common_sim/hook/ld_library_path_lib.sh'
[1.225s] Level 1:colcon.colcon_core.environment:checking '/home/derek-dietz/MSAI/ComputerVision/Final_Project/ws/interbotix/install/bin'
[1.225s] Level 1:colcon.colcon_core.environment:checking '/home/derek-dietz/MSAI/ComputerVision/Final_Project/ws/interbotix/install/lib/pkgconfig/interbotix_common_sim.pc'
[1.225s] Level 1:colcon.colcon_core.environment:checking '/home/derek-dietz/MSAI/ComputerVision/Final_Project/ws/interbotix/install/lib/python3.12/site-packages'
[1.225s] Level 1:colcon.colcon_core.shell:create_environment_hook('interbotix_common_sim', 'pythonpath')
[1.225s] INFO:colcon.colcon_core.shell:Creating environment hook '/home/derek-dietz/MSAI/ComputerVision/Final_Project/ws/interbotix/install/share/interbotix_common_sim/hook/pythonpath.ps1'
[1.226s] INFO:colcon.colcon_core.shell:Creating environment descriptor '/home/derek-dietz/MSAI/ComputerVision/Final_Project/ws/interbotix/install/share/interbotix_common_sim/hook/pythonpath.dsv'
[1.226s] INFO:colcon.colcon_core.shell:Creating environment hook '/home/derek-dietz/MSAI/ComputerVision/Final_Project/ws/interbotix/install/share/interbotix_common_sim/hook/pythonpath.sh'
[1.226s] Level 1:colcon.colcon_core.environment:checking '/home/derek-dietz/MSAI/ComputerVision/Final_Project/ws/interbotix/install/bin'
[1.226s] INFO:colcon.colcon_core.shell:Creating package script '/home/derek-dietz/MSAI/ComputerVision/Final_Project/ws/interbotix/install/share/interbotix_common_sim/package.ps1'
[1.227s] INFO:colcon.colcon_core.shell:Creating package descriptor '/home/derek-dietz/MSAI/ComputerVision/Final_Project/ws/interbotix/install/share/interbotix_common_sim/package.dsv'
[1.227s] INFO:colcon.colcon_core.shell:Creating package script '/home/derek-dietz/MSAI/ComputerVision/Final_Project/ws/interbotix/install/share/interbotix_common_sim/package.sh'
[1.227s] INFO:colcon.colcon_core.shell:Creating package script '/home/derek-dietz/MSAI/ComputerVision/Final_Project/ws/interbotix/install/share/interbotix_common_sim/package.bash'
[1.227s] INFO:colcon.colcon_core.shell:Creating package script '/home/derek-dietz/MSAI/ComputerVision/Final_Project/ws/interbotix/install/share/interbotix_common_sim/package.zsh'
[1.228s] Level 1:colcon.colcon_core.environment:create_file_with_runtime_dependencies(/home/derek-dietz/MSAI/ComputerVision/Final_Project/ws/interbotix/install/share/colcon-core/packages/interbotix_common_sim)
[1.229s] DEBUG:colcon.colcon_core.event_handler.log_command:Invoked command in '/home/derek-dietz/MSAI/ComputerVision/Final_Project/ws/interbotix/build/interbotix_moveit_interface_msgs' returned '0': CMAKE_PREFIX_PATH=${CMAKE_PREFIX_PATH}:/opt/ros/kilted DEBUGINFOD_URLS=https://debuginfod.ubuntu.com /usr/bin/cmake --build /home/derek-dietz/MSAI/ComputerVision/Final_Project/ws/interbotix/build/interbotix_moveit_interface_msgs -- -j22 -l22
[1.229s] DEBUG:colcon.colcon_core.event_handler.log_command:Invoking command in '/home/derek-dietz/MSAI/ComputerVision/Final_Project/ws/interbotix/build/interbotix_moveit_interface_msgs': CMAKE_PREFIX_PATH=${CMAKE_PREFIX_PATH}:/opt/ros/kilted DEBUGINFOD_URLS=https://debuginfod.ubuntu.com /usr/bin/cmake --install /home/derek-dietz/MSAI/ComputerVision/Final_Project/ws/interbotix/build/interbotix_moveit_interface_msgs
[1.230s] DEBUG:colcon.colcon_core.event_handler.log_command:Invoked command in '/home/derek-dietz/MSAI/ComputerVision/Final_Project/ws/interbotix/build/interbotix_tf_tools' returned '0': CMAKE_PREFIX_PATH=${CMAKE_PREFIX_PATH}:/opt/ros/kilted DEBUGINFOD_URLS=https://debuginfod.ubuntu.com /usr/bin/cmake --build /home/derek-dietz/MSAI/ComputerVision/Final_Project/ws/interbotix/build/interbotix_tf_tools -- -j22 -l22
[1.231s] DEBUG:colcon.colcon_core.event_handler.log_command:Invoking command in '/home/derek-dietz/MSAI/ComputerVision/Final_Project/ws/interbotix/build/interbotix_tf_tools': CMAKE_PREFIX_PATH=${CMAKE_PREFIX_PATH}:/opt/ros/kilted DEBUGINFOD_URLS=https://debuginfod.ubuntu.com /usr/bin/cmake --install /home/derek-dietz/MSAI/ComputerVision/Final_Project/ws/interbotix/build/interbotix_tf_tools
[1.231s] DEBUG:colcon.colcon_core.event_handler.log_command:Invoked command in '/home/derek-dietz/MSAI/ComputerVision/Final_Project/ws/interbotix/build/interbotix_xs_msgs' returned '0': CMAKE_PREFIX_PATH=${CMAKE_PREFIX_PATH}:/opt/ros/kilted DEBUGINFOD_URLS=https://debuginfod.ubuntu.com /usr/bin/cmake --build /home/derek-dietz/MSAI/ComputerVision/Final_Project/ws/interbotix/build/interbotix_xs_msgs -- -j22 -l22
[1.232s] DEBUG:colcon.colcon_core.event_handler.log_command:Invoking command in '/home/derek-dietz/MSAI/ComputerVision/Final_Project/ws/interbotix/build/interbotix_xs_msgs': CMAKE_PREFIX_PATH=${CMAKE_PREFIX_PATH}:/opt/ros/kilted DEBUGINFOD_URLS=https://debuginfod.ubuntu.com /usr/bin/cmake --install /home/derek-dietz/MSAI/ComputerVision/Final_Project/ws/interbotix/build/interbotix_xs_msgs
[1.244s] Level 1:colcon.colcon_core.environment:create_environment_scripts_only(interbotix_tf_tools)
[1.245s] Level 1:colcon.colcon_core.environment:checking '/home/derek-dietz/MSAI/ComputerVision/Final_Project/ws/interbotix/install' for CMake module files
[1.246s] DEBUG:colcon.colcon_core.event_handler.log_command:Invoked command in '/home/derek-dietz/MSAI/ComputerVision/Final_Project/ws/interbotix/build/interbotix_tf_tools' returned '0': CMAKE_PREFIX_PATH=${CMAKE_PREFIX_PATH}:/opt/ros/kilted DEBUGINFOD_URLS=https://debuginfod.ubuntu.com /usr/bin/cmake --install /home/derek-dietz/MSAI/ComputerVision/Final_Project/ws/interbotix/build/interbotix_tf_tools
[1.249s] Level 1:colcon.colcon_core.environment:checking '/home/derek-dietz/MSAI/ComputerVision/Final_Project/ws/interbotix/install' for CMake config files
[1.281s] Level 1:colcon.colcon_core.shell:create_environment_hook('interbotix_tf_tools', 'cmake_prefix_path')
[1.281s] INFO:colcon.colcon_core.shell:Creating environment hook '/home/derek-dietz/MSAI/ComputerVision/Final_Project/ws/interbotix/install/share/interbotix_tf_tools/hook/cmake_prefix_path.ps1'
[1.282s] INFO:colcon.colcon_core.shell:Creating environment descriptor '/home/derek-dietz/MSAI/ComputerVision/Final_Project/ws/interbotix/install/share/interbotix_tf_tools/hook/cmake_prefix_path.dsv'
[1.283s] INFO:colcon.colcon_core.shell:Creating environment hook '/home/derek-dietz/MSAI/ComputerVision/Final_Project/ws/interbotix/install/share/interbotix_tf_tools/hook/cmake_prefix_path.sh'
[1.283s] Level 1:colcon.colcon_core.environment:checking '/home/derek-dietz/MSAI/ComputerVision/Final_Project/ws/interbotix/install/lib'
[1.284s] Level 1:colcon.colcon_core.shell:create_environment_hook('interbotix_tf_tools', 'ld_library_path_lib')
[1.284s] INFO:colcon.colcon_core.shell:Creating environment hook '/home/derek-dietz/MSAI/ComputerVision/Final_Project/ws/interbotix/install/share/interbotix_tf_tools/hook/ld_library_path_lib.ps1'
[1.284s] INFO:colcon.colcon_core.shell:Creating environment descriptor '/home/derek-dietz/MSAI/ComputerVision/Final_Project/ws/interbotix/install/share/interbotix_tf_tools/hook/ld_library_path_lib.dsv'
[1.285s] INFO:colcon.colcon_core.shell:Creating environment hook '/home/derek-dietz/MSAI/ComputerVision/Final_Project/ws/interbotix/install/share/interbotix_tf_tools/hook/ld_library_path_lib.sh'
[1.285s] Level 1:colcon.colcon_core.environment:checking '/home/derek-dietz/MSAI/ComputerVision/Final_Project/ws/interbotix/install/bin'
[1.285s] Level 1:colcon.colcon_core.environment:checking '/home/derek-dietz/MSAI/ComputerVision/Final_Project/ws/interbotix/install/lib/pkgconfig/interbotix_tf_tools.pc'
[1.286s] Level 1:colcon.colcon_core.environment:checking '/home/derek-dietz/MSAI/ComputerVision/Final_Project/ws/interbotix/install/lib/python3.12/site-packages'
[1.286s] Level 1:colcon.colcon_core.shell:create_environment_hook('interbotix_tf_tools', 'pythonpath')
[1.286s] INFO:colcon.colcon_core.shell:Creating environment hook '/home/derek-dietz/MSAI/ComputerVision/Final_Project/ws/interbotix/install/share/interbotix_tf_tools/hook/pythonpath.ps1'
[1.287s] INFO:colcon.colcon_core.shell:Creating environment descriptor '/home/derek-dietz/MSAI/ComputerVision/Final_Project/ws/interbotix/install/share/interbotix_tf_tools/hook/pythonpath.dsv'
[1.287s] INFO:colcon.colcon_core.shell:Creating environment hook '/home/derek-dietz/MSAI/ComputerVision/Final_Project/ws/interbotix/install/share/interbotix_tf_tools/hook/pythonpath.sh'
[1.288s] Level 1:colcon.colcon_core.environment:checking '/home/derek-dietz/MSAI/ComputerVision/Final_Project/ws/interbotix/install/bin'
[1.289s] INFO:colcon.colcon_core.shell:Creating package script '/home/derek-dietz/MSAI/ComputerVision/Final_Project/ws/interbotix/install/share/interbotix_tf_tools/package.ps1'
[1.290s] INFO:colcon.colcon_core.shell:Creating package descriptor '/home/derek-dietz/MSAI/ComputerVision/Final_Project/ws/interbotix/install/share/interbotix_tf_tools/package.dsv'
[1.293s] INFO:colcon.colcon_core.shell:Creating package script '/home/derek-dietz/MSAI/ComputerVision/Final_Project/ws/interbotix/install/share/interbotix_tf_tools/package.sh'
[1.297s] INFO:colcon.colcon_core.shell:Creating package script '/home/derek-dietz/MSAI/ComputerVision/Final_Project/ws/interbotix/install/share/interbotix_tf_tools/package.bash'
[1.298s] INFO:colcon.colcon_core.shell:Creating package script '/home/derek-dietz/MSAI/ComputerVision/Final_Project/ws/interbotix/install/share/interbotix_tf_tools/package.zsh'
[1.298s] Level 1:colcon.colcon_core.environment:create_file_with_runtime_dependencies(/home/derek-dietz/MSAI/ComputerVision/Final_Project/ws/interbotix/install/share/colcon-core/packages/interbotix_tf_tools)
[1.299s] Level 1:colcon.colcon_core.environment:create_environment_scripts_only(interbotix_tf_tools)
[1.299s] Level 1:colcon.colcon_core.environment:checking '/home/derek-dietz/MSAI/ComputerVision/Final_Project/ws/interbotix/install' for CMake module files
[1.300s] Level 1:colcon.colcon_core.environment:checking '/home/derek-dietz/MSAI/ComputerVision/Final_Project/ws/interbotix/install' for CMake config files
[1.301s] Level 1:colcon.colcon_core.shell:create_environment_hook('interbotix_tf_tools', 'cmake_prefix_path')
[1.301s] INFO:colcon.colcon_core.shell:Creating environment hook '/home/derek-dietz/MSAI/ComputerVision/Final_Project/ws/interbotix/install/share/interbotix_tf_tools/hook/cmake_prefix_path.ps1'
[1.301s] INFO:colcon.colcon_core.shell:Creating environment descriptor '/home/derek-dietz/MSAI/ComputerVision/Final_Project/ws/interbotix/install/share/interbotix_tf_tools/hook/cmake_prefix_path.dsv'
[1.301s] INFO:colcon.colcon_core.shell:Creating environment hook '/home/derek-dietz/MSAI/ComputerVision/Final_Project/ws/interbotix/install/share/interbotix_tf_tools/hook/cmake_prefix_path.sh'
[1.302s] Level 1:colcon.colcon_core.environment:checking '/home/derek-dietz/MSAI/ComputerVision/Final_Project/ws/interbotix/install/lib'
[1.302s] Level 1:colcon.colcon_core.shell:create_environment_hook('interbotix_tf_tools', 'ld_library_path_lib')
[1.302s] INFO:colcon.colcon_core.shell:Creating environment hook '/home/derek-dietz/MSAI/ComputerVision/Final_Project/ws/interbotix/install/share/interbotix_tf_tools/hook/ld_library_path_lib.ps1'
[1.303s] INFO:colcon.colcon_core.shell:Creating environment descriptor '/home/derek-dietz/MSAI/ComputerVision/Final_Project/ws/interbotix/install/share/interbotix_tf_tools/hook/ld_library_path_lib.dsv'
[1.303s] INFO:colcon.colcon_core.shell:Creating environment hook '/home/derek-dietz/MSAI/ComputerVision/Final_Project/ws/interbotix/install/share/interbotix_tf_tools/hook/ld_library_path_lib.sh'
[1.303s] Level 1:colcon.colcon_core.environment:checking '/home/derek-dietz/MSAI/ComputerVision/Final_Project/ws/interbotix/install/bin'
[1.303s] Level 1:colcon.colcon_core.environment:checking '/home/derek-dietz/MSAI/ComputerVision/Final_Project/ws/interbotix/install/lib/pkgconfig/interbotix_tf_tools.pc'
[1.303s] Level 1:colcon.colcon_core.environment:checking '/home/derek-dietz/MSAI/ComputerVision/Final_Project/ws/interbotix/install/lib/python3.12/site-packages'
[1.304s] Level 1:colcon.colcon_core.shell:create_environment_hook('interbotix_tf_tools', 'pythonpath')
[1.304s] INFO:colcon.colcon_core.shell:Creating environment hook '/home/derek-dietz/MSAI/ComputerVision/Final_Project/ws/interbotix/install/share/interbotix_tf_tools/hook/pythonpath.ps1'
[1.304s] INFO:colcon.colcon_core.shell:Creating environment descriptor '/home/derek-dietz/MSAI/ComputerVision/Final_Project/ws/interbotix/install/share/interbotix_tf_tools/hook/pythonpath.dsv'
[1.304s] INFO:colcon.colcon_core.shell:Creating environment hook '/home/derek-dietz/MSAI/ComputerVision/Final_Project/ws/interbotix/install/share/interbotix_tf_tools/hook/pythonpath.sh'
[1.305s] Level 1:colcon.colcon_core.environment:checking '/home/derek-dietz/MSAI/ComputerVision/Final_Project/ws/interbotix/install/bin'
[1.305s] INFO:colcon.colcon_core.shell:Creating package script '/home/derek-dietz/MSAI/ComputerVision/Final_Project/ws/interbotix/install/share/interbotix_tf_tools/package.ps1'
[1.305s] INFO:colcon.colcon_core.shell:Creating package descriptor '/home/derek-dietz/MSAI/ComputerVision/Final_Project/ws/interbotix/install/share/interbotix_tf_tools/package.dsv'
[1.306s] INFO:colcon.colcon_core.shell:Creating package script '/home/derek-dietz/MSAI/ComputerVision/Final_Project/ws/interbotix/install/share/interbotix_tf_tools/package.sh'
[1.306s] INFO:colcon.colcon_core.shell:Creating package script '/home/derek-dietz/MSAI/ComputerVision/Final_Project/ws/interbotix/install/share/interbotix_tf_tools/package.bash'
[1.306s] INFO:colcon.colcon_core.shell:Creating package script '/home/derek-dietz/MSAI/ComputerVision/Final_Project/ws/interbotix/install/share/interbotix_tf_tools/package.zsh'
[1.307s] Level 1:colcon.colcon_core.environment:create_file_with_runtime_dependencies(/home/derek-dietz/MSAI/ComputerVision/Final_Project/ws/interbotix/install/share/colcon-core/packages/interbotix_tf_tools)
[1.308s] Level 1:colcon.colcon_core.environment:create_environment_scripts_only(interbotix_moveit_interface_msgs)
[1.308s] Level 1:colcon.colcon_core.environment:checking '/home/derek-dietz/MSAI/ComputerVision/Final_Project/ws/interbotix/install' for CMake module files
[1.308s] DEBUG:colcon.colcon_core.event_handler.log_command:Invoked command in '/home/derek-dietz/MSAI/ComputerVision/Final_Project/ws/interbotix/build/interbotix_moveit_interface_msgs' returned '0': CMAKE_PREFIX_PATH=${CMAKE_PREFIX_PATH}:/opt/ros/kilted DEBUGINFOD_URLS=https://debuginfod.ubuntu.com /usr/bin/cmake --install /home/derek-dietz/MSAI/ComputerVision/Final_Project/ws/interbotix/build/interbotix_moveit_interface_msgs
[1.309s] Level 1:colcon.colcon_core.environment:checking '/home/derek-dietz/MSAI/ComputerVision/Final_Project/ws/interbotix/install' for CMake config files
[1.309s] Level 1:colcon.colcon_core.shell:create_environment_hook('interbotix_moveit_interface_msgs', 'cmake_prefix_path')
[1.309s] INFO:colcon.colcon_core.shell:Creating environment hook '/home/derek-dietz/MSAI/ComputerVision/Final_Project/ws/interbotix/install/share/interbotix_moveit_interface_msgs/hook/cmake_prefix_path.ps1'
[1.309s] INFO:colcon.colcon_core.shell:Creating environment descriptor '/home/derek-dietz/MSAI/ComputerVision/Final_Project/ws/interbotix/install/share/interbotix_moveit_interface_msgs/hook/cmake_prefix_path.dsv'
[1.310s] INFO:colcon.colcon_core.shell:Creating environment hook '/home/derek-dietz/MSAI/ComputerVision/Final_Project/ws/interbotix/install/share/interbotix_moveit_interface_msgs/hook/cmake_prefix_path.sh'
[1.310s] Level 1:colcon.colcon_core.environment:checking '/home/derek-dietz/MSAI/ComputerVision/Final_Project/ws/interbotix/install/lib'
[1.310s] Level 1:colcon.colcon_core.shell:create_environment_hook('interbotix_moveit_interface_msgs', 'ld_library_path_lib')
[1.310s] INFO:colcon.colcon_core.shell:Creating environment hook '/home/derek-dietz/MSAI/ComputerVision/Final_Project/ws/interbotix/install/share/interbotix_moveit_interface_msgs/hook/ld_library_path_lib.ps1'
[1.310s] INFO:colcon.colcon_core.shell:Creating environment descriptor '/home/derek-dietz/MSAI/ComputerVision/Final_Project/ws/interbotix/install/share/interbotix_moveit_interface_msgs/hook/ld_library_path_lib.dsv'
[1.310s] INFO:colcon.colcon_core.shell:Creating environment hook '/home/derek-dietz/MSAI/ComputerVision/Final_Project/ws/interbotix/install/share/interbotix_moveit_interface_msgs/hook/ld_library_path_lib.sh'
[1.311s] Level 1:colcon.colcon_core.environment:checking '/home/derek-dietz/MSAI/ComputerVision/Final_Project/ws/interbotix/install/bin'
[1.311s] Level 1:colcon.colcon_core.environment:checking '/home/derek-dietz/MSAI/ComputerVision/Final_Project/ws/interbotix/install/lib/pkgconfig/interbotix_moveit_interface_msgs.pc'
[1.311s] Level 1:colcon.colcon_core.environment:checking '/home/derek-dietz/MSAI/ComputerVision/Final_Project/ws/interbotix/install/lib/python3.12/site-packages'
[1.311s] Level 1:colcon.colcon_core.shell:create_environment_hook('interbotix_moveit_interface_msgs', 'pythonpath')
[1.311s] INFO:colcon.colcon_core.shell:Creating environment hook '/home/derek-dietz/MSAI/ComputerVision/Final_Project/ws/interbotix/install/share/interbotix_moveit_interface_msgs/hook/pythonpath.ps1'
[1.311s] INFO:colcon.colcon_core.shell:Creating environment descriptor '/home/derek-dietz/MSAI/ComputerVision/Final_Project/ws/interbotix/install/share/interbotix_moveit_interface_msgs/hook/pythonpath.dsv'
[1.311s] INFO:colcon.colcon_core.shell:Creating environment hook '/home/derek-dietz/MSAI/ComputerVision/Final_Project/ws/interbotix/install/share/interbotix_moveit_interface_msgs/hook/pythonpath.sh'
[1.312s] Level 1:colcon.colcon_core.environment:checking '/home/derek-dietz/MSAI/ComputerVision/Final_Project/ws/interbotix/install/bin'
[1.312s] INFO:colcon.colcon_core.shell:Creating package script '/home/derek-dietz/MSAI/ComputerVision/Final_Project/ws/interbotix/install/share/interbotix_moveit_interface_msgs/package.ps1'
[1.312s] INFO:colcon.colcon_core.shell:Creating package descriptor '/home/derek-dietz/MSAI/ComputerVision/Final_Project/ws/interbotix/install/share/interbotix_moveit_interface_msgs/package.dsv'
[1.312s] INFO:colcon.colcon_core.shell:Creating package script '/home/derek-dietz/MSAI/ComputerVision/Final_Project/ws/interbotix/install/share/interbotix_moveit_interface_msgs/package.sh'
[1.313s] INFO:colcon.colcon_core.shell:Creating package script '/home/derek-dietz/MSAI/ComputerVision/Final_Project/ws/interbotix/install/share/interbotix_moveit_interface_msgs/package.bash'
[1.313s] INFO:colcon.colcon_core.shell:Creating package script '/home/derek-dietz/MSAI/ComputerVision/Final_Project/ws/interbotix/install/share/interbotix_moveit_interface_msgs/package.zsh'
[1.313s] Level 1:colcon.colcon_core.environment:create_file_with_runtime_dependencies(/home/derek-dietz/MSAI/ComputerVision/Final_Project/ws/interbotix/install/share/colcon-core/packages/interbotix_moveit_interface_msgs)
[1.313s] Level 1:colcon.colcon_core.environment:create_environment_scripts_only(interbotix_moveit_interface_msgs)
[1.313s] Level 1:colcon.colcon_core.environment:checking '/home/derek-dietz/MSAI/ComputerVision/Final_Project/ws/interbotix/install' for CMake module files
[1.314s] Level 1:colcon.colcon_core.environment:checking '/home/derek-dietz/MSAI/ComputerVision/Final_Project/ws/interbotix/install' for CMake config files
[1.314s] Level 1:colcon.colcon_core.shell:create_environment_hook('interbotix_moveit_interface_msgs', 'cmake_prefix_path')
[1.314s] INFO:colcon.colcon_core.shell:Creating environment hook '/home/derek-dietz/MSAI/ComputerVision/Final_Project/ws/interbotix/install/share/interbotix_moveit_interface_msgs/hook/cmake_prefix_path.ps1'
[1.314s] INFO:colcon.colcon_core.shell:Creating environment descriptor '/home/derek-dietz/MSAI/ComputerVision/Final_Project/ws/interbotix/install/share/interbotix_moveit_interface_msgs/hook/cmake_prefix_path.dsv'
[1.315s] INFO:colcon.colcon_core.shell:Creating environment hook '/home/derek-dietz/MSAI/ComputerVision/Final_Project/ws/interbotix/install/share/interbotix_moveit_interface_msgs/hook/cmake_prefix_path.sh'
[1.315s] Level 1:colcon.colcon_core.environment:checking '/home/derek-dietz/MSAI/ComputerVision/Final_Project/ws/interbotix/install/lib'
[1.315s] Level 1:colcon.colcon_core.shell:create_environment_hook('interbotix_moveit_interface_msgs', 'ld_library_path_lib')
[1.315s] INFO:colcon.colcon_core.shell:Creating environment hook '/home/derek-dietz/MSAI/ComputerVision/Final_Project/ws/interbotix/install/share/interbotix_moveit_interface_msgs/hook/ld_library_path_lib.ps1'
[1.315s] INFO:colcon.colcon_core.shell:Creating environment descriptor '/home/derek-dietz/MSAI/ComputerVision/Final_Project/ws/interbotix/install/share/interbotix_moveit_interface_msgs/hook/ld_library_path_lib.dsv'
[1.315s] INFO:colcon.colcon_core.shell:Creating environment hook '/home/derek-dietz/MSAI/ComputerVision/Final_Project/ws/interbotix/install/share/interbotix_moveit_interface_msgs/hook/ld_library_path_lib.sh'
[1.316s] Level 1:colcon.colcon_core.environment:checking '/home/derek-dietz/MSAI/ComputerVision/Final_Project/ws/interbotix/install/bin'
[1.316s] Level 1:colcon.colcon_core.environment:checking '/home/derek-dietz/MSAI/ComputerVision/Final_Project/ws/interbotix/install/lib/pkgconfig/interbotix_moveit_interface_msgs.pc'
[1.316s] Level 1:colcon.colcon_core.environment:checking '/home/derek-dietz/MSAI/ComputerVision/Final_Project/ws/interbotix/install/lib/python3.12/site-packages'
[1.316s] Level 1:colcon.colcon_core.shell:create_environment_hook('interbotix_moveit_interface_msgs', 'pythonpath')
[1.316s] INFO:colcon.colcon_core.shell:Creating environment hook '/home/derek-dietz/MSAI/ComputerVision/Final_Project/ws/interbotix/install/share/interbotix_moveit_interface_msgs/hook/pythonpath.ps1'
[1.316s] INFO:colcon.colcon_core.shell:Creating environment descriptor '/home/derek-dietz/MSAI/ComputerVision/Final_Project/ws/interbotix/install/share/interbotix_moveit_interface_msgs/hook/pythonpath.dsv'
[1.316s] INFO:colcon.colcon_core.shell:Creating environment hook '/home/derek-dietz/MSAI/ComputerVision/Final_Project/ws/interbotix/install/share/interbotix_moveit_interface_msgs/hook/pythonpath.sh'
[1.317s] Level 1:colcon.colcon_core.environment:checking '/home/derek-dietz/MSAI/ComputerVision/Final_Project/ws/interbotix/install/bin'
[1.317s] INFO:colcon.colcon_core.shell:Creating package script '/home/derek-dietz/MSAI/ComputerVision/Final_Project/ws/interbotix/install/share/interbotix_moveit_interface_msgs/package.ps1'
[1.317s] INFO:colcon.colcon_core.shell:Creating package descriptor '/home/derek-dietz/MSAI/ComputerVision/Final_Project/ws/interbotix/install/share/interbotix_moveit_interface_msgs/package.dsv'
[1.317s] INFO:colcon.colcon_core.shell:Creating package script '/home/derek-dietz/MSAI/ComputerVision/Final_Project/ws/interbotix/install/share/interbotix_moveit_interface_msgs/package.sh'
[1.318s] INFO:colcon.colcon_core.shell:Creating package script '/home/derek-dietz/MSAI/ComputerVision/Final_Project/ws/interbotix/install/share/interbotix_moveit_interface_msgs/package.bash'
[1.318s] INFO:colcon.colcon_core.shell:Creating package script '/home/derek-dietz/MSAI/ComputerVision/Final_Project/ws/interbotix/install/share/interbotix_moveit_interface_msgs/package.zsh'
[1.318s] Level 1:colcon.colcon_core.environment:create_file_with_runtime_dependencies(/home/derek-dietz/MSAI/ComputerVision/Final_Project/ws/interbotix/install/share/colcon-core/packages/interbotix_moveit_interface_msgs)
[1.318s] INFO:colcon.colcon_ros.task.ament_cmake.build:Building ROS package in '/home/derek-dietz/MSAI/ComputerVision/Final_Project/ws/interbotix/src/interbotix_ros_toolboxes/interbotix_common_toolbox/interbotix_moveit_interface' with build type 'ament_cmake'
[1.318s] INFO:colcon.colcon_cmake.task.cmake.build:Building CMake package in '/home/derek-dietz/MSAI/ComputerVision/Final_Project/ws/interbotix/src/interbotix_ros_toolboxes/interbotix_common_toolbox/interbotix_moveit_interface'
[1.319s] INFO:colcon.colcon_core.shell:Skip shell extension 'powershell' for command environment: Not usable outside of PowerShell
[1.319s] DEBUG:colcon.colcon_core.shell:Skip shell extension 'dsv' for command environment
[1.322s] Level 1:colcon.colcon_core.environment:create_environment_scripts_only(interbotix_xs_msgs)
[1.322s] Level 1:colcon.colcon_core.environment:checking '/home/derek-dietz/MSAI/ComputerVision/Final_Project/ws/interbotix/install' for CMake module files
[1.322s] DEBUG:colcon.colcon_core.event_handler.log_command:Invoked command in '/home/derek-dietz/MSAI/ComputerVision/Final_Project/ws/interbotix/build/interbotix_xs_msgs' returned '0': CMAKE_PREFIX_PATH=${CMAKE_PREFIX_PATH}:/opt/ros/kilted DEBUGINFOD_URLS=https://debuginfod.ubuntu.com /usr/bin/cmake --install /home/derek-dietz/MSAI/ComputerVision/Final_Project/ws/interbotix/build/interbotix_xs_msgs
[1.323s] Level 1:colcon.colcon_core.environment:checking '/home/derek-dietz/MSAI/ComputerVision/Final_Project/ws/interbotix/install' for CMake config files
[1.324s] Level 1:colcon.colcon_core.shell:create_environment_hook('interbotix_xs_msgs', 'cmake_prefix_path')
[1.324s] INFO:colcon.colcon_core.shell:Creating environment hook '/home/derek-dietz/MSAI/ComputerVision/Final_Project/ws/interbotix/install/share/interbotix_xs_msgs/hook/cmake_prefix_path.ps1'
[1.324s] INFO:colcon.colcon_core.shell:Creating environment descriptor '/home/derek-dietz/MSAI/ComputerVision/Final_Project/ws/interbotix/install/share/interbotix_xs_msgs/hook/cmake_prefix_path.dsv'
[1.325s] INFO:colcon.colcon_core.shell:Creating environment hook '/home/derek-dietz/MSAI/ComputerVision/Final_Project/ws/interbotix/install/share/interbotix_xs_msgs/hook/cmake_prefix_path.sh'
[1.325s] Level 1:colcon.colcon_core.environment:checking '/home/derek-dietz/MSAI/ComputerVision/Final_Project/ws/interbotix/install/lib'
[1.325s] Level 1:colcon.colcon_core.shell:create_environment_hook('interbotix_xs_msgs', 'ld_library_path_lib')
[1.325s] INFO:colcon.colcon_core.shell:Creating environment hook '/home/derek-dietz/MSAI/ComputerVision/Final_Project/ws/interbotix/install/share/interbotix_xs_msgs/hook/ld_library_path_lib.ps1'
[1.326s] INFO:colcon.colcon_core.shell:Creating environment descriptor '/home/derek-dietz/MSAI/ComputerVision/Final_Project/ws/interbotix/install/share/interbotix_xs_msgs/hook/ld_library_path_lib.dsv'
[1.326s] INFO:colcon.colcon_core.shell:Creating environment hook '/home/derek-dietz/MSAI/ComputerVision/Final_Project/ws/interbotix/install/share/interbotix_xs_msgs/hook/ld_library_path_lib.sh'
[1.326s] Level 1:colcon.colcon_core.environment:checking '/home/derek-dietz/MSAI/ComputerVision/Final_Project/ws/interbotix/install/bin'
[1.327s] Level 1:colcon.colcon_core.environment:checking '/home/derek-dietz/MSAI/ComputerVision/Final_Project/ws/interbotix/install/lib/pkgconfig/interbotix_xs_msgs.pc'
[1.327s] Level 1:colcon.colcon_core.environment:checking '/home/derek-dietz/MSAI/ComputerVision/Final_Project/ws/interbotix/install/lib/python3.12/site-packages'
[1.327s] Level 1:colcon.colcon_core.shell:create_environment_hook('interbotix_xs_msgs', 'pythonpath')
[1.327s] INFO:colcon.colcon_core.shell:Creating environment hook '/home/derek-dietz/MSAI/ComputerVision/Final_Project/ws/interbotix/install/share/interbotix_xs_msgs/hook/pythonpath.ps1'
[1.327s] INFO:colcon.colcon_core.shell:Creating environment descriptor '/home/derek-dietz/MSAI/ComputerVision/Final_Project/ws/interbotix/install/share/interbotix_xs_msgs/hook/pythonpath.dsv'
[1.328s] INFO:colcon.colcon_core.shell:Creating environment hook '/home/derek-dietz/MSAI/ComputerVision/Final_Project/ws/interbotix/install/share/interbotix_xs_msgs/hook/pythonpath.sh'
[1.328s] Level 1:colcon.colcon_core.environment:checking '/home/derek-dietz/MSAI/ComputerVision/Final_Project/ws/interbotix/install/bin'
[1.329s] INFO:colcon.colcon_core.shell:Creating package script '/home/derek-dietz/MSAI/ComputerVision/Final_Project/ws/interbotix/install/share/interbotix_xs_msgs/package.ps1'
[1.329s] INFO:colcon.colcon_core.shell:Creating package descriptor '/home/derek-dietz/MSAI/ComputerVision/Final_Project/ws/interbotix/install/share/interbotix_xs_msgs/package.dsv'
[1.330s] INFO:colcon.colcon_core.shell:Creating package script '/home/derek-dietz/MSAI/ComputerVision/Final_Project/ws/interbotix/install/share/interbotix_xs_msgs/package.sh'
[1.330s] INFO:colcon.colcon_core.shell:Creating package script '/home/derek-dietz/MSAI/ComputerVision/Final_Project/ws/interbotix/install/share/interbotix_xs_msgs/package.bash'
[1.331s] INFO:colcon.colcon_core.shell:Creating package script '/home/derek-dietz/MSAI/ComputerVision/Final_Project/ws/interbotix/install/share/interbotix_xs_msgs/package.zsh'
[1.331s] Level 1:colcon.colcon_core.environment:create_file_with_runtime_dependencies(/home/derek-dietz/MSAI/ComputerVision/Final_Project/ws/interbotix/install/share/colcon-core/packages/interbotix_xs_msgs)
[1.331s] Level 1:colcon.colcon_core.environment:create_environment_scripts_only(interbotix_xs_msgs)
[1.332s] Level 1:colcon.colcon_core.environment:checking '/home/derek-dietz/MSAI/ComputerVision/Final_Project/ws/interbotix/install' for CMake module files
[1.332s] Level 1:colcon.colcon_core.environment:checking '/home/derek-dietz/MSAI/ComputerVision/Final_Project/ws/interbotix/install' for CMake config files
[1.333s] Level 1:colcon.colcon_core.shell:create_environment_hook('interbotix_xs_msgs', 'cmake_prefix_path')
[1.333s] INFO:colcon.colcon_core.shell:Creating environment hook '/home/derek-dietz/MSAI/ComputerVision/Final_Project/ws/interbotix/install/share/interbotix_xs_msgs/hook/cmake_prefix_path.ps1'
[1.334s] INFO:colcon.colcon_core.shell:Creating environment descriptor '/home/derek-dietz/MSAI/ComputerVision/Final_Project/ws/interbotix/install/share/interbotix_xs_msgs/hook/cmake_prefix_path.dsv'
[1.334s] INFO:colcon.colcon_core.shell:Creating environment hook '/home/derek-dietz/MSAI/ComputerVision/Final_Project/ws/interbotix/install/share/interbotix_xs_msgs/hook/cmake_prefix_path.sh'
[1.334s] Level 1:colcon.colcon_core.environment:checking '/home/derek-dietz/MSAI/ComputerVision/Final_Project/ws/interbotix/install/lib'
[1.335s] Level 1:colcon.colcon_core.shell:create_environment_hook('interbotix_xs_msgs', 'ld_library_path_lib')
[1.335s] INFO:colcon.colcon_core.shell:Creating environment hook '/home/derek-dietz/MSAI/ComputerVision/Final_Project/ws/interbotix/install/share/interbotix_xs_msgs/hook/ld_library_path_lib.ps1'
[1.335s] INFO:colcon.colcon_core.shell:Creating environment descriptor '/home/derek-dietz/MSAI/ComputerVision/Final_Project/ws/interbotix/install/share/interbotix_xs_msgs/hook/ld_library_path_lib.dsv'
[1.335s] INFO:colcon.colcon_core.shell:Creating environment hook '/home/derek-dietz/MSAI/ComputerVision/Final_Project/ws/interbotix/install/share/interbotix_xs_msgs/hook/ld_library_path_lib.sh'
[1.336s] Level 1:colcon.colcon_core.environment:checking '/home/derek-dietz/MSAI/ComputerVision/Final_Project/ws/interbotix/install/bin'
[1.336s] Level 1:colcon.colcon_core.environment:checking '/home/derek-dietz/MSAI/ComputerVision/Final_Project/ws/interbotix/install/lib/pkgconfig/interbotix_xs_msgs.pc'
[1.336s] Level 1:colcon.colcon_core.environment:checking '/home/derek-dietz/MSAI/ComputerVision/Final_Project/ws/interbotix/install/lib/python3.12/site-packages'
[1.336s] Level 1:colcon.colcon_core.shell:create_environment_hook('interbotix_xs_msgs', 'pythonpath')
[1.336s] INFO:colcon.colcon_core.shell:Creating environment hook '/home/derek-dietz/MSAI/ComputerVision/Final_Project/ws/interbotix/install/share/interbotix_xs_msgs/hook/pythonpath.ps1'
[1.337s] INFO:colcon.colcon_core.shell:Creating environment descriptor '/home/derek-dietz/MSAI/ComputerVision/Final_Project/ws/interbotix/install/share/interbotix_xs_msgs/hook/pythonpath.dsv'
[1.337s] INFO:colcon.colcon_core.shell:Creating environment hook '/home/derek-dietz/MSAI/ComputerVision/Final_Project/ws/interbotix/install/share/interbotix_xs_msgs/hook/pythonpath.sh'
[1.338s] Level 1:colcon.colcon_core.environment:checking '/home/derek-dietz/MSAI/ComputerVision/Final_Project/ws/interbotix/install/bin'
[1.338s] INFO:colcon.colcon_core.shell:Creating package script '/home/derek-dietz/MSAI/ComputerVision/Final_Project/ws/interbotix/install/share/interbotix_xs_msgs/package.ps1'
[1.338s] INFO:colcon.colcon_core.shell:Creating package descriptor '/home/derek-dietz/MSAI/ComputerVision/Final_Project/ws/interbotix/install/share/interbotix_xs_msgs/package.dsv'
[1.339s] INFO:colcon.colcon_core.shell:Creating package script '/home/derek-dietz/MSAI/ComputerVision/Final_Project/ws/interbotix/install/share/interbotix_xs_msgs/package.sh'
[1.339s] INFO:colcon.colcon_core.shell:Creating package script '/home/derek-dietz/MSAI/ComputerVision/Final_Project/ws/interbotix/install/share/interbotix_xs_msgs/package.bash'
[1.340s] INFO:colcon.colcon_core.shell:Creating package script '/home/derek-dietz/MSAI/ComputerVision/Final_Project/ws/interbotix/install/share/interbotix_xs_msgs/package.zsh'
[1.340s] Level 1:colcon.colcon_core.environment:create_file_with_runtime_dependencies(/home/derek-dietz/MSAI/ComputerVision/Final_Project/ws/interbotix/install/share/colcon-core/packages/interbotix_xs_msgs)
[1.341s] INFO:colcon.colcon_ros.task.ament_cmake.build:Building ROS package in '/home/derek-dietz/MSAI/ComputerVision/Final_Project/ws/interbotix/src/interbotix_ros_core/interbotix_ros_xseries/interbotix_xs_sdk' with build type 'ament_cmake'
[1.341s] INFO:colcon.colcon_cmake.task.cmake.build:Building CMake package in '/home/derek-dietz/MSAI/ComputerVision/Final_Project/ws/interbotix/src/interbotix_ros_core/interbotix_ros_xseries/interbotix_xs_sdk'
[1.341s] INFO:colcon.colcon_core.shell:Skip shell extension 'powershell' for command environment: Not usable outside of PowerShell
[1.341s] DEBUG:colcon.colcon_core.shell:Skip shell extension 'dsv' for command environment
[1.345s] INFO:colcon.colcon_ros.task.ament_cmake.build:Building ROS package in '/home/derek-dietz/MSAI/ComputerVision/Final_Project/ws/interbotix/src/interbotix_ros_toolboxes/interbotix_xs_toolbox/interbotix_xs_ros_control' with build type 'ament_cmake'
[1.345s] INFO:colcon.colcon_cmake.task.cmake.build:Building CMake package in '/home/derek-dietz/MSAI/ComputerVision/Final_Project/ws/interbotix/src/interbotix_ros_toolboxes/interbotix_xs_toolbox/interbotix_xs_ros_control'
[1.345s] INFO:colcon.colcon_core.shell:Skip shell extension 'powershell' for command environment: Not usable outside of PowerShell
[1.345s] DEBUG:colcon.colcon_core.shell:Skip shell extension 'dsv' for command environment
[1.349s] DEBUG:colcon.colcon_core.event_handler.log_command:Invoking command in '/home/derek-dietz/MSAI/ComputerVision/Final_Project/ws/interbotix/build/interbotix_moveit_interface': CMAKE_PREFIX_PATH=${CMAKE_PREFIX_PATH}:/opt/ros/kilted DEBUGINFOD_URLS=https://debuginfod.ubuntu.com PYTHONPATH=/home/derek-dietz/MSAI/ComputerVision/Final_Project/ws/interbotix/install/lib/python3.12/site-packages:/home/derek-dietz/MSAI/ComputerVision/Final_Project/ros_ws/build/arm:/home/derek-dietz/MSAI/ComputerVision/Final_Project/ros_ws/install/arm/lib/python3.12/site-packages:/opt/ros/kilted/lib/python3.12/site-packages /usr/bin/cmake --build /home/derek-dietz/MSAI/ComputerVision/Final_Project/ws/interbotix/build/interbotix_moveit_interface -- -j22 -l22
[1.352s] DEBUG:colcon.colcon_core.event_handler.log_command:Invoking command in '/home/derek-dietz/MSAI/ComputerVision/Final_Project/ws/interbotix/build/interbotix_xs_sdk': CMAKE_PREFIX_PATH=${CMAKE_PREFIX_PATH}:/opt/ros/kilted DEBUGINFOD_URLS=https://debuginfod.ubuntu.com PYTHONPATH=/home/derek-dietz/MSAI/ComputerVision/Final_Project/ws/interbotix/install/lib/python3.12/site-packages:/home/derek-dietz/MSAI/ComputerVision/Final_Project/ros_ws/build/arm:/home/derek-dietz/MSAI/ComputerVision/Final_Project/ros_ws/install/arm/lib/python3.12/site-packages:/opt/ros/kilted/lib/python3.12/site-packages /usr/bin/cmake --build /home/derek-dietz/MSAI/ComputerVision/Final_Project/ws/interbotix/build/interbotix_xs_sdk -- -j22 -l22
[1.353s] DEBUG:colcon.colcon_core.event_handler.log_command:Invoking command in '/home/derek-dietz/MSAI/ComputerVision/Final_Project/ws/interbotix/build/interbotix_xs_ros_control': CMAKE_PREFIX_PATH=${CMAKE_PREFIX_PATH}:/opt/ros/kilted DEBUGINFOD_URLS=https://debuginfod.ubuntu.com PYTHONPATH=/home/derek-dietz/MSAI/ComputerVision/Final_Project/ws/interbotix/install/lib/python3.12/site-packages:/home/derek-dietz/MSAI/ComputerVision/Final_Project/ros_ws/build/arm:/home/derek-dietz/MSAI/ComputerVision/Final_Project/ros_ws/install/arm/lib/python3.12/site-packages:/opt/ros/kilted/lib/python3.12/site-packages /usr/bin/cmake --build /home/derek-dietz/MSAI/ComputerVision/Final_Project/ws/interbotix/build/interbotix_xs_ros_control -- -j22 -l22
[1.431s] DEBUG:colcon.colcon_core.event_handler.log_command:Invoked command in '/home/derek-dietz/MSAI/ComputerVision/Final_Project/ws/interbotix/build/interbotix_xs_sdk' returned '0': CMAKE_PREFIX_PATH=${CMAKE_PREFIX_PATH}:/opt/ros/kilted DEBUGINFOD_URLS=https://debuginfod.ubuntu.com PYTHONPATH=/home/derek-dietz/MSAI/ComputerVision/Final_Project/ws/interbotix/install/lib/python3.12/site-packages:/home/derek-dietz/MSAI/ComputerVision/Final_Project/ros_ws/build/arm:/home/derek-dietz/MSAI/ComputerVision/Final_Project/ros_ws/install/arm/lib/python3.12/site-packages:/opt/ros/kilted/lib/python3.12/site-packages /usr/bin/cmake --build /home/derek-dietz/MSAI/ComputerVision/Final_Project/ws/interbotix/build/interbotix_xs_sdk -- -j22 -l22
[1.432s] DEBUG:colcon.colcon_core.event_handler.log_command:Invoking command in '/home/derek-dietz/MSAI/ComputerVision/Final_Project/ws/interbotix/build/interbotix_xs_sdk': CMAKE_PREFIX_PATH=${CMAKE_PREFIX_PATH}:/opt/ros/kilted DEBUGINFOD_URLS=https://debuginfod.ubuntu.com PYTHONPATH=/home/derek-dietz/MSAI/ComputerVision/Final_Project/ws/interbotix/install/lib/python3.12/site-packages:/home/derek-dietz/MSAI/ComputerVision/Final_Project/ros_ws/build/arm:/home/derek-dietz/MSAI/ComputerVision/Final_Project/ros_ws/install/arm/lib/python3.12/site-packages:/opt/ros/kilted/lib/python3.12/site-packages /usr/bin/cmake --install /home/derek-dietz/MSAI/ComputerVision/Final_Project/ws/interbotix/build/interbotix_xs_sdk
[1.434s] DEBUG:colcon.colcon_core.event_handler.log_command:Invoked command in '/home/derek-dietz/MSAI/ComputerVision/Final_Project/ws/interbotix/build/interbotix_xs_ros_control' returned '0': CMAKE_PREFIX_PATH=${CMAKE_PREFIX_PATH}:/opt/ros/kilted DEBUGINFOD_URLS=https://debuginfod.ubuntu.com PYTHONPATH=/home/derek-dietz/MSAI/ComputerVision/Final_Project/ws/interbotix/install/lib/python3.12/site-packages:/home/derek-dietz/MSAI/ComputerVision/Final_Project/ros_ws/build/arm:/home/derek-dietz/MSAI/ComputerVision/Final_Project/ros_ws/install/arm/lib/python3.12/site-packages:/opt/ros/kilted/lib/python3.12/site-packages /usr/bin/cmake --build /home/derek-dietz/MSAI/ComputerVision/Final_Project/ws/interbotix/build/interbotix_xs_ros_control -- -j22 -l22
[1.435s] DEBUG:colcon.colcon_core.event_handler.log_command:Invoking command in '/home/derek-dietz/MSAI/ComputerVision/Final_Project/ws/interbotix/build/interbotix_xs_ros_control': CMAKE_PREFIX_PATH=${CMAKE_PREFIX_PATH}:/opt/ros/kilted DEBUGINFOD_URLS=https://debuginfod.ubuntu.com PYTHONPATH=/home/derek-dietz/MSAI/ComputerVision/Final_Project/ws/interbotix/install/lib/python3.12/site-packages:/home/derek-dietz/MSAI/ComputerVision/Final_Project/ros_ws/build/arm:/home/derek-dietz/MSAI/ComputerVision/Final_Project/ros_ws/install/arm/lib/python3.12/site-packages:/opt/ros/kilted/lib/python3.12/site-packages /usr/bin/cmake --install /home/derek-dietz/MSAI/ComputerVision/Final_Project/ws/interbotix/build/interbotix_xs_ros_control
[1.443s] Level 1:colcon.colcon_core.environment:create_environment_scripts_only(interbotix_xs_sdk)
[1.444s] Level 1:colcon.colcon_core.environment:checking '/home/derek-dietz/MSAI/ComputerVision/Final_Project/ws/interbotix/install' for CMake module files
[1.444s] DEBUG:colcon.colcon_core.event_handler.log_command:Invoked command in '/home/derek-dietz/MSAI/ComputerVision/Final_Project/ws/interbotix/build/interbotix_xs_sdk' returned '0': CMAKE_PREFIX_PATH=${CMAKE_PREFIX_PATH}:/opt/ros/kilted DEBUGINFOD_URLS=https://debuginfod.ubuntu.com PYTHONPATH=/home/derek-dietz/MSAI/ComputerVision/Final_Project/ws/interbotix/install/lib/python3.12/site-packages:/home/derek-dietz/MSAI/ComputerVision/Final_Project/ros_ws/build/arm:/home/derek-dietz/MSAI/ComputerVision/Final_Project/ros_ws/install/arm/lib/python3.12/site-packages:/opt/ros/kilted/lib/python3.12/site-packages /usr/bin/cmake --install /home/derek-dietz/MSAI/ComputerVision/Final_Project/ws/interbotix/build/interbotix_xs_sdk
[1.448s] Level 1:colcon.colcon_core.environment:checking '/home/derek-dietz/MSAI/ComputerVision/Final_Project/ws/interbotix/install' for CMake config files
[1.449s] Level 1:colcon.colcon_core.shell:create_environment_hook('interbotix_xs_sdk', 'cmake_prefix_path')
[1.449s] INFO:colcon.colcon_core.shell:Creating environment hook '/home/derek-dietz/MSAI/ComputerVision/Final_Project/ws/interbotix/install/share/interbotix_xs_sdk/hook/cmake_prefix_path.ps1'
[1.450s] INFO:colcon.colcon_core.shell:Creating environment descriptor '/home/derek-dietz/MSAI/ComputerVision/Final_Project/ws/interbotix/install/share/interbotix_xs_sdk/hook/cmake_prefix_path.dsv'
[1.450s] INFO:colcon.colcon_core.shell:Creating environment hook '/home/derek-dietz/MSAI/ComputerVision/Final_Project/ws/interbotix/install/share/interbotix_xs_sdk/hook/cmake_prefix_path.sh'
[1.451s] Level 1:colcon.colcon_core.environment:checking '/home/derek-dietz/MSAI/ComputerVision/Final_Project/ws/interbotix/install/lib'
[1.451s] Level 1:colcon.colcon_core.shell:create_environment_hook('interbotix_xs_sdk', 'ld_library_path_lib')
[1.451s] INFO:colcon.colcon_core.shell:Creating environment hook '/home/derek-dietz/MSAI/ComputerVision/Final_Project/ws/interbotix/install/share/interbotix_xs_sdk/hook/ld_library_path_lib.ps1'
[1.452s] INFO:colcon.colcon_core.shell:Creating environment descriptor '/home/derek-dietz/MSAI/ComputerVision/Final_Project/ws/interbotix/install/share/interbotix_xs_sdk/hook/ld_library_path_lib.dsv'
[1.452s] INFO:colcon.colcon_core.shell:Creating environment hook '/home/derek-dietz/MSAI/ComputerVision/Final_Project/ws/interbotix/install/share/interbotix_xs_sdk/hook/ld_library_path_lib.sh'
[1.452s] Level 1:colcon.colcon_core.environment:checking '/home/derek-dietz/MSAI/ComputerVision/Final_Project/ws/interbotix/install/bin'
[1.453s] Level 1:colcon.colcon_core.environment:checking '/home/derek-dietz/MSAI/ComputerVision/Final_Project/ws/interbotix/install/lib/pkgconfig/interbotix_xs_sdk.pc'
[1.453s] Level 1:colcon.colcon_core.environment:checking '/home/derek-dietz/MSAI/ComputerVision/Final_Project/ws/interbotix/install/lib/python3.12/site-packages'
[1.453s] Level 1:colcon.colcon_core.shell:create_environment_hook('interbotix_xs_sdk', 'pythonpath')
[1.453s] INFO:colcon.colcon_core.shell:Creating environment hook '/home/derek-dietz/MSAI/ComputerVision/Final_Project/ws/interbotix/install/share/interbotix_xs_sdk/hook/pythonpath.ps1'
[1.454s] INFO:colcon.colcon_core.shell:Creating environment descriptor '/home/derek-dietz/MSAI/ComputerVision/Final_Project/ws/interbotix/install/share/interbotix_xs_sdk/hook/pythonpath.dsv'
[1.454s] INFO:colcon.colcon_core.shell:Creating environment hook '/home/derek-dietz/MSAI/ComputerVision/Final_Project/ws/interbotix/install/share/interbotix_xs_sdk/hook/pythonpath.sh'
[1.455s] Level 1:colcon.colcon_core.environment:checking '/home/derek-dietz/MSAI/ComputerVision/Final_Project/ws/interbotix/install/bin'
[1.455s] INFO:colcon.colcon_core.shell:Creating package script '/home/derek-dietz/MSAI/ComputerVision/Final_Project/ws/interbotix/install/share/interbotix_xs_sdk/package.ps1'
[1.456s] INFO:colcon.colcon_core.shell:Creating package descriptor '/home/derek-dietz/MSAI/ComputerVision/Final_Project/ws/interbotix/install/share/interbotix_xs_sdk/package.dsv'
[1.456s] INFO:colcon.colcon_core.shell:Creating package script '/home/derek-dietz/MSAI/ComputerVision/Final_Project/ws/interbotix/install/share/interbotix_xs_sdk/package.sh'
[1.457s] INFO:colcon.colcon_core.shell:Creating package script '/home/derek-dietz/MSAI/ComputerVision/Final_Project/ws/interbotix/install/share/interbotix_xs_sdk/package.bash'
[1.457s] INFO:colcon.colcon_core.shell:Creating package script '/home/derek-dietz/MSAI/ComputerVision/Final_Project/ws/interbotix/install/share/interbotix_xs_sdk/package.zsh'
[1.457s] Level 1:colcon.colcon_core.environment:create_file_with_runtime_dependencies(/home/derek-dietz/MSAI/ComputerVision/Final_Project/ws/interbotix/install/share/colcon-core/packages/interbotix_xs_sdk)
[1.458s] Level 1:colcon.colcon_core.environment:create_environment_scripts_only(interbotix_xs_sdk)
[1.458s] Level 1:colcon.colcon_core.environment:checking '/home/derek-dietz/MSAI/ComputerVision/Final_Project/ws/interbotix/install' for CMake module files
[1.458s] Level 1:colcon.colcon_core.environment:checking '/home/derek-dietz/MSAI/ComputerVision/Final_Project/ws/interbotix/install' for CMake config files
[1.459s] Level 1:colcon.colcon_core.shell:create_environment_hook('interbotix_xs_sdk', 'cmake_prefix_path')
[1.459s] INFO:colcon.colcon_core.shell:Creating environment hook '/home/derek-dietz/MSAI/ComputerVision/Final_Project/ws/interbotix/install/share/interbotix_xs_sdk/hook/cmake_prefix_path.ps1'
[1.460s] INFO:colcon.colcon_core.shell:Creating environment descriptor '/home/derek-dietz/MSAI/ComputerVision/Final_Project/ws/interbotix/install/share/interbotix_xs_sdk/hook/cmake_prefix_path.dsv'
[1.460s] INFO:colcon.colcon_core.shell:Creating environment hook '/home/derek-dietz/MSAI/ComputerVision/Final_Project/ws/interbotix/install/share/interbotix_xs_sdk/hook/cmake_prefix_path.sh'
[1.461s] Level 1:colcon.colcon_core.environment:checking '/home/derek-dietz/MSAI/ComputerVision/Final_Project/ws/interbotix/install/lib'
[1.461s] Level 1:colcon.colcon_core.shell:create_environment_hook('interbotix_xs_sdk', 'ld_library_path_lib')
[1.461s] INFO:colcon.colcon_core.shell:Creating environment hook '/home/derek-dietz/MSAI/ComputerVision/Final_Project/ws/interbotix/install/share/interbotix_xs_sdk/hook/ld_library_path_lib.ps1'
[1.462s] INFO:colcon.colcon_core.shell:Creating environment descriptor '/home/derek-dietz/MSAI/ComputerVision/Final_Project/ws/interbotix/install/share/interbotix_xs_sdk/hook/ld_library_path_lib.dsv'
[1.462s] INFO:colcon.colcon_core.shell:Creating environment hook '/home/derek-dietz/MSAI/ComputerVision/Final_Project/ws/interbotix/install/share/interbotix_xs_sdk/hook/ld_library_path_lib.sh'
[1.463s] Level 1:colcon.colcon_core.environment:checking '/home/derek-dietz/MSAI/ComputerVision/Final_Project/ws/interbotix/install/bin'
[1.463s] Level 1:colcon.colcon_core.environment:checking '/home/derek-dietz/MSAI/ComputerVision/Final_Project/ws/interbotix/install/lib/pkgconfig/interbotix_xs_sdk.pc'
[1.463s] Level 1:colcon.colcon_core.environment:checking '/home/derek-dietz/MSAI/ComputerVision/Final_Project/ws/interbotix/install/lib/python3.12/site-packages'
[1.463s] Level 1:colcon.colcon_core.shell:create_environment_hook('interbotix_xs_sdk', 'pythonpath')
[1.463s] INFO:colcon.colcon_core.shell:Creating environment hook '/home/derek-dietz/MSAI/ComputerVision/Final_Project/ws/interbotix/install/share/interbotix_xs_sdk/hook/pythonpath.ps1'
[1.464s] INFO:colcon.colcon_core.shell:Creating environment descriptor '/home/derek-dietz/MSAI/ComputerVision/Final_Project/ws/interbotix/install/share/interbotix_xs_sdk/hook/pythonpath.dsv'
[1.464s] INFO:colcon.colcon_core.shell:Creating environment hook '/home/derek-dietz/MSAI/ComputerVision/Final_Project/ws/interbotix/install/share/interbotix_xs_sdk/hook/pythonpath.sh'
[1.465s] Level 1:colcon.colcon_core.environment:checking '/home/derek-dietz/MSAI/ComputerVision/Final_Project/ws/interbotix/install/bin'
[1.465s] INFO:colcon.colcon_core.shell:Creating package script '/home/derek-dietz/MSAI/ComputerVision/Final_Project/ws/interbotix/install/share/interbotix_xs_sdk/package.ps1'
[1.466s] INFO:colcon.colcon_core.shell:Creating package descriptor '/home/derek-dietz/MSAI/ComputerVision/Final_Project/ws/interbotix/install/share/interbotix_xs_sdk/package.dsv'
[1.466s] INFO:colcon.colcon_core.shell:Creating package script '/home/derek-dietz/MSAI/ComputerVision/Final_Project/ws/interbotix/install/share/interbotix_xs_sdk/package.sh'
[1.467s] INFO:colcon.colcon_core.shell:Creating package script '/home/derek-dietz/MSAI/ComputerVision/Final_Project/ws/interbotix/install/share/interbotix_xs_sdk/package.bash'
[1.467s] INFO:colcon.colcon_core.shell:Creating package script '/home/derek-dietz/MSAI/ComputerVision/Final_Project/ws/interbotix/install/share/interbotix_xs_sdk/package.zsh'
[1.468s] Level 1:colcon.colcon_core.environment:create_file_with_runtime_dependencies(/home/derek-dietz/MSAI/ComputerVision/Final_Project/ws/interbotix/install/share/colcon-core/packages/interbotix_xs_sdk)
[1.469s] INFO:colcon.colcon_ros.task.ament_cmake.build:Building ROS package in '/home/derek-dietz/MSAI/ComputerVision/Final_Project/ws/interbotix/src/interbotix_ros_toolboxes/interbotix_xs_toolbox/interbotix_xs_rviz' with build type 'ament_cmake'
[1.469s] INFO:colcon.colcon_cmake.task.cmake.build:Building CMake package in '/home/derek-dietz/MSAI/ComputerVision/Final_Project/ws/interbotix/src/interbotix_ros_toolboxes/interbotix_xs_toolbox/interbotix_xs_rviz'
[1.469s] INFO:colcon.colcon_core.shell:Skip shell extension 'powershell' for command environment: Not usable outside of PowerShell
[1.469s] DEBUG:colcon.colcon_core.shell:Skip shell extension 'dsv' for command environment
[1.474s] INFO:colcon.colcon_ros.task.ament_cmake.build:Building ROS package in '/home/derek-dietz/MSAI/ComputerVision/Final_Project/ws/interbotix/src/interbotix_ros_core/interbotix_ros_xseries/interbotix_ros_xseries' with build type 'ament_cmake'
[1.474s] INFO:colcon.colcon_cmake.task.cmake.build:Building CMake package in '/home/derek-dietz/MSAI/ComputerVision/Final_Project/ws/interbotix/src/interbotix_ros_core/interbotix_ros_xseries/interbotix_ros_xseries'
[1.474s] INFO:colcon.colcon_core.shell:Skip shell extension 'powershell' for command environment: Not usable outside of PowerShell
[1.475s] DEBUG:colcon.colcon_core.shell:Skip shell extension 'dsv' for command environment
[1.479s] Level 1:colcon.colcon_core.environment:create_environment_scripts_only(interbotix_xs_ros_control)
[1.480s] Level 1:colcon.colcon_core.environment:checking '/home/derek-dietz/MSAI/ComputerVision/Final_Project/ws/interbotix/install' for CMake module files
[1.480s] DEBUG:colcon.colcon_core.event_handler.log_command:Invoked command in '/home/derek-dietz/MSAI/ComputerVision/Final_Project/ws/interbotix/build/interbotix_xs_ros_control' returned '0': CMAKE_PREFIX_PATH=${CMAKE_PREFIX_PATH}:/opt/ros/kilted DEBUGINFOD_URLS=https://debuginfod.ubuntu.com PYTHONPATH=/home/derek-dietz/MSAI/ComputerVision/Final_Project/ws/interbotix/install/lib/python3.12/site-packages:/home/derek-dietz/MSAI/ComputerVision/Final_Project/ros_ws/build/arm:/home/derek-dietz/MSAI/ComputerVision/Final_Project/ros_ws/install/arm/lib/python3.12/site-packages:/opt/ros/kilted/lib/python3.12/site-packages /usr/bin/cmake --install /home/derek-dietz/MSAI/ComputerVision/Final_Project/ws/interbotix/build/interbotix_xs_ros_control
[1.481s] Level 1:colcon.colcon_core.environment:checking '/home/derek-dietz/MSAI/ComputerVision/Final_Project/ws/interbotix/install' for CMake config files
[1.482s] Level 1:colcon.colcon_core.shell:create_environment_hook('interbotix_xs_ros_control', 'cmake_prefix_path')
[1.482s] INFO:colcon.colcon_core.shell:Creating environment hook '/home/derek-dietz/MSAI/ComputerVision/Final_Project/ws/interbotix/install/share/interbotix_xs_ros_control/hook/cmake_prefix_path.ps1'
[1.483s] INFO:colcon.colcon_core.shell:Creating environment descriptor '/home/derek-dietz/MSAI/ComputerVision/Final_Project/ws/interbotix/install/share/interbotix_xs_ros_control/hook/cmake_prefix_path.dsv'
[1.483s] INFO:colcon.colcon_core.shell:Creating environment hook '/home/derek-dietz/MSAI/ComputerVision/Final_Project/ws/interbotix/install/share/interbotix_xs_ros_control/hook/cmake_prefix_path.sh'
[1.484s] Level 1:colcon.colcon_core.environment:checking '/home/derek-dietz/MSAI/ComputerVision/Final_Project/ws/interbotix/install/lib'
[1.484s] Level 1:colcon.colcon_core.shell:create_environment_hook('interbotix_xs_ros_control', 'ld_library_path_lib')
[1.484s] INFO:colcon.colcon_core.shell:Creating environment hook '/home/derek-dietz/MSAI/ComputerVision/Final_Project/ws/interbotix/install/share/interbotix_xs_ros_control/hook/ld_library_path_lib.ps1'
[1.485s] INFO:colcon.colcon_core.shell:Creating environment descriptor '/home/derek-dietz/MSAI/ComputerVision/Final_Project/ws/interbotix/install/share/interbotix_xs_ros_control/hook/ld_library_path_lib.dsv'
[1.485s] INFO:colcon.colcon_core.shell:Creating environment hook '/home/derek-dietz/MSAI/ComputerVision/Final_Project/ws/interbotix/install/share/interbotix_xs_ros_control/hook/ld_library_path_lib.sh'
[1.485s] Level 1:colcon.colcon_core.environment:checking '/home/derek-dietz/MSAI/ComputerVision/Final_Project/ws/interbotix/install/bin'
[1.485s] Level 1:colcon.colcon_core.environment:checking '/home/derek-dietz/MSAI/ComputerVision/Final_Project/ws/interbotix/install/lib/pkgconfig/interbotix_xs_ros_control.pc'
[1.486s] Level 1:colcon.colcon_core.environment:checking '/home/derek-dietz/MSAI/ComputerVision/Final_Project/ws/interbotix/install/lib/python3.12/site-packages'
[1.486s] Level 1:colcon.colcon_core.shell:create_environment_hook('interbotix_xs_ros_control', 'pythonpath')
[1.486s] INFO:colcon.colcon_core.shell:Creating environment hook '/home/derek-dietz/MSAI/ComputerVision/Final_Project/ws/interbotix/install/share/interbotix_xs_ros_control/hook/pythonpath.ps1'
[1.486s] INFO:colcon.colcon_core.shell:Creating environment descriptor '/home/derek-dietz/MSAI/ComputerVision/Final_Project/ws/interbotix/install/share/interbotix_xs_ros_control/hook/pythonpath.dsv'
[1.486s] INFO:colcon.colcon_core.shell:Creating environment hook '/home/derek-dietz/MSAI/ComputerVision/Final_Project/ws/interbotix/install/share/interbotix_xs_ros_control/hook/pythonpath.sh'
[1.487s] Level 1:colcon.colcon_core.environment:checking '/home/derek-dietz/MSAI/ComputerVision/Final_Project/ws/interbotix/install/bin'
[1.487s] INFO:colcon.colcon_core.shell:Creating package script '/home/derek-dietz/MSAI/ComputerVision/Final_Project/ws/interbotix/install/share/interbotix_xs_ros_control/package.ps1'
[1.488s] INFO:colcon.colcon_core.shell:Creating package descriptor '/home/derek-dietz/MSAI/ComputerVision/Final_Project/ws/interbotix/install/share/interbotix_xs_ros_control/package.dsv'
[1.488s] INFO:colcon.colcon_core.shell:Creating package script '/home/derek-dietz/MSAI/ComputerVision/Final_Project/ws/interbotix/install/share/interbotix_xs_ros_control/package.sh'
[1.489s] INFO:colcon.colcon_core.shell:Creating package script '/home/derek-dietz/MSAI/ComputerVision/Final_Project/ws/interbotix/install/share/interbotix_xs_ros_control/package.bash'
[1.489s] INFO:colcon.colcon_core.shell:Creating package script '/home/derek-dietz/MSAI/ComputerVision/Final_Project/ws/interbotix/install/share/interbotix_xs_ros_control/package.zsh'
[1.489s] Level 1:colcon.colcon_core.environment:create_file_with_runtime_dependencies(/home/derek-dietz/MSAI/ComputerVision/Final_Project/ws/interbotix/install/share/colcon-core/packages/interbotix_xs_ros_control)
[1.490s] Level 1:colcon.colcon_core.environment:create_environment_scripts_only(interbotix_xs_ros_control)
[1.490s] Level 1:colcon.colcon_core.environment:checking '/home/derek-dietz/MSAI/ComputerVision/Final_Project/ws/interbotix/install' for CMake module files
[1.491s] Level 1:colcon.colcon_core.environment:checking '/home/derek-dietz/MSAI/ComputerVision/Final_Project/ws/interbotix/install' for CMake config files
[1.491s] Level 1:colcon.colcon_core.shell:create_environment_hook('interbotix_xs_ros_control', 'cmake_prefix_path')
[1.492s] INFO:colcon.colcon_core.shell:Creating environment hook '/home/derek-dietz/MSAI/ComputerVision/Final_Project/ws/interbotix/install/share/interbotix_xs_ros_control/hook/cmake_prefix_path.ps1'
[1.492s] INFO:colcon.colcon_core.shell:Creating environment descriptor '/home/derek-dietz/MSAI/ComputerVision/Final_Project/ws/interbotix/install/share/interbotix_xs_ros_control/hook/cmake_prefix_path.dsv'
[1.492s] INFO:colcon.colcon_core.shell:Creating environment hook '/home/derek-dietz/MSAI/ComputerVision/Final_Project/ws/interbotix/install/share/interbotix_xs_ros_control/hook/cmake_prefix_path.sh'
[1.493s] Level 1:colcon.colcon_core.environment:checking '/home/derek-dietz/MSAI/ComputerVision/Final_Project/ws/interbotix/install/lib'
[1.493s] Level 1:colcon.colcon_core.shell:create_environment_hook('interbotix_xs_ros_control', 'ld_library_path_lib')
[1.493s] INFO:colcon.colcon_core.shell:Creating environment hook '/home/derek-dietz/MSAI/ComputerVision/Final_Project/ws/interbotix/install/share/interbotix_xs_ros_control/hook/ld_library_path_lib.ps1'
[1.493s] INFO:colcon.colcon_core.shell:Creating environment descriptor '/home/derek-dietz/MSAI/ComputerVision/Final_Project/ws/interbotix/install/share/interbotix_xs_ros_control/hook/ld_library_path_lib.dsv'
[1.494s] INFO:colcon.colcon_core.shell:Creating environment hook '/home/derek-dietz/MSAI/ComputerVision/Final_Project/ws/interbotix/install/share/interbotix_xs_ros_control/hook/ld_library_path_lib.sh'
[1.494s] Level 1:colcon.colcon_core.environment:checking '/home/derek-dietz/MSAI/ComputerVision/Final_Project/ws/interbotix/install/bin'
[1.494s] Level 1:colcon.colcon_core.environment:checking '/home/derek-dietz/MSAI/ComputerVision/Final_Project/ws/interbotix/install/lib/pkgconfig/interbotix_xs_ros_control.pc'
[1.494s] Level 1:colcon.colcon_core.environment:checking '/home/derek-dietz/MSAI/ComputerVision/Final_Project/ws/interbotix/install/lib/python3.12/site-packages'
[1.495s] Level 1:colcon.colcon_core.shell:create_environment_hook('interbotix_xs_ros_control', 'pythonpath')
[1.495s] INFO:colcon.colcon_core.shell:Creating environment hook '/home/derek-dietz/MSAI/ComputerVision/Final_Project/ws/interbotix/install/share/interbotix_xs_ros_control/hook/pythonpath.ps1'
[1.495s] INFO:colcon.colcon_core.shell:Creating environment descriptor '/home/derek-dietz/MSAI/ComputerVision/Final_Project/ws/interbotix/install/share/interbotix_xs_ros_control/hook/pythonpath.dsv'
[1.495s] INFO:colcon.colcon_core.shell:Creating environment hook '/home/derek-dietz/MSAI/ComputerVision/Final_Project/ws/interbotix/install/share/interbotix_xs_ros_control/hook/pythonpath.sh'
[1.496s] Level 1:colcon.colcon_core.environment:checking '/home/derek-dietz/MSAI/ComputerVision/Final_Project/ws/interbotix/install/bin'
[1.496s] INFO:colcon.colcon_core.shell:Creating package script '/home/derek-dietz/MSAI/ComputerVision/Final_Project/ws/interbotix/install/share/interbotix_xs_ros_control/package.ps1'
[1.497s] INFO:colcon.colcon_core.shell:Creating package descriptor '/home/derek-dietz/MSAI/ComputerVision/Final_Project/ws/interbotix/install/share/interbotix_xs_ros_control/package.dsv'
[1.497s] INFO:colcon.colcon_core.shell:Creating package script '/home/derek-dietz/MSAI/ComputerVision/Final_Project/ws/interbotix/install/share/interbotix_xs_ros_control/package.sh'
[1.498s] INFO:colcon.colcon_core.shell:Creating package script '/home/derek-dietz/MSAI/ComputerVision/Final_Project/ws/interbotix/install/share/interbotix_xs_ros_control/package.bash'
[1.498s] INFO:colcon.colcon_core.shell:Creating package script '/home/derek-dietz/MSAI/ComputerVision/Final_Project/ws/interbotix/install/share/interbotix_xs_ros_control/package.zsh'
[1.499s] Level 1:colcon.colcon_core.environment:create_file_with_runtime_dependencies(/home/derek-dietz/MSAI/ComputerVision/Final_Project/ws/interbotix/install/share/colcon-core/packages/interbotix_xs_ros_control)
[1.501s] DEBUG:colcon.colcon_core.event_handler.log_command:Invoked command in '/home/derek-dietz/MSAI/ComputerVision/Final_Project/ws/interbotix/build/interbotix_moveit_interface' returned '0': CMAKE_PREFIX_PATH=${CMAKE_PREFIX_PATH}:/opt/ros/kilted DEBUGINFOD_URLS=https://debuginfod.ubuntu.com PYTHONPATH=/home/derek-dietz/MSAI/ComputerVision/Final_Project/ws/interbotix/install/lib/python3.12/site-packages:/home/derek-dietz/MSAI/ComputerVision/Final_Project/ros_ws/build/arm:/home/derek-dietz/MSAI/ComputerVision/Final_Project/ros_ws/install/arm/lib/python3.12/site-packages:/opt/ros/kilted/lib/python3.12/site-packages /usr/bin/cmake --build /home/derek-dietz/MSAI/ComputerVision/Final_Project/ws/interbotix/build/interbotix_moveit_interface -- -j22 -l22
[1.501s] DEBUG:colcon.colcon_core.event_handler.log_command:Invoking command in '/home/derek-dietz/MSAI/ComputerVision/Final_Project/ws/interbotix/build/interbotix_moveit_interface': CMAKE_PREFIX_PATH=${CMAKE_PREFIX_PATH}:/opt/ros/kilted DEBUGINFOD_URLS=https://debuginfod.ubuntu.com PYTHONPATH=/home/derek-dietz/MSAI/ComputerVision/Final_Project/ws/interbotix/install/lib/python3.12/site-packages:/home/derek-dietz/MSAI/ComputerVision/Final_Project/ros_ws/build/arm:/home/derek-dietz/MSAI/ComputerVision/Final_Project/ros_ws/install/arm/lib/python3.12/site-packages:/opt/ros/kilted/lib/python3.12/site-packages /usr/bin/cmake --install /home/derek-dietz/MSAI/ComputerVision/Final_Project/ws/interbotix/build/interbotix_moveit_interface
[1.505s] DEBUG:colcon.colcon_core.event_handler.log_command:Invoking command in '/home/derek-dietz/MSAI/ComputerVision/Final_Project/ws/interbotix/build/interbotix_xs_rviz': CMAKE_PREFIX_PATH=${CMAKE_PREFIX_PATH}:/opt/ros/kilted DEBUGINFOD_URLS=https://debuginfod.ubuntu.com PYTHONPATH=/home/derek-dietz/MSAI/ComputerVision/Final_Project/ws/interbotix/install/lib/python3.12/site-packages:/home/derek-dietz/MSAI/ComputerVision/Final_Project/ros_ws/build/arm:/home/derek-dietz/MSAI/ComputerVision/Final_Project/ros_ws/install/arm/lib/python3.12/site-packages:/opt/ros/kilted/lib/python3.12/site-packages /usr/bin/cmake --build /home/derek-dietz/MSAI/ComputerVision/Final_Project/ws/interbotix/build/interbotix_xs_rviz -- -j22 -l22
[1.507s] DEBUG:colcon.colcon_core.event_handler.log_command:Invoking command in '/home/derek-dietz/MSAI/ComputerVision/Final_Project/ws/interbotix/build/interbotix_ros_xseries': CMAKE_PREFIX_PATH=${CMAKE_PREFIX_PATH}:/opt/ros/kilted DEBUGINFOD_URLS=https://debuginfod.ubuntu.com PYTHONPATH=/home/derek-dietz/MSAI/ComputerVision/Final_Project/ws/interbotix/install/lib/python3.12/site-packages:/home/derek-dietz/MSAI/ComputerVision/Final_Project/ros_ws/build/arm:/home/derek-dietz/MSAI/ComputerVision/Final_Project/ros_ws/install/arm/lib/python3.12/site-packages:/opt/ros/kilted/lib/python3.12/site-packages /usr/bin/cmake --build /home/derek-dietz/MSAI/ComputerVision/Final_Project/ws/interbotix/build/interbotix_ros_xseries -- -j22 -l22
[1.514s] Level 1:colcon.colcon_core.environment:create_environment_scripts_only(interbotix_moveit_interface)
[1.514s] Level 1:colcon.colcon_core.environment:checking '/home/derek-dietz/MSAI/ComputerVision/Final_Project/ws/interbotix/install' for CMake module files
[1.515s] DEBUG:colcon.colcon_core.event_handler.log_command:Invoked command in '/home/derek-dietz/MSAI/ComputerVision/Final_Project/ws/interbotix/build/interbotix_moveit_interface' returned '0': CMAKE_PREFIX_PATH=${CMAKE_PREFIX_PATH}:/opt/ros/kilted DEBUGINFOD_URLS=https://debuginfod.ubuntu.com PYTHONPATH=/home/derek-dietz/MSAI/ComputerVision/Final_Project/ws/interbotix/install/lib/python3.12/site-packages:/home/derek-dietz/MSAI/ComputerVision/Final_Project/ros_ws/build/arm:/home/derek-dietz/MSAI/ComputerVision/Final_Project/ros_ws/install/arm/lib/python3.12/site-packages:/opt/ros/kilted/lib/python3.12/site-packages /usr/bin/cmake --install /home/derek-dietz/MSAI/ComputerVision/Final_Project/ws/interbotix/build/interbotix_moveit_interface
[1.515s] Level 1:colcon.colcon_core.environment:checking '/home/derek-dietz/MSAI/ComputerVision/Final_Project/ws/interbotix/install' for CMake config files
[1.516s] Level 1:colcon.colcon_core.shell:create_environment_hook('interbotix_moveit_interface', 'cmake_prefix_path')
[1.516s] INFO:colcon.colcon_core.shell:Creating environment hook '/home/derek-dietz/MSAI/ComputerVision/Final_Project/ws/interbotix/install/share/interbotix_moveit_interface/hook/cmake_prefix_path.ps1'
[1.517s] INFO:colcon.colcon_core.shell:Creating environment descriptor '/home/derek-dietz/MSAI/ComputerVision/Final_Project/ws/interbotix/install/share/interbotix_moveit_interface/hook/cmake_prefix_path.dsv'
[1.517s] INFO:colcon.colcon_core.shell:Creating environment hook '/home/derek-dietz/MSAI/ComputerVision/Final_Project/ws/interbotix/install/share/interbotix_moveit_interface/hook/cmake_prefix_path.sh'
[1.518s] Level 1:colcon.colcon_core.environment:checking '/home/derek-dietz/MSAI/ComputerVision/Final_Project/ws/interbotix/install/lib'
[1.518s] Level 1:colcon.colcon_core.shell:create_environment_hook('interbotix_moveit_interface', 'ld_library_path_lib')
[1.518s] INFO:colcon.colcon_core.shell:Creating environment hook '/home/derek-dietz/MSAI/ComputerVision/Final_Project/ws/interbotix/install/share/interbotix_moveit_interface/hook/ld_library_path_lib.ps1'
[1.519s] INFO:colcon.colcon_core.shell:Creating environment descriptor '/home/derek-dietz/MSAI/ComputerVision/Final_Project/ws/interbotix/install/share/interbotix_moveit_interface/hook/ld_library_path_lib.dsv'
[1.519s] INFO:colcon.colcon_core.shell:Creating environment hook '/home/derek-dietz/MSAI/ComputerVision/Final_Project/ws/interbotix/install/share/interbotix_moveit_interface/hook/ld_library_path_lib.sh'
[1.519s] Level 1:colcon.colcon_core.environment:checking '/home/derek-dietz/MSAI/ComputerVision/Final_Project/ws/interbotix/install/bin'
[1.519s] Level 1:colcon.colcon_core.environment:checking '/home/derek-dietz/MSAI/ComputerVision/Final_Project/ws/interbotix/install/lib/pkgconfig/interbotix_moveit_interface.pc'
[1.520s] Level 1:colcon.colcon_core.environment:checking '/home/derek-dietz/MSAI/ComputerVision/Final_Project/ws/interbotix/install/lib/python3.12/site-packages'
[1.520s] Level 1:colcon.colcon_core.shell:create_environment_hook('interbotix_moveit_interface', 'pythonpath')
[1.520s] INFO:colcon.colcon_core.shell:Creating environment hook '/home/derek-dietz/MSAI/ComputerVision/Final_Project/ws/interbotix/install/share/interbotix_moveit_interface/hook/pythonpath.ps1'
[1.520s] INFO:colcon.colcon_core.shell:Creating environment descriptor '/home/derek-dietz/MSAI/ComputerVision/Final_Project/ws/interbotix/install/share/interbotix_moveit_interface/hook/pythonpath.dsv'
[1.521s] INFO:colcon.colcon_core.shell:Creating environment hook '/home/derek-dietz/MSAI/ComputerVision/Final_Project/ws/interbotix/install/share/interbotix_moveit_interface/hook/pythonpath.sh'
[1.521s] Level 1:colcon.colcon_core.environment:checking '/home/derek-dietz/MSAI/ComputerVision/Final_Project/ws/interbotix/install/bin'
[1.522s] INFO:colcon.colcon_core.shell:Creating package script '/home/derek-dietz/MSAI/ComputerVision/Final_Project/ws/interbotix/install/share/interbotix_moveit_interface/package.ps1'
[1.522s] INFO:colcon.colcon_core.shell:Creating package descriptor '/home/derek-dietz/MSAI/ComputerVision/Final_Project/ws/interbotix/install/share/interbotix_moveit_interface/package.dsv'
[1.523s] INFO:colcon.colcon_core.shell:Creating package script '/home/derek-dietz/MSAI/ComputerVision/Final_Project/ws/interbotix/install/share/interbotix_moveit_interface/package.sh'
[1.524s] INFO:colcon.colcon_core.shell:Creating package script '/home/derek-dietz/MSAI/ComputerVision/Final_Project/ws/interbotix/install/share/interbotix_moveit_interface/package.bash'
[1.524s] INFO:colcon.colcon_core.shell:Creating package script '/home/derek-dietz/MSAI/ComputerVision/Final_Project/ws/interbotix/install/share/interbotix_moveit_interface/package.zsh'
[1.524s] Level 1:colcon.colcon_core.environment:create_file_with_runtime_dependencies(/home/derek-dietz/MSAI/ComputerVision/Final_Project/ws/interbotix/install/share/colcon-core/packages/interbotix_moveit_interface)
[1.525s] Level 1:colcon.colcon_core.environment:create_environment_scripts_only(interbotix_moveit_interface)
[1.525s] Level 1:colcon.colcon_core.environment:checking '/home/derek-dietz/MSAI/ComputerVision/Final_Project/ws/interbotix/install' for CMake module files
[1.526s] Level 1:colcon.colcon_core.environment:checking '/home/derek-dietz/MSAI/ComputerVision/Final_Project/ws/interbotix/install' for CMake config files
[1.527s] Level 1:colcon.colcon_core.shell:create_environment_hook('interbotix_moveit_interface', 'cmake_prefix_path')
[1.527s] INFO:colcon.colcon_core.shell:Creating environment hook '/home/derek-dietz/MSAI/ComputerVision/Final_Project/ws/interbotix/install/share/interbotix_moveit_interface/hook/cmake_prefix_path.ps1'
[1.528s] INFO:colcon.colcon_core.shell:Creating environment descriptor '/home/derek-dietz/MSAI/ComputerVision/Final_Project/ws/interbotix/install/share/interbotix_moveit_interface/hook/cmake_prefix_path.dsv'
[1.528s] INFO:colcon.colcon_core.shell:Creating environment hook '/home/derek-dietz/MSAI/ComputerVision/Final_Project/ws/interbotix/install/share/interbotix_moveit_interface/hook/cmake_prefix_path.sh'
[1.529s] Level 1:colcon.colcon_core.environment:checking '/home/derek-dietz/MSAI/ComputerVision/Final_Project/ws/interbotix/install/lib'
[1.529s] Level 1:colcon.colcon_core.shell:create_environment_hook('interbotix_moveit_interface', 'ld_library_path_lib')
[1.529s] INFO:colcon.colcon_core.shell:Creating environment hook '/home/derek-dietz/MSAI/ComputerVision/Final_Project/ws/interbotix/install/share/interbotix_moveit_interface/hook/ld_library_path_lib.ps1'
[1.529s] INFO:colcon.colcon_core.shell:Creating environment descriptor '/home/derek-dietz/MSAI/ComputerVision/Final_Project/ws/interbotix/install/share/interbotix_moveit_interface/hook/ld_library_path_lib.dsv'
[1.530s] INFO:colcon.colcon_core.shell:Creating environment hook '/home/derek-dietz/MSAI/ComputerVision/Final_Project/ws/interbotix/install/share/interbotix_moveit_interface/hook/ld_library_path_lib.sh'
[1.530s] Level 1:colcon.colcon_core.environment:checking '/home/derek-dietz/MSAI/ComputerVision/Final_Project/ws/interbotix/install/bin'
[1.530s] Level 1:colcon.colcon_core.environment:checking '/home/derek-dietz/MSAI/ComputerVision/Final_Project/ws/interbotix/install/lib/pkgconfig/interbotix_moveit_interface.pc'
[1.531s] Level 1:colcon.colcon_core.environment:checking '/home/derek-dietz/MSAI/ComputerVision/Final_Project/ws/interbotix/install/lib/python3.12/site-packages'
[1.531s] Level 1:colcon.colcon_core.shell:create_environment_hook('interbotix_moveit_interface', 'pythonpath')
[1.531s] INFO:colcon.colcon_core.shell:Creating environment hook '/home/derek-dietz/MSAI/ComputerVision/Final_Project/ws/interbotix/install/share/interbotix_moveit_interface/hook/pythonpath.ps1'
[1.531s] INFO:colcon.colcon_core.shell:Creating environment descriptor '/home/derek-dietz/MSAI/ComputerVision/Final_Project/ws/interbotix/install/share/interbotix_moveit_interface/hook/pythonpath.dsv'
[1.532s] INFO:colcon.colcon_core.shell:Creating environment hook '/home/derek-dietz/MSAI/ComputerVision/Final_Project/ws/interbotix/install/share/interbotix_moveit_interface/hook/pythonpath.sh'
[1.532s] Level 1:colcon.colcon_core.environment:checking '/home/derek-dietz/MSAI/ComputerVision/Final_Project/ws/interbotix/install/bin'
[1.533s] INFO:colcon.colcon_core.shell:Creating package script '/home/derek-dietz/MSAI/ComputerVision/Final_Project/ws/interbotix/install/share/interbotix_moveit_interface/package.ps1'
[1.533s] INFO:colcon.colcon_core.shell:Creating package descriptor '/home/derek-dietz/MSAI/ComputerVision/Final_Project/ws/interbotix/install/share/interbotix_moveit_interface/package.dsv'
[1.534s] INFO:colcon.colcon_core.shell:Creating package script '/home/derek-dietz/MSAI/ComputerVision/Final_Project/ws/interbotix/install/share/interbotix_moveit_interface/package.sh'
[1.534s] INFO:colcon.colcon_core.shell:Creating package script '/home/derek-dietz/MSAI/ComputerVision/Final_Project/ws/interbotix/install/share/interbotix_moveit_interface/package.bash'
[1.534s] INFO:colcon.colcon_core.shell:Creating package script '/home/derek-dietz/MSAI/ComputerVision/Final_Project/ws/interbotix/install/share/interbotix_moveit_interface/package.zsh'
[1.535s] Level 1:colcon.colcon_core.environment:create_file_with_runtime_dependencies(/home/derek-dietz/MSAI/ComputerVision/Final_Project/ws/interbotix/install/share/colcon-core/packages/interbotix_moveit_interface)
[1.537s] DEBUG:colcon.colcon_core.event_handler.log_command:Invoking command in '/home/derek-dietz/MSAI/ComputerVision/Final_Project/ws/interbotix/src/arm': DEBUGINFOD_URLS=https://debuginfod.ubuntu.com PYTHONPATH=/home/derek-dietz/MSAI/ComputerVision/Final_Project/ws/interbotix/build/arm/prefix_override:/usr/lib/python3/dist-packages/colcon_core/task/python/colcon_distutils_commands:/home/derek-dietz/MSAI/ComputerVision/Final_Project/ws/interbotix/install/lib/python3.12/site-packages:${PYTHONPATH} /usr/bin/python3 -W ignore:setup.py install is deprecated -W ignore:easy_install command is deprecated setup.py egg_info --egg-base ../../build/arm build --build-base /home/derek-dietz/MSAI/ComputerVision/Final_Project/ws/interbotix/build/arm/build install --record /home/derek-dietz/MSAI/ComputerVision/Final_Project/ws/interbotix/build/arm/install.log --single-version-externally-managed install_data
[1.549s] DEBUG:colcon.colcon_core.event_handler.log_command:Invoked command in '/home/derek-dietz/MSAI/ComputerVision/Final_Project/ws/interbotix/build/interbotix_ros_xseries' returned '0': CMAKE_PREFIX_PATH=${CMAKE_PREFIX_PATH}:/opt/ros/kilted DEBUGINFOD_URLS=https://debuginfod.ubuntu.com PYTHONPATH=/home/derek-dietz/MSAI/ComputerVision/Final_Project/ws/interbotix/install/lib/python3.12/site-packages:/home/derek-dietz/MSAI/ComputerVision/Final_Project/ros_ws/build/arm:/home/derek-dietz/MSAI/ComputerVision/Final_Project/ros_ws/install/arm/lib/python3.12/site-packages:/opt/ros/kilted/lib/python3.12/site-packages /usr/bin/cmake --build /home/derek-dietz/MSAI/ComputerVision/Final_Project/ws/interbotix/build/interbotix_ros_xseries -- -j22 -l22
[1.551s] DEBUG:colcon.colcon_core.event_handler.log_command:Invoking command in '/home/derek-dietz/MSAI/ComputerVision/Final_Project/ws/interbotix/build/interbotix_ros_xseries': CMAKE_PREFIX_PATH=${CMAKE_PREFIX_PATH}:/opt/ros/kilted DEBUGINFOD_URLS=https://debuginfod.ubuntu.com PYTHONPATH=/home/derek-dietz/MSAI/ComputerVision/Final_Project/ws/interbotix/install/lib/python3.12/site-packages:/home/derek-dietz/MSAI/ComputerVision/Final_Project/ros_ws/build/arm:/home/derek-dietz/MSAI/ComputerVision/Final_Project/ros_ws/install/arm/lib/python3.12/site-packages:/opt/ros/kilted/lib/python3.12/site-packages /usr/bin/cmake --install /home/derek-dietz/MSAI/ComputerVision/Final_Project/ws/interbotix/build/interbotix_ros_xseries
[1.560s] Level 1:colcon.colcon_core.environment:create_environment_scripts_only(interbotix_ros_xseries)
[1.560s] Level 1:colcon.colcon_core.environment:checking '/home/derek-dietz/MSAI/ComputerVision/Final_Project/ws/interbotix/install' for CMake module files
[1.561s] DEBUG:colcon.colcon_core.event_handler.log_command:Invoked command in '/home/derek-dietz/MSAI/ComputerVision/Final_Project/ws/interbotix/build/interbotix_ros_xseries' returned '0': CMAKE_PREFIX_PATH=${CMAKE_PREFIX_PATH}:/opt/ros/kilted DEBUGINFOD_URLS=https://debuginfod.ubuntu.com PYTHONPATH=/home/derek-dietz/MSAI/ComputerVision/Final_Project/ws/interbotix/install/lib/python3.12/site-packages:/home/derek-dietz/MSAI/ComputerVision/Final_Project/ros_ws/build/arm:/home/derek-dietz/MSAI/ComputerVision/Final_Project/ros_ws/install/arm/lib/python3.12/site-packages:/opt/ros/kilted/lib/python3.12/site-packages /usr/bin/cmake --install /home/derek-dietz/MSAI/ComputerVision/Final_Project/ws/interbotix/build/interbotix_ros_xseries
[1.561s] Level 1:colcon.colcon_core.environment:checking '/home/derek-dietz/MSAI/ComputerVision/Final_Project/ws/interbotix/install' for CMake config files
[1.562s] Level 1:colcon.colcon_core.shell:create_environment_hook('interbotix_ros_xseries', 'cmake_prefix_path')
[1.562s] INFO:colcon.colcon_core.shell:Creating environment hook '/home/derek-dietz/MSAI/ComputerVision/Final_Project/ws/interbotix/install/share/interbotix_ros_xseries/hook/cmake_prefix_path.ps1'
[1.563s] INFO:colcon.colcon_core.shell:Creating environment descriptor '/home/derek-dietz/MSAI/ComputerVision/Final_Project/ws/interbotix/install/share/interbotix_ros_xseries/hook/cmake_prefix_path.dsv'
[1.563s] INFO:colcon.colcon_core.shell:Creating environment hook '/home/derek-dietz/MSAI/ComputerVision/Final_Project/ws/interbotix/install/share/interbotix_ros_xseries/hook/cmake_prefix_path.sh'
[1.564s] Level 1:colcon.colcon_core.environment:checking '/home/derek-dietz/MSAI/ComputerVision/Final_Project/ws/interbotix/install/lib'
[1.564s] Level 1:colcon.colcon_core.shell:create_environment_hook('interbotix_ros_xseries', 'ld_library_path_lib')
[1.564s] INFO:colcon.colcon_core.shell:Creating environment hook '/home/derek-dietz/MSAI/ComputerVision/Final_Project/ws/interbotix/install/share/interbotix_ros_xseries/hook/ld_library_path_lib.ps1'
[1.564s] INFO:colcon.colcon_core.shell:Creating environment descriptor '/home/derek-dietz/MSAI/ComputerVision/Final_Project/ws/interbotix/install/share/interbotix_ros_xseries/hook/ld_library_path_lib.dsv'
[1.564s] INFO:colcon.colcon_core.shell:Creating environment hook '/home/derek-dietz/MSAI/ComputerVision/Final_Project/ws/interbotix/install/share/interbotix_ros_xseries/hook/ld_library_path_lib.sh'
[1.565s] Level 1:colcon.colcon_core.environment:checking '/home/derek-dietz/MSAI/ComputerVision/Final_Project/ws/interbotix/install/bin'
[1.565s] Level 1:colcon.colcon_core.environment:checking '/home/derek-dietz/MSAI/ComputerVision/Final_Project/ws/interbotix/install/lib/pkgconfig/interbotix_ros_xseries.pc'
[1.565s] Level 1:colcon.colcon_core.environment:checking '/home/derek-dietz/MSAI/ComputerVision/Final_Project/ws/interbotix/install/lib/python3.12/site-packages'
[1.565s] Level 1:colcon.colcon_core.shell:create_environment_hook('interbotix_ros_xseries', 'pythonpath')
[1.565s] INFO:colcon.colcon_core.shell:Creating environment hook '/home/derek-dietz/MSAI/ComputerVision/Final_Project/ws/interbotix/install/share/interbotix_ros_xseries/hook/pythonpath.ps1'
[1.566s] INFO:colcon.colcon_core.shell:Creating environment descriptor '/home/derek-dietz/MSAI/ComputerVision/Final_Project/ws/interbotix/install/share/interbotix_ros_xseries/hook/pythonpath.dsv'
[1.566s] INFO:colcon.colcon_core.shell:Creating environment hook '/home/derek-dietz/MSAI/ComputerVision/Final_Project/ws/interbotix/install/share/interbotix_ros_xseries/hook/pythonpath.sh'
[1.567s] Level 1:colcon.colcon_core.environment:checking '/home/derek-dietz/MSAI/ComputerVision/Final_Project/ws/interbotix/install/bin'
[1.567s] INFO:colcon.colcon_core.shell:Creating package script '/home/derek-dietz/MSAI/ComputerVision/Final_Project/ws/interbotix/install/share/interbotix_ros_xseries/package.ps1'
[1.568s] INFO:colcon.colcon_core.shell:Creating package descriptor '/home/derek-dietz/MSAI/ComputerVision/Final_Project/ws/interbotix/install/share/interbotix_ros_xseries/package.dsv'
[1.569s] INFO:colcon.colcon_core.shell:Creating package script '/home/derek-dietz/MSAI/ComputerVision/Final_Project/ws/interbotix/install/share/interbotix_ros_xseries/package.sh'
[1.569s] INFO:colcon.colcon_core.shell:Creating package script '/home/derek-dietz/MSAI/ComputerVision/Final_Project/ws/interbotix/install/share/interbotix_ros_xseries/package.bash'
[1.569s] INFO:colcon.colcon_core.shell:Creating package script '/home/derek-dietz/MSAI/ComputerVision/Final_Project/ws/interbotix/install/share/interbotix_ros_xseries/package.zsh'
[1.570s] Level 1:colcon.colcon_core.environment:create_file_with_runtime_dependencies(/home/derek-dietz/MSAI/ComputerVision/Final_Project/ws/interbotix/install/share/colcon-core/packages/interbotix_ros_xseries)
[1.570s] Level 1:colcon.colcon_core.environment:create_environment_scripts_only(interbotix_ros_xseries)
[1.570s] Level 1:colcon.colcon_core.environment:checking '/home/derek-dietz/MSAI/ComputerVision/Final_Project/ws/interbotix/install' for CMake module files
[1.571s] Level 1:colcon.colcon_core.environment:checking '/home/derek-dietz/MSAI/ComputerVision/Final_Project/ws/interbotix/install' for CMake config files
[1.572s] Level 1:colcon.colcon_core.shell:create_environment_hook('interbotix_ros_xseries', 'cmake_prefix_path')
[1.572s] INFO:colcon.colcon_core.shell:Creating environment hook '/home/derek-dietz/MSAI/ComputerVision/Final_Project/ws/interbotix/install/share/interbotix_ros_xseries/hook/cmake_prefix_path.ps1'
[1.572s] INFO:colcon.colcon_core.shell:Creating environment descriptor '/home/derek-dietz/MSAI/ComputerVision/Final_Project/ws/interbotix/install/share/interbotix_ros_xseries/hook/cmake_prefix_path.dsv'
[1.573s] INFO:colcon.colcon_core.shell:Creating environment hook '/home/derek-dietz/MSAI/ComputerVision/Final_Project/ws/interbotix/install/share/interbotix_ros_xseries/hook/cmake_prefix_path.sh'
[1.573s] Level 1:colcon.colcon_core.environment:checking '/home/derek-dietz/MSAI/ComputerVision/Final_Project/ws/interbotix/install/lib'
[1.574s] Level 1:colcon.colcon_core.shell:create_environment_hook('interbotix_ros_xseries', 'ld_library_path_lib')
[1.574s] INFO:colcon.colcon_core.shell:Creating environment hook '/home/derek-dietz/MSAI/ComputerVision/Final_Project/ws/interbotix/install/share/interbotix_ros_xseries/hook/ld_library_path_lib.ps1'
[1.574s] INFO:colcon.colcon_core.shell:Creating environment descriptor '/home/derek-dietz/MSAI/ComputerVision/Final_Project/ws/interbotix/install/share/interbotix_ros_xseries/hook/ld_library_path_lib.dsv'
[1.574s] INFO:colcon.colcon_core.shell:Creating environment hook '/home/derek-dietz/MSAI/ComputerVision/Final_Project/ws/interbotix/install/share/interbotix_ros_xseries/hook/ld_library_path_lib.sh'
[1.575s] Level 1:colcon.colcon_core.environment:checking '/home/derek-dietz/MSAI/ComputerVision/Final_Project/ws/interbotix/install/bin'
[1.575s] Level 1:colcon.colcon_core.environment:checking '/home/derek-dietz/MSAI/ComputerVision/Final_Project/ws/interbotix/install/lib/pkgconfig/interbotix_ros_xseries.pc'
[1.575s] Level 1:colcon.colcon_core.environment:checking '/home/derek-dietz/MSAI/ComputerVision/Final_Project/ws/interbotix/install/lib/python3.12/site-packages'
[1.575s] Level 1:colcon.colcon_core.shell:create_environment_hook('interbotix_ros_xseries', 'pythonpath')
[1.576s] INFO:colcon.colcon_core.shell:Creating environment hook '/home/derek-dietz/MSAI/ComputerVision/Final_Project/ws/interbotix/install/share/interbotix_ros_xseries/hook/pythonpath.ps1'
[1.576s] INFO:colcon.colcon_core.shell:Creating environment descriptor '/home/derek-dietz/MSAI/ComputerVision/Final_Project/ws/interbotix/install/share/interbotix_ros_xseries/hook/pythonpath.dsv'
[1.576s] INFO:colcon.colcon_core.shell:Creating environment hook '/home/derek-dietz/MSAI/ComputerVision/Final_Project/ws/interbotix/install/share/interbotix_ros_xseries/hook/pythonpath.sh'
[1.577s] Level 1:colcon.colcon_core.environment:checking '/home/derek-dietz/MSAI/ComputerVision/Final_Project/ws/interbotix/install/bin'
[1.577s] INFO:colcon.colcon_core.shell:Creating package script '/home/derek-dietz/MSAI/ComputerVision/Final_Project/ws/interbotix/install/share/interbotix_ros_xseries/package.ps1'
[1.578s] INFO:colcon.colcon_core.shell:Creating package descriptor '/home/derek-dietz/MSAI/ComputerVision/Final_Project/ws/interbotix/install/share/interbotix_ros_xseries/package.dsv'
[1.579s] INFO:colcon.colcon_core.shell:Creating package script '/home/derek-dietz/MSAI/ComputerVision/Final_Project/ws/interbotix/install/share/interbotix_ros_xseries/package.sh'
[1.580s] INFO:colcon.colcon_core.shell:Creating package script '/home/derek-dietz/MSAI/ComputerVision/Final_Project/ws/interbotix/install/share/interbotix_ros_xseries/package.bash'
[1.580s] INFO:colcon.colcon_core.shell:Creating package script '/home/derek-dietz/MSAI/ComputerVision/Final_Project/ws/interbotix/install/share/interbotix_ros_xseries/package.zsh'
[1.581s] Level 1:colcon.colcon_core.environment:create_file_with_runtime_dependencies(/home/derek-dietz/MSAI/ComputerVision/Final_Project/ws/interbotix/install/share/colcon-core/packages/interbotix_ros_xseries)
[1.674s] DEBUG:colcon.colcon_core.event_handler.log_command:Invoked command in '/home/derek-dietz/MSAI/ComputerVision/Final_Project/ws/interbotix/build/interbotix_xs_rviz' returned '0': CMAKE_PREFIX_PATH=${CMAKE_PREFIX_PATH}:/opt/ros/kilted DEBUGINFOD_URLS=https://debuginfod.ubuntu.com PYTHONPATH=/home/derek-dietz/MSAI/ComputerVision/Final_Project/ws/interbotix/install/lib/python3.12/site-packages:/home/derek-dietz/MSAI/ComputerVision/Final_Project/ros_ws/build/arm:/home/derek-dietz/MSAI/ComputerVision/Final_Project/ros_ws/install/arm/lib/python3.12/site-packages:/opt/ros/kilted/lib/python3.12/site-packages /usr/bin/cmake --build /home/derek-dietz/MSAI/ComputerVision/Final_Project/ws/interbotix/build/interbotix_xs_rviz -- -j22 -l22
[1.676s] DEBUG:colcon.colcon_core.event_handler.log_command:Invoking command in '/home/derek-dietz/MSAI/ComputerVision/Final_Project/ws/interbotix/build/interbotix_xs_rviz': CMAKE_PREFIX_PATH=${CMAKE_PREFIX_PATH}:/opt/ros/kilted DEBUGINFOD_URLS=https://debuginfod.ubuntu.com PYTHONPATH=/home/derek-dietz/MSAI/ComputerVision/Final_Project/ws/interbotix/install/lib/python3.12/site-packages:/home/derek-dietz/MSAI/ComputerVision/Final_Project/ros_ws/build/arm:/home/derek-dietz/MSAI/ComputerVision/Final_Project/ros_ws/install/arm/lib/python3.12/site-packages:/opt/ros/kilted/lib/python3.12/site-packages /usr/bin/cmake --install /home/derek-dietz/MSAI/ComputerVision/Final_Project/ws/interbotix/build/interbotix_xs_rviz
[1.687s] Level 1:colcon.colcon_core.environment:create_environment_scripts_only(interbotix_xs_rviz)
[1.688s] Level 1:colcon.colcon_core.environment:checking '/home/derek-dietz/MSAI/ComputerVision/Final_Project/ws/interbotix/install' for CMake module files
[1.688s] DEBUG:colcon.colcon_core.event_handler.log_command:Invoked command in '/home/derek-dietz/MSAI/ComputerVision/Final_Project/ws/interbotix/build/interbotix_xs_rviz' returned '0': CMAKE_PREFIX_PATH=${CMAKE_PREFIX_PATH}:/opt/ros/kilted DEBUGINFOD_URLS=https://debuginfod.ubuntu.com PYTHONPATH=/home/derek-dietz/MSAI/ComputerVision/Final_Project/ws/interbotix/install/lib/python3.12/site-packages:/home/derek-dietz/MSAI/ComputerVision/Final_Project/ros_ws/build/arm:/home/derek-dietz/MSAI/ComputerVision/Final_Project/ros_ws/install/arm/lib/python3.12/site-packages:/opt/ros/kilted/lib/python3.12/site-packages /usr/bin/cmake --install /home/derek-dietz/MSAI/ComputerVision/Final_Project/ws/interbotix/build/interbotix_xs_rviz
[1.689s] Level 1:colcon.colcon_core.environment:checking '/home/derek-dietz/MSAI/ComputerVision/Final_Project/ws/interbotix/install' for CMake config files
[1.690s] Level 1:colcon.colcon_core.shell:create_environment_hook('interbotix_xs_rviz', 'cmake_prefix_path')
[1.690s] INFO:colcon.colcon_core.shell:Creating environment hook '/home/derek-dietz/MSAI/ComputerVision/Final_Project/ws/interbotix/install/share/interbotix_xs_rviz/hook/cmake_prefix_path.ps1'
[1.691s] INFO:colcon.colcon_core.shell:Creating environment descriptor '/home/derek-dietz/MSAI/ComputerVision/Final_Project/ws/interbotix/install/share/interbotix_xs_rviz/hook/cmake_prefix_path.dsv'
[1.691s] INFO:colcon.colcon_core.shell:Creating environment hook '/home/derek-dietz/MSAI/ComputerVision/Final_Project/ws/interbotix/install/share/interbotix_xs_rviz/hook/cmake_prefix_path.sh'
[1.692s] Level 1:colcon.colcon_core.environment:checking '/home/derek-dietz/MSAI/ComputerVision/Final_Project/ws/interbotix/install/lib'
[1.692s] Level 1:colcon.colcon_core.shell:create_environment_hook('interbotix_xs_rviz', 'ld_library_path_lib')
[1.693s] INFO:colcon.colcon_core.shell:Creating environment hook '/home/derek-dietz/MSAI/ComputerVision/Final_Project/ws/interbotix/install/share/interbotix_xs_rviz/hook/ld_library_path_lib.ps1'
[1.693s] INFO:colcon.colcon_core.shell:Creating environment descriptor '/home/derek-dietz/MSAI/ComputerVision/Final_Project/ws/interbotix/install/share/interbotix_xs_rviz/hook/ld_library_path_lib.dsv'
[1.694s] INFO:colcon.colcon_core.shell:Creating environment hook '/home/derek-dietz/MSAI/ComputerVision/Final_Project/ws/interbotix/install/share/interbotix_xs_rviz/hook/ld_library_path_lib.sh'
[1.694s] Level 1:colcon.colcon_core.environment:checking '/home/derek-dietz/MSAI/ComputerVision/Final_Project/ws/interbotix/install/bin'
[1.694s] Level 1:colcon.colcon_core.environment:checking '/home/derek-dietz/MSAI/ComputerVision/Final_Project/ws/interbotix/install/lib/pkgconfig/interbotix_xs_rviz.pc'
[1.695s] Level 1:colcon.colcon_core.environment:checking '/home/derek-dietz/MSAI/ComputerVision/Final_Project/ws/interbotix/install/lib/python3.12/site-packages'
[1.695s] Level 1:colcon.colcon_core.shell:create_environment_hook('interbotix_xs_rviz', 'pythonpath')
[1.695s] INFO:colcon.colcon_core.shell:Creating environment hook '/home/derek-dietz/MSAI/ComputerVision/Final_Project/ws/interbotix/install/share/interbotix_xs_rviz/hook/pythonpath.ps1'
[1.696s] INFO:colcon.colcon_core.shell:Creating environment descriptor '/home/derek-dietz/MSAI/ComputerVision/Final_Project/ws/interbotix/install/share/interbotix_xs_rviz/hook/pythonpath.dsv'
[1.696s] INFO:colcon.colcon_core.shell:Creating environment hook '/home/derek-dietz/MSAI/ComputerVision/Final_Project/ws/interbotix/install/share/interbotix_xs_rviz/hook/pythonpath.sh'
[1.697s] Level 1:colcon.colcon_core.environment:checking '/home/derek-dietz/MSAI/ComputerVision/Final_Project/ws/interbotix/install/bin'
[1.697s] INFO:colcon.colcon_core.shell:Creating package script '/home/derek-dietz/MSAI/ComputerVision/Final_Project/ws/interbotix/install/share/interbotix_xs_rviz/package.ps1'
[1.698s] INFO:colcon.colcon_core.shell:Creating package descriptor '/home/derek-dietz/MSAI/ComputerVision/Final_Project/ws/interbotix/install/share/interbotix_xs_rviz/package.dsv'
[1.699s] INFO:colcon.colcon_core.shell:Creating package script '/home/derek-dietz/MSAI/ComputerVision/Final_Project/ws/interbotix/install/share/interbotix_xs_rviz/package.sh'
[1.699s] INFO:colcon.colcon_core.shell:Creating package script '/home/derek-dietz/MSAI/ComputerVision/Final_Project/ws/interbotix/install/share/interbotix_xs_rviz/package.bash'
[1.700s] INFO:colcon.colcon_core.shell:Creating package script '/home/derek-dietz/MSAI/ComputerVision/Final_Project/ws/interbotix/install/share/interbotix_xs_rviz/package.zsh'
[1.700s] Level 1:colcon.colcon_core.environment:create_file_with_runtime_dependencies(/home/derek-dietz/MSAI/ComputerVision/Final_Project/ws/interbotix/install/share/colcon-core/packages/interbotix_xs_rviz)
[1.701s] Level 1:colcon.colcon_core.environment:create_environment_scripts_only(interbotix_xs_rviz)
[1.701s] Level 1:colcon.colcon_core.environment:checking '/home/derek-dietz/MSAI/ComputerVision/Final_Project/ws/interbotix/install' for CMake module files
[1.701s] Level 1:colcon.colcon_core.environment:checking '/home/derek-dietz/MSAI/ComputerVision/Final_Project/ws/interbotix/install' for CMake config files
[1.702s] Level 1:colcon.colcon_core.shell:create_environment_hook('interbotix_xs_rviz', 'cmake_prefix_path')
[1.703s] INFO:colcon.colcon_core.shell:Creating environment hook '/home/derek-dietz/MSAI/ComputerVision/Final_Project/ws/interbotix/install/share/interbotix_xs_rviz/hook/cmake_prefix_path.ps1'
[1.703s] INFO:colcon.colcon_core.shell:Creating environment descriptor '/home/derek-dietz/MSAI/ComputerVision/Final_Project/ws/interbotix/install/share/interbotix_xs_rviz/hook/cmake_prefix_path.dsv'
[1.703s] INFO:colcon.colcon_core.shell:Creating environment hook '/home/derek-dietz/MSAI/ComputerVision/Final_Project/ws/interbotix/install/share/interbotix_xs_rviz/hook/cmake_prefix_path.sh'
[1.704s] Level 1:colcon.colcon_core.environment:checking '/home/derek-dietz/MSAI/ComputerVision/Final_Project/ws/interbotix/install/lib'
[1.704s] Level 1:colcon.colcon_core.shell:create_environment_hook('interbotix_xs_rviz', 'ld_library_path_lib')
[1.704s] INFO:colcon.colcon_core.shell:Creating environment hook '/home/derek-dietz/MSAI/ComputerVision/Final_Project/ws/interbotix/install/share/interbotix_xs_rviz/hook/ld_library_path_lib.ps1'
[1.705s] INFO:colcon.colcon_core.shell:Creating environment descriptor '/home/derek-dietz/MSAI/ComputerVision/Final_Project/ws/interbotix/install/share/interbotix_xs_rviz/hook/ld_library_path_lib.dsv'
[1.705s] INFO:colcon.colcon_core.shell:Creating environment hook '/home/derek-dietz/MSAI/ComputerVision/Final_Project/ws/interbotix/install/share/interbotix_xs_rviz/hook/ld_library_path_lib.sh'
[1.705s] Level 1:colcon.colcon_core.environment:checking '/home/derek-dietz/MSAI/ComputerVision/Final_Project/ws/interbotix/install/bin'
[1.705s] Level 1:colcon.colcon_core.environment:checking '/home/derek-dietz/MSAI/ComputerVision/Final_Project/ws/interbotix/install/lib/pkgconfig/interbotix_xs_rviz.pc'
[1.706s] Level 1:colcon.colcon_core.environment:checking '/home/derek-dietz/MSAI/ComputerVision/Final_Project/ws/interbotix/install/lib/python3.12/site-packages'
[1.706s] Level 1:colcon.colcon_core.shell:create_environment_hook('interbotix_xs_rviz', 'pythonpath')
[1.706s] INFO:colcon.colcon_core.shell:Creating environment hook '/home/derek-dietz/MSAI/ComputerVision/Final_Project/ws/interbotix/install/share/interbotix_xs_rviz/hook/pythonpath.ps1'
[1.706s] INFO:colcon.colcon_core.shell:Creating environment descriptor '/home/derek-dietz/MSAI/ComputerVision/Final_Project/ws/interbotix/install/share/interbotix_xs_rviz/hook/pythonpath.dsv'
[1.707s] INFO:colcon.colcon_core.shell:Creating environment hook '/home/derek-dietz/MSAI/ComputerVision/Final_Project/ws/interbotix/install/share/interbotix_xs_rviz/hook/pythonpath.sh'
[1.707s] Level 1:colcon.colcon_core.environment:checking '/home/derek-dietz/MSAI/ComputerVision/Final_Project/ws/interbotix/install/bin'
[1.708s] INFO:colcon.colcon_core.shell:Creating package script '/home/derek-dietz/MSAI/ComputerVision/Final_Project/ws/interbotix/install/share/interbotix_xs_rviz/package.ps1'
[1.708s] INFO:colcon.colcon_core.shell:Creating package descriptor '/home/derek-dietz/MSAI/ComputerVision/Final_Project/ws/interbotix/install/share/interbotix_xs_rviz/package.dsv'
[1.709s] INFO:colcon.colcon_core.shell:Creating package script '/home/derek-dietz/MSAI/ComputerVision/Final_Project/ws/interbotix/install/share/interbotix_xs_rviz/package.sh'
[1.709s] INFO:colcon.colcon_core.shell:Creating package script '/home/derek-dietz/MSAI/ComputerVision/Final_Project/ws/interbotix/install/share/interbotix_xs_rviz/package.bash'
[1.709s] INFO:colcon.colcon_core.shell:Creating package script '/home/derek-dietz/MSAI/ComputerVision/Final_Project/ws/interbotix/install/share/interbotix_xs_rviz/package.zsh'
[1.710s] Level 1:colcon.colcon_core.environment:create_file_with_runtime_dependencies(/home/derek-dietz/MSAI/ComputerVision/Final_Project/ws/interbotix/install/share/colcon-core/packages/interbotix_xs_rviz)
[1.713s] DEBUG:colcon.colcon_core.event_handler.log_command:Invoking command in '/home/derek-dietz/MSAI/ComputerVision/Final_Project/ws/interbotix/src/interbotix_ros_toolboxes/interbotix_common_toolbox/interbotix_common_modules': DEBUGINFOD_URLS=https://debuginfod.ubuntu.com PYTHONPATH=/home/derek-dietz/MSAI/ComputerVision/Final_Project/ws/interbotix/build/interbotix_common_modules/prefix_override:/usr/lib/python3/dist-packages/colcon_core/task/python/colcon_distutils_commands:/home/derek-dietz/MSAI/ComputerVision/Final_Project/ws/interbotix/install/lib/python3.12/site-packages:${PYTHONPATH} /usr/bin/python3 -W ignore:setup.py install is deprecated -W ignore:easy_install command is deprecated setup.py egg_info --egg-base ../../../../build/interbotix_common_modules build --build-base /home/derek-dietz/MSAI/ComputerVision/Final_Project/ws/interbotix/build/interbotix_common_modules/build install --record /home/derek-dietz/MSAI/ComputerVision/Final_Project/ws/interbotix/build/interbotix_common_modules/install.log --single-version-externally-managed install_data
[1.761s] DEBUG:colcon.colcon_core.event_handler.log_command:Invoking command in '/home/derek-dietz/MSAI/ComputerVision/Final_Project/ws/interbotix/src/ModernRobotics/packages/Python': DEBUGINFOD_URLS=https://debuginfod.ubuntu.com PYTHONPATH=/home/derek-dietz/MSAI/ComputerVision/Final_Project/ws/interbotix/build/modern_robotics/prefix_override:/usr/lib/python3/dist-packages/colcon_core/task/python/colcon_distutils_commands:/home/derek-dietz/MSAI/ComputerVision/Final_Project/ws/interbotix/install/lib/python3.12/site-packages:${PYTHONPATH} /usr/bin/python3 -W ignore:setup.py install is deprecated -W ignore:easy_install command is deprecated setup.py egg_info --egg-base ../../../../build/modern_robotics build --build-base /home/derek-dietz/MSAI/ComputerVision/Final_Project/ws/interbotix/build/modern_robotics/build install --record /home/derek-dietz/MSAI/ComputerVision/Final_Project/ws/interbotix/build/modern_robotics/install.log --single-version-externally-managed
[2.001s] Level 1:colcon.colcon_core.environment:checking '/home/derek-dietz/MSAI/ComputerVision/Final_Project/ws/interbotix/install' for CMake module files
[2.002s] DEBUG:colcon.colcon_core.event_handler.log_command:Invoked command in '/home/derek-dietz/MSAI/ComputerVision/Final_Project/ws/interbotix/src/arm' returned '0': DEBUGINFOD_URLS=https://debuginfod.ubuntu.com PYTHONPATH=/home/derek-dietz/MSAI/ComputerVision/Final_Project/ws/interbotix/build/arm/prefix_override:/usr/lib/python3/dist-packages/colcon_core/task/python/colcon_distutils_commands:/home/derek-dietz/MSAI/ComputerVision/Final_Project/ws/interbotix/install/lib/python3.12/site-packages:${PYTHONPATH} /usr/bin/python3 -W ignore:setup.py install is deprecated -W ignore:easy_install command is deprecated setup.py egg_info --egg-base ../../build/arm build --build-base /home/derek-dietz/MSAI/ComputerVision/Final_Project/ws/interbotix/build/arm/build install --record /home/derek-dietz/MSAI/ComputerVision/Final_Project/ws/interbotix/build/arm/install.log --single-version-externally-managed install_data
[2.002s] Level 1:colcon.colcon_core.environment:checking '/home/derek-dietz/MSAI/ComputerVision/Final_Project/ws/interbotix/install' for CMake config files
[2.003s] Level 1:colcon.colcon_core.shell:create_environment_hook('arm', 'cmake_prefix_path')
[2.003s] INFO:colcon.colcon_core.shell:Creating environment hook '/home/derek-dietz/MSAI/ComputerVision/Final_Project/ws/interbotix/install/share/arm/hook/cmake_prefix_path.ps1'
[2.003s] INFO:colcon.colcon_core.shell:Creating environment descriptor '/home/derek-dietz/MSAI/ComputerVision/Final_Project/ws/interbotix/install/share/arm/hook/cmake_prefix_path.dsv'
[2.003s] INFO:colcon.colcon_core.shell:Creating environment hook '/home/derek-dietz/MSAI/ComputerVision/Final_Project/ws/interbotix/install/share/arm/hook/cmake_prefix_path.sh'
[2.004s] Level 1:colcon.colcon_core.environment:checking '/home/derek-dietz/MSAI/ComputerVision/Final_Project/ws/interbotix/install/lib'
[2.004s] Level 1:colcon.colcon_core.shell:create_environment_hook('arm', 'ld_library_path_lib')
[2.004s] INFO:colcon.colcon_core.shell:Creating environment hook '/home/derek-dietz/MSAI/ComputerVision/Final_Project/ws/interbotix/install/share/arm/hook/ld_library_path_lib.ps1'
[2.004s] INFO:colcon.colcon_core.shell:Creating environment descriptor '/home/derek-dietz/MSAI/ComputerVision/Final_Project/ws/interbotix/install/share/arm/hook/ld_library_path_lib.dsv'
[2.004s] INFO:colcon.colcon_core.shell:Creating environment hook '/home/derek-dietz/MSAI/ComputerVision/Final_Project/ws/interbotix/install/share/arm/hook/ld_library_path_lib.sh'
[2.004s] Level 1:colcon.colcon_core.environment:checking '/home/derek-dietz/MSAI/ComputerVision/Final_Project/ws/interbotix/install/bin'
[2.004s] Level 1:colcon.colcon_core.environment:checking '/home/derek-dietz/MSAI/ComputerVision/Final_Project/ws/interbotix/install/lib/pkgconfig/arm.pc'
[2.005s] Level 1:colcon.colcon_core.environment:checking '/home/derek-dietz/MSAI/ComputerVision/Final_Project/ws/interbotix/install/lib/python3.12/site-packages'
[2.005s] Level 1:colcon.colcon_core.shell:create_environment_hook('arm', 'pythonpath')
[2.005s] INFO:colcon.colcon_core.shell:Creating environment hook '/home/derek-dietz/MSAI/ComputerVision/Final_Project/ws/interbotix/install/share/arm/hook/pythonpath.ps1'
[2.005s] INFO:colcon.colcon_core.shell:Creating environment descriptor '/home/derek-dietz/MSAI/ComputerVision/Final_Project/ws/interbotix/install/share/arm/hook/pythonpath.dsv'
[2.005s] INFO:colcon.colcon_core.shell:Creating environment hook '/home/derek-dietz/MSAI/ComputerVision/Final_Project/ws/interbotix/install/share/arm/hook/pythonpath.sh'
[2.006s] Level 1:colcon.colcon_core.environment:checking '/home/derek-dietz/MSAI/ComputerVision/Final_Project/ws/interbotix/install/bin'
[2.006s] Level 1:colcon.colcon_core.environment:create_environment_scripts_only(arm)
[2.006s] INFO:colcon.colcon_core.shell:Creating package script '/home/derek-dietz/MSAI/ComputerVision/Final_Project/ws/interbotix/install/share/arm/package.ps1'
[2.006s] INFO:colcon.colcon_core.shell:Creating package descriptor '/home/derek-dietz/MSAI/ComputerVision/Final_Project/ws/interbotix/install/share/arm/package.dsv'
[2.006s] INFO:colcon.colcon_core.shell:Creating package script '/home/derek-dietz/MSAI/ComputerVision/Final_Project/ws/interbotix/install/share/arm/package.sh'
[2.007s] INFO:colcon.colcon_core.shell:Creating package script '/home/derek-dietz/MSAI/ComputerVision/Final_Project/ws/interbotix/install/share/arm/package.bash'
[2.007s] INFO:colcon.colcon_core.shell:Creating package script '/home/derek-dietz/MSAI/ComputerVision/Final_Project/ws/interbotix/install/share/arm/package.zsh'
[2.007s] Level 1:colcon.colcon_core.environment:create_file_with_runtime_dependencies(/home/derek-dietz/MSAI/ComputerVision/Final_Project/ws/interbotix/install/share/colcon-core/packages/arm)
[2.232s] Level 1:colcon.colcon_core.environment:checking '/home/derek-dietz/MSAI/ComputerVision/Final_Project/ws/interbotix/install' for CMake module files
[2.232s] DEBUG:colcon.colcon_core.event_handler.log_command:Invoked command in '/home/derek-dietz/MSAI/ComputerVision/Final_Project/ws/interbotix/src/ModernRobotics/packages/Python' returned '0': DEBUGINFOD_URLS=https://debuginfod.ubuntu.com PYTHONPATH=/home/derek-dietz/MSAI/ComputerVision/Final_Project/ws/interbotix/build/modern_robotics/prefix_override:/usr/lib/python3/dist-packages/colcon_core/task/python/colcon_distutils_commands:/home/derek-dietz/MSAI/ComputerVision/Final_Project/ws/interbotix/install/lib/python3.12/site-packages:${PYTHONPATH} /usr/bin/python3 -W ignore:setup.py install is deprecated -W ignore:easy_install command is deprecated setup.py egg_info --egg-base ../../../../build/modern_robotics build --build-base /home/derek-dietz/MSAI/ComputerVision/Final_Project/ws/interbotix/build/modern_robotics/build install --record /home/derek-dietz/MSAI/ComputerVision/Final_Project/ws/interbotix/build/modern_robotics/install.log --single-version-externally-managed
[2.233s] Level 1:colcon.colcon_core.environment:checking '/home/derek-dietz/MSAI/ComputerVision/Final_Project/ws/interbotix/install' for CMake config files
[2.233s] Level 1:colcon.colcon_core.shell:create_environment_hook('modern_robotics', 'cmake_prefix_path')
[2.233s] INFO:colcon.colcon_core.shell:Creating environment hook '/home/derek-dietz/MSAI/ComputerVision/Final_Project/ws/interbotix/install/share/modern_robotics/hook/cmake_prefix_path.ps1'
[2.234s] INFO:colcon.colcon_core.shell:Creating environment descriptor '/home/derek-dietz/MSAI/ComputerVision/Final_Project/ws/interbotix/install/share/modern_robotics/hook/cmake_prefix_path.dsv'
[2.234s] INFO:colcon.colcon_core.shell:Creating environment hook '/home/derek-dietz/MSAI/ComputerVision/Final_Project/ws/interbotix/install/share/modern_robotics/hook/cmake_prefix_path.sh'
[2.234s] Level 1:colcon.colcon_core.environment:checking '/home/derek-dietz/MSAI/ComputerVision/Final_Project/ws/interbotix/install/lib'
[2.234s] Level 1:colcon.colcon_core.shell:create_environment_hook('modern_robotics', 'ld_library_path_lib')
[2.234s] INFO:colcon.colcon_core.shell:Creating environment hook '/home/derek-dietz/MSAI/ComputerVision/Final_Project/ws/interbotix/install/share/modern_robotics/hook/ld_library_path_lib.ps1'
[2.235s] INFO:colcon.colcon_core.shell:Creating environment descriptor '/home/derek-dietz/MSAI/ComputerVision/Final_Project/ws/interbotix/install/share/modern_robotics/hook/ld_library_path_lib.dsv'
[2.235s] INFO:colcon.colcon_core.shell:Creating environment hook '/home/derek-dietz/MSAI/ComputerVision/Final_Project/ws/interbotix/install/share/modern_robotics/hook/ld_library_path_lib.sh'
[2.235s] Level 1:colcon.colcon_core.environment:checking '/home/derek-dietz/MSAI/ComputerVision/Final_Project/ws/interbotix/install/bin'
[2.235s] Level 1:colcon.colcon_core.environment:checking '/home/derek-dietz/MSAI/ComputerVision/Final_Project/ws/interbotix/install/lib/pkgconfig/modern_robotics.pc'
[2.235s] Level 1:colcon.colcon_core.environment:checking '/home/derek-dietz/MSAI/ComputerVision/Final_Project/ws/interbotix/install/lib/python3.12/site-packages'
[2.235s] Level 1:colcon.colcon_core.shell:create_environment_hook('modern_robotics', 'pythonpath')
[2.235s] INFO:colcon.colcon_core.shell:Creating environment hook '/home/derek-dietz/MSAI/ComputerVision/Final_Project/ws/interbotix/install/share/modern_robotics/hook/pythonpath.ps1'
[2.236s] INFO:colcon.colcon_core.shell:Creating environment descriptor '/home/derek-dietz/MSAI/ComputerVision/Final_Project/ws/interbotix/install/share/modern_robotics/hook/pythonpath.dsv'
[2.236s] INFO:colcon.colcon_core.shell:Creating environment hook '/home/derek-dietz/MSAI/ComputerVision/Final_Project/ws/interbotix/install/share/modern_robotics/hook/pythonpath.sh'
[2.236s] Level 1:colcon.colcon_core.environment:checking '/home/derek-dietz/MSAI/ComputerVision/Final_Project/ws/interbotix/install/bin'
[2.236s] Level 1:colcon.colcon_core.environment:create_environment_scripts_only(modern_robotics)
[2.236s] INFO:colcon.colcon_core.shell:Creating package script '/home/derek-dietz/MSAI/ComputerVision/Final_Project/ws/interbotix/install/share/modern_robotics/package.ps1'
[2.237s] INFO:colcon.colcon_core.shell:Creating package descriptor '/home/derek-dietz/MSAI/ComputerVision/Final_Project/ws/interbotix/install/share/modern_robotics/package.dsv'
[2.237s] INFO:colcon.colcon_core.shell:Creating package script '/home/derek-dietz/MSAI/ComputerVision/Final_Project/ws/interbotix/install/share/modern_robotics/package.sh'
[2.237s] INFO:colcon.colcon_core.shell:Creating package script '/home/derek-dietz/MSAI/ComputerVision/Final_Project/ws/interbotix/install/share/modern_robotics/package.bash'
[2.237s] INFO:colcon.colcon_core.shell:Creating package script '/home/derek-dietz/MSAI/ComputerVision/Final_Project/ws/interbotix/install/share/modern_robotics/package.zsh'
[2.237s] Level 1:colcon.colcon_core.environment:create_file_with_runtime_dependencies(/home/derek-dietz/MSAI/ComputerVision/Final_Project/ws/interbotix/install/share/colcon-core/packages/modern_robotics)
[2.282s] Level 1:colcon.colcon_core.environment:checking '/home/derek-dietz/MSAI/ComputerVision/Final_Project/ws/interbotix/install' for CMake module files
[2.283s] DEBUG:colcon.colcon_core.event_handler.log_command:Invoked command in '/home/derek-dietz/MSAI/ComputerVision/Final_Project/ws/interbotix/src/interbotix_ros_toolboxes/interbotix_common_toolbox/interbotix_common_modules' returned '0': DEBUGINFOD_URLS=https://debuginfod.ubuntu.com PYTHONPATH=/home/derek-dietz/MSAI/ComputerVision/Final_Project/ws/interbotix/build/interbotix_common_modules/prefix_override:/usr/lib/python3/dist-packages/colcon_core/task/python/colcon_distutils_commands:/home/derek-dietz/MSAI/ComputerVision/Final_Project/ws/interbotix/install/lib/python3.12/site-packages:${PYTHONPATH} /usr/bin/python3 -W ignore:setup.py install is deprecated -W ignore:easy_install command is deprecated setup.py egg_info --egg-base ../../../../build/interbotix_common_modules build --build-base /home/derek-dietz/MSAI/ComputerVision/Final_Project/ws/interbotix/build/interbotix_common_modules/build install --record /home/derek-dietz/MSAI/ComputerVision/Final_Project/ws/interbotix/build/interbotix_common_modules/install.log --single-version-externally-managed install_data
[2.284s] Level 1:colcon.colcon_core.environment:checking '/home/derek-dietz/MSAI/ComputerVision/Final_Project/ws/interbotix/install' for CMake config files
[2.285s] Level 1:colcon.colcon_core.shell:create_environment_hook('interbotix_common_modules', 'cmake_prefix_path')
[2.285s] INFO:colcon.colcon_core.shell:Creating environment hook '/home/derek-dietz/MSAI/ComputerVision/Final_Project/ws/interbotix/install/share/interbotix_common_modules/hook/cmake_prefix_path.ps1'
[2.286s] INFO:colcon.colcon_core.shell:Creating environment descriptor '/home/derek-dietz/MSAI/ComputerVision/Final_Project/ws/interbotix/install/share/interbotix_common_modules/hook/cmake_prefix_path.dsv'
[2.286s] INFO:colcon.colcon_core.shell:Creating environment hook '/home/derek-dietz/MSAI/ComputerVision/Final_Project/ws/interbotix/install/share/interbotix_common_modules/hook/cmake_prefix_path.sh'
[2.287s] Level 1:colcon.colcon_core.environment:checking '/home/derek-dietz/MSAI/ComputerVision/Final_Project/ws/interbotix/install/lib'
[2.287s] Level 1:colcon.colcon_core.shell:create_environment_hook('interbotix_common_modules', 'ld_library_path_lib')
[2.287s] INFO:colcon.colcon_core.shell:Creating environment hook '/home/derek-dietz/MSAI/ComputerVision/Final_Project/ws/interbotix/install/share/interbotix_common_modules/hook/ld_library_path_lib.ps1'
[2.288s] INFO:colcon.colcon_core.shell:Creating environment descriptor '/home/derek-dietz/MSAI/ComputerVision/Final_Project/ws/interbotix/install/share/interbotix_common_modules/hook/ld_library_path_lib.dsv'
[2.288s] INFO:colcon.colcon_core.shell:Creating environment hook '/home/derek-dietz/MSAI/ComputerVision/Final_Project/ws/interbotix/install/share/interbotix_common_modules/hook/ld_library_path_lib.sh'
[2.289s] Level 1:colcon.colcon_core.environment:checking '/home/derek-dietz/MSAI/ComputerVision/Final_Project/ws/interbotix/install/bin'
[2.289s] Level 1:colcon.colcon_core.environment:checking '/home/derek-dietz/MSAI/ComputerVision/Final_Project/ws/interbotix/install/lib/pkgconfig/interbotix_common_modules.pc'
[2.289s] Level 1:colcon.colcon_core.environment:checking '/home/derek-dietz/MSAI/ComputerVision/Final_Project/ws/interbotix/install/lib/python3.12/site-packages'
[2.289s] Level 1:colcon.colcon_core.shell:create_environment_hook('interbotix_common_modules', 'pythonpath')
[2.289s] INFO:colcon.colcon_core.shell:Creating environment hook '/home/derek-dietz/MSAI/ComputerVision/Final_Project/ws/interbotix/install/share/interbotix_common_modules/hook/pythonpath.ps1'
[2.290s] INFO:colcon.colcon_core.shell:Creating environment descriptor '/home/derek-dietz/MSAI/ComputerVision/Final_Project/ws/interbotix/install/share/interbotix_common_modules/hook/pythonpath.dsv'
[2.290s] INFO:colcon.colcon_core.shell:Creating environment hook '/home/derek-dietz/MSAI/ComputerVision/Final_Project/ws/interbotix/install/share/interbotix_common_modules/hook/pythonpath.sh'
[2.291s] Level 1:colcon.colcon_core.environment:checking '/home/derek-dietz/MSAI/ComputerVision/Final_Project/ws/interbotix/install/bin'
[2.291s] Level 1:colcon.colcon_core.environment:create_environment_scripts_only(interbotix_common_modules)
[2.291s] INFO:colcon.colcon_core.shell:Creating package script '/home/derek-dietz/MSAI/ComputerVision/Final_Project/ws/interbotix/install/share/interbotix_common_modules/package.ps1'
[2.292s] INFO:colcon.colcon_core.shell:Creating package descriptor '/home/derek-dietz/MSAI/ComputerVision/Final_Project/ws/interbotix/install/share/interbotix_common_modules/package.dsv'
[2.293s] INFO:colcon.colcon_core.shell:Creating package script '/home/derek-dietz/MSAI/ComputerVision/Final_Project/ws/interbotix/install/share/interbotix_common_modules/package.sh'
[2.293s] INFO:colcon.colcon_core.shell:Creating package script '/home/derek-dietz/MSAI/ComputerVision/Final_Project/ws/interbotix/install/share/interbotix_common_modules/package.bash'
[2.293s] INFO:colcon.colcon_core.shell:Creating package script '/home/derek-dietz/MSAI/ComputerVision/Final_Project/ws/interbotix/install/share/interbotix_common_modules/package.zsh'
[2.294s] Level 1:colcon.colcon_core.environment:create_file_with_runtime_dependencies(/home/derek-dietz/MSAI/ComputerVision/Final_Project/ws/interbotix/install/share/colcon-core/packages/interbotix_common_modules)
[2.295s] INFO:colcon.colcon_ros.task.ament_python.build:Building ROS package in '/home/derek-dietz/MSAI/ComputerVision/Final_Project/ws/interbotix/src/interbotix_ros_toolboxes/interbotix_xs_toolbox/interbotix_xs_modules' with build type 'ament_python'
[2.295s] Level 1:colcon.colcon_core.shell:create_environment_hook('interbotix_xs_modules', 'ament_prefix_path')
[2.295s] INFO:colcon.colcon_core.shell:Creating environment hook '/home/derek-dietz/MSAI/ComputerVision/Final_Project/ws/interbotix/install/share/interbotix_xs_modules/hook/ament_prefix_path.ps1'
[2.296s] INFO:colcon.colcon_core.shell:Creating environment descriptor '/home/derek-dietz/MSAI/ComputerVision/Final_Project/ws/interbotix/install/share/interbotix_xs_modules/hook/ament_prefix_path.dsv'
[2.296s] INFO:colcon.colcon_core.shell:Creating environment hook '/home/derek-dietz/MSAI/ComputerVision/Final_Project/ws/interbotix/install/share/interbotix_xs_modules/hook/ament_prefix_path.sh'
[2.297s] INFO:colcon.colcon_core.shell:Skip shell extension 'powershell' for command environment: Not usable outside of PowerShell
[2.297s] DEBUG:colcon.colcon_core.shell:Skip shell extension 'dsv' for command environment
[2.302s] INFO:colcon.colcon_ros.task.ament_cmake.build:Building ROS package in '/home/derek-dietz/MSAI/ComputerVision/Final_Project/ws/interbotix/src/interbotix_ros_toolboxes/interbotix_common_toolbox/interbotix_common_toolbox' with build type 'ament_cmake'
[2.302s] INFO:colcon.colcon_cmake.task.cmake.build:Building CMake package in '/home/derek-dietz/MSAI/ComputerVision/Final_Project/ws/interbotix/src/interbotix_ros_toolboxes/interbotix_common_toolbox/interbotix_common_toolbox'
[2.303s] INFO:colcon.colcon_core.shell:Skip shell extension 'powershell' for command environment: Not usable outside of PowerShell
[2.303s] DEBUG:colcon.colcon_core.shell:Skip shell extension 'dsv' for command environment
[2.316s] DEBUG:colcon.colcon_core.event_handler.log_command:Invoking command in '/home/derek-dietz/MSAI/ComputerVision/Final_Project/ws/interbotix/build/interbotix_common_toolbox': CMAKE_PREFIX_PATH=${CMAKE_PREFIX_PATH}:/opt/ros/kilted DEBUGINFOD_URLS=https://debuginfod.ubuntu.com PYTHONPATH=/home/derek-dietz/MSAI/ComputerVision/Final_Project/ws/interbotix/install/lib/python3.12/site-packages:/home/derek-dietz/MSAI/ComputerVision/Final_Project/ros_ws/build/arm:/home/derek-dietz/MSAI/ComputerVision/Final_Project/ros_ws/install/arm/lib/python3.12/site-packages:/opt/ros/kilted/lib/python3.12/site-packages /usr/bin/cmake --build /home/derek-dietz/MSAI/ComputerVision/Final_Project/ws/interbotix/build/interbotix_common_toolbox -- -j22 -l22
[2.493s] INFO:colcon.colcon_core.task.python.build:Building Python package in '/home/derek-dietz/MSAI/ComputerVision/Final_Project/ws/interbotix/src/interbotix_ros_toolboxes/interbotix_xs_toolbox/interbotix_xs_modules'
[2.493s] INFO:colcon.colcon_core.shell:Skip shell extension 'powershell' for command environment: Not usable outside of PowerShell
[2.493s] DEBUG:colcon.colcon_core.shell:Skip shell extension 'dsv' for command environment
[2.498s] DEBUG:colcon.colcon_core.event_handler.log_command:Invoked command in '/home/derek-dietz/MSAI/ComputerVision/Final_Project/ws/interbotix/build/interbotix_common_toolbox' returned '0': CMAKE_PREFIX_PATH=${CMAKE_PREFIX_PATH}:/opt/ros/kilted DEBUGINFOD_URLS=https://debuginfod.ubuntu.com PYTHONPATH=/home/derek-dietz/MSAI/ComputerVision/Final_Project/ws/interbotix/install/lib/python3.12/site-packages:/home/derek-dietz/MSAI/ComputerVision/Final_Project/ros_ws/build/arm:/home/derek-dietz/MSAI/ComputerVision/Final_Project/ros_ws/install/arm/lib/python3.12/site-packages:/opt/ros/kilted/lib/python3.12/site-packages /usr/bin/cmake --build /home/derek-dietz/MSAI/ComputerVision/Final_Project/ws/interbotix/build/interbotix_common_toolbox -- -j22 -l22
[2.499s] DEBUG:colcon.colcon_core.event_handler.log_command:Invoking command in '/home/derek-dietz/MSAI/ComputerVision/Final_Project/ws/interbotix/build/interbotix_common_toolbox': CMAKE_PREFIX_PATH=${CMAKE_PREFIX_PATH}:/opt/ros/kilted DEBUGINFOD_URLS=https://debuginfod.ubuntu.com PYTHONPATH=/home/derek-dietz/MSAI/ComputerVision/Final_Project/ws/interbotix/install/lib/python3.12/site-packages:/home/derek-dietz/MSAI/ComputerVision/Final_Project/ros_ws/build/arm:/home/derek-dietz/MSAI/ComputerVision/Final_Project/ros_ws/install/arm/lib/python3.12/site-packages:/opt/ros/kilted/lib/python3.12/site-packages /usr/bin/cmake --install /home/derek-dietz/MSAI/ComputerVision/Final_Project/ws/interbotix/build/interbotix_common_toolbox
[2.509s] Level 1:colcon.colcon_core.environment:create_environment_scripts_only(interbotix_common_toolbox)
[2.510s] Level 1:colcon.colcon_core.environment:checking '/home/derek-dietz/MSAI/ComputerVision/Final_Project/ws/interbotix/install' for CMake module files
[2.510s] DEBUG:colcon.colcon_core.event_handler.log_command:Invoked command in '/home/derek-dietz/MSAI/ComputerVision/Final_Project/ws/interbotix/build/interbotix_common_toolbox' returned '0': CMAKE_PREFIX_PATH=${CMAKE_PREFIX_PATH}:/opt/ros/kilted DEBUGINFOD_URLS=https://debuginfod.ubuntu.com PYTHONPATH=/home/derek-dietz/MSAI/ComputerVision/Final_Project/ws/interbotix/install/lib/python3.12/site-packages:/home/derek-dietz/MSAI/ComputerVision/Final_Project/ros_ws/build/arm:/home/derek-dietz/MSAI/ComputerVision/Final_Project/ros_ws/install/arm/lib/python3.12/site-packages:/opt/ros/kilted/lib/python3.12/site-packages /usr/bin/cmake --install /home/derek-dietz/MSAI/ComputerVision/Final_Project/ws/interbotix/build/interbotix_common_toolbox
[2.510s] Level 1:colcon.colcon_core.environment:checking '/home/derek-dietz/MSAI/ComputerVision/Final_Project/ws/interbotix/install' for CMake config files
[2.511s] Level 1:colcon.colcon_core.shell:create_environment_hook('interbotix_common_toolbox', 'cmake_prefix_path')
[2.511s] INFO:colcon.colcon_core.shell:Creating environment hook '/home/derek-dietz/MSAI/ComputerVision/Final_Project/ws/interbotix/install/share/interbotix_common_toolbox/hook/cmake_prefix_path.ps1'
[2.511s] INFO:colcon.colcon_core.shell:Creating environment descriptor '/home/derek-dietz/MSAI/ComputerVision/Final_Project/ws/interbotix/install/share/interbotix_common_toolbox/hook/cmake_prefix_path.dsv'
[2.511s] INFO:colcon.colcon_core.shell:Creating environment hook '/home/derek-dietz/MSAI/ComputerVision/Final_Project/ws/interbotix/install/share/interbotix_common_toolbox/hook/cmake_prefix_path.sh'
[2.511s] Level 1:colcon.colcon_core.environment:checking '/home/derek-dietz/MSAI/ComputerVision/Final_Project/ws/interbotix/install/lib'
[2.511s] Level 1:colcon.colcon_core.shell:create_environment_hook('interbotix_common_toolbox', 'ld_library_path_lib')
[2.512s] INFO:colcon.colcon_core.shell:Creating environment hook '/home/derek-dietz/MSAI/ComputerVision/Final_Project/ws/interbotix/install/share/interbotix_common_toolbox/hook/ld_library_path_lib.ps1'
[2.512s] INFO:colcon.colcon_core.shell:Creating environment descriptor '/home/derek-dietz/MSAI/ComputerVision/Final_Project/ws/interbotix/install/share/interbotix_common_toolbox/hook/ld_library_path_lib.dsv'
[2.512s] INFO:colcon.colcon_core.shell:Creating environment hook '/home/derek-dietz/MSAI/ComputerVision/Final_Project/ws/interbotix/install/share/interbotix_common_toolbox/hook/ld_library_path_lib.sh'
[2.512s] Level 1:colcon.colcon_core.environment:checking '/home/derek-dietz/MSAI/ComputerVision/Final_Project/ws/interbotix/install/bin'
[2.512s] Level 1:colcon.colcon_core.environment:checking '/home/derek-dietz/MSAI/ComputerVision/Final_Project/ws/interbotix/install/lib/pkgconfig/interbotix_common_toolbox.pc'
[2.512s] Level 1:colcon.colcon_core.environment:checking '/home/derek-dietz/MSAI/ComputerVision/Final_Project/ws/interbotix/install/lib/python3.12/site-packages'
[2.512s] Level 1:colcon.colcon_core.shell:create_environment_hook('interbotix_common_toolbox', 'pythonpath')
[2.512s] INFO:colcon.colcon_core.shell:Creating environment hook '/home/derek-dietz/MSAI/ComputerVision/Final_Project/ws/interbotix/install/share/interbotix_common_toolbox/hook/pythonpath.ps1'
[2.513s] INFO:colcon.colcon_core.shell:Creating environment descriptor '/home/derek-dietz/MSAI/ComputerVision/Final_Project/ws/interbotix/install/share/interbotix_common_toolbox/hook/pythonpath.dsv'
[2.513s] INFO:colcon.colcon_core.shell:Creating environment hook '/home/derek-dietz/MSAI/ComputerVision/Final_Project/ws/interbotix/install/share/interbotix_common_toolbox/hook/pythonpath.sh'
[2.513s] Level 1:colcon.colcon_core.environment:checking '/home/derek-dietz/MSAI/ComputerVision/Final_Project/ws/interbotix/install/bin'
[2.514s] INFO:colcon.colcon_core.shell:Creating package script '/home/derek-dietz/MSAI/ComputerVision/Final_Project/ws/interbotix/install/share/interbotix_common_toolbox/package.ps1'
[2.514s] INFO:colcon.colcon_core.shell:Creating package descriptor '/home/derek-dietz/MSAI/ComputerVision/Final_Project/ws/interbotix/install/share/interbotix_common_toolbox/package.dsv'
[2.514s] INFO:colcon.colcon_core.shell:Creating package script '/home/derek-dietz/MSAI/ComputerVision/Final_Project/ws/interbotix/install/share/interbotix_common_toolbox/package.sh'
[2.514s] INFO:colcon.colcon_core.shell:Creating package script '/home/derek-dietz/MSAI/ComputerVision/Final_Project/ws/interbotix/install/share/interbotix_common_toolbox/package.bash'
[2.515s] INFO:colcon.colcon_core.shell:Creating package script '/home/derek-dietz/MSAI/ComputerVision/Final_Project/ws/interbotix/install/share/interbotix_common_toolbox/package.zsh'
[2.515s] Level 1:colcon.colcon_core.environment:create_file_with_runtime_dependencies(/home/derek-dietz/MSAI/ComputerVision/Final_Project/ws/interbotix/install/share/colcon-core/packages/interbotix_common_toolbox)
[2.515s] Level 1:colcon.colcon_core.environment:create_environment_scripts_only(interbotix_common_toolbox)
[2.515s] Level 1:colcon.colcon_core.environment:checking '/home/derek-dietz/MSAI/ComputerVision/Final_Project/ws/interbotix/install' for CMake module files
[2.515s] Level 1:colcon.colcon_core.environment:checking '/home/derek-dietz/MSAI/ComputerVision/Final_Project/ws/interbotix/install' for CMake config files
[2.516s] Level 1:colcon.colcon_core.shell:create_environment_hook('interbotix_common_toolbox', 'cmake_prefix_path')
[2.516s] INFO:colcon.colcon_core.shell:Creating environment hook '/home/derek-dietz/MSAI/ComputerVision/Final_Project/ws/interbotix/install/share/interbotix_common_toolbox/hook/cmake_prefix_path.ps1'
[2.516s] INFO:colcon.colcon_core.shell:Creating environment descriptor '/home/derek-dietz/MSAI/ComputerVision/Final_Project/ws/interbotix/install/share/interbotix_common_toolbox/hook/cmake_prefix_path.dsv'
[2.516s] INFO:colcon.colcon_core.shell:Creating environment hook '/home/derek-dietz/MSAI/ComputerVision/Final_Project/ws/interbotix/install/share/interbotix_common_toolbox/hook/cmake_prefix_path.sh'
[2.517s] Level 1:colcon.colcon_core.environment:checking '/home/derek-dietz/MSAI/ComputerVision/Final_Project/ws/interbotix/install/lib'
[2.517s] Level 1:colcon.colcon_core.shell:create_environment_hook('interbotix_common_toolbox', 'ld_library_path_lib')
[2.517s] INFO:colcon.colcon_core.shell:Creating environment hook '/home/derek-dietz/MSAI/ComputerVision/Final_Project/ws/interbotix/install/share/interbotix_common_toolbox/hook/ld_library_path_lib.ps1'
[2.517s] INFO:colcon.colcon_core.shell:Creating environment descriptor '/home/derek-dietz/MSAI/ComputerVision/Final_Project/ws/interbotix/install/share/interbotix_common_toolbox/hook/ld_library_path_lib.dsv'
[2.517s] INFO:colcon.colcon_core.shell:Creating environment hook '/home/derek-dietz/MSAI/ComputerVision/Final_Project/ws/interbotix/install/share/interbotix_common_toolbox/hook/ld_library_path_lib.sh'
[2.518s] Level 1:colcon.colcon_core.environment:checking '/home/derek-dietz/MSAI/ComputerVision/Final_Project/ws/interbotix/install/bin'
[2.518s] Level 1:colcon.colcon_core.environment:checking '/home/derek-dietz/MSAI/ComputerVision/Final_Project/ws/interbotix/install/lib/pkgconfig/interbotix_common_toolbox.pc'
[2.518s] Level 1:colcon.colcon_core.environment:checking '/home/derek-dietz/MSAI/ComputerVision/Final_Project/ws/interbotix/install/lib/python3.12/site-packages'
[2.518s] Level 1:colcon.colcon_core.shell:create_environment_hook('interbotix_common_toolbox', 'pythonpath')
[2.518s] INFO:colcon.colcon_core.shell:Creating environment hook '/home/derek-dietz/MSAI/ComputerVision/Final_Project/ws/interbotix/install/share/interbotix_common_toolbox/hook/pythonpath.ps1'
[2.518s] INFO:colcon.colcon_core.shell:Creating environment descriptor '/home/derek-dietz/MSAI/ComputerVision/Final_Project/ws/interbotix/install/share/interbotix_common_toolbox/hook/pythonpath.dsv'
[2.518s] INFO:colcon.colcon_core.shell:Creating environment hook '/home/derek-dietz/MSAI/ComputerVision/Final_Project/ws/interbotix/install/share/interbotix_common_toolbox/hook/pythonpath.sh'
[2.519s] Level 1:colcon.colcon_core.environment:checking '/home/derek-dietz/MSAI/ComputerVision/Final_Project/ws/interbotix/install/bin'
[2.519s] INFO:colcon.colcon_core.shell:Creating package script '/home/derek-dietz/MSAI/ComputerVision/Final_Project/ws/interbotix/install/share/interbotix_common_toolbox/package.ps1'
[2.519s] INFO:colcon.colcon_core.shell:Creating package descriptor '/home/derek-dietz/MSAI/ComputerVision/Final_Project/ws/interbotix/install/share/interbotix_common_toolbox/package.dsv'
[2.520s] INFO:colcon.colcon_core.shell:Creating package script '/home/derek-dietz/MSAI/ComputerVision/Final_Project/ws/interbotix/install/share/interbotix_common_toolbox/package.sh'
[2.520s] INFO:colcon.colcon_core.shell:Creating package script '/home/derek-dietz/MSAI/ComputerVision/Final_Project/ws/interbotix/install/share/interbotix_common_toolbox/package.bash'
[2.520s] INFO:colcon.colcon_core.shell:Creating package script '/home/derek-dietz/MSAI/ComputerVision/Final_Project/ws/interbotix/install/share/interbotix_common_toolbox/package.zsh'
[2.520s] Level 1:colcon.colcon_core.environment:create_file_with_runtime_dependencies(/home/derek-dietz/MSAI/ComputerVision/Final_Project/ws/interbotix/install/share/colcon-core/packages/interbotix_common_toolbox)
[3.013s] DEBUG:colcon.colcon_core.event_handler.log_command:Invoking command in '/home/derek-dietz/MSAI/ComputerVision/Final_Project/ws/interbotix/src/interbotix_ros_toolboxes/interbotix_xs_toolbox/interbotix_xs_modules': DEBUGINFOD_URLS=https://debuginfod.ubuntu.com PYTHONPATH=/home/derek-dietz/MSAI/ComputerVision/Final_Project/ws/interbotix/build/interbotix_xs_modules/prefix_override:/usr/lib/python3/dist-packages/colcon_core/task/python/colcon_distutils_commands:/home/derek-dietz/MSAI/ComputerVision/Final_Project/ws/interbotix/install/lib/python3.12/site-packages:/home/derek-dietz/MSAI/ComputerVision/Final_Project/ws/interbotix/install/lib/python3.12/site-packages:/home/derek-dietz/MSAI/ComputerVision/Final_Project/ros_ws/build/arm:/home/derek-dietz/MSAI/ComputerVision/Final_Project/ros_ws/install/arm/lib/python3.12/site-packages:/opt/ros/kilted/lib/python3.12/site-packages /usr/bin/python3 -W ignore:setup.py install is deprecated -W ignore:easy_install command is deprecated setup.py egg_info --egg-base ../../../../build/interbotix_xs_modules build --build-base /home/derek-dietz/MSAI/ComputerVision/Final_Project/ws/interbotix/build/interbotix_xs_modules/build install --record /home/derek-dietz/MSAI/ComputerVision/Final_Project/ws/interbotix/build/interbotix_xs_modules/install.log --single-version-externally-managed install_data
[3.495s] Level 1:colcon.colcon_core.environment:checking '/home/derek-dietz/MSAI/ComputerVision/Final_Project/ws/interbotix/install' for CMake module files
[3.495s] DEBUG:colcon.colcon_core.event_handler.log_command:Invoked command in '/home/derek-dietz/MSAI/ComputerVision/Final_Project/ws/interbotix/src/interbotix_ros_toolboxes/interbotix_xs_toolbox/interbotix_xs_modules' returned '0': DEBUGINFOD_URLS=https://debuginfod.ubuntu.com PYTHONPATH=/home/derek-dietz/MSAI/ComputerVision/Final_Project/ws/interbotix/build/interbotix_xs_modules/prefix_override:/usr/lib/python3/dist-packages/colcon_core/task/python/colcon_distutils_commands:/home/derek-dietz/MSAI/ComputerVision/Final_Project/ws/interbotix/install/lib/python3.12/site-packages:/home/derek-dietz/MSAI/ComputerVision/Final_Project/ws/interbotix/install/lib/python3.12/site-packages:/home/derek-dietz/MSAI/ComputerVision/Final_Project/ros_ws/build/arm:/home/derek-dietz/MSAI/ComputerVision/Final_Project/ros_ws/install/arm/lib/python3.12/site-packages:/opt/ros/kilted/lib/python3.12/site-packages /usr/bin/python3 -W ignore:setup.py install is deprecated -W ignore:easy_install command is deprecated setup.py egg_info --egg-base ../../../../build/interbotix_xs_modules build --build-base /home/derek-dietz/MSAI/ComputerVision/Final_Project/ws/interbotix/build/interbotix_xs_modules/build install --record /home/derek-dietz/MSAI/ComputerVision/Final_Project/ws/interbotix/build/interbotix_xs_modules/install.log --single-version-externally-managed install_data
[3.496s] Level 1:colcon.colcon_core.environment:checking '/home/derek-dietz/MSAI/ComputerVision/Final_Project/ws/interbotix/install' for CMake config files
[3.497s] Level 1:colcon.colcon_core.shell:create_environment_hook('interbotix_xs_modules', 'cmake_prefix_path')
[3.497s] INFO:colcon.colcon_core.shell:Creating environment hook '/home/derek-dietz/MSAI/ComputerVision/Final_Project/ws/interbotix/install/share/interbotix_xs_modules/hook/cmake_prefix_path.ps1'
[3.498s] INFO:colcon.colcon_core.shell:Creating environment descriptor '/home/derek-dietz/MSAI/ComputerVision/Final_Project/ws/interbotix/install/share/interbotix_xs_modules/hook/cmake_prefix_path.dsv'
[3.498s] INFO:colcon.colcon_core.shell:Creating environment hook '/home/derek-dietz/MSAI/ComputerVision/Final_Project/ws/interbotix/install/share/interbotix_xs_modules/hook/cmake_prefix_path.sh'
[3.499s] Level 1:colcon.colcon_core.environment:checking '/home/derek-dietz/MSAI/ComputerVision/Final_Project/ws/interbotix/install/lib'
[3.499s] Level 1:colcon.colcon_core.shell:create_environment_hook('interbotix_xs_modules', 'ld_library_path_lib')
[3.499s] INFO:colcon.colcon_core.shell:Creating environment hook '/home/derek-dietz/MSAI/ComputerVision/Final_Project/ws/interbotix/install/share/interbotix_xs_modules/hook/ld_library_path_lib.ps1'
[3.500s] INFO:colcon.colcon_core.shell:Creating environment descriptor '/home/derek-dietz/MSAI/ComputerVision/Final_Project/ws/interbotix/install/share/interbotix_xs_modules/hook/ld_library_path_lib.dsv'
[3.500s] INFO:colcon.colcon_core.shell:Creating environment hook '/home/derek-dietz/MSAI/ComputerVision/Final_Project/ws/interbotix/install/share/interbotix_xs_modules/hook/ld_library_path_lib.sh'
[3.501s] Level 1:colcon.colcon_core.environment:checking '/home/derek-dietz/MSAI/ComputerVision/Final_Project/ws/interbotix/install/bin'
[3.501s] Level 1:colcon.colcon_core.environment:checking '/home/derek-dietz/MSAI/ComputerVision/Final_Project/ws/interbotix/install/lib/pkgconfig/interbotix_xs_modules.pc'
[3.501s] Level 1:colcon.colcon_core.environment:checking '/home/derek-dietz/MSAI/ComputerVision/Final_Project/ws/interbotix/install/lib/python3.12/site-packages'
[3.501s] Level 1:colcon.colcon_core.shell:create_environment_hook('interbotix_xs_modules', 'pythonpath')
[3.501s] INFO:colcon.colcon_core.shell:Creating environment hook '/home/derek-dietz/MSAI/ComputerVision/Final_Project/ws/interbotix/install/share/interbotix_xs_modules/hook/pythonpath.ps1'
[3.502s] INFO:colcon.colcon_core.shell:Creating environment descriptor '/home/derek-dietz/MSAI/ComputerVision/Final_Project/ws/interbotix/install/share/interbotix_xs_modules/hook/pythonpath.dsv'
[3.502s] INFO:colcon.colcon_core.shell:Creating environment hook '/home/derek-dietz/MSAI/ComputerVision/Final_Project/ws/interbotix/install/share/interbotix_xs_modules/hook/pythonpath.sh'
[3.503s] Level 1:colcon.colcon_core.environment:checking '/home/derek-dietz/MSAI/ComputerVision/Final_Project/ws/interbotix/install/bin'
[3.503s] Level 1:colcon.colcon_core.environment:create_environment_scripts_only(interbotix_xs_modules)
[3.503s] INFO:colcon.colcon_core.shell:Creating package script '/home/derek-dietz/MSAI/ComputerVision/Final_Project/ws/interbotix/install/share/interbotix_xs_modules/package.ps1'
[3.504s] INFO:colcon.colcon_core.shell:Creating package descriptor '/home/derek-dietz/MSAI/ComputerVision/Final_Project/ws/interbotix/install/share/interbotix_xs_modules/package.dsv'
[3.505s] INFO:colcon.colcon_core.shell:Creating package script '/home/derek-dietz/MSAI/ComputerVision/Final_Project/ws/interbotix/install/share/interbotix_xs_modules/package.sh'
[3.505s] INFO:colcon.colcon_core.shell:Creating package script '/home/derek-dietz/MSAI/ComputerVision/Final_Project/ws/interbotix/install/share/interbotix_xs_modules/package.bash'
[3.506s] INFO:colcon.colcon_core.shell:Creating package script '/home/derek-dietz/MSAI/ComputerVision/Final_Project/ws/interbotix/install/share/interbotix_xs_modules/package.zsh'
[3.506s] Level 1:colcon.colcon_core.environment:create_file_with_runtime_dependencies(/home/derek-dietz/MSAI/ComputerVision/Final_Project/ws/interbotix/install/share/colcon-core/packages/interbotix_xs_modules)
[3.506s] INFO:colcon.colcon_ros.task.ament_cmake.build:Building ROS package in '/home/derek-dietz/MSAI/ComputerVision/Final_Project/ws/interbotix/src/interbotix_ros_manipulators/interbotix_ros_xsarms/interbotix_xsarm_descriptions' with build type 'ament_cmake'
[3.507s] INFO:colcon.colcon_cmake.task.cmake.build:Building CMake package in '/home/derek-dietz/MSAI/ComputerVision/Final_Project/ws/interbotix/src/interbotix_ros_manipulators/interbotix_ros_xsarms/interbotix_xsarm_descriptions'
[3.507s] INFO:colcon.colcon_core.shell:Skip shell extension 'powershell' for command environment: Not usable outside of PowerShell
[3.507s] DEBUG:colcon.colcon_core.shell:Skip shell extension 'dsv' for command environment
[3.513s] INFO:colcon.colcon_ros.task.ament_cmake.build:Building ROS package in '/home/derek-dietz/MSAI/ComputerVision/Final_Project/ws/interbotix/src/interbotix_ros_toolboxes/interbotix_xs_toolbox/interbotix_xs_toolbox' with build type 'ament_cmake'
[3.513s] INFO:colcon.colcon_cmake.task.cmake.build:Building CMake package in '/home/derek-dietz/MSAI/ComputerVision/Final_Project/ws/interbotix/src/interbotix_ros_toolboxes/interbotix_xs_toolbox/interbotix_xs_toolbox'
[3.513s] INFO:colcon.colcon_core.shell:Skip shell extension 'powershell' for command environment: Not usable outside of PowerShell
[3.513s] DEBUG:colcon.colcon_core.shell:Skip shell extension 'dsv' for command environment
[3.528s] DEBUG:colcon.colcon_core.event_handler.log_command:Invoking command in '/home/derek-dietz/MSAI/ComputerVision/Final_Project/ws/interbotix/build/interbotix_xsarm_descriptions': CMAKE_PREFIX_PATH=${CMAKE_PREFIX_PATH}:/opt/ros/kilted DEBUGINFOD_URLS=https://debuginfod.ubuntu.com PYTHONPATH=/home/derek-dietz/MSAI/ComputerVision/Final_Project/ws/interbotix/install/lib/python3.12/site-packages:/home/derek-dietz/MSAI/ComputerVision/Final_Project/ros_ws/build/arm:/home/derek-dietz/MSAI/ComputerVision/Final_Project/ros_ws/install/arm/lib/python3.12/site-packages:/opt/ros/kilted/lib/python3.12/site-packages /usr/bin/cmake --build /home/derek-dietz/MSAI/ComputerVision/Final_Project/ws/interbotix/build/interbotix_xsarm_descriptions -- -j22 -l22
[3.539s] DEBUG:colcon.colcon_core.event_handler.log_command:Invoking command in '/home/derek-dietz/MSAI/ComputerVision/Final_Project/ws/interbotix/build/interbotix_xs_toolbox': CMAKE_PREFIX_PATH=${CMAKE_PREFIX_PATH}:/opt/ros/kilted DEBUGINFOD_URLS=https://debuginfod.ubuntu.com PYTHONPATH=/home/derek-dietz/MSAI/ComputerVision/Final_Project/ws/interbotix/install/lib/python3.12/site-packages:/home/derek-dietz/MSAI/ComputerVision/Final_Project/ros_ws/build/arm:/home/derek-dietz/MSAI/ComputerVision/Final_Project/ros_ws/install/arm/lib/python3.12/site-packages:/opt/ros/kilted/lib/python3.12/site-packages /usr/bin/cmake --build /home/derek-dietz/MSAI/ComputerVision/Final_Project/ws/interbotix/build/interbotix_xs_toolbox -- -j22 -l22
[3.578s] DEBUG:colcon.colcon_core.event_handler.log_command:Invoked command in '/home/derek-dietz/MSAI/ComputerVision/Final_Project/ws/interbotix/build/interbotix_xsarm_descriptions' returned '0': CMAKE_PREFIX_PATH=${CMAKE_PREFIX_PATH}:/opt/ros/kilted DEBUGINFOD_URLS=https://debuginfod.ubuntu.com PYTHONPATH=/home/derek-dietz/MSAI/ComputerVision/Final_Project/ws/interbotix/install/lib/python3.12/site-packages:/home/derek-dietz/MSAI/ComputerVision/Final_Project/ros_ws/build/arm:/home/derek-dietz/MSAI/ComputerVision/Final_Project/ros_ws/install/arm/lib/python3.12/site-packages:/opt/ros/kilted/lib/python3.12/site-packages /usr/bin/cmake --build /home/derek-dietz/MSAI/ComputerVision/Final_Project/ws/interbotix/build/interbotix_xsarm_descriptions -- -j22 -l22
[3.580s] DEBUG:colcon.colcon_core.event_handler.log_command:Invoking command in '/home/derek-dietz/MSAI/ComputerVision/Final_Project/ws/interbotix/build/interbotix_xsarm_descriptions': CMAKE_PREFIX_PATH=${CMAKE_PREFIX_PATH}:/opt/ros/kilted DEBUGINFOD_URLS=https://debuginfod.ubuntu.com PYTHONPATH=/home/derek-dietz/MSAI/ComputerVision/Final_Project/ws/interbotix/install/lib/python3.12/site-packages:/home/derek-dietz/MSAI/ComputerVision/Final_Project/ros_ws/build/arm:/home/derek-dietz/MSAI/ComputerVision/Final_Project/ros_ws/install/arm/lib/python3.12/site-packages:/opt/ros/kilted/lib/python3.12/site-packages /usr/bin/cmake --install /home/derek-dietz/MSAI/ComputerVision/Final_Project/ws/interbotix/build/interbotix_xsarm_descriptions
[3.583s] DEBUG:colcon.colcon_core.event_handler.log_command:Invoked command in '/home/derek-dietz/MSAI/ComputerVision/Final_Project/ws/interbotix/build/interbotix_xs_toolbox' returned '0': CMAKE_PREFIX_PATH=${CMAKE_PREFIX_PATH}:/opt/ros/kilted DEBUGINFOD_URLS=https://debuginfod.ubuntu.com PYTHONPATH=/home/derek-dietz/MSAI/ComputerVision/Final_Project/ws/interbotix/install/lib/python3.12/site-packages:/home/derek-dietz/MSAI/ComputerVision/Final_Project/ros_ws/build/arm:/home/derek-dietz/MSAI/ComputerVision/Final_Project/ros_ws/install/arm/lib/python3.12/site-packages:/opt/ros/kilted/lib/python3.12/site-packages /usr/bin/cmake --build /home/derek-dietz/MSAI/ComputerVision/Final_Project/ws/interbotix/build/interbotix_xs_toolbox -- -j22 -l22
[3.584s] DEBUG:colcon.colcon_core.event_handler.log_command:Invoking command in '/home/derek-dietz/MSAI/ComputerVision/Final_Project/ws/interbotix/build/interbotix_xs_toolbox': CMAKE_PREFIX_PATH=${CMAKE_PREFIX_PATH}:/opt/ros/kilted DEBUGINFOD_URLS=https://debuginfod.ubuntu.com PYTHONPATH=/home/derek-dietz/MSAI/ComputerVision/Final_Project/ws/interbotix/install/lib/python3.12/site-packages:/home/derek-dietz/MSAI/ComputerVision/Final_Project/ros_ws/build/arm:/home/derek-dietz/MSAI/ComputerVision/Final_Project/ros_ws/install/arm/lib/python3.12/site-packages:/opt/ros/kilted/lib/python3.12/site-packages /usr/bin/cmake --install /home/derek-dietz/MSAI/ComputerVision/Final_Project/ws/interbotix/build/interbotix_xs_toolbox
[3.598s] Level 1:colcon.colcon_core.environment:create_environment_scripts_only(interbotix_xs_toolbox)
[3.598s] Level 1:colcon.colcon_core.environment:checking '/home/derek-dietz/MSAI/ComputerVision/Final_Project/ws/interbotix/install' for CMake module files
[3.602s] Level 1:colcon.colcon_core.environment:checking '/home/derek-dietz/MSAI/ComputerVision/Final_Project/ws/interbotix/install' for CMake config files
[3.609s] DEBUG:colcon.colcon_core.event_handler.log_command:Invoked command in '/home/derek-dietz/MSAI/ComputerVision/Final_Project/ws/interbotix/build/interbotix_xs_toolbox' returned '0': CMAKE_PREFIX_PATH=${CMAKE_PREFIX_PATH}:/opt/ros/kilted DEBUGINFOD_URLS=https://debuginfod.ubuntu.com PYTHONPATH=/home/derek-dietz/MSAI/ComputerVision/Final_Project/ws/interbotix/install/lib/python3.12/site-packages:/home/derek-dietz/MSAI/ComputerVision/Final_Project/ros_ws/build/arm:/home/derek-dietz/MSAI/ComputerVision/Final_Project/ros_ws/install/arm/lib/python3.12/site-packages:/opt/ros/kilted/lib/python3.12/site-packages /usr/bin/cmake --install /home/derek-dietz/MSAI/ComputerVision/Final_Project/ws/interbotix/build/interbotix_xs_toolbox
[3.610s] Level 1:colcon.colcon_core.shell:create_environment_hook('interbotix_xs_toolbox', 'cmake_prefix_path')
[3.610s] INFO:colcon.colcon_core.shell:Creating environment hook '/home/derek-dietz/MSAI/ComputerVision/Final_Project/ws/interbotix/install/share/interbotix_xs_toolbox/hook/cmake_prefix_path.ps1'
[3.611s] INFO:colcon.colcon_core.shell:Creating environment descriptor '/home/derek-dietz/MSAI/ComputerVision/Final_Project/ws/interbotix/install/share/interbotix_xs_toolbox/hook/cmake_prefix_path.dsv'
[3.611s] INFO:colcon.colcon_core.shell:Creating environment hook '/home/derek-dietz/MSAI/ComputerVision/Final_Project/ws/interbotix/install/share/interbotix_xs_toolbox/hook/cmake_prefix_path.sh'
[3.612s] Level 1:colcon.colcon_core.environment:checking '/home/derek-dietz/MSAI/ComputerVision/Final_Project/ws/interbotix/install/lib'
[3.612s] Level 1:colcon.colcon_core.shell:create_environment_hook('interbotix_xs_toolbox', 'ld_library_path_lib')
[3.612s] INFO:colcon.colcon_core.shell:Creating environment hook '/home/derek-dietz/MSAI/ComputerVision/Final_Project/ws/interbotix/install/share/interbotix_xs_toolbox/hook/ld_library_path_lib.ps1'
[3.613s] INFO:colcon.colcon_core.shell:Creating environment descriptor '/home/derek-dietz/MSAI/ComputerVision/Final_Project/ws/interbotix/install/share/interbotix_xs_toolbox/hook/ld_library_path_lib.dsv'
[3.613s] INFO:colcon.colcon_core.shell:Creating environment hook '/home/derek-dietz/MSAI/ComputerVision/Final_Project/ws/interbotix/install/share/interbotix_xs_toolbox/hook/ld_library_path_lib.sh'
[3.613s] Level 1:colcon.colcon_core.environment:checking '/home/derek-dietz/MSAI/ComputerVision/Final_Project/ws/interbotix/install/bin'
[3.614s] Level 1:colcon.colcon_core.environment:checking '/home/derek-dietz/MSAI/ComputerVision/Final_Project/ws/interbotix/install/lib/pkgconfig/interbotix_xs_toolbox.pc'
[3.614s] Level 1:colcon.colcon_core.environment:checking '/home/derek-dietz/MSAI/ComputerVision/Final_Project/ws/interbotix/install/lib/python3.12/site-packages'
[3.614s] Level 1:colcon.colcon_core.shell:create_environment_hook('interbotix_xs_toolbox', 'pythonpath')
[3.614s] INFO:colcon.colcon_core.shell:Creating environment hook '/home/derek-dietz/MSAI/ComputerVision/Final_Project/ws/interbotix/install/share/interbotix_xs_toolbox/hook/pythonpath.ps1'
[3.615s] INFO:colcon.colcon_core.shell:Creating environment descriptor '/home/derek-dietz/MSAI/ComputerVision/Final_Project/ws/interbotix/install/share/interbotix_xs_toolbox/hook/pythonpath.dsv'
[3.615s] INFO:colcon.colcon_core.shell:Creating environment hook '/home/derek-dietz/MSAI/ComputerVision/Final_Project/ws/interbotix/install/share/interbotix_xs_toolbox/hook/pythonpath.sh'
[3.616s] Level 1:colcon.colcon_core.environment:checking '/home/derek-dietz/MSAI/ComputerVision/Final_Project/ws/interbotix/install/bin'
[3.616s] INFO:colcon.colcon_core.shell:Creating package script '/home/derek-dietz/MSAI/ComputerVision/Final_Project/ws/interbotix/install/share/interbotix_xs_toolbox/package.ps1'
[3.616s] INFO:colcon.colcon_core.shell:Creating package descriptor '/home/derek-dietz/MSAI/ComputerVision/Final_Project/ws/interbotix/install/share/interbotix_xs_toolbox/package.dsv'
[3.617s] INFO:colcon.colcon_core.shell:Creating package script '/home/derek-dietz/MSAI/ComputerVision/Final_Project/ws/interbotix/install/share/interbotix_xs_toolbox/package.sh'
[3.617s] INFO:colcon.colcon_core.shell:Creating package script '/home/derek-dietz/MSAI/ComputerVision/Final_Project/ws/interbotix/install/share/interbotix_xs_toolbox/package.bash'
[3.618s] INFO:colcon.colcon_core.shell:Creating package script '/home/derek-dietz/MSAI/ComputerVision/Final_Project/ws/interbotix/install/share/interbotix_xs_toolbox/package.zsh'
[3.618s] Level 1:colcon.colcon_core.environment:create_file_with_runtime_dependencies(/home/derek-dietz/MSAI/ComputerVision/Final_Project/ws/interbotix/install/share/colcon-core/packages/interbotix_xs_toolbox)
[3.618s] Level 1:colcon.colcon_core.environment:create_environment_scripts_only(interbotix_xs_toolbox)
[3.618s] Level 1:colcon.colcon_core.environment:checking '/home/derek-dietz/MSAI/ComputerVision/Final_Project/ws/interbotix/install' for CMake module files
[3.619s] Level 1:colcon.colcon_core.environment:checking '/home/derek-dietz/MSAI/ComputerVision/Final_Project/ws/interbotix/install' for CMake config files
[3.619s] Level 1:colcon.colcon_core.shell:create_environment_hook('interbotix_xs_toolbox', 'cmake_prefix_path')
[3.619s] INFO:colcon.colcon_core.shell:Creating environment hook '/home/derek-dietz/MSAI/ComputerVision/Final_Project/ws/interbotix/install/share/interbotix_xs_toolbox/hook/cmake_prefix_path.ps1'
[3.620s] INFO:colcon.colcon_core.shell:Creating environment descriptor '/home/derek-dietz/MSAI/ComputerVision/Final_Project/ws/interbotix/install/share/interbotix_xs_toolbox/hook/cmake_prefix_path.dsv'
[3.620s] INFO:colcon.colcon_core.shell:Creating environment hook '/home/derek-dietz/MSAI/ComputerVision/Final_Project/ws/interbotix/install/share/interbotix_xs_toolbox/hook/cmake_prefix_path.sh'
[3.620s] Level 1:colcon.colcon_core.environment:checking '/home/derek-dietz/MSAI/ComputerVision/Final_Project/ws/interbotix/install/lib'
[3.620s] Level 1:colcon.colcon_core.shell:create_environment_hook('interbotix_xs_toolbox', 'ld_library_path_lib')
[3.620s] INFO:colcon.colcon_core.shell:Creating environment hook '/home/derek-dietz/MSAI/ComputerVision/Final_Project/ws/interbotix/install/share/interbotix_xs_toolbox/hook/ld_library_path_lib.ps1'
[3.621s] INFO:colcon.colcon_core.shell:Creating environment descriptor '/home/derek-dietz/MSAI/ComputerVision/Final_Project/ws/interbotix/install/share/interbotix_xs_toolbox/hook/ld_library_path_lib.dsv'
[3.621s] INFO:colcon.colcon_core.shell:Creating environment hook '/home/derek-dietz/MSAI/ComputerVision/Final_Project/ws/interbotix/install/share/interbotix_xs_toolbox/hook/ld_library_path_lib.sh'
[3.621s] Level 1:colcon.colcon_core.environment:checking '/home/derek-dietz/MSAI/ComputerVision/Final_Project/ws/interbotix/install/bin'
[3.621s] Level 1:colcon.colcon_core.environment:checking '/home/derek-dietz/MSAI/ComputerVision/Final_Project/ws/interbotix/install/lib/pkgconfig/interbotix_xs_toolbox.pc'
[3.621s] Level 1:colcon.colcon_core.environment:checking '/home/derek-dietz/MSAI/ComputerVision/Final_Project/ws/interbotix/install/lib/python3.12/site-packages'
[3.621s] Level 1:colcon.colcon_core.shell:create_environment_hook('interbotix_xs_toolbox', 'pythonpath')
[3.621s] INFO:colcon.colcon_core.shell:Creating environment hook '/home/derek-dietz/MSAI/ComputerVision/Final_Project/ws/interbotix/install/share/interbotix_xs_toolbox/hook/pythonpath.ps1'
[3.622s] INFO:colcon.colcon_core.shell:Creating environment descriptor '/home/derek-dietz/MSAI/ComputerVision/Final_Project/ws/interbotix/install/share/interbotix_xs_toolbox/hook/pythonpath.dsv'
[3.622s] INFO:colcon.colcon_core.shell:Creating environment hook '/home/derek-dietz/MSAI/ComputerVision/Final_Project/ws/interbotix/install/share/interbotix_xs_toolbox/hook/pythonpath.sh'
[3.622s] Level 1:colcon.colcon_core.environment:checking '/home/derek-dietz/MSAI/ComputerVision/Final_Project/ws/interbotix/install/bin'
[3.622s] INFO:colcon.colcon_core.shell:Creating package script '/home/derek-dietz/MSAI/ComputerVision/Final_Project/ws/interbotix/install/share/interbotix_xs_toolbox/package.ps1'
[3.623s] INFO:colcon.colcon_core.shell:Creating package descriptor '/home/derek-dietz/MSAI/ComputerVision/Final_Project/ws/interbotix/install/share/interbotix_xs_toolbox/package.dsv'
[3.623s] INFO:colcon.colcon_core.shell:Creating package script '/home/derek-dietz/MSAI/ComputerVision/Final_Project/ws/interbotix/install/share/interbotix_xs_toolbox/package.sh'
[3.623s] INFO:colcon.colcon_core.shell:Creating package script '/home/derek-dietz/MSAI/ComputerVision/Final_Project/ws/interbotix/install/share/interbotix_xs_toolbox/package.bash'
[3.624s] INFO:colcon.colcon_core.shell:Creating package script '/home/derek-dietz/MSAI/ComputerVision/Final_Project/ws/interbotix/install/share/interbotix_xs_toolbox/package.zsh'
[3.624s] Level 1:colcon.colcon_core.environment:create_file_with_runtime_dependencies(/home/derek-dietz/MSAI/ComputerVision/Final_Project/ws/interbotix/install/share/colcon-core/packages/interbotix_xs_toolbox)
[3.624s] Level 1:colcon.colcon_core.environment:create_environment_scripts_only(interbotix_xsarm_descriptions)
[3.624s] Level 1:colcon.colcon_core.environment:checking '/home/derek-dietz/MSAI/ComputerVision/Final_Project/ws/interbotix/install' for CMake module files
[3.625s] Level 1:colcon.colcon_core.environment:checking '/home/derek-dietz/MSAI/ComputerVision/Final_Project/ws/interbotix/install' for CMake config files
[3.625s] DEBUG:colcon.colcon_core.event_handler.log_command:Invoked command in '/home/derek-dietz/MSAI/ComputerVision/Final_Project/ws/interbotix/build/interbotix_xsarm_descriptions' returned '0': CMAKE_PREFIX_PATH=${CMAKE_PREFIX_PATH}:/opt/ros/kilted DEBUGINFOD_URLS=https://debuginfod.ubuntu.com PYTHONPATH=/home/derek-dietz/MSAI/ComputerVision/Final_Project/ws/interbotix/install/lib/python3.12/site-packages:/home/derek-dietz/MSAI/ComputerVision/Final_Project/ros_ws/build/arm:/home/derek-dietz/MSAI/ComputerVision/Final_Project/ros_ws/install/arm/lib/python3.12/site-packages:/opt/ros/kilted/lib/python3.12/site-packages /usr/bin/cmake --install /home/derek-dietz/MSAI/ComputerVision/Final_Project/ws/interbotix/build/interbotix_xsarm_descriptions
[3.626s] Level 1:colcon.colcon_core.shell:create_environment_hook('interbotix_xsarm_descriptions', 'cmake_prefix_path')
[3.626s] INFO:colcon.colcon_core.shell:Creating environment hook '/home/derek-dietz/MSAI/ComputerVision/Final_Project/ws/interbotix/install/share/interbotix_xsarm_descriptions/hook/cmake_prefix_path.ps1'
[3.626s] INFO:colcon.colcon_core.shell:Creating environment descriptor '/home/derek-dietz/MSAI/ComputerVision/Final_Project/ws/interbotix/install/share/interbotix_xsarm_descriptions/hook/cmake_prefix_path.dsv'
[3.626s] INFO:colcon.colcon_core.shell:Creating environment hook '/home/derek-dietz/MSAI/ComputerVision/Final_Project/ws/interbotix/install/share/interbotix_xsarm_descriptions/hook/cmake_prefix_path.sh'
[3.626s] Level 1:colcon.colcon_core.environment:checking '/home/derek-dietz/MSAI/ComputerVision/Final_Project/ws/interbotix/install/lib'
[3.627s] Level 1:colcon.colcon_core.shell:create_environment_hook('interbotix_xsarm_descriptions', 'ld_library_path_lib')
[3.627s] INFO:colcon.colcon_core.shell:Creating environment hook '/home/derek-dietz/MSAI/ComputerVision/Final_Project/ws/interbotix/install/share/interbotix_xsarm_descriptions/hook/ld_library_path_lib.ps1'
[3.627s] INFO:colcon.colcon_core.shell:Creating environment descriptor '/home/derek-dietz/MSAI/ComputerVision/Final_Project/ws/interbotix/install/share/interbotix_xsarm_descriptions/hook/ld_library_path_lib.dsv'
[3.627s] INFO:colcon.colcon_core.shell:Creating environment hook '/home/derek-dietz/MSAI/ComputerVision/Final_Project/ws/interbotix/install/share/interbotix_xsarm_descriptions/hook/ld_library_path_lib.sh'
[3.627s] Level 1:colcon.colcon_core.environment:checking '/home/derek-dietz/MSAI/ComputerVision/Final_Project/ws/interbotix/install/bin'
[3.627s] Level 1:colcon.colcon_core.environment:checking '/home/derek-dietz/MSAI/ComputerVision/Final_Project/ws/interbotix/install/lib/pkgconfig/interbotix_xsarm_descriptions.pc'
[3.627s] Level 1:colcon.colcon_core.environment:checking '/home/derek-dietz/MSAI/ComputerVision/Final_Project/ws/interbotix/install/lib/python3.12/site-packages'
[3.627s] Level 1:colcon.colcon_core.shell:create_environment_hook('interbotix_xsarm_descriptions', 'pythonpath')
[3.628s] INFO:colcon.colcon_core.shell:Creating environment hook '/home/derek-dietz/MSAI/ComputerVision/Final_Project/ws/interbotix/install/share/interbotix_xsarm_descriptions/hook/pythonpath.ps1'
[3.628s] INFO:colcon.colcon_core.shell:Creating environment descriptor '/home/derek-dietz/MSAI/ComputerVision/Final_Project/ws/interbotix/install/share/interbotix_xsarm_descriptions/hook/pythonpath.dsv'
[3.628s] INFO:colcon.colcon_core.shell:Creating environment hook '/home/derek-dietz/MSAI/ComputerVision/Final_Project/ws/interbotix/install/share/interbotix_xsarm_descriptions/hook/pythonpath.sh'
[3.628s] Level 1:colcon.colcon_core.environment:checking '/home/derek-dietz/MSAI/ComputerVision/Final_Project/ws/interbotix/install/bin'
[3.628s] INFO:colcon.colcon_core.shell:Creating package script '/home/derek-dietz/MSAI/ComputerVision/Final_Project/ws/interbotix/install/share/interbotix_xsarm_descriptions/package.ps1'
[3.629s] INFO:colcon.colcon_core.shell:Creating package descriptor '/home/derek-dietz/MSAI/ComputerVision/Final_Project/ws/interbotix/install/share/interbotix_xsarm_descriptions/package.dsv'
[3.629s] INFO:colcon.colcon_core.shell:Creating package script '/home/derek-dietz/MSAI/ComputerVision/Final_Project/ws/interbotix/install/share/interbotix_xsarm_descriptions/package.sh'
[3.629s] INFO:colcon.colcon_core.shell:Creating package script '/home/derek-dietz/MSAI/ComputerVision/Final_Project/ws/interbotix/install/share/interbotix_xsarm_descriptions/package.bash'
[3.629s] INFO:colcon.colcon_core.shell:Creating package script '/home/derek-dietz/MSAI/ComputerVision/Final_Project/ws/interbotix/install/share/interbotix_xsarm_descriptions/package.zsh'
[3.629s] Level 1:colcon.colcon_core.environment:create_file_with_runtime_dependencies(/home/derek-dietz/MSAI/ComputerVision/Final_Project/ws/interbotix/install/share/colcon-core/packages/interbotix_xsarm_descriptions)
[3.630s] Level 1:colcon.colcon_core.environment:create_environment_scripts_only(interbotix_xsarm_descriptions)
[3.630s] Level 1:colcon.colcon_core.environment:checking '/home/derek-dietz/MSAI/ComputerVision/Final_Project/ws/interbotix/install' for CMake module files
[3.630s] Level 1:colcon.colcon_core.environment:checking '/home/derek-dietz/MSAI/ComputerVision/Final_Project/ws/interbotix/install' for CMake config files
[3.630s] Level 1:colcon.colcon_core.shell:create_environment_hook('interbotix_xsarm_descriptions', 'cmake_prefix_path')
[3.630s] INFO:colcon.colcon_core.shell:Creating environment hook '/home/derek-dietz/MSAI/ComputerVision/Final_Project/ws/interbotix/install/share/interbotix_xsarm_descriptions/hook/cmake_prefix_path.ps1'
[3.631s] INFO:colcon.colcon_core.shell:Creating environment descriptor '/home/derek-dietz/MSAI/ComputerVision/Final_Project/ws/interbotix/install/share/interbotix_xsarm_descriptions/hook/cmake_prefix_path.dsv'
[3.631s] INFO:colcon.colcon_core.shell:Creating environment hook '/home/derek-dietz/MSAI/ComputerVision/Final_Project/ws/interbotix/install/share/interbotix_xsarm_descriptions/hook/cmake_prefix_path.sh'
[3.631s] Level 1:colcon.colcon_core.environment:checking '/home/derek-dietz/MSAI/ComputerVision/Final_Project/ws/interbotix/install/lib'
[3.631s] Level 1:colcon.colcon_core.shell:create_environment_hook('interbotix_xsarm_descriptions', 'ld_library_path_lib')
[3.631s] INFO:colcon.colcon_core.shell:Creating environment hook '/home/derek-dietz/MSAI/ComputerVision/Final_Project/ws/interbotix/install/share/interbotix_xsarm_descriptions/hook/ld_library_path_lib.ps1'
[3.631s] INFO:colcon.colcon_core.shell:Creating environment descriptor '/home/derek-dietz/MSAI/ComputerVision/Final_Project/ws/interbotix/install/share/interbotix_xsarm_descriptions/hook/ld_library_path_lib.dsv'
[3.631s] INFO:colcon.colcon_core.shell:Creating environment hook '/home/derek-dietz/MSAI/ComputerVision/Final_Project/ws/interbotix/install/share/interbotix_xsarm_descriptions/hook/ld_library_path_lib.sh'
[3.632s] Level 1:colcon.colcon_core.environment:checking '/home/derek-dietz/MSAI/ComputerVision/Final_Project/ws/interbotix/install/bin'
[3.632s] Level 1:colcon.colcon_core.environment:checking '/home/derek-dietz/MSAI/ComputerVision/Final_Project/ws/interbotix/install/lib/pkgconfig/interbotix_xsarm_descriptions.pc'
[3.632s] Level 1:colcon.colcon_core.environment:checking '/home/derek-dietz/MSAI/ComputerVision/Final_Project/ws/interbotix/install/lib/python3.12/site-packages'
[3.632s] Level 1:colcon.colcon_core.shell:create_environment_hook('interbotix_xsarm_descriptions', 'pythonpath')
[3.632s] INFO:colcon.colcon_core.shell:Creating environment hook '/home/derek-dietz/MSAI/ComputerVision/Final_Project/ws/interbotix/install/share/interbotix_xsarm_descriptions/hook/pythonpath.ps1'
[3.632s] INFO:colcon.colcon_core.shell:Creating environment descriptor '/home/derek-dietz/MSAI/ComputerVision/Final_Project/ws/interbotix/install/share/interbotix_xsarm_descriptions/hook/pythonpath.dsv'
[3.632s] INFO:colcon.colcon_core.shell:Creating environment hook '/home/derek-dietz/MSAI/ComputerVision/Final_Project/ws/interbotix/install/share/interbotix_xsarm_descriptions/hook/pythonpath.sh'
[3.633s] Level 1:colcon.colcon_core.environment:checking '/home/derek-dietz/MSAI/ComputerVision/Final_Project/ws/interbotix/install/bin'
[3.633s] INFO:colcon.colcon_core.shell:Creating package script '/home/derek-dietz/MSAI/ComputerVision/Final_Project/ws/interbotix/install/share/interbotix_xsarm_descriptions/package.ps1'
[3.633s] INFO:colcon.colcon_core.shell:Creating package descriptor '/home/derek-dietz/MSAI/ComputerVision/Final_Project/ws/interbotix/install/share/interbotix_xsarm_descriptions/package.dsv'
[3.633s] INFO:colcon.colcon_core.shell:Creating package script '/home/derek-dietz/MSAI/ComputerVision/Final_Project/ws/interbotix/install/share/interbotix_xsarm_descriptions/package.sh'
[3.634s] INFO:colcon.colcon_core.shell:Creating package script '/home/derek-dietz/MSAI/ComputerVision/Final_Project/ws/interbotix/install/share/interbotix_xsarm_descriptions/package.bash'
[3.634s] INFO:colcon.colcon_core.shell:Creating package script '/home/derek-dietz/MSAI/ComputerVision/Final_Project/ws/interbotix/install/share/interbotix_xsarm_descriptions/package.zsh'
[3.634s] Level 1:colcon.colcon_core.environment:create_file_with_runtime_dependencies(/home/derek-dietz/MSAI/ComputerVision/Final_Project/ws/interbotix/install/share/colcon-core/packages/interbotix_xsarm_descriptions)
[3.634s] INFO:colcon.colcon_ros.task.ament_cmake.build:Building ROS package in '/home/derek-dietz/MSAI/ComputerVision/Final_Project/ws/interbotix/src/interbotix_ros_manipulators/interbotix_ros_xsarms/interbotix_xsarm_control' with build type 'ament_cmake'
[3.634s] INFO:colcon.colcon_cmake.task.cmake.build:Building CMake package in '/home/derek-dietz/MSAI/ComputerVision/Final_Project/ws/interbotix/src/interbotix_ros_manipulators/interbotix_ros_xsarms/interbotix_xsarm_control'
[3.634s] INFO:colcon.colcon_core.shell:Skip shell extension 'powershell' for command environment: Not usable outside of PowerShell
[3.634s] DEBUG:colcon.colcon_core.shell:Skip shell extension 'dsv' for command environment
[3.638s] INFO:colcon.colcon_ros.task.ament_cmake.build:Building ROS package in '/home/derek-dietz/MSAI/ComputerVision/Final_Project/ws/interbotix/src/interbotix_ros_manipulators/interbotix_ros_xsarms/interbotix_xsarm_sim' with build type 'ament_cmake'
[3.638s] INFO:colcon.colcon_cmake.task.cmake.build:Building CMake package in '/home/derek-dietz/MSAI/ComputerVision/Final_Project/ws/interbotix/src/interbotix_ros_manipulators/interbotix_ros_xsarms/interbotix_xsarm_sim'
[3.638s] INFO:colcon.colcon_core.shell:Skip shell extension 'powershell' for command environment: Not usable outside of PowerShell
[3.638s] DEBUG:colcon.colcon_core.shell:Skip shell extension 'dsv' for command environment
[3.655s] DEBUG:colcon.colcon_core.event_handler.log_command:Invoking command in '/home/derek-dietz/MSAI/ComputerVision/Final_Project/ws/interbotix/build/interbotix_xsarm_control': CMAKE_PREFIX_PATH=${CMAKE_PREFIX_PATH}:/opt/ros/kilted DEBUGINFOD_URLS=https://debuginfod.ubuntu.com PYTHONPATH=/home/derek-dietz/MSAI/ComputerVision/Final_Project/ws/interbotix/install/lib/python3.12/site-packages:/home/derek-dietz/MSAI/ComputerVision/Final_Project/ros_ws/build/arm:/home/derek-dietz/MSAI/ComputerVision/Final_Project/ros_ws/install/arm/lib/python3.12/site-packages:/opt/ros/kilted/lib/python3.12/site-packages /usr/bin/cmake --build /home/derek-dietz/MSAI/ComputerVision/Final_Project/ws/interbotix/build/interbotix_xsarm_control -- -j22 -l22
[3.664s] DEBUG:colcon.colcon_core.event_handler.log_command:Invoking command in '/home/derek-dietz/MSAI/ComputerVision/Final_Project/ws/interbotix/build/interbotix_xsarm_sim': CMAKE_PREFIX_PATH=${CMAKE_PREFIX_PATH}:/opt/ros/kilted DEBUGINFOD_URLS=https://debuginfod.ubuntu.com PYTHONPATH=/home/derek-dietz/MSAI/ComputerVision/Final_Project/ws/interbotix/install/lib/python3.12/site-packages:/home/derek-dietz/MSAI/ComputerVision/Final_Project/ros_ws/build/arm:/home/derek-dietz/MSAI/ComputerVision/Final_Project/ros_ws/install/arm/lib/python3.12/site-packages:/opt/ros/kilted/lib/python3.12/site-packages /usr/bin/cmake --build /home/derek-dietz/MSAI/ComputerVision/Final_Project/ws/interbotix/build/interbotix_xsarm_sim -- -j22 -l22
[3.700s] DEBUG:colcon.colcon_core.event_handler.log_command:Invoked command in '/home/derek-dietz/MSAI/ComputerVision/Final_Project/ws/interbotix/build/interbotix_xsarm_control' returned '0': CMAKE_PREFIX_PATH=${CMAKE_PREFIX_PATH}:/opt/ros/kilted DEBUGINFOD_URLS=https://debuginfod.ubuntu.com PYTHONPATH=/home/derek-dietz/MSAI/ComputerVision/Final_Project/ws/interbotix/install/lib/python3.12/site-packages:/home/derek-dietz/MSAI/ComputerVision/Final_Project/ros_ws/build/arm:/home/derek-dietz/MSAI/ComputerVision/Final_Project/ros_ws/install/arm/lib/python3.12/site-packages:/opt/ros/kilted/lib/python3.12/site-packages /usr/bin/cmake --build /home/derek-dietz/MSAI/ComputerVision/Final_Project/ws/interbotix/build/interbotix_xsarm_control -- -j22 -l22
[3.702s] DEBUG:colcon.colcon_core.event_handler.log_command:Invoking command in '/home/derek-dietz/MSAI/ComputerVision/Final_Project/ws/interbotix/build/interbotix_xsarm_control': CMAKE_PREFIX_PATH=${CMAKE_PREFIX_PATH}:/opt/ros/kilted DEBUGINFOD_URLS=https://debuginfod.ubuntu.com PYTHONPATH=/home/derek-dietz/MSAI/ComputerVision/Final_Project/ws/interbotix/install/lib/python3.12/site-packages:/home/derek-dietz/MSAI/ComputerVision/Final_Project/ros_ws/build/arm:/home/derek-dietz/MSAI/ComputerVision/Final_Project/ros_ws/install/arm/lib/python3.12/site-packages:/opt/ros/kilted/lib/python3.12/site-packages /usr/bin/cmake --install /home/derek-dietz/MSAI/ComputerVision/Final_Project/ws/interbotix/build/interbotix_xsarm_control
[3.706s] DEBUG:colcon.colcon_core.event_handler.log_command:Invoked command in '/home/derek-dietz/MSAI/ComputerVision/Final_Project/ws/interbotix/build/interbotix_xsarm_sim' returned '0': CMAKE_PREFIX_PATH=${CMAKE_PREFIX_PATH}:/opt/ros/kilted DEBUGINFOD_URLS=https://debuginfod.ubuntu.com PYTHONPATH=/home/derek-dietz/MSAI/ComputerVision/Final_Project/ws/interbotix/install/lib/python3.12/site-packages:/home/derek-dietz/MSAI/ComputerVision/Final_Project/ros_ws/build/arm:/home/derek-dietz/MSAI/ComputerVision/Final_Project/ros_ws/install/arm/lib/python3.12/site-packages:/opt/ros/kilted/lib/python3.12/site-packages /usr/bin/cmake --build /home/derek-dietz/MSAI/ComputerVision/Final_Project/ws/interbotix/build/interbotix_xsarm_sim -- -j22 -l22
[3.707s] DEBUG:colcon.colcon_core.event_handler.log_command:Invoking command in '/home/derek-dietz/MSAI/ComputerVision/Final_Project/ws/interbotix/build/interbotix_xsarm_sim': CMAKE_PREFIX_PATH=${CMAKE_PREFIX_PATH}:/opt/ros/kilted DEBUGINFOD_URLS=https://debuginfod.ubuntu.com PYTHONPATH=/home/derek-dietz/MSAI/ComputerVision/Final_Project/ws/interbotix/install/lib/python3.12/site-packages:/home/derek-dietz/MSAI/ComputerVision/Final_Project/ros_ws/build/arm:/home/derek-dietz/MSAI/ComputerVision/Final_Project/ros_ws/install/arm/lib/python3.12/site-packages:/opt/ros/kilted/lib/python3.12/site-packages /usr/bin/cmake --install /home/derek-dietz/MSAI/ComputerVision/Final_Project/ws/interbotix/build/interbotix_xsarm_sim
[3.714s] Level 1:colcon.colcon_core.environment:create_environment_scripts_only(interbotix_xsarm_control)
[3.715s] Level 1:colcon.colcon_core.environment:checking '/home/derek-dietz/MSAI/ComputerVision/Final_Project/ws/interbotix/install' for CMake module files
[3.715s] DEBUG:colcon.colcon_core.event_handler.log_command:Invoked command in '/home/derek-dietz/MSAI/ComputerVision/Final_Project/ws/interbotix/build/interbotix_xsarm_control' returned '0': CMAKE_PREFIX_PATH=${CMAKE_PREFIX_PATH}:/opt/ros/kilted DEBUGINFOD_URLS=https://debuginfod.ubuntu.com PYTHONPATH=/home/derek-dietz/MSAI/ComputerVision/Final_Project/ws/interbotix/install/lib/python3.12/site-packages:/home/derek-dietz/MSAI/ComputerVision/Final_Project/ros_ws/build/arm:/home/derek-dietz/MSAI/ComputerVision/Final_Project/ros_ws/install/arm/lib/python3.12/site-packages:/opt/ros/kilted/lib/python3.12/site-packages /usr/bin/cmake --install /home/derek-dietz/MSAI/ComputerVision/Final_Project/ws/interbotix/build/interbotix_xsarm_control
[3.716s] Level 1:colcon.colcon_core.environment:checking '/home/derek-dietz/MSAI/ComputerVision/Final_Project/ws/interbotix/install' for CMake config files
[3.720s] Level 1:colcon.colcon_core.shell:create_environment_hook('interbotix_xsarm_control', 'cmake_prefix_path')
[3.720s] INFO:colcon.colcon_core.shell:Creating environment hook '/home/derek-dietz/MSAI/ComputerVision/Final_Project/ws/interbotix/install/share/interbotix_xsarm_control/hook/cmake_prefix_path.ps1'
[3.720s] INFO:colcon.colcon_core.shell:Creating environment descriptor '/home/derek-dietz/MSAI/ComputerVision/Final_Project/ws/interbotix/install/share/interbotix_xsarm_control/hook/cmake_prefix_path.dsv'
[3.721s] INFO:colcon.colcon_core.shell:Creating environment hook '/home/derek-dietz/MSAI/ComputerVision/Final_Project/ws/interbotix/install/share/interbotix_xsarm_control/hook/cmake_prefix_path.sh'
[3.721s] Level 1:colcon.colcon_core.environment:checking '/home/derek-dietz/MSAI/ComputerVision/Final_Project/ws/interbotix/install/lib'
[3.722s] Level 1:colcon.colcon_core.shell:create_environment_hook('interbotix_xsarm_control', 'ld_library_path_lib')
[3.722s] INFO:colcon.colcon_core.shell:Creating environment hook '/home/derek-dietz/MSAI/ComputerVision/Final_Project/ws/interbotix/install/share/interbotix_xsarm_control/hook/ld_library_path_lib.ps1'
[3.722s] INFO:colcon.colcon_core.shell:Creating environment descriptor '/home/derek-dietz/MSAI/ComputerVision/Final_Project/ws/interbotix/install/share/interbotix_xsarm_control/hook/ld_library_path_lib.dsv'
[3.723s] INFO:colcon.colcon_core.shell:Creating environment hook '/home/derek-dietz/MSAI/ComputerVision/Final_Project/ws/interbotix/install/share/interbotix_xsarm_control/hook/ld_library_path_lib.sh'
[3.723s] Level 1:colcon.colcon_core.environment:checking '/home/derek-dietz/MSAI/ComputerVision/Final_Project/ws/interbotix/install/bin'
[3.723s] Level 1:colcon.colcon_core.environment:checking '/home/derek-dietz/MSAI/ComputerVision/Final_Project/ws/interbotix/install/lib/pkgconfig/interbotix_xsarm_control.pc'
[3.723s] Level 1:colcon.colcon_core.environment:checking '/home/derek-dietz/MSAI/ComputerVision/Final_Project/ws/interbotix/install/lib/python3.12/site-packages'
[3.724s] Level 1:colcon.colcon_core.shell:create_environment_hook('interbotix_xsarm_control', 'pythonpath')
[3.724s] INFO:colcon.colcon_core.shell:Creating environment hook '/home/derek-dietz/MSAI/ComputerVision/Final_Project/ws/interbotix/install/share/interbotix_xsarm_control/hook/pythonpath.ps1'
[3.724s] INFO:colcon.colcon_core.shell:Creating environment descriptor '/home/derek-dietz/MSAI/ComputerVision/Final_Project/ws/interbotix/install/share/interbotix_xsarm_control/hook/pythonpath.dsv'
[3.724s] INFO:colcon.colcon_core.shell:Creating environment hook '/home/derek-dietz/MSAI/ComputerVision/Final_Project/ws/interbotix/install/share/interbotix_xsarm_control/hook/pythonpath.sh'
[3.725s] Level 1:colcon.colcon_core.environment:checking '/home/derek-dietz/MSAI/ComputerVision/Final_Project/ws/interbotix/install/bin'
[3.726s] INFO:colcon.colcon_core.shell:Creating package script '/home/derek-dietz/MSAI/ComputerVision/Final_Project/ws/interbotix/install/share/interbotix_xsarm_control/package.ps1'
[3.726s] INFO:colcon.colcon_core.shell:Creating package descriptor '/home/derek-dietz/MSAI/ComputerVision/Final_Project/ws/interbotix/install/share/interbotix_xsarm_control/package.dsv'
[3.727s] INFO:colcon.colcon_core.shell:Creating package script '/home/derek-dietz/MSAI/ComputerVision/Final_Project/ws/interbotix/install/share/interbotix_xsarm_control/package.sh'
[3.727s] INFO:colcon.colcon_core.shell:Creating package script '/home/derek-dietz/MSAI/ComputerVision/Final_Project/ws/interbotix/install/share/interbotix_xsarm_control/package.bash'
[3.727s] INFO:colcon.colcon_core.shell:Creating package script '/home/derek-dietz/MSAI/ComputerVision/Final_Project/ws/interbotix/install/share/interbotix_xsarm_control/package.zsh'
[3.728s] Level 1:colcon.colcon_core.environment:create_file_with_runtime_dependencies(/home/derek-dietz/MSAI/ComputerVision/Final_Project/ws/interbotix/install/share/colcon-core/packages/interbotix_xsarm_control)
[3.728s] Level 1:colcon.colcon_core.environment:create_environment_scripts_only(interbotix_xsarm_control)
[3.728s] Level 1:colcon.colcon_core.environment:checking '/home/derek-dietz/MSAI/ComputerVision/Final_Project/ws/interbotix/install' for CMake module files
[3.729s] Level 1:colcon.colcon_core.environment:checking '/home/derek-dietz/MSAI/ComputerVision/Final_Project/ws/interbotix/install' for CMake config files
[3.729s] Level 1:colcon.colcon_core.shell:create_environment_hook('interbotix_xsarm_control', 'cmake_prefix_path')
[3.729s] INFO:colcon.colcon_core.shell:Creating environment hook '/home/derek-dietz/MSAI/ComputerVision/Final_Project/ws/interbotix/install/share/interbotix_xsarm_control/hook/cmake_prefix_path.ps1'
[3.730s] INFO:colcon.colcon_core.shell:Creating environment descriptor '/home/derek-dietz/MSAI/ComputerVision/Final_Project/ws/interbotix/install/share/interbotix_xsarm_control/hook/cmake_prefix_path.dsv'
[3.730s] INFO:colcon.colcon_core.shell:Creating environment hook '/home/derek-dietz/MSAI/ComputerVision/Final_Project/ws/interbotix/install/share/interbotix_xsarm_control/hook/cmake_prefix_path.sh'
[3.730s] Level 1:colcon.colcon_core.environment:checking '/home/derek-dietz/MSAI/ComputerVision/Final_Project/ws/interbotix/install/lib'
[3.731s] Level 1:colcon.colcon_core.shell:create_environment_hook('interbotix_xsarm_control', 'ld_library_path_lib')
[3.731s] INFO:colcon.colcon_core.shell:Creating environment hook '/home/derek-dietz/MSAI/ComputerVision/Final_Project/ws/interbotix/install/share/interbotix_xsarm_control/hook/ld_library_path_lib.ps1'
[3.731s] INFO:colcon.colcon_core.shell:Creating environment descriptor '/home/derek-dietz/MSAI/ComputerVision/Final_Project/ws/interbotix/install/share/interbotix_xsarm_control/hook/ld_library_path_lib.dsv'
[3.731s] INFO:colcon.colcon_core.shell:Creating environment hook '/home/derek-dietz/MSAI/ComputerVision/Final_Project/ws/interbotix/install/share/interbotix_xsarm_control/hook/ld_library_path_lib.sh'
[3.731s] Level 1:colcon.colcon_core.environment:checking '/home/derek-dietz/MSAI/ComputerVision/Final_Project/ws/interbotix/install/bin'
[3.731s] Level 1:colcon.colcon_core.environment:checking '/home/derek-dietz/MSAI/ComputerVision/Final_Project/ws/interbotix/install/lib/pkgconfig/interbotix_xsarm_control.pc'
[3.732s] Level 1:colcon.colcon_core.environment:checking '/home/derek-dietz/MSAI/ComputerVision/Final_Project/ws/interbotix/install/lib/python3.12/site-packages'
[3.732s] Level 1:colcon.colcon_core.shell:create_environment_hook('interbotix_xsarm_control', 'pythonpath')
[3.732s] INFO:colcon.colcon_core.shell:Creating environment hook '/home/derek-dietz/MSAI/ComputerVision/Final_Project/ws/interbotix/install/share/interbotix_xsarm_control/hook/pythonpath.ps1'
[3.732s] INFO:colcon.colcon_core.shell:Creating environment descriptor '/home/derek-dietz/MSAI/ComputerVision/Final_Project/ws/interbotix/install/share/interbotix_xsarm_control/hook/pythonpath.dsv'
[3.732s] INFO:colcon.colcon_core.shell:Creating environment hook '/home/derek-dietz/MSAI/ComputerVision/Final_Project/ws/interbotix/install/share/interbotix_xsarm_control/hook/pythonpath.sh'
[3.733s] Level 1:colcon.colcon_core.environment:checking '/home/derek-dietz/MSAI/ComputerVision/Final_Project/ws/interbotix/install/bin'
[3.733s] INFO:colcon.colcon_core.shell:Creating package script '/home/derek-dietz/MSAI/ComputerVision/Final_Project/ws/interbotix/install/share/interbotix_xsarm_control/package.ps1'
[3.733s] INFO:colcon.colcon_core.shell:Creating package descriptor '/home/derek-dietz/MSAI/ComputerVision/Final_Project/ws/interbotix/install/share/interbotix_xsarm_control/package.dsv'
[3.734s] INFO:colcon.colcon_core.shell:Creating package script '/home/derek-dietz/MSAI/ComputerVision/Final_Project/ws/interbotix/install/share/interbotix_xsarm_control/package.sh'
[3.734s] INFO:colcon.colcon_core.shell:Creating package script '/home/derek-dietz/MSAI/ComputerVision/Final_Project/ws/interbotix/install/share/interbotix_xsarm_control/package.bash'
[3.734s] INFO:colcon.colcon_core.shell:Creating package script '/home/derek-dietz/MSAI/ComputerVision/Final_Project/ws/interbotix/install/share/interbotix_xsarm_control/package.zsh'
[3.734s] Level 1:colcon.colcon_core.environment:create_file_with_runtime_dependencies(/home/derek-dietz/MSAI/ComputerVision/Final_Project/ws/interbotix/install/share/colcon-core/packages/interbotix_xsarm_control)
[3.735s] INFO:colcon.colcon_ros.task.ament_cmake.build:Building ROS package in '/home/derek-dietz/MSAI/ComputerVision/Final_Project/ws/interbotix/src/interbotix_ros_manipulators/interbotix_ros_xsarms/interbotix_xsarm_ros_control' with build type 'ament_cmake'
[3.735s] INFO:colcon.colcon_cmake.task.cmake.build:Building CMake package in '/home/derek-dietz/MSAI/ComputerVision/Final_Project/ws/interbotix/src/interbotix_ros_manipulators/interbotix_ros_xsarms/interbotix_xsarm_ros_control'
[3.735s] INFO:colcon.colcon_core.shell:Skip shell extension 'powershell' for command environment: Not usable outside of PowerShell
[3.735s] DEBUG:colcon.colcon_core.shell:Skip shell extension 'dsv' for command environment
[3.738s] INFO:colcon.colcon_ros.task.ament_cmake.build:Building ROS package in '/home/derek-dietz/MSAI/ComputerVision/Final_Project/ws/interbotix/src/interbotix_ros_manipulators/interbotix_ros_xsarms/examples/interbotix_xsarm_joy' with build type 'ament_cmake'
[3.738s] INFO:colcon.colcon_cmake.task.cmake.build:Building CMake package in '/home/derek-dietz/MSAI/ComputerVision/Final_Project/ws/interbotix/src/interbotix_ros_manipulators/interbotix_ros_xsarms/examples/interbotix_xsarm_joy'
[3.738s] INFO:colcon.colcon_core.shell:Skip shell extension 'powershell' for command environment: Not usable outside of PowerShell
[3.738s] DEBUG:colcon.colcon_core.shell:Skip shell extension 'dsv' for command environment
[3.741s] INFO:colcon.colcon_ros.task.ament_cmake.build:Building ROS package in '/home/derek-dietz/MSAI/ComputerVision/Final_Project/ws/interbotix/src/interbotix_ros_manipulators/interbotix_ros_xsarms/examples/interbotix_xsarm_dual' with build type 'ament_cmake'
[3.741s] INFO:colcon.colcon_cmake.task.cmake.build:Building CMake package in '/home/derek-dietz/MSAI/ComputerVision/Final_Project/ws/interbotix/src/interbotix_ros_manipulators/interbotix_ros_xsarms/examples/interbotix_xsarm_dual'
[3.741s] INFO:colcon.colcon_core.shell:Skip shell extension 'powershell' for command environment: Not usable outside of PowerShell
[3.741s] DEBUG:colcon.colcon_core.shell:Skip shell extension 'dsv' for command environment
[3.744s] INFO:colcon.colcon_ros.task.ament_cmake.build:Building ROS package in '/home/derek-dietz/MSAI/ComputerVision/Final_Project/ws/interbotix/src/interbotix_ros_manipulators/interbotix_ros_xsarms/examples/interbotix_xsarm_puppet' with build type 'ament_cmake'
[3.744s] INFO:colcon.colcon_cmake.task.cmake.build:Building CMake package in '/home/derek-dietz/MSAI/ComputerVision/Final_Project/ws/interbotix/src/interbotix_ros_manipulators/interbotix_ros_xsarms/examples/interbotix_xsarm_puppet'
[3.744s] INFO:colcon.colcon_core.shell:Skip shell extension 'powershell' for command environment: Not usable outside of PowerShell
[3.744s] DEBUG:colcon.colcon_core.shell:Skip shell extension 'dsv' for command environment
[3.747s] Level 1:colcon.colcon_core.environment:create_environment_scripts_only(interbotix_xsarm_sim)
[3.747s] Level 1:colcon.colcon_core.environment:checking '/home/derek-dietz/MSAI/ComputerVision/Final_Project/ws/interbotix/install' for CMake module files
[3.748s] Level 1:colcon.colcon_core.environment:checking '/home/derek-dietz/MSAI/ComputerVision/Final_Project/ws/interbotix/install' for CMake config files
[3.748s] DEBUG:colcon.colcon_core.event_handler.log_command:Invoked command in '/home/derek-dietz/MSAI/ComputerVision/Final_Project/ws/interbotix/build/interbotix_xsarm_sim' returned '0': CMAKE_PREFIX_PATH=${CMAKE_PREFIX_PATH}:/opt/ros/kilted DEBUGINFOD_URLS=https://debuginfod.ubuntu.com PYTHONPATH=/home/derek-dietz/MSAI/ComputerVision/Final_Project/ws/interbotix/install/lib/python3.12/site-packages:/home/derek-dietz/MSAI/ComputerVision/Final_Project/ros_ws/build/arm:/home/derek-dietz/MSAI/ComputerVision/Final_Project/ros_ws/install/arm/lib/python3.12/site-packages:/opt/ros/kilted/lib/python3.12/site-packages /usr/bin/cmake --install /home/derek-dietz/MSAI/ComputerVision/Final_Project/ws/interbotix/build/interbotix_xsarm_sim
[3.749s] Level 1:colcon.colcon_core.shell:create_environment_hook('interbotix_xsarm_sim', 'cmake_prefix_path')
[3.749s] INFO:colcon.colcon_core.shell:Creating environment hook '/home/derek-dietz/MSAI/ComputerVision/Final_Project/ws/interbotix/install/share/interbotix_xsarm_sim/hook/cmake_prefix_path.ps1'
[3.749s] INFO:colcon.colcon_core.shell:Creating environment descriptor '/home/derek-dietz/MSAI/ComputerVision/Final_Project/ws/interbotix/install/share/interbotix_xsarm_sim/hook/cmake_prefix_path.dsv'
[3.749s] INFO:colcon.colcon_core.shell:Creating environment hook '/home/derek-dietz/MSAI/ComputerVision/Final_Project/ws/interbotix/install/share/interbotix_xsarm_sim/hook/cmake_prefix_path.sh'
[3.750s] Level 1:colcon.colcon_core.environment:checking '/home/derek-dietz/MSAI/ComputerVision/Final_Project/ws/interbotix/install/lib'
[3.750s] Level 1:colcon.colcon_core.shell:create_environment_hook('interbotix_xsarm_sim', 'ld_library_path_lib')
[3.750s] INFO:colcon.colcon_core.shell:Creating environment hook '/home/derek-dietz/MSAI/ComputerVision/Final_Project/ws/interbotix/install/share/interbotix_xsarm_sim/hook/ld_library_path_lib.ps1'
[3.750s] INFO:colcon.colcon_core.shell:Creating environment descriptor '/home/derek-dietz/MSAI/ComputerVision/Final_Project/ws/interbotix/install/share/interbotix_xsarm_sim/hook/ld_library_path_lib.dsv'
[3.750s] INFO:colcon.colcon_core.shell:Creating environment hook '/home/derek-dietz/MSAI/ComputerVision/Final_Project/ws/interbotix/install/share/interbotix_xsarm_sim/hook/ld_library_path_lib.sh'
[3.750s] Level 1:colcon.colcon_core.environment:checking '/home/derek-dietz/MSAI/ComputerVision/Final_Project/ws/interbotix/install/bin'
[3.750s] Level 1:colcon.colcon_core.environment:checking '/home/derek-dietz/MSAI/ComputerVision/Final_Project/ws/interbotix/install/lib/pkgconfig/interbotix_xsarm_sim.pc'
[3.750s] Level 1:colcon.colcon_core.environment:checking '/home/derek-dietz/MSAI/ComputerVision/Final_Project/ws/interbotix/install/lib/python3.12/site-packages'
[3.751s] Level 1:colcon.colcon_core.shell:create_environment_hook('interbotix_xsarm_sim', 'pythonpath')
[3.751s] INFO:colcon.colcon_core.shell:Creating environment hook '/home/derek-dietz/MSAI/ComputerVision/Final_Project/ws/interbotix/install/share/interbotix_xsarm_sim/hook/pythonpath.ps1'
[3.751s] INFO:colcon.colcon_core.shell:Creating environment descriptor '/home/derek-dietz/MSAI/ComputerVision/Final_Project/ws/interbotix/install/share/interbotix_xsarm_sim/hook/pythonpath.dsv'
[3.751s] INFO:colcon.colcon_core.shell:Creating environment hook '/home/derek-dietz/MSAI/ComputerVision/Final_Project/ws/interbotix/install/share/interbotix_xsarm_sim/hook/pythonpath.sh'
[3.751s] Level 1:colcon.colcon_core.environment:checking '/home/derek-dietz/MSAI/ComputerVision/Final_Project/ws/interbotix/install/bin'
[3.752s] INFO:colcon.colcon_core.shell:Creating package script '/home/derek-dietz/MSAI/ComputerVision/Final_Project/ws/interbotix/install/share/interbotix_xsarm_sim/package.ps1'
[3.752s] INFO:colcon.colcon_core.shell:Creating package descriptor '/home/derek-dietz/MSAI/ComputerVision/Final_Project/ws/interbotix/install/share/interbotix_xsarm_sim/package.dsv'
[3.752s] INFO:colcon.colcon_core.shell:Creating package script '/home/derek-dietz/MSAI/ComputerVision/Final_Project/ws/interbotix/install/share/interbotix_xsarm_sim/package.sh'
[3.752s] INFO:colcon.colcon_core.shell:Creating package script '/home/derek-dietz/MSAI/ComputerVision/Final_Project/ws/interbotix/install/share/interbotix_xsarm_sim/package.bash'
[3.753s] INFO:colcon.colcon_core.shell:Creating package script '/home/derek-dietz/MSAI/ComputerVision/Final_Project/ws/interbotix/install/share/interbotix_xsarm_sim/package.zsh'
[3.753s] Level 1:colcon.colcon_core.environment:create_file_with_runtime_dependencies(/home/derek-dietz/MSAI/ComputerVision/Final_Project/ws/interbotix/install/share/colcon-core/packages/interbotix_xsarm_sim)
[3.753s] Level 1:colcon.colcon_core.environment:create_environment_scripts_only(interbotix_xsarm_sim)
[3.753s] Level 1:colcon.colcon_core.environment:checking '/home/derek-dietz/MSAI/ComputerVision/Final_Project/ws/interbotix/install' for CMake module files
[3.753s] Level 1:colcon.colcon_core.environment:checking '/home/derek-dietz/MSAI/ComputerVision/Final_Project/ws/interbotix/install' for CMake config files
[3.754s] Level 1:colcon.colcon_core.shell:create_environment_hook('interbotix_xsarm_sim', 'cmake_prefix_path')
[3.754s] INFO:colcon.colcon_core.shell:Creating environment hook '/home/derek-dietz/MSAI/ComputerVision/Final_Project/ws/interbotix/install/share/interbotix_xsarm_sim/hook/cmake_prefix_path.ps1'
[3.754s] INFO:colcon.colcon_core.shell:Creating environment descriptor '/home/derek-dietz/MSAI/ComputerVision/Final_Project/ws/interbotix/install/share/interbotix_xsarm_sim/hook/cmake_prefix_path.dsv'
[3.754s] INFO:colcon.colcon_core.shell:Creating environment hook '/home/derek-dietz/MSAI/ComputerVision/Final_Project/ws/interbotix/install/share/interbotix_xsarm_sim/hook/cmake_prefix_path.sh'
[3.755s] Level 1:colcon.colcon_core.environment:checking '/home/derek-dietz/MSAI/ComputerVision/Final_Project/ws/interbotix/install/lib'
[3.755s] Level 1:colcon.colcon_core.shell:create_environment_hook('interbotix_xsarm_sim', 'ld_library_path_lib')
[3.755s] INFO:colcon.colcon_core.shell:Creating environment hook '/home/derek-dietz/MSAI/ComputerVision/Final_Project/ws/interbotix/install/share/interbotix_xsarm_sim/hook/ld_library_path_lib.ps1'
[3.755s] INFO:colcon.colcon_core.shell:Creating environment descriptor '/home/derek-dietz/MSAI/ComputerVision/Final_Project/ws/interbotix/install/share/interbotix_xsarm_sim/hook/ld_library_path_lib.dsv'
[3.755s] INFO:colcon.colcon_core.shell:Creating environment hook '/home/derek-dietz/MSAI/ComputerVision/Final_Project/ws/interbotix/install/share/interbotix_xsarm_sim/hook/ld_library_path_lib.sh'
[3.755s] Level 1:colcon.colcon_core.environment:checking '/home/derek-dietz/MSAI/ComputerVision/Final_Project/ws/interbotix/install/bin'
[3.755s] Level 1:colcon.colcon_core.environment:checking '/home/derek-dietz/MSAI/ComputerVision/Final_Project/ws/interbotix/install/lib/pkgconfig/interbotix_xsarm_sim.pc'
[3.755s] Level 1:colcon.colcon_core.environment:checking '/home/derek-dietz/MSAI/ComputerVision/Final_Project/ws/interbotix/install/lib/python3.12/site-packages'
[3.755s] Level 1:colcon.colcon_core.shell:create_environment_hook('interbotix_xsarm_sim', 'pythonpath')
[3.756s] INFO:colcon.colcon_core.shell:Creating environment hook '/home/derek-dietz/MSAI/ComputerVision/Final_Project/ws/interbotix/install/share/interbotix_xsarm_sim/hook/pythonpath.ps1'
[3.756s] INFO:colcon.colcon_core.shell:Creating environment descriptor '/home/derek-dietz/MSAI/ComputerVision/Final_Project/ws/interbotix/install/share/interbotix_xsarm_sim/hook/pythonpath.dsv'
[3.756s] INFO:colcon.colcon_core.shell:Creating environment hook '/home/derek-dietz/MSAI/ComputerVision/Final_Project/ws/interbotix/install/share/interbotix_xsarm_sim/hook/pythonpath.sh'
[3.756s] Level 1:colcon.colcon_core.environment:checking '/home/derek-dietz/MSAI/ComputerVision/Final_Project/ws/interbotix/install/bin'
[3.756s] INFO:colcon.colcon_core.shell:Creating package script '/home/derek-dietz/MSAI/ComputerVision/Final_Project/ws/interbotix/install/share/interbotix_xsarm_sim/package.ps1'
[3.757s] INFO:colcon.colcon_core.shell:Creating package descriptor '/home/derek-dietz/MSAI/ComputerVision/Final_Project/ws/interbotix/install/share/interbotix_xsarm_sim/package.dsv'
[3.757s] INFO:colcon.colcon_core.shell:Creating package script '/home/derek-dietz/MSAI/ComputerVision/Final_Project/ws/interbotix/install/share/interbotix_xsarm_sim/package.sh'
[3.757s] INFO:colcon.colcon_core.shell:Creating package script '/home/derek-dietz/MSAI/ComputerVision/Final_Project/ws/interbotix/install/share/interbotix_xsarm_sim/package.bash'
[3.757s] INFO:colcon.colcon_core.shell:Creating package script '/home/derek-dietz/MSAI/ComputerVision/Final_Project/ws/interbotix/install/share/interbotix_xsarm_sim/package.zsh'
[3.758s] Level 1:colcon.colcon_core.environment:create_file_with_runtime_dependencies(/home/derek-dietz/MSAI/ComputerVision/Final_Project/ws/interbotix/install/share/colcon-core/packages/interbotix_xsarm_sim)
[3.760s] DEBUG:colcon.colcon_core.event_handler.log_command:Invoking command in '/home/derek-dietz/MSAI/ComputerVision/Final_Project/ws/interbotix/build/interbotix_xsarm_ros_control': CMAKE_PREFIX_PATH=${CMAKE_PREFIX_PATH}:/opt/ros/kilted DEBUGINFOD_URLS=https://debuginfod.ubuntu.com PYTHONPATH=/home/derek-dietz/MSAI/ComputerVision/Final_Project/ws/interbotix/install/lib/python3.12/site-packages:/home/derek-dietz/MSAI/ComputerVision/Final_Project/ros_ws/build/arm:/home/derek-dietz/MSAI/ComputerVision/Final_Project/ros_ws/install/arm/lib/python3.12/site-packages:/opt/ros/kilted/lib/python3.12/site-packages /usr/bin/cmake --build /home/derek-dietz/MSAI/ComputerVision/Final_Project/ws/interbotix/build/interbotix_xsarm_ros_control -- -j22 -l22
[3.762s] DEBUG:colcon.colcon_core.event_handler.log_command:Invoking command in '/home/derek-dietz/MSAI/ComputerVision/Final_Project/ws/interbotix/build/interbotix_xsarm_joy': CMAKE_PREFIX_PATH=${CMAKE_PREFIX_PATH}:/opt/ros/kilted DEBUGINFOD_URLS=https://debuginfod.ubuntu.com PYTHONPATH=/home/derek-dietz/MSAI/ComputerVision/Final_Project/ws/interbotix/install/lib/python3.12/site-packages:/home/derek-dietz/MSAI/ComputerVision/Final_Project/ros_ws/build/arm:/home/derek-dietz/MSAI/ComputerVision/Final_Project/ros_ws/install/arm/lib/python3.12/site-packages:/opt/ros/kilted/lib/python3.12/site-packages /usr/bin/cmake --build /home/derek-dietz/MSAI/ComputerVision/Final_Project/ws/interbotix/build/interbotix_xsarm_joy -- -j22 -l22
[3.766s] DEBUG:colcon.colcon_core.event_handler.log_command:Invoking command in '/home/derek-dietz/MSAI/ComputerVision/Final_Project/ws/interbotix/build/interbotix_xsarm_dual': CMAKE_PREFIX_PATH=${CMAKE_PREFIX_PATH}:/opt/ros/kilted DEBUGINFOD_URLS=https://debuginfod.ubuntu.com PYTHONPATH=/home/derek-dietz/MSAI/ComputerVision/Final_Project/ws/interbotix/install/lib/python3.12/site-packages:/home/derek-dietz/MSAI/ComputerVision/Final_Project/ros_ws/build/arm:/home/derek-dietz/MSAI/ComputerVision/Final_Project/ros_ws/install/arm/lib/python3.12/site-packages:/opt/ros/kilted/lib/python3.12/site-packages /usr/bin/cmake --build /home/derek-dietz/MSAI/ComputerVision/Final_Project/ws/interbotix/build/interbotix_xsarm_dual -- -j22 -l22
[3.768s] DEBUG:colcon.colcon_core.event_handler.log_command:Invoking command in '/home/derek-dietz/MSAI/ComputerVision/Final_Project/ws/interbotix/build/interbotix_xsarm_puppet': CMAKE_PREFIX_PATH=${CMAKE_PREFIX_PATH}:/opt/ros/kilted DEBUGINFOD_URLS=https://debuginfod.ubuntu.com PYTHONPATH=/home/derek-dietz/MSAI/ComputerVision/Final_Project/ws/interbotix/install/lib/python3.12/site-packages:/home/derek-dietz/MSAI/ComputerVision/Final_Project/ros_ws/build/arm:/home/derek-dietz/MSAI/ComputerVision/Final_Project/ros_ws/install/arm/lib/python3.12/site-packages:/opt/ros/kilted/lib/python3.12/site-packages /usr/bin/cmake --build /home/derek-dietz/MSAI/ComputerVision/Final_Project/ws/interbotix/build/interbotix_xsarm_puppet -- -j22 -l22
[3.795s] DEBUG:colcon.colcon_core.event_handler.log_command:Invoked command in '/home/derek-dietz/MSAI/ComputerVision/Final_Project/ws/interbotix/build/interbotix_xsarm_ros_control' returned '0': CMAKE_PREFIX_PATH=${CMAKE_PREFIX_PATH}:/opt/ros/kilted DEBUGINFOD_URLS=https://debuginfod.ubuntu.com PYTHONPATH=/home/derek-dietz/MSAI/ComputerVision/Final_Project/ws/interbotix/install/lib/python3.12/site-packages:/home/derek-dietz/MSAI/ComputerVision/Final_Project/ros_ws/build/arm:/home/derek-dietz/MSAI/ComputerVision/Final_Project/ros_ws/install/arm/lib/python3.12/site-packages:/opt/ros/kilted/lib/python3.12/site-packages /usr/bin/cmake --build /home/derek-dietz/MSAI/ComputerVision/Final_Project/ws/interbotix/build/interbotix_xsarm_ros_control -- -j22 -l22
[3.797s] DEBUG:colcon.colcon_core.event_handler.log_command:Invoking command in '/home/derek-dietz/MSAI/ComputerVision/Final_Project/ws/interbotix/build/interbotix_xsarm_ros_control': CMAKE_PREFIX_PATH=${CMAKE_PREFIX_PATH}:/opt/ros/kilted DEBUGINFOD_URLS=https://debuginfod.ubuntu.com PYTHONPATH=/home/derek-dietz/MSAI/ComputerVision/Final_Project/ws/interbotix/install/lib/python3.12/site-packages:/home/derek-dietz/MSAI/ComputerVision/Final_Project/ros_ws/build/arm:/home/derek-dietz/MSAI/ComputerVision/Final_Project/ros_ws/install/arm/lib/python3.12/site-packages:/opt/ros/kilted/lib/python3.12/site-packages /usr/bin/cmake --install /home/derek-dietz/MSAI/ComputerVision/Final_Project/ws/interbotix/build/interbotix_xsarm_ros_control
[3.806s] Level 1:colcon.colcon_core.environment:create_environment_scripts_only(interbotix_xsarm_ros_control)
[3.806s] Level 1:colcon.colcon_core.environment:checking '/home/derek-dietz/MSAI/ComputerVision/Final_Project/ws/interbotix/install' for CMake module files
[3.807s] DEBUG:colcon.colcon_core.event_handler.log_command:Invoked command in '/home/derek-dietz/MSAI/ComputerVision/Final_Project/ws/interbotix/build/interbotix_xsarm_ros_control' returned '0': CMAKE_PREFIX_PATH=${CMAKE_PREFIX_PATH}:/opt/ros/kilted DEBUGINFOD_URLS=https://debuginfod.ubuntu.com PYTHONPATH=/home/derek-dietz/MSAI/ComputerVision/Final_Project/ws/interbotix/install/lib/python3.12/site-packages:/home/derek-dietz/MSAI/ComputerVision/Final_Project/ros_ws/build/arm:/home/derek-dietz/MSAI/ComputerVision/Final_Project/ros_ws/install/arm/lib/python3.12/site-packages:/opt/ros/kilted/lib/python3.12/site-packages /usr/bin/cmake --install /home/derek-dietz/MSAI/ComputerVision/Final_Project/ws/interbotix/build/interbotix_xsarm_ros_control
[3.807s] Level 1:colcon.colcon_core.environment:checking '/home/derek-dietz/MSAI/ComputerVision/Final_Project/ws/interbotix/install' for CMake config files
[3.808s] Level 1:colcon.colcon_core.shell:create_environment_hook('interbotix_xsarm_ros_control', 'cmake_prefix_path')
[3.808s] INFO:colcon.colcon_core.shell:Creating environment hook '/home/derek-dietz/MSAI/ComputerVision/Final_Project/ws/interbotix/install/share/interbotix_xsarm_ros_control/hook/cmake_prefix_path.ps1'
[3.809s] INFO:colcon.colcon_core.shell:Creating environment descriptor '/home/derek-dietz/MSAI/ComputerVision/Final_Project/ws/interbotix/install/share/interbotix_xsarm_ros_control/hook/cmake_prefix_path.dsv'
[3.809s] INFO:colcon.colcon_core.shell:Creating environment hook '/home/derek-dietz/MSAI/ComputerVision/Final_Project/ws/interbotix/install/share/interbotix_xsarm_ros_control/hook/cmake_prefix_path.sh'
[3.810s] Level 1:colcon.colcon_core.environment:checking '/home/derek-dietz/MSAI/ComputerVision/Final_Project/ws/interbotix/install/lib'
[3.810s] Level 1:colcon.colcon_core.shell:create_environment_hook('interbotix_xsarm_ros_control', 'ld_library_path_lib')
[3.810s] INFO:colcon.colcon_core.shell:Creating environment hook '/home/derek-dietz/MSAI/ComputerVision/Final_Project/ws/interbotix/install/share/interbotix_xsarm_ros_control/hook/ld_library_path_lib.ps1'
[3.810s] INFO:colcon.colcon_core.shell:Creating environment descriptor '/home/derek-dietz/MSAI/ComputerVision/Final_Project/ws/interbotix/install/share/interbotix_xsarm_ros_control/hook/ld_library_path_lib.dsv'
[3.811s] INFO:colcon.colcon_core.shell:Creating environment hook '/home/derek-dietz/MSAI/ComputerVision/Final_Project/ws/interbotix/install/share/interbotix_xsarm_ros_control/hook/ld_library_path_lib.sh'
[3.811s] Level 1:colcon.colcon_core.environment:checking '/home/derek-dietz/MSAI/ComputerVision/Final_Project/ws/interbotix/install/bin'
[3.811s] Level 1:colcon.colcon_core.environment:checking '/home/derek-dietz/MSAI/ComputerVision/Final_Project/ws/interbotix/install/lib/pkgconfig/interbotix_xsarm_ros_control.pc'
[3.811s] Level 1:colcon.colcon_core.environment:checking '/home/derek-dietz/MSAI/ComputerVision/Final_Project/ws/interbotix/install/lib/python3.12/site-packages'
[3.811s] Level 1:colcon.colcon_core.shell:create_environment_hook('interbotix_xsarm_ros_control', 'pythonpath')
[3.812s] INFO:colcon.colcon_core.shell:Creating environment hook '/home/derek-dietz/MSAI/ComputerVision/Final_Project/ws/interbotix/install/share/interbotix_xsarm_ros_control/hook/pythonpath.ps1'
[3.812s] INFO:colcon.colcon_core.shell:Creating environment descriptor '/home/derek-dietz/MSAI/ComputerVision/Final_Project/ws/interbotix/install/share/interbotix_xsarm_ros_control/hook/pythonpath.dsv'
[3.812s] INFO:colcon.colcon_core.shell:Creating environment hook '/home/derek-dietz/MSAI/ComputerVision/Final_Project/ws/interbotix/install/share/interbotix_xsarm_ros_control/hook/pythonpath.sh'
[3.813s] Level 1:colcon.colcon_core.environment:checking '/home/derek-dietz/MSAI/ComputerVision/Final_Project/ws/interbotix/install/bin'
[3.813s] INFO:colcon.colcon_core.shell:Creating package script '/home/derek-dietz/MSAI/ComputerVision/Final_Project/ws/interbotix/install/share/interbotix_xsarm_ros_control/package.ps1'
[3.813s] INFO:colcon.colcon_core.shell:Creating package descriptor '/home/derek-dietz/MSAI/ComputerVision/Final_Project/ws/interbotix/install/share/interbotix_xsarm_ros_control/package.dsv'
[3.814s] INFO:colcon.colcon_core.shell:Creating package script '/home/derek-dietz/MSAI/ComputerVision/Final_Project/ws/interbotix/install/share/interbotix_xsarm_ros_control/package.sh'
[3.814s] INFO:colcon.colcon_core.shell:Creating package script '/home/derek-dietz/MSAI/ComputerVision/Final_Project/ws/interbotix/install/share/interbotix_xsarm_ros_control/package.bash'
[3.814s] INFO:colcon.colcon_core.shell:Creating package script '/home/derek-dietz/MSAI/ComputerVision/Final_Project/ws/interbotix/install/share/interbotix_xsarm_ros_control/package.zsh'
[3.814s] Level 1:colcon.colcon_core.environment:create_file_with_runtime_dependencies(/home/derek-dietz/MSAI/ComputerVision/Final_Project/ws/interbotix/install/share/colcon-core/packages/interbotix_xsarm_ros_control)
[3.815s] Level 1:colcon.colcon_core.environment:create_environment_scripts_only(interbotix_xsarm_ros_control)
[3.815s] Level 1:colcon.colcon_core.environment:checking '/home/derek-dietz/MSAI/ComputerVision/Final_Project/ws/interbotix/install' for CMake module files
[3.815s] Level 1:colcon.colcon_core.environment:checking '/home/derek-dietz/MSAI/ComputerVision/Final_Project/ws/interbotix/install' for CMake config files
[3.815s] Level 1:colcon.colcon_core.shell:create_environment_hook('interbotix_xsarm_ros_control', 'cmake_prefix_path')
[3.815s] INFO:colcon.colcon_core.shell:Creating environment hook '/home/derek-dietz/MSAI/ComputerVision/Final_Project/ws/interbotix/install/share/interbotix_xsarm_ros_control/hook/cmake_prefix_path.ps1'
[3.816s] INFO:colcon.colcon_core.shell:Creating environment descriptor '/home/derek-dietz/MSAI/ComputerVision/Final_Project/ws/interbotix/install/share/interbotix_xsarm_ros_control/hook/cmake_prefix_path.dsv'
[3.816s] INFO:colcon.colcon_core.shell:Creating environment hook '/home/derek-dietz/MSAI/ComputerVision/Final_Project/ws/interbotix/install/share/interbotix_xsarm_ros_control/hook/cmake_prefix_path.sh'
[3.816s] Level 1:colcon.colcon_core.environment:checking '/home/derek-dietz/MSAI/ComputerVision/Final_Project/ws/interbotix/install/lib'
[3.816s] Level 1:colcon.colcon_core.shell:create_environment_hook('interbotix_xsarm_ros_control', 'ld_library_path_lib')
[3.816s] INFO:colcon.colcon_core.shell:Creating environment hook '/home/derek-dietz/MSAI/ComputerVision/Final_Project/ws/interbotix/install/share/interbotix_xsarm_ros_control/hook/ld_library_path_lib.ps1'
[3.817s] INFO:colcon.colcon_core.shell:Creating environment descriptor '/home/derek-dietz/MSAI/ComputerVision/Final_Project/ws/interbotix/install/share/interbotix_xsarm_ros_control/hook/ld_library_path_lib.dsv'
[3.817s] INFO:colcon.colcon_core.shell:Creating environment hook '/home/derek-dietz/MSAI/ComputerVision/Final_Project/ws/interbotix/install/share/interbotix_xsarm_ros_control/hook/ld_library_path_lib.sh'
[3.817s] Level 1:colcon.colcon_core.environment:checking '/home/derek-dietz/MSAI/ComputerVision/Final_Project/ws/interbotix/install/bin'
[3.817s] Level 1:colcon.colcon_core.environment:checking '/home/derek-dietz/MSAI/ComputerVision/Final_Project/ws/interbotix/install/lib/pkgconfig/interbotix_xsarm_ros_control.pc'
[3.817s] Level 1:colcon.colcon_core.environment:checking '/home/derek-dietz/MSAI/ComputerVision/Final_Project/ws/interbotix/install/lib/python3.12/site-packages'
[3.817s] Level 1:colcon.colcon_core.shell:create_environment_hook('interbotix_xsarm_ros_control', 'pythonpath')
[3.817s] INFO:colcon.colcon_core.shell:Creating environment hook '/home/derek-dietz/MSAI/ComputerVision/Final_Project/ws/interbotix/install/share/interbotix_xsarm_ros_control/hook/pythonpath.ps1'
[3.818s] INFO:colcon.colcon_core.shell:Creating environment descriptor '/home/derek-dietz/MSAI/ComputerVision/Final_Project/ws/interbotix/install/share/interbotix_xsarm_ros_control/hook/pythonpath.dsv'
[3.818s] INFO:colcon.colcon_core.shell:Creating environment hook '/home/derek-dietz/MSAI/ComputerVision/Final_Project/ws/interbotix/install/share/interbotix_xsarm_ros_control/hook/pythonpath.sh'
[3.818s] Level 1:colcon.colcon_core.environment:checking '/home/derek-dietz/MSAI/ComputerVision/Final_Project/ws/interbotix/install/bin'
[3.818s] INFO:colcon.colcon_core.shell:Creating package script '/home/derek-dietz/MSAI/ComputerVision/Final_Project/ws/interbotix/install/share/interbotix_xsarm_ros_control/package.ps1'
[3.819s] INFO:colcon.colcon_core.shell:Creating package descriptor '/home/derek-dietz/MSAI/ComputerVision/Final_Project/ws/interbotix/install/share/interbotix_xsarm_ros_control/package.dsv'
[3.819s] INFO:colcon.colcon_core.shell:Creating package script '/home/derek-dietz/MSAI/ComputerVision/Final_Project/ws/interbotix/install/share/interbotix_xsarm_ros_control/package.sh'
[3.819s] INFO:colcon.colcon_core.shell:Creating package script '/home/derek-dietz/MSAI/ComputerVision/Final_Project/ws/interbotix/install/share/interbotix_xsarm_ros_control/package.bash'
[3.819s] INFO:colcon.colcon_core.shell:Creating package script '/home/derek-dietz/MSAI/ComputerVision/Final_Project/ws/interbotix/install/share/interbotix_xsarm_ros_control/package.zsh'
[3.819s] Level 1:colcon.colcon_core.environment:create_file_with_runtime_dependencies(/home/derek-dietz/MSAI/ComputerVision/Final_Project/ws/interbotix/install/share/colcon-core/packages/interbotix_xsarm_ros_control)
[3.820s] INFO:colcon.colcon_ros.task.ament_cmake.build:Building ROS package in '/home/derek-dietz/MSAI/ComputerVision/Final_Project/ws/interbotix/src/interbotix_ros_manipulators/interbotix_ros_xsarms/interbotix_xsarm_moveit' with build type 'ament_cmake'
[3.820s] INFO:colcon.colcon_cmake.task.cmake.build:Building CMake package in '/home/derek-dietz/MSAI/ComputerVision/Final_Project/ws/interbotix/src/interbotix_ros_manipulators/interbotix_ros_xsarms/interbotix_xsarm_moveit'
[3.821s] INFO:colcon.colcon_core.shell:Skip shell extension 'powershell' for command environment: Not usable outside of PowerShell
[3.821s] DEBUG:colcon.colcon_core.shell:Skip shell extension 'dsv' for command environment
[3.828s] DEBUG:colcon.colcon_core.event_handler.log_command:Invoked command in '/home/derek-dietz/MSAI/ComputerVision/Final_Project/ws/interbotix/build/interbotix_xsarm_dual' returned '0': CMAKE_PREFIX_PATH=${CMAKE_PREFIX_PATH}:/opt/ros/kilted DEBUGINFOD_URLS=https://debuginfod.ubuntu.com PYTHONPATH=/home/derek-dietz/MSAI/ComputerVision/Final_Project/ws/interbotix/install/lib/python3.12/site-packages:/home/derek-dietz/MSAI/ComputerVision/Final_Project/ros_ws/build/arm:/home/derek-dietz/MSAI/ComputerVision/Final_Project/ros_ws/install/arm/lib/python3.12/site-packages:/opt/ros/kilted/lib/python3.12/site-packages /usr/bin/cmake --build /home/derek-dietz/MSAI/ComputerVision/Final_Project/ws/interbotix/build/interbotix_xsarm_dual -- -j22 -l22
[3.829s] DEBUG:colcon.colcon_core.event_handler.log_command:Invoking command in '/home/derek-dietz/MSAI/ComputerVision/Final_Project/ws/interbotix/build/interbotix_xsarm_dual': CMAKE_PREFIX_PATH=${CMAKE_PREFIX_PATH}:/opt/ros/kilted DEBUGINFOD_URLS=https://debuginfod.ubuntu.com PYTHONPATH=/home/derek-dietz/MSAI/ComputerVision/Final_Project/ws/interbotix/install/lib/python3.12/site-packages:/home/derek-dietz/MSAI/ComputerVision/Final_Project/ros_ws/build/arm:/home/derek-dietz/MSAI/ComputerVision/Final_Project/ros_ws/install/arm/lib/python3.12/site-packages:/opt/ros/kilted/lib/python3.12/site-packages /usr/bin/cmake --install /home/derek-dietz/MSAI/ComputerVision/Final_Project/ws/interbotix/build/interbotix_xsarm_dual
[3.836s] DEBUG:colcon.colcon_core.event_handler.log_command:Invoked command in '/home/derek-dietz/MSAI/ComputerVision/Final_Project/ws/interbotix/build/interbotix_xsarm_joy' returned '0': CMAKE_PREFIX_PATH=${CMAKE_PREFIX_PATH}:/opt/ros/kilted DEBUGINFOD_URLS=https://debuginfod.ubuntu.com PYTHONPATH=/home/derek-dietz/MSAI/ComputerVision/Final_Project/ws/interbotix/install/lib/python3.12/site-packages:/home/derek-dietz/MSAI/ComputerVision/Final_Project/ros_ws/build/arm:/home/derek-dietz/MSAI/ComputerVision/Final_Project/ros_ws/install/arm/lib/python3.12/site-packages:/opt/ros/kilted/lib/python3.12/site-packages /usr/bin/cmake --build /home/derek-dietz/MSAI/ComputerVision/Final_Project/ws/interbotix/build/interbotix_xsarm_joy -- -j22 -l22
[3.838s] DEBUG:colcon.colcon_core.event_handler.log_command:Invoking command in '/home/derek-dietz/MSAI/ComputerVision/Final_Project/ws/interbotix/build/interbotix_xsarm_joy': CMAKE_PREFIX_PATH=${CMAKE_PREFIX_PATH}:/opt/ros/kilted DEBUGINFOD_URLS=https://debuginfod.ubuntu.com PYTHONPATH=/home/derek-dietz/MSAI/ComputerVision/Final_Project/ws/interbotix/install/lib/python3.12/site-packages:/home/derek-dietz/MSAI/ComputerVision/Final_Project/ros_ws/build/arm:/home/derek-dietz/MSAI/ComputerVision/Final_Project/ros_ws/install/arm/lib/python3.12/site-packages:/opt/ros/kilted/lib/python3.12/site-packages /usr/bin/cmake --install /home/derek-dietz/MSAI/ComputerVision/Final_Project/ws/interbotix/build/interbotix_xsarm_joy
[3.839s] Level 1:colcon.colcon_core.environment:create_environment_scripts_only(interbotix_xsarm_dual)
[3.839s] DEBUG:colcon.colcon_core.event_handler.log_command:Invoked command in '/home/derek-dietz/MSAI/ComputerVision/Final_Project/ws/interbotix/build/interbotix_xsarm_dual' returned '0': CMAKE_PREFIX_PATH=${CMAKE_PREFIX_PATH}:/opt/ros/kilted DEBUGINFOD_URLS=https://debuginfod.ubuntu.com PYTHONPATH=/home/derek-dietz/MSAI/ComputerVision/Final_Project/ws/interbotix/install/lib/python3.12/site-packages:/home/derek-dietz/MSAI/ComputerVision/Final_Project/ros_ws/build/arm:/home/derek-dietz/MSAI/ComputerVision/Final_Project/ros_ws/install/arm/lib/python3.12/site-packages:/opt/ros/kilted/lib/python3.12/site-packages /usr/bin/cmake --install /home/derek-dietz/MSAI/ComputerVision/Final_Project/ws/interbotix/build/interbotix_xsarm_dual
[3.839s] Level 1:colcon.colcon_core.environment:checking '/home/derek-dietz/MSAI/ComputerVision/Final_Project/ws/interbotix/install' for CMake module files
[3.840s] Level 1:colcon.colcon_core.environment:checking '/home/derek-dietz/MSAI/ComputerVision/Final_Project/ws/interbotix/install' for CMake config files
[3.841s] Level 1:colcon.colcon_core.shell:create_environment_hook('interbotix_xsarm_dual', 'cmake_prefix_path')
[3.842s] INFO:colcon.colcon_core.shell:Creating environment hook '/home/derek-dietz/MSAI/ComputerVision/Final_Project/ws/interbotix/install/share/interbotix_xsarm_dual/hook/cmake_prefix_path.ps1'
[3.842s] INFO:colcon.colcon_core.shell:Creating environment descriptor '/home/derek-dietz/MSAI/ComputerVision/Final_Project/ws/interbotix/install/share/interbotix_xsarm_dual/hook/cmake_prefix_path.dsv'
[3.843s] INFO:colcon.colcon_core.shell:Creating environment hook '/home/derek-dietz/MSAI/ComputerVision/Final_Project/ws/interbotix/install/share/interbotix_xsarm_dual/hook/cmake_prefix_path.sh'
[3.843s] Level 1:colcon.colcon_core.environment:checking '/home/derek-dietz/MSAI/ComputerVision/Final_Project/ws/interbotix/install/lib'
[3.844s] Level 1:colcon.colcon_core.shell:create_environment_hook('interbotix_xsarm_dual', 'ld_library_path_lib')
[3.844s] INFO:colcon.colcon_core.shell:Creating environment hook '/home/derek-dietz/MSAI/ComputerVision/Final_Project/ws/interbotix/install/share/interbotix_xsarm_dual/hook/ld_library_path_lib.ps1'
[3.844s] INFO:colcon.colcon_core.shell:Creating environment descriptor '/home/derek-dietz/MSAI/ComputerVision/Final_Project/ws/interbotix/install/share/interbotix_xsarm_dual/hook/ld_library_path_lib.dsv'
[3.845s] INFO:colcon.colcon_core.shell:Creating environment hook '/home/derek-dietz/MSAI/ComputerVision/Final_Project/ws/interbotix/install/share/interbotix_xsarm_dual/hook/ld_library_path_lib.sh'
[3.845s] Level 1:colcon.colcon_core.environment:checking '/home/derek-dietz/MSAI/ComputerVision/Final_Project/ws/interbotix/install/bin'
[3.845s] Level 1:colcon.colcon_core.environment:checking '/home/derek-dietz/MSAI/ComputerVision/Final_Project/ws/interbotix/install/lib/pkgconfig/interbotix_xsarm_dual.pc'
[3.846s] Level 1:colcon.colcon_core.environment:checking '/home/derek-dietz/MSAI/ComputerVision/Final_Project/ws/interbotix/install/lib/python3.12/site-packages'
[3.846s] Level 1:colcon.colcon_core.shell:create_environment_hook('interbotix_xsarm_dual', 'pythonpath')
[3.846s] INFO:colcon.colcon_core.shell:Creating environment hook '/home/derek-dietz/MSAI/ComputerVision/Final_Project/ws/interbotix/install/share/interbotix_xsarm_dual/hook/pythonpath.ps1'
[3.849s] INFO:colcon.colcon_core.shell:Creating environment descriptor '/home/derek-dietz/MSAI/ComputerVision/Final_Project/ws/interbotix/install/share/interbotix_xsarm_dual/hook/pythonpath.dsv'
[3.849s] INFO:colcon.colcon_core.shell:Creating environment hook '/home/derek-dietz/MSAI/ComputerVision/Final_Project/ws/interbotix/install/share/interbotix_xsarm_dual/hook/pythonpath.sh'
[3.850s] Level 1:colcon.colcon_core.environment:checking '/home/derek-dietz/MSAI/ComputerVision/Final_Project/ws/interbotix/install/bin'
[3.850s] INFO:colcon.colcon_core.shell:Creating package script '/home/derek-dietz/MSAI/ComputerVision/Final_Project/ws/interbotix/install/share/interbotix_xsarm_dual/package.ps1'
[3.851s] INFO:colcon.colcon_core.shell:Creating package descriptor '/home/derek-dietz/MSAI/ComputerVision/Final_Project/ws/interbotix/install/share/interbotix_xsarm_dual/package.dsv'
[3.852s] INFO:colcon.colcon_core.shell:Creating package script '/home/derek-dietz/MSAI/ComputerVision/Final_Project/ws/interbotix/install/share/interbotix_xsarm_dual/package.sh'
[3.852s] INFO:colcon.colcon_core.shell:Creating package script '/home/derek-dietz/MSAI/ComputerVision/Final_Project/ws/interbotix/install/share/interbotix_xsarm_dual/package.bash'
[3.853s] INFO:colcon.colcon_core.shell:Creating package script '/home/derek-dietz/MSAI/ComputerVision/Final_Project/ws/interbotix/install/share/interbotix_xsarm_dual/package.zsh'
[3.853s] Level 1:colcon.colcon_core.environment:create_file_with_runtime_dependencies(/home/derek-dietz/MSAI/ComputerVision/Final_Project/ws/interbotix/install/share/colcon-core/packages/interbotix_xsarm_dual)
[3.853s] Level 1:colcon.colcon_core.environment:create_environment_scripts_only(interbotix_xsarm_dual)
[3.854s] Level 1:colcon.colcon_core.environment:checking '/home/derek-dietz/MSAI/ComputerVision/Final_Project/ws/interbotix/install' for CMake module files
[3.854s] Level 1:colcon.colcon_core.environment:checking '/home/derek-dietz/MSAI/ComputerVision/Final_Project/ws/interbotix/install' for CMake config files
[3.855s] Level 1:colcon.colcon_core.shell:create_environment_hook('interbotix_xsarm_dual', 'cmake_prefix_path')
[3.855s] INFO:colcon.colcon_core.shell:Creating environment hook '/home/derek-dietz/MSAI/ComputerVision/Final_Project/ws/interbotix/install/share/interbotix_xsarm_dual/hook/cmake_prefix_path.ps1'
[3.856s] INFO:colcon.colcon_core.shell:Creating environment descriptor '/home/derek-dietz/MSAI/ComputerVision/Final_Project/ws/interbotix/install/share/interbotix_xsarm_dual/hook/cmake_prefix_path.dsv'
[3.856s] INFO:colcon.colcon_core.shell:Creating environment hook '/home/derek-dietz/MSAI/ComputerVision/Final_Project/ws/interbotix/install/share/interbotix_xsarm_dual/hook/cmake_prefix_path.sh'
[3.857s] Level 1:colcon.colcon_core.environment:checking '/home/derek-dietz/MSAI/ComputerVision/Final_Project/ws/interbotix/install/lib'
[3.857s] Level 1:colcon.colcon_core.shell:create_environment_hook('interbotix_xsarm_dual', 'ld_library_path_lib')
[3.857s] INFO:colcon.colcon_core.shell:Creating environment hook '/home/derek-dietz/MSAI/ComputerVision/Final_Project/ws/interbotix/install/share/interbotix_xsarm_dual/hook/ld_library_path_lib.ps1'
[3.857s] INFO:colcon.colcon_core.shell:Creating environment descriptor '/home/derek-dietz/MSAI/ComputerVision/Final_Project/ws/interbotix/install/share/interbotix_xsarm_dual/hook/ld_library_path_lib.dsv'
[3.858s] INFO:colcon.colcon_core.shell:Creating environment hook '/home/derek-dietz/MSAI/ComputerVision/Final_Project/ws/interbotix/install/share/interbotix_xsarm_dual/hook/ld_library_path_lib.sh'
[3.858s] Level 1:colcon.colcon_core.environment:checking '/home/derek-dietz/MSAI/ComputerVision/Final_Project/ws/interbotix/install/bin'
[3.858s] Level 1:colcon.colcon_core.environment:checking '/home/derek-dietz/MSAI/ComputerVision/Final_Project/ws/interbotix/install/lib/pkgconfig/interbotix_xsarm_dual.pc'
[3.859s] Level 1:colcon.colcon_core.environment:checking '/home/derek-dietz/MSAI/ComputerVision/Final_Project/ws/interbotix/install/lib/python3.12/site-packages'
[3.859s] Level 1:colcon.colcon_core.shell:create_environment_hook('interbotix_xsarm_dual', 'pythonpath')
[3.859s] INFO:colcon.colcon_core.shell:Creating environment hook '/home/derek-dietz/MSAI/ComputerVision/Final_Project/ws/interbotix/install/share/interbotix_xsarm_dual/hook/pythonpath.ps1'
[3.859s] INFO:colcon.colcon_core.shell:Creating environment descriptor '/home/derek-dietz/MSAI/ComputerVision/Final_Project/ws/interbotix/install/share/interbotix_xsarm_dual/hook/pythonpath.dsv'
[3.860s] INFO:colcon.colcon_core.shell:Creating environment hook '/home/derek-dietz/MSAI/ComputerVision/Final_Project/ws/interbotix/install/share/interbotix_xsarm_dual/hook/pythonpath.sh'
[3.861s] Level 1:colcon.colcon_core.environment:checking '/home/derek-dietz/MSAI/ComputerVision/Final_Project/ws/interbotix/install/bin'
[3.861s] INFO:colcon.colcon_core.shell:Creating package script '/home/derek-dietz/MSAI/ComputerVision/Final_Project/ws/interbotix/install/share/interbotix_xsarm_dual/package.ps1'
[3.861s] INFO:colcon.colcon_core.shell:Creating package descriptor '/home/derek-dietz/MSAI/ComputerVision/Final_Project/ws/interbotix/install/share/interbotix_xsarm_dual/package.dsv'
[3.862s] INFO:colcon.colcon_core.shell:Creating package script '/home/derek-dietz/MSAI/ComputerVision/Final_Project/ws/interbotix/install/share/interbotix_xsarm_dual/package.sh'
[3.862s] INFO:colcon.colcon_core.shell:Creating package script '/home/derek-dietz/MSAI/ComputerVision/Final_Project/ws/interbotix/install/share/interbotix_xsarm_dual/package.bash'
[3.863s] INFO:colcon.colcon_core.shell:Creating package script '/home/derek-dietz/MSAI/ComputerVision/Final_Project/ws/interbotix/install/share/interbotix_xsarm_dual/package.zsh'
[3.863s] Level 1:colcon.colcon_core.environment:create_file_with_runtime_dependencies(/home/derek-dietz/MSAI/ComputerVision/Final_Project/ws/interbotix/install/share/colcon-core/packages/interbotix_xsarm_dual)
[3.868s] DEBUG:colcon.colcon_core.event_handler.log_command:Invoking command in '/home/derek-dietz/MSAI/ComputerVision/Final_Project/ws/interbotix/build/interbotix_xsarm_moveit': CMAKE_PREFIX_PATH=${CMAKE_PREFIX_PATH}:/opt/ros/kilted DEBUGINFOD_URLS=https://debuginfod.ubuntu.com PYTHONPATH=/home/derek-dietz/MSAI/ComputerVision/Final_Project/ws/interbotix/install/lib/python3.12/site-packages:/home/derek-dietz/MSAI/ComputerVision/Final_Project/ros_ws/build/arm:/home/derek-dietz/MSAI/ComputerVision/Final_Project/ros_ws/install/arm/lib/python3.12/site-packages:/opt/ros/kilted/lib/python3.12/site-packages /usr/bin/cmake --build /home/derek-dietz/MSAI/ComputerVision/Final_Project/ws/interbotix/build/interbotix_xsarm_moveit -- -j22 -l22
[3.868s] DEBUG:colcon.colcon_core.event_handler.log_command:Invoked command in '/home/derek-dietz/MSAI/ComputerVision/Final_Project/ws/interbotix/build/interbotix_xsarm_puppet' returned '0': CMAKE_PREFIX_PATH=${CMAKE_PREFIX_PATH}:/opt/ros/kilted DEBUGINFOD_URLS=https://debuginfod.ubuntu.com PYTHONPATH=/home/derek-dietz/MSAI/ComputerVision/Final_Project/ws/interbotix/install/lib/python3.12/site-packages:/home/derek-dietz/MSAI/ComputerVision/Final_Project/ros_ws/build/arm:/home/derek-dietz/MSAI/ComputerVision/Final_Project/ros_ws/install/arm/lib/python3.12/site-packages:/opt/ros/kilted/lib/python3.12/site-packages /usr/bin/cmake --build /home/derek-dietz/MSAI/ComputerVision/Final_Project/ws/interbotix/build/interbotix_xsarm_puppet -- -j22 -l22
[3.868s] Level 1:colcon.colcon_core.environment:create_environment_scripts_only(interbotix_xsarm_joy)
[3.869s] Level 1:colcon.colcon_core.environment:checking '/home/derek-dietz/MSAI/ComputerVision/Final_Project/ws/interbotix/install' for CMake module files
[3.869s] DEBUG:colcon.colcon_core.event_handler.log_command:Invoking command in '/home/derek-dietz/MSAI/ComputerVision/Final_Project/ws/interbotix/build/interbotix_xsarm_puppet': CMAKE_PREFIX_PATH=${CMAKE_PREFIX_PATH}:/opt/ros/kilted DEBUGINFOD_URLS=https://debuginfod.ubuntu.com PYTHONPATH=/home/derek-dietz/MSAI/ComputerVision/Final_Project/ws/interbotix/install/lib/python3.12/site-packages:/home/derek-dietz/MSAI/ComputerVision/Final_Project/ros_ws/build/arm:/home/derek-dietz/MSAI/ComputerVision/Final_Project/ros_ws/install/arm/lib/python3.12/site-packages:/opt/ros/kilted/lib/python3.12/site-packages /usr/bin/cmake --install /home/derek-dietz/MSAI/ComputerVision/Final_Project/ws/interbotix/build/interbotix_xsarm_puppet
[3.870s] DEBUG:colcon.colcon_core.event_handler.log_command:Invoked command in '/home/derek-dietz/MSAI/ComputerVision/Final_Project/ws/interbotix/build/interbotix_xsarm_joy' returned '0': CMAKE_PREFIX_PATH=${CMAKE_PREFIX_PATH}:/opt/ros/kilted DEBUGINFOD_URLS=https://debuginfod.ubuntu.com PYTHONPATH=/home/derek-dietz/MSAI/ComputerVision/Final_Project/ws/interbotix/install/lib/python3.12/site-packages:/home/derek-dietz/MSAI/ComputerVision/Final_Project/ros_ws/build/arm:/home/derek-dietz/MSAI/ComputerVision/Final_Project/ros_ws/install/arm/lib/python3.12/site-packages:/opt/ros/kilted/lib/python3.12/site-packages /usr/bin/cmake --install /home/derek-dietz/MSAI/ComputerVision/Final_Project/ws/interbotix/build/interbotix_xsarm_joy
[3.870s] Level 1:colcon.colcon_core.environment:checking '/home/derek-dietz/MSAI/ComputerVision/Final_Project/ws/interbotix/install' for CMake config files
[3.871s] Level 1:colcon.colcon_core.shell:create_environment_hook('interbotix_xsarm_joy', 'cmake_prefix_path')
[3.871s] INFO:colcon.colcon_core.shell:Creating environment hook '/home/derek-dietz/MSAI/ComputerVision/Final_Project/ws/interbotix/install/share/interbotix_xsarm_joy/hook/cmake_prefix_path.ps1'
[3.871s] INFO:colcon.colcon_core.shell:Creating environment descriptor '/home/derek-dietz/MSAI/ComputerVision/Final_Project/ws/interbotix/install/share/interbotix_xsarm_joy/hook/cmake_prefix_path.dsv'
[3.872s] INFO:colcon.colcon_core.shell:Creating environment hook '/home/derek-dietz/MSAI/ComputerVision/Final_Project/ws/interbotix/install/share/interbotix_xsarm_joy/hook/cmake_prefix_path.sh'
[3.872s] Level 1:colcon.colcon_core.environment:checking '/home/derek-dietz/MSAI/ComputerVision/Final_Project/ws/interbotix/install/lib'
[3.872s] Level 1:colcon.colcon_core.shell:create_environment_hook('interbotix_xsarm_joy', 'ld_library_path_lib')
[3.873s] INFO:colcon.colcon_core.shell:Creating environment hook '/home/derek-dietz/MSAI/ComputerVision/Final_Project/ws/interbotix/install/share/interbotix_xsarm_joy/hook/ld_library_path_lib.ps1'
[3.873s] INFO:colcon.colcon_core.shell:Creating environment descriptor '/home/derek-dietz/MSAI/ComputerVision/Final_Project/ws/interbotix/install/share/interbotix_xsarm_joy/hook/ld_library_path_lib.dsv'
[3.873s] INFO:colcon.colcon_core.shell:Creating environment hook '/home/derek-dietz/MSAI/ComputerVision/Final_Project/ws/interbotix/install/share/interbotix_xsarm_joy/hook/ld_library_path_lib.sh'
[3.873s] Level 1:colcon.colcon_core.environment:checking '/home/derek-dietz/MSAI/ComputerVision/Final_Project/ws/interbotix/install/bin'
[3.874s] Level 1:colcon.colcon_core.environment:checking '/home/derek-dietz/MSAI/ComputerVision/Final_Project/ws/interbotix/install/lib/pkgconfig/interbotix_xsarm_joy.pc'
[3.874s] Level 1:colcon.colcon_core.environment:checking '/home/derek-dietz/MSAI/ComputerVision/Final_Project/ws/interbotix/install/lib/python3.12/site-packages'
[3.874s] Level 1:colcon.colcon_core.shell:create_environment_hook('interbotix_xsarm_joy', 'pythonpath')
[3.874s] INFO:colcon.colcon_core.shell:Creating environment hook '/home/derek-dietz/MSAI/ComputerVision/Final_Project/ws/interbotix/install/share/interbotix_xsarm_joy/hook/pythonpath.ps1'
[3.874s] INFO:colcon.colcon_core.shell:Creating environment descriptor '/home/derek-dietz/MSAI/ComputerVision/Final_Project/ws/interbotix/install/share/interbotix_xsarm_joy/hook/pythonpath.dsv'
[3.874s] INFO:colcon.colcon_core.shell:Creating environment hook '/home/derek-dietz/MSAI/ComputerVision/Final_Project/ws/interbotix/install/share/interbotix_xsarm_joy/hook/pythonpath.sh'
[3.875s] Level 1:colcon.colcon_core.environment:checking '/home/derek-dietz/MSAI/ComputerVision/Final_Project/ws/interbotix/install/bin'
[3.875s] INFO:colcon.colcon_core.shell:Creating package script '/home/derek-dietz/MSAI/ComputerVision/Final_Project/ws/interbotix/install/share/interbotix_xsarm_joy/package.ps1'
[3.876s] INFO:colcon.colcon_core.shell:Creating package descriptor '/home/derek-dietz/MSAI/ComputerVision/Final_Project/ws/interbotix/install/share/interbotix_xsarm_joy/package.dsv'
[3.876s] INFO:colcon.colcon_core.shell:Creating package script '/home/derek-dietz/MSAI/ComputerVision/Final_Project/ws/interbotix/install/share/interbotix_xsarm_joy/package.sh'
[3.876s] INFO:colcon.colcon_core.shell:Creating package script '/home/derek-dietz/MSAI/ComputerVision/Final_Project/ws/interbotix/install/share/interbotix_xsarm_joy/package.bash'
[3.876s] INFO:colcon.colcon_core.shell:Creating package script '/home/derek-dietz/MSAI/ComputerVision/Final_Project/ws/interbotix/install/share/interbotix_xsarm_joy/package.zsh'
[3.877s] Level 1:colcon.colcon_core.environment:create_file_with_runtime_dependencies(/home/derek-dietz/MSAI/ComputerVision/Final_Project/ws/interbotix/install/share/colcon-core/packages/interbotix_xsarm_joy)
[3.877s] Level 1:colcon.colcon_core.environment:create_environment_scripts_only(interbotix_xsarm_joy)
[3.877s] Level 1:colcon.colcon_core.environment:checking '/home/derek-dietz/MSAI/ComputerVision/Final_Project/ws/interbotix/install' for CMake module files
[3.877s] Level 1:colcon.colcon_core.environment:checking '/home/derek-dietz/MSAI/ComputerVision/Final_Project/ws/interbotix/install' for CMake config files
[3.878s] Level 1:colcon.colcon_core.shell:create_environment_hook('interbotix_xsarm_joy', 'cmake_prefix_path')
[3.878s] INFO:colcon.colcon_core.shell:Creating environment hook '/home/derek-dietz/MSAI/ComputerVision/Final_Project/ws/interbotix/install/share/interbotix_xsarm_joy/hook/cmake_prefix_path.ps1'
[3.878s] INFO:colcon.colcon_core.shell:Creating environment descriptor '/home/derek-dietz/MSAI/ComputerVision/Final_Project/ws/interbotix/install/share/interbotix_xsarm_joy/hook/cmake_prefix_path.dsv'
[3.878s] INFO:colcon.colcon_core.shell:Creating environment hook '/home/derek-dietz/MSAI/ComputerVision/Final_Project/ws/interbotix/install/share/interbotix_xsarm_joy/hook/cmake_prefix_path.sh'
[3.879s] Level 1:colcon.colcon_core.environment:checking '/home/derek-dietz/MSAI/ComputerVision/Final_Project/ws/interbotix/install/lib'
[3.879s] Level 1:colcon.colcon_core.shell:create_environment_hook('interbotix_xsarm_joy', 'ld_library_path_lib')
[3.879s] INFO:colcon.colcon_core.shell:Creating environment hook '/home/derek-dietz/MSAI/ComputerVision/Final_Project/ws/interbotix/install/share/interbotix_xsarm_joy/hook/ld_library_path_lib.ps1'
[3.879s] INFO:colcon.colcon_core.shell:Creating environment descriptor '/home/derek-dietz/MSAI/ComputerVision/Final_Project/ws/interbotix/install/share/interbotix_xsarm_joy/hook/ld_library_path_lib.dsv'
[3.879s] INFO:colcon.colcon_core.shell:Creating environment hook '/home/derek-dietz/MSAI/ComputerVision/Final_Project/ws/interbotix/install/share/interbotix_xsarm_joy/hook/ld_library_path_lib.sh'
[3.879s] Level 1:colcon.colcon_core.environment:checking '/home/derek-dietz/MSAI/ComputerVision/Final_Project/ws/interbotix/install/bin'
[3.879s] Level 1:colcon.colcon_core.environment:checking '/home/derek-dietz/MSAI/ComputerVision/Final_Project/ws/interbotix/install/lib/pkgconfig/interbotix_xsarm_joy.pc'
[3.879s] Level 1:colcon.colcon_core.environment:checking '/home/derek-dietz/MSAI/ComputerVision/Final_Project/ws/interbotix/install/lib/python3.12/site-packages'
[3.879s] Level 1:colcon.colcon_core.shell:create_environment_hook('interbotix_xsarm_joy', 'pythonpath')
[3.880s] INFO:colcon.colcon_core.shell:Creating environment hook '/home/derek-dietz/MSAI/ComputerVision/Final_Project/ws/interbotix/install/share/interbotix_xsarm_joy/hook/pythonpath.ps1'
[3.880s] INFO:colcon.colcon_core.shell:Creating environment descriptor '/home/derek-dietz/MSAI/ComputerVision/Final_Project/ws/interbotix/install/share/interbotix_xsarm_joy/hook/pythonpath.dsv'
[3.880s] INFO:colcon.colcon_core.shell:Creating environment hook '/home/derek-dietz/MSAI/ComputerVision/Final_Project/ws/interbotix/install/share/interbotix_xsarm_joy/hook/pythonpath.sh'
[3.880s] Level 1:colcon.colcon_core.environment:checking '/home/derek-dietz/MSAI/ComputerVision/Final_Project/ws/interbotix/install/bin'
[3.880s] INFO:colcon.colcon_core.shell:Creating package script '/home/derek-dietz/MSAI/ComputerVision/Final_Project/ws/interbotix/install/share/interbotix_xsarm_joy/package.ps1'
[3.881s] INFO:colcon.colcon_core.shell:Creating package descriptor '/home/derek-dietz/MSAI/ComputerVision/Final_Project/ws/interbotix/install/share/interbotix_xsarm_joy/package.dsv'
[3.881s] INFO:colcon.colcon_core.shell:Creating package script '/home/derek-dietz/MSAI/ComputerVision/Final_Project/ws/interbotix/install/share/interbotix_xsarm_joy/package.sh'
[3.881s] INFO:colcon.colcon_core.shell:Creating package script '/home/derek-dietz/MSAI/ComputerVision/Final_Project/ws/interbotix/install/share/interbotix_xsarm_joy/package.bash'
[3.882s] INFO:colcon.colcon_core.shell:Creating package script '/home/derek-dietz/MSAI/ComputerVision/Final_Project/ws/interbotix/install/share/interbotix_xsarm_joy/package.zsh'
[3.882s] Level 1:colcon.colcon_core.environment:create_file_with_runtime_dependencies(/home/derek-dietz/MSAI/ComputerVision/Final_Project/ws/interbotix/install/share/colcon-core/packages/interbotix_xsarm_joy)
[3.883s] Level 1:colcon.colcon_core.environment:create_environment_scripts_only(interbotix_xsarm_puppet)
[3.883s] Level 1:colcon.colcon_core.environment:checking '/home/derek-dietz/MSAI/ComputerVision/Final_Project/ws/interbotix/install' for CMake module files
[3.885s] DEBUG:colcon.colcon_core.event_handler.log_command:Invoked command in '/home/derek-dietz/MSAI/ComputerVision/Final_Project/ws/interbotix/build/interbotix_xsarm_puppet' returned '0': CMAKE_PREFIX_PATH=${CMAKE_PREFIX_PATH}:/opt/ros/kilted DEBUGINFOD_URLS=https://debuginfod.ubuntu.com PYTHONPATH=/home/derek-dietz/MSAI/ComputerVision/Final_Project/ws/interbotix/install/lib/python3.12/site-packages:/home/derek-dietz/MSAI/ComputerVision/Final_Project/ros_ws/build/arm:/home/derek-dietz/MSAI/ComputerVision/Final_Project/ros_ws/install/arm/lib/python3.12/site-packages:/opt/ros/kilted/lib/python3.12/site-packages /usr/bin/cmake --install /home/derek-dietz/MSAI/ComputerVision/Final_Project/ws/interbotix/build/interbotix_xsarm_puppet
[3.885s] Level 1:colcon.colcon_core.environment:checking '/home/derek-dietz/MSAI/ComputerVision/Final_Project/ws/interbotix/install' for CMake config files
[3.885s] Level 1:colcon.colcon_core.shell:create_environment_hook('interbotix_xsarm_puppet', 'cmake_prefix_path')
[3.885s] INFO:colcon.colcon_core.shell:Creating environment hook '/home/derek-dietz/MSAI/ComputerVision/Final_Project/ws/interbotix/install/share/interbotix_xsarm_puppet/hook/cmake_prefix_path.ps1'
[3.885s] INFO:colcon.colcon_core.shell:Creating environment descriptor '/home/derek-dietz/MSAI/ComputerVision/Final_Project/ws/interbotix/install/share/interbotix_xsarm_puppet/hook/cmake_prefix_path.dsv'
[3.886s] INFO:colcon.colcon_core.shell:Creating environment hook '/home/derek-dietz/MSAI/ComputerVision/Final_Project/ws/interbotix/install/share/interbotix_xsarm_puppet/hook/cmake_prefix_path.sh'
[3.886s] Level 1:colcon.colcon_core.environment:checking '/home/derek-dietz/MSAI/ComputerVision/Final_Project/ws/interbotix/install/lib'
[3.886s] Level 1:colcon.colcon_core.shell:create_environment_hook('interbotix_xsarm_puppet', 'ld_library_path_lib')
[3.886s] INFO:colcon.colcon_core.shell:Creating environment hook '/home/derek-dietz/MSAI/ComputerVision/Final_Project/ws/interbotix/install/share/interbotix_xsarm_puppet/hook/ld_library_path_lib.ps1'
[3.886s] INFO:colcon.colcon_core.shell:Creating environment descriptor '/home/derek-dietz/MSAI/ComputerVision/Final_Project/ws/interbotix/install/share/interbotix_xsarm_puppet/hook/ld_library_path_lib.dsv'
[3.887s] INFO:colcon.colcon_core.shell:Creating environment hook '/home/derek-dietz/MSAI/ComputerVision/Final_Project/ws/interbotix/install/share/interbotix_xsarm_puppet/hook/ld_library_path_lib.sh'
[3.887s] Level 1:colcon.colcon_core.environment:checking '/home/derek-dietz/MSAI/ComputerVision/Final_Project/ws/interbotix/install/bin'
[3.887s] Level 1:colcon.colcon_core.environment:checking '/home/derek-dietz/MSAI/ComputerVision/Final_Project/ws/interbotix/install/lib/pkgconfig/interbotix_xsarm_puppet.pc'
[3.887s] Level 1:colcon.colcon_core.environment:checking '/home/derek-dietz/MSAI/ComputerVision/Final_Project/ws/interbotix/install/lib/python3.12/site-packages'
[3.887s] Level 1:colcon.colcon_core.shell:create_environment_hook('interbotix_xsarm_puppet', 'pythonpath')
[3.887s] INFO:colcon.colcon_core.shell:Creating environment hook '/home/derek-dietz/MSAI/ComputerVision/Final_Project/ws/interbotix/install/share/interbotix_xsarm_puppet/hook/pythonpath.ps1'
[3.887s] INFO:colcon.colcon_core.shell:Creating environment descriptor '/home/derek-dietz/MSAI/ComputerVision/Final_Project/ws/interbotix/install/share/interbotix_xsarm_puppet/hook/pythonpath.dsv'
[3.887s] INFO:colcon.colcon_core.shell:Creating environment hook '/home/derek-dietz/MSAI/ComputerVision/Final_Project/ws/interbotix/install/share/interbotix_xsarm_puppet/hook/pythonpath.sh'
[3.888s] Level 1:colcon.colcon_core.environment:checking '/home/derek-dietz/MSAI/ComputerVision/Final_Project/ws/interbotix/install/bin'
[3.888s] INFO:colcon.colcon_core.shell:Creating package script '/home/derek-dietz/MSAI/ComputerVision/Final_Project/ws/interbotix/install/share/interbotix_xsarm_puppet/package.ps1'
[3.888s] INFO:colcon.colcon_core.shell:Creating package descriptor '/home/derek-dietz/MSAI/ComputerVision/Final_Project/ws/interbotix/install/share/interbotix_xsarm_puppet/package.dsv'
[3.889s] INFO:colcon.colcon_core.shell:Creating package script '/home/derek-dietz/MSAI/ComputerVision/Final_Project/ws/interbotix/install/share/interbotix_xsarm_puppet/package.sh'
[3.889s] INFO:colcon.colcon_core.shell:Creating package script '/home/derek-dietz/MSAI/ComputerVision/Final_Project/ws/interbotix/install/share/interbotix_xsarm_puppet/package.bash'
[3.889s] INFO:colcon.colcon_core.shell:Creating package script '/home/derek-dietz/MSAI/ComputerVision/Final_Project/ws/interbotix/install/share/interbotix_xsarm_puppet/package.zsh'
[3.889s] Level 1:colcon.colcon_core.environment:create_file_with_runtime_dependencies(/home/derek-dietz/MSAI/ComputerVision/Final_Project/ws/interbotix/install/share/colcon-core/packages/interbotix_xsarm_puppet)
[3.889s] Level 1:colcon.colcon_core.environment:create_environment_scripts_only(interbotix_xsarm_puppet)
[3.889s] Level 1:colcon.colcon_core.environment:checking '/home/derek-dietz/MSAI/ComputerVision/Final_Project/ws/interbotix/install' for CMake module files
[3.890s] Level 1:colcon.colcon_core.environment:checking '/home/derek-dietz/MSAI/ComputerVision/Final_Project/ws/interbotix/install' for CMake config files
[3.890s] Level 1:colcon.colcon_core.shell:create_environment_hook('interbotix_xsarm_puppet', 'cmake_prefix_path')
[3.890s] INFO:colcon.colcon_core.shell:Creating environment hook '/home/derek-dietz/MSAI/ComputerVision/Final_Project/ws/interbotix/install/share/interbotix_xsarm_puppet/hook/cmake_prefix_path.ps1'
[3.890s] INFO:colcon.colcon_core.shell:Creating environment descriptor '/home/derek-dietz/MSAI/ComputerVision/Final_Project/ws/interbotix/install/share/interbotix_xsarm_puppet/hook/cmake_prefix_path.dsv'
[3.891s] INFO:colcon.colcon_core.shell:Creating environment hook '/home/derek-dietz/MSAI/ComputerVision/Final_Project/ws/interbotix/install/share/interbotix_xsarm_puppet/hook/cmake_prefix_path.sh'
[3.891s] Level 1:colcon.colcon_core.environment:checking '/home/derek-dietz/MSAI/ComputerVision/Final_Project/ws/interbotix/install/lib'
[3.891s] Level 1:colcon.colcon_core.shell:create_environment_hook('interbotix_xsarm_puppet', 'ld_library_path_lib')
[3.891s] INFO:colcon.colcon_core.shell:Creating environment hook '/home/derek-dietz/MSAI/ComputerVision/Final_Project/ws/interbotix/install/share/interbotix_xsarm_puppet/hook/ld_library_path_lib.ps1'
[3.891s] INFO:colcon.colcon_core.shell:Creating environment descriptor '/home/derek-dietz/MSAI/ComputerVision/Final_Project/ws/interbotix/install/share/interbotix_xsarm_puppet/hook/ld_library_path_lib.dsv'
[3.891s] INFO:colcon.colcon_core.shell:Creating environment hook '/home/derek-dietz/MSAI/ComputerVision/Final_Project/ws/interbotix/install/share/interbotix_xsarm_puppet/hook/ld_library_path_lib.sh'
[3.892s] Level 1:colcon.colcon_core.environment:checking '/home/derek-dietz/MSAI/ComputerVision/Final_Project/ws/interbotix/install/bin'
[3.892s] Level 1:colcon.colcon_core.environment:checking '/home/derek-dietz/MSAI/ComputerVision/Final_Project/ws/interbotix/install/lib/pkgconfig/interbotix_xsarm_puppet.pc'
[3.892s] Level 1:colcon.colcon_core.environment:checking '/home/derek-dietz/MSAI/ComputerVision/Final_Project/ws/interbotix/install/lib/python3.12/site-packages'
[3.892s] Level 1:colcon.colcon_core.shell:create_environment_hook('interbotix_xsarm_puppet', 'pythonpath')
[3.892s] INFO:colcon.colcon_core.shell:Creating environment hook '/home/derek-dietz/MSAI/ComputerVision/Final_Project/ws/interbotix/install/share/interbotix_xsarm_puppet/hook/pythonpath.ps1'
[3.892s] INFO:colcon.colcon_core.shell:Creating environment descriptor '/home/derek-dietz/MSAI/ComputerVision/Final_Project/ws/interbotix/install/share/interbotix_xsarm_puppet/hook/pythonpath.dsv'
[3.892s] INFO:colcon.colcon_core.shell:Creating environment hook '/home/derek-dietz/MSAI/ComputerVision/Final_Project/ws/interbotix/install/share/interbotix_xsarm_puppet/hook/pythonpath.sh'
[3.893s] Level 1:colcon.colcon_core.environment:checking '/home/derek-dietz/MSAI/ComputerVision/Final_Project/ws/interbotix/install/bin'
[3.893s] INFO:colcon.colcon_core.shell:Creating package script '/home/derek-dietz/MSAI/ComputerVision/Final_Project/ws/interbotix/install/share/interbotix_xsarm_puppet/package.ps1'
[3.893s] INFO:colcon.colcon_core.shell:Creating package descriptor '/home/derek-dietz/MSAI/ComputerVision/Final_Project/ws/interbotix/install/share/interbotix_xsarm_puppet/package.dsv'
[3.894s] INFO:colcon.colcon_core.shell:Creating package script '/home/derek-dietz/MSAI/ComputerVision/Final_Project/ws/interbotix/install/share/interbotix_xsarm_puppet/package.sh'
[3.894s] INFO:colcon.colcon_core.shell:Creating package script '/home/derek-dietz/MSAI/ComputerVision/Final_Project/ws/interbotix/install/share/interbotix_xsarm_puppet/package.bash'
[3.894s] INFO:colcon.colcon_core.shell:Creating package script '/home/derek-dietz/MSAI/ComputerVision/Final_Project/ws/interbotix/install/share/interbotix_xsarm_puppet/package.zsh'
[3.894s] Level 1:colcon.colcon_core.environment:create_file_with_runtime_dependencies(/home/derek-dietz/MSAI/ComputerVision/Final_Project/ws/interbotix/install/share/colcon-core/packages/interbotix_xsarm_puppet)
[3.912s] DEBUG:colcon.colcon_core.event_handler.log_command:Invoked command in '/home/derek-dietz/MSAI/ComputerVision/Final_Project/ws/interbotix/build/interbotix_xsarm_moveit' returned '0': CMAKE_PREFIX_PATH=${CMAKE_PREFIX_PATH}:/opt/ros/kilted DEBUGINFOD_URLS=https://debuginfod.ubuntu.com PYTHONPATH=/home/derek-dietz/MSAI/ComputerVision/Final_Project/ws/interbotix/install/lib/python3.12/site-packages:/home/derek-dietz/MSAI/ComputerVision/Final_Project/ros_ws/build/arm:/home/derek-dietz/MSAI/ComputerVision/Final_Project/ros_ws/install/arm/lib/python3.12/site-packages:/opt/ros/kilted/lib/python3.12/site-packages /usr/bin/cmake --build /home/derek-dietz/MSAI/ComputerVision/Final_Project/ws/interbotix/build/interbotix_xsarm_moveit -- -j22 -l22
[3.913s] DEBUG:colcon.colcon_core.event_handler.log_command:Invoking command in '/home/derek-dietz/MSAI/ComputerVision/Final_Project/ws/interbotix/build/interbotix_xsarm_moveit': CMAKE_PREFIX_PATH=${CMAKE_PREFIX_PATH}:/opt/ros/kilted DEBUGINFOD_URLS=https://debuginfod.ubuntu.com PYTHONPATH=/home/derek-dietz/MSAI/ComputerVision/Final_Project/ws/interbotix/install/lib/python3.12/site-packages:/home/derek-dietz/MSAI/ComputerVision/Final_Project/ros_ws/build/arm:/home/derek-dietz/MSAI/ComputerVision/Final_Project/ros_ws/install/arm/lib/python3.12/site-packages:/opt/ros/kilted/lib/python3.12/site-packages /usr/bin/cmake --install /home/derek-dietz/MSAI/ComputerVision/Final_Project/ws/interbotix/build/interbotix_xsarm_moveit
[3.927s] Level 1:colcon.colcon_core.environment:create_environment_scripts_only(interbotix_xsarm_moveit)
[3.927s] DEBUG:colcon.colcon_core.event_handler.log_command:Invoked command in '/home/derek-dietz/MSAI/ComputerVision/Final_Project/ws/interbotix/build/interbotix_xsarm_moveit' returned '0': CMAKE_PREFIX_PATH=${CMAKE_PREFIX_PATH}:/opt/ros/kilted DEBUGINFOD_URLS=https://debuginfod.ubuntu.com PYTHONPATH=/home/derek-dietz/MSAI/ComputerVision/Final_Project/ws/interbotix/install/lib/python3.12/site-packages:/home/derek-dietz/MSAI/ComputerVision/Final_Project/ros_ws/build/arm:/home/derek-dietz/MSAI/ComputerVision/Final_Project/ros_ws/install/arm/lib/python3.12/site-packages:/opt/ros/kilted/lib/python3.12/site-packages /usr/bin/cmake --install /home/derek-dietz/MSAI/ComputerVision/Final_Project/ws/interbotix/build/interbotix_xsarm_moveit
[3.927s] Level 1:colcon.colcon_core.environment:checking '/home/derek-dietz/MSAI/ComputerVision/Final_Project/ws/interbotix/install' for CMake module files
[3.928s] Level 1:colcon.colcon_core.environment:checking '/home/derek-dietz/MSAI/ComputerVision/Final_Project/ws/interbotix/install' for CMake config files
[3.929s] Level 1:colcon.colcon_core.shell:create_environment_hook('interbotix_xsarm_moveit', 'cmake_prefix_path')
[3.930s] INFO:colcon.colcon_core.shell:Creating environment hook '/home/derek-dietz/MSAI/ComputerVision/Final_Project/ws/interbotix/install/share/interbotix_xsarm_moveit/hook/cmake_prefix_path.ps1'
[3.930s] INFO:colcon.colcon_core.shell:Creating environment descriptor '/home/derek-dietz/MSAI/ComputerVision/Final_Project/ws/interbotix/install/share/interbotix_xsarm_moveit/hook/cmake_prefix_path.dsv'
[3.931s] INFO:colcon.colcon_core.shell:Creating environment hook '/home/derek-dietz/MSAI/ComputerVision/Final_Project/ws/interbotix/install/share/interbotix_xsarm_moveit/hook/cmake_prefix_path.sh'
[3.932s] Level 1:colcon.colcon_core.environment:checking '/home/derek-dietz/MSAI/ComputerVision/Final_Project/ws/interbotix/install/lib'
[3.932s] Level 1:colcon.colcon_core.shell:create_environment_hook('interbotix_xsarm_moveit', 'ld_library_path_lib')
[3.932s] INFO:colcon.colcon_core.shell:Creating environment hook '/home/derek-dietz/MSAI/ComputerVision/Final_Project/ws/interbotix/install/share/interbotix_xsarm_moveit/hook/ld_library_path_lib.ps1'
[3.932s] INFO:colcon.colcon_core.shell:Creating environment descriptor '/home/derek-dietz/MSAI/ComputerVision/Final_Project/ws/interbotix/install/share/interbotix_xsarm_moveit/hook/ld_library_path_lib.dsv'
[3.933s] INFO:colcon.colcon_core.shell:Creating environment hook '/home/derek-dietz/MSAI/ComputerVision/Final_Project/ws/interbotix/install/share/interbotix_xsarm_moveit/hook/ld_library_path_lib.sh'
[3.933s] Level 1:colcon.colcon_core.environment:checking '/home/derek-dietz/MSAI/ComputerVision/Final_Project/ws/interbotix/install/bin'
[3.933s] Level 1:colcon.colcon_core.environment:checking '/home/derek-dietz/MSAI/ComputerVision/Final_Project/ws/interbotix/install/lib/pkgconfig/interbotix_xsarm_moveit.pc'
[3.934s] Level 1:colcon.colcon_core.environment:checking '/home/derek-dietz/MSAI/ComputerVision/Final_Project/ws/interbotix/install/lib/python3.12/site-packages'
[3.934s] Level 1:colcon.colcon_core.shell:create_environment_hook('interbotix_xsarm_moveit', 'pythonpath')
[3.934s] INFO:colcon.colcon_core.shell:Creating environment hook '/home/derek-dietz/MSAI/ComputerVision/Final_Project/ws/interbotix/install/share/interbotix_xsarm_moveit/hook/pythonpath.ps1'
[3.934s] INFO:colcon.colcon_core.shell:Creating environment descriptor '/home/derek-dietz/MSAI/ComputerVision/Final_Project/ws/interbotix/install/share/interbotix_xsarm_moveit/hook/pythonpath.dsv'
[3.935s] INFO:colcon.colcon_core.shell:Creating environment hook '/home/derek-dietz/MSAI/ComputerVision/Final_Project/ws/interbotix/install/share/interbotix_xsarm_moveit/hook/pythonpath.sh'
[3.936s] Level 1:colcon.colcon_core.environment:checking '/home/derek-dietz/MSAI/ComputerVision/Final_Project/ws/interbotix/install/bin'
[3.936s] INFO:colcon.colcon_core.shell:Creating package script '/home/derek-dietz/MSAI/ComputerVision/Final_Project/ws/interbotix/install/share/interbotix_xsarm_moveit/package.ps1'
[3.936s] INFO:colcon.colcon_core.shell:Creating package descriptor '/home/derek-dietz/MSAI/ComputerVision/Final_Project/ws/interbotix/install/share/interbotix_xsarm_moveit/package.dsv'
[3.937s] INFO:colcon.colcon_core.shell:Creating package script '/home/derek-dietz/MSAI/ComputerVision/Final_Project/ws/interbotix/install/share/interbotix_xsarm_moveit/package.sh'
[3.937s] INFO:colcon.colcon_core.shell:Creating package script '/home/derek-dietz/MSAI/ComputerVision/Final_Project/ws/interbotix/install/share/interbotix_xsarm_moveit/package.bash'
[3.938s] INFO:colcon.colcon_core.shell:Creating package script '/home/derek-dietz/MSAI/ComputerVision/Final_Project/ws/interbotix/install/share/interbotix_xsarm_moveit/package.zsh'
[3.938s] Level 1:colcon.colcon_core.environment:create_file_with_runtime_dependencies(/home/derek-dietz/MSAI/ComputerVision/Final_Project/ws/interbotix/install/share/colcon-core/packages/interbotix_xsarm_moveit)
[3.938s] Level 1:colcon.colcon_core.environment:create_environment_scripts_only(interbotix_xsarm_moveit)
[3.938s] Level 1:colcon.colcon_core.environment:checking '/home/derek-dietz/MSAI/ComputerVision/Final_Project/ws/interbotix/install' for CMake module files
[3.939s] Level 1:colcon.colcon_core.environment:checking '/home/derek-dietz/MSAI/ComputerVision/Final_Project/ws/interbotix/install' for CMake config files
[3.939s] Level 1:colcon.colcon_core.shell:create_environment_hook('interbotix_xsarm_moveit', 'cmake_prefix_path')
[3.939s] INFO:colcon.colcon_core.shell:Creating environment hook '/home/derek-dietz/MSAI/ComputerVision/Final_Project/ws/interbotix/install/share/interbotix_xsarm_moveit/hook/cmake_prefix_path.ps1'
[3.940s] INFO:colcon.colcon_core.shell:Creating environment descriptor '/home/derek-dietz/MSAI/ComputerVision/Final_Project/ws/interbotix/install/share/interbotix_xsarm_moveit/hook/cmake_prefix_path.dsv'
[3.940s] INFO:colcon.colcon_core.shell:Creating environment hook '/home/derek-dietz/MSAI/ComputerVision/Final_Project/ws/interbotix/install/share/interbotix_xsarm_moveit/hook/cmake_prefix_path.sh'
[3.940s] Level 1:colcon.colcon_core.environment:checking '/home/derek-dietz/MSAI/ComputerVision/Final_Project/ws/interbotix/install/lib'
[3.941s] Level 1:colcon.colcon_core.shell:create_environment_hook('interbotix_xsarm_moveit', 'ld_library_path_lib')
[3.941s] INFO:colcon.colcon_core.shell:Creating environment hook '/home/derek-dietz/MSAI/ComputerVision/Final_Project/ws/interbotix/install/share/interbotix_xsarm_moveit/hook/ld_library_path_lib.ps1'
[3.941s] INFO:colcon.colcon_core.shell:Creating environment descriptor '/home/derek-dietz/MSAI/ComputerVision/Final_Project/ws/interbotix/install/share/interbotix_xsarm_moveit/hook/ld_library_path_lib.dsv'
[3.941s] INFO:colcon.colcon_core.shell:Creating environment hook '/home/derek-dietz/MSAI/ComputerVision/Final_Project/ws/interbotix/install/share/interbotix_xsarm_moveit/hook/ld_library_path_lib.sh'
[3.941s] Level 1:colcon.colcon_core.environment:checking '/home/derek-dietz/MSAI/ComputerVision/Final_Project/ws/interbotix/install/bin'
[3.941s] Level 1:colcon.colcon_core.environment:checking '/home/derek-dietz/MSAI/ComputerVision/Final_Project/ws/interbotix/install/lib/pkgconfig/interbotix_xsarm_moveit.pc'
[3.942s] Level 1:colcon.colcon_core.environment:checking '/home/derek-dietz/MSAI/ComputerVision/Final_Project/ws/interbotix/install/lib/python3.12/site-packages'
[3.942s] Level 1:colcon.colcon_core.shell:create_environment_hook('interbotix_xsarm_moveit', 'pythonpath')
[3.942s] INFO:colcon.colcon_core.shell:Creating environment hook '/home/derek-dietz/MSAI/ComputerVision/Final_Project/ws/interbotix/install/share/interbotix_xsarm_moveit/hook/pythonpath.ps1'
[3.942s] INFO:colcon.colcon_core.shell:Creating environment descriptor '/home/derek-dietz/MSAI/ComputerVision/Final_Project/ws/interbotix/install/share/interbotix_xsarm_moveit/hook/pythonpath.dsv'
[3.942s] INFO:colcon.colcon_core.shell:Creating environment hook '/home/derek-dietz/MSAI/ComputerVision/Final_Project/ws/interbotix/install/share/interbotix_xsarm_moveit/hook/pythonpath.sh'
[3.943s] Level 1:colcon.colcon_core.environment:checking '/home/derek-dietz/MSAI/ComputerVision/Final_Project/ws/interbotix/install/bin'
[3.943s] INFO:colcon.colcon_core.shell:Creating package script '/home/derek-dietz/MSAI/ComputerVision/Final_Project/ws/interbotix/install/share/interbotix_xsarm_moveit/package.ps1'
[3.943s] INFO:colcon.colcon_core.shell:Creating package descriptor '/home/derek-dietz/MSAI/ComputerVision/Final_Project/ws/interbotix/install/share/interbotix_xsarm_moveit/package.dsv'
[3.943s] INFO:colcon.colcon_core.shell:Creating package script '/home/derek-dietz/MSAI/ComputerVision/Final_Project/ws/interbotix/install/share/interbotix_xsarm_moveit/package.sh'
[3.944s] INFO:colcon.colcon_core.shell:Creating package script '/home/derek-dietz/MSAI/ComputerVision/Final_Project/ws/interbotix/install/share/interbotix_xsarm_moveit/package.bash'
[3.944s] INFO:colcon.colcon_core.shell:Creating package script '/home/derek-dietz/MSAI/ComputerVision/Final_Project/ws/interbotix/install/share/interbotix_xsarm_moveit/package.zsh'
[3.944s] Level 1:colcon.colcon_core.environment:create_file_with_runtime_dependencies(/home/derek-dietz/MSAI/ComputerVision/Final_Project/ws/interbotix/install/share/colcon-core/packages/interbotix_xsarm_moveit)
[3.944s] INFO:colcon.colcon_ros.task.ament_cmake.build:Building ROS package in '/home/derek-dietz/MSAI/ComputerVision/Final_Project/ws/interbotix/src/interbotix_ros_manipulators/interbotix_ros_xsarms/interbotix_ros_xsarms' with build type 'ament_cmake'
[3.944s] INFO:colcon.colcon_cmake.task.cmake.build:Building CMake package in '/home/derek-dietz/MSAI/ComputerVision/Final_Project/ws/interbotix/src/interbotix_ros_manipulators/interbotix_ros_xsarms/interbotix_ros_xsarms'
[3.944s] INFO:colcon.colcon_core.shell:Skip shell extension 'powershell' for command environment: Not usable outside of PowerShell
[3.944s] DEBUG:colcon.colcon_core.shell:Skip shell extension 'dsv' for command environment
[3.947s] INFO:colcon.colcon_ros.task.ament_cmake.build:Building ROS package in '/home/derek-dietz/MSAI/ComputerVision/Final_Project/ws/interbotix/src/interbotix_ros_manipulators/interbotix_ros_xsarms/examples/interbotix_xsarm_moveit_interface' with build type 'ament_cmake'
[3.947s] INFO:colcon.colcon_cmake.task.cmake.build:Building CMake package in '/home/derek-dietz/MSAI/ComputerVision/Final_Project/ws/interbotix/src/interbotix_ros_manipulators/interbotix_ros_xsarms/examples/interbotix_xsarm_moveit_interface'
[3.948s] INFO:colcon.colcon_core.shell:Skip shell extension 'powershell' for command environment: Not usable outside of PowerShell
[3.948s] DEBUG:colcon.colcon_core.shell:Skip shell extension 'dsv' for command environment
[3.971s] DEBUG:colcon.colcon_core.event_handler.log_command:Invoking command in '/home/derek-dietz/MSAI/ComputerVision/Final_Project/ws/interbotix/build/interbotix_ros_xsarms': CMAKE_PREFIX_PATH=${CMAKE_PREFIX_PATH}:/opt/ros/kilted DEBUGINFOD_URLS=https://debuginfod.ubuntu.com PYTHONPATH=/home/derek-dietz/MSAI/ComputerVision/Final_Project/ws/interbotix/install/lib/python3.12/site-packages:/home/derek-dietz/MSAI/ComputerVision/Final_Project/ros_ws/build/arm:/home/derek-dietz/MSAI/ComputerVision/Final_Project/ros_ws/install/arm/lib/python3.12/site-packages:/opt/ros/kilted/lib/python3.12/site-packages /usr/bin/cmake --build /home/derek-dietz/MSAI/ComputerVision/Final_Project/ws/interbotix/build/interbotix_ros_xsarms -- -j22 -l22
[3.980s] DEBUG:colcon.colcon_core.event_handler.log_command:Invoking command in '/home/derek-dietz/MSAI/ComputerVision/Final_Project/ws/interbotix/build/interbotix_xsarm_moveit_interface': CMAKE_PREFIX_PATH=${CMAKE_PREFIX_PATH}:/opt/ros/kilted DEBUGINFOD_URLS=https://debuginfod.ubuntu.com PYTHONPATH=/home/derek-dietz/MSAI/ComputerVision/Final_Project/ws/interbotix/install/lib/python3.12/site-packages:/home/derek-dietz/MSAI/ComputerVision/Final_Project/ros_ws/build/arm:/home/derek-dietz/MSAI/ComputerVision/Final_Project/ros_ws/install/arm/lib/python3.12/site-packages:/opt/ros/kilted/lib/python3.12/site-packages /usr/bin/cmake --build /home/derek-dietz/MSAI/ComputerVision/Final_Project/ws/interbotix/build/interbotix_xsarm_moveit_interface -- -j22 -l22
[4.016s] DEBUG:colcon.colcon_core.event_handler.log_command:Invoked command in '/home/derek-dietz/MSAI/ComputerVision/Final_Project/ws/interbotix/build/interbotix_ros_xsarms' returned '0': CMAKE_PREFIX_PATH=${CMAKE_PREFIX_PATH}:/opt/ros/kilted DEBUGINFOD_URLS=https://debuginfod.ubuntu.com PYTHONPATH=/home/derek-dietz/MSAI/ComputerVision/Final_Project/ws/interbotix/install/lib/python3.12/site-packages:/home/derek-dietz/MSAI/ComputerVision/Final_Project/ros_ws/build/arm:/home/derek-dietz/MSAI/ComputerVision/Final_Project/ros_ws/install/arm/lib/python3.12/site-packages:/opt/ros/kilted/lib/python3.12/site-packages /usr/bin/cmake --build /home/derek-dietz/MSAI/ComputerVision/Final_Project/ws/interbotix/build/interbotix_ros_xsarms -- -j22 -l22
[4.017s] DEBUG:colcon.colcon_core.event_handler.log_command:Invoking command in '/home/derek-dietz/MSAI/ComputerVision/Final_Project/ws/interbotix/build/interbotix_ros_xsarms': CMAKE_PREFIX_PATH=${CMAKE_PREFIX_PATH}:/opt/ros/kilted DEBUGINFOD_URLS=https://debuginfod.ubuntu.com PYTHONPATH=/home/derek-dietz/MSAI/ComputerVision/Final_Project/ws/interbotix/install/lib/python3.12/site-packages:/home/derek-dietz/MSAI/ComputerVision/Final_Project/ros_ws/build/arm:/home/derek-dietz/MSAI/ComputerVision/Final_Project/ros_ws/install/arm/lib/python3.12/site-packages:/opt/ros/kilted/lib/python3.12/site-packages /usr/bin/cmake --install /home/derek-dietz/MSAI/ComputerVision/Final_Project/ws/interbotix/build/interbotix_ros_xsarms
[4.026s] DEBUG:colcon.colcon_core.event_handler.log_command:Invoked command in '/home/derek-dietz/MSAI/ComputerVision/Final_Project/ws/interbotix/build/interbotix_xsarm_moveit_interface' returned '0': CMAKE_PREFIX_PATH=${CMAKE_PREFIX_PATH}:/opt/ros/kilted DEBUGINFOD_URLS=https://debuginfod.ubuntu.com PYTHONPATH=/home/derek-dietz/MSAI/ComputerVision/Final_Project/ws/interbotix/install/lib/python3.12/site-packages:/home/derek-dietz/MSAI/ComputerVision/Final_Project/ros_ws/build/arm:/home/derek-dietz/MSAI/ComputerVision/Final_Project/ros_ws/install/arm/lib/python3.12/site-packages:/opt/ros/kilted/lib/python3.12/site-packages /usr/bin/cmake --build /home/derek-dietz/MSAI/ComputerVision/Final_Project/ws/interbotix/build/interbotix_xsarm_moveit_interface -- -j22 -l22
[4.028s] DEBUG:colcon.colcon_core.event_handler.log_command:Invoking command in '/home/derek-dietz/MSAI/ComputerVision/Final_Project/ws/interbotix/build/interbotix_xsarm_moveit_interface': CMAKE_PREFIX_PATH=${CMAKE_PREFIX_PATH}:/opt/ros/kilted DEBUGINFOD_URLS=https://debuginfod.ubuntu.com PYTHONPATH=/home/derek-dietz/MSAI/ComputerVision/Final_Project/ws/interbotix/install/lib/python3.12/site-packages:/home/derek-dietz/MSAI/ComputerVision/Final_Project/ros_ws/build/arm:/home/derek-dietz/MSAI/ComputerVision/Final_Project/ros_ws/install/arm/lib/python3.12/site-packages:/opt/ros/kilted/lib/python3.12/site-packages /usr/bin/cmake --install /home/derek-dietz/MSAI/ComputerVision/Final_Project/ws/interbotix/build/interbotix_xsarm_moveit_interface
[4.030s] Level 1:colcon.colcon_core.environment:create_environment_scripts_only(interbotix_ros_xsarms)
[4.030s] DEBUG:colcon.colcon_core.event_handler.log_command:Invoked command in '/home/derek-dietz/MSAI/ComputerVision/Final_Project/ws/interbotix/build/interbotix_ros_xsarms' returned '0': CMAKE_PREFIX_PATH=${CMAKE_PREFIX_PATH}:/opt/ros/kilted DEBUGINFOD_URLS=https://debuginfod.ubuntu.com PYTHONPATH=/home/derek-dietz/MSAI/ComputerVision/Final_Project/ws/interbotix/install/lib/python3.12/site-packages:/home/derek-dietz/MSAI/ComputerVision/Final_Project/ros_ws/build/arm:/home/derek-dietz/MSAI/ComputerVision/Final_Project/ros_ws/install/arm/lib/python3.12/site-packages:/opt/ros/kilted/lib/python3.12/site-packages /usr/bin/cmake --install /home/derek-dietz/MSAI/ComputerVision/Final_Project/ws/interbotix/build/interbotix_ros_xsarms
[4.030s] Level 1:colcon.colcon_core.environment:checking '/home/derek-dietz/MSAI/ComputerVision/Final_Project/ws/interbotix/install' for CMake module files
[4.031s] Level 1:colcon.colcon_core.environment:checking '/home/derek-dietz/MSAI/ComputerVision/Final_Project/ws/interbotix/install' for CMake config files
[4.032s] Level 1:colcon.colcon_core.shell:create_environment_hook('interbotix_ros_xsarms', 'cmake_prefix_path')
[4.032s] INFO:colcon.colcon_core.shell:Creating environment hook '/home/derek-dietz/MSAI/ComputerVision/Final_Project/ws/interbotix/install/share/interbotix_ros_xsarms/hook/cmake_prefix_path.ps1'
[4.033s] INFO:colcon.colcon_core.shell:Creating environment descriptor '/home/derek-dietz/MSAI/ComputerVision/Final_Project/ws/interbotix/install/share/interbotix_ros_xsarms/hook/cmake_prefix_path.dsv'
[4.033s] INFO:colcon.colcon_core.shell:Creating environment hook '/home/derek-dietz/MSAI/ComputerVision/Final_Project/ws/interbotix/install/share/interbotix_ros_xsarms/hook/cmake_prefix_path.sh'
[4.034s] Level 1:colcon.colcon_core.environment:checking '/home/derek-dietz/MSAI/ComputerVision/Final_Project/ws/interbotix/install/lib'
[4.034s] Level 1:colcon.colcon_core.shell:create_environment_hook('interbotix_ros_xsarms', 'ld_library_path_lib')
[4.034s] INFO:colcon.colcon_core.shell:Creating environment hook '/home/derek-dietz/MSAI/ComputerVision/Final_Project/ws/interbotix/install/share/interbotix_ros_xsarms/hook/ld_library_path_lib.ps1'
[4.035s] INFO:colcon.colcon_core.shell:Creating environment descriptor '/home/derek-dietz/MSAI/ComputerVision/Final_Project/ws/interbotix/install/share/interbotix_ros_xsarms/hook/ld_library_path_lib.dsv'
[4.035s] INFO:colcon.colcon_core.shell:Creating environment hook '/home/derek-dietz/MSAI/ComputerVision/Final_Project/ws/interbotix/install/share/interbotix_ros_xsarms/hook/ld_library_path_lib.sh'
[4.036s] Level 1:colcon.colcon_core.environment:checking '/home/derek-dietz/MSAI/ComputerVision/Final_Project/ws/interbotix/install/bin'
[4.036s] Level 1:colcon.colcon_core.environment:checking '/home/derek-dietz/MSAI/ComputerVision/Final_Project/ws/interbotix/install/lib/pkgconfig/interbotix_ros_xsarms.pc'
[4.036s] Level 1:colcon.colcon_core.environment:checking '/home/derek-dietz/MSAI/ComputerVision/Final_Project/ws/interbotix/install/lib/python3.12/site-packages'
[4.036s] Level 1:colcon.colcon_core.shell:create_environment_hook('interbotix_ros_xsarms', 'pythonpath')
[4.036s] INFO:colcon.colcon_core.shell:Creating environment hook '/home/derek-dietz/MSAI/ComputerVision/Final_Project/ws/interbotix/install/share/interbotix_ros_xsarms/hook/pythonpath.ps1'
[4.039s] INFO:colcon.colcon_core.shell:Creating environment descriptor '/home/derek-dietz/MSAI/ComputerVision/Final_Project/ws/interbotix/install/share/interbotix_ros_xsarms/hook/pythonpath.dsv'
[4.040s] INFO:colcon.colcon_core.shell:Creating environment hook '/home/derek-dietz/MSAI/ComputerVision/Final_Project/ws/interbotix/install/share/interbotix_ros_xsarms/hook/pythonpath.sh'
[4.040s] Level 1:colcon.colcon_core.environment:checking '/home/derek-dietz/MSAI/ComputerVision/Final_Project/ws/interbotix/install/bin'
[4.041s] INFO:colcon.colcon_core.shell:Creating package script '/home/derek-dietz/MSAI/ComputerVision/Final_Project/ws/interbotix/install/share/interbotix_ros_xsarms/package.ps1'
[4.041s] INFO:colcon.colcon_core.shell:Creating package descriptor '/home/derek-dietz/MSAI/ComputerVision/Final_Project/ws/interbotix/install/share/interbotix_ros_xsarms/package.dsv'
[4.042s] INFO:colcon.colcon_core.shell:Creating package script '/home/derek-dietz/MSAI/ComputerVision/Final_Project/ws/interbotix/install/share/interbotix_ros_xsarms/package.sh'
[4.042s] INFO:colcon.colcon_core.shell:Creating package script '/home/derek-dietz/MSAI/ComputerVision/Final_Project/ws/interbotix/install/share/interbotix_ros_xsarms/package.bash'
[4.043s] INFO:colcon.colcon_core.shell:Creating package script '/home/derek-dietz/MSAI/ComputerVision/Final_Project/ws/interbotix/install/share/interbotix_ros_xsarms/package.zsh'
[4.043s] Level 1:colcon.colcon_core.environment:create_file_with_runtime_dependencies(/home/derek-dietz/MSAI/ComputerVision/Final_Project/ws/interbotix/install/share/colcon-core/packages/interbotix_ros_xsarms)
[4.043s] Level 1:colcon.colcon_core.environment:create_environment_scripts_only(interbotix_ros_xsarms)
[4.044s] Level 1:colcon.colcon_core.environment:checking '/home/derek-dietz/MSAI/ComputerVision/Final_Project/ws/interbotix/install' for CMake module files
[4.044s] Level 1:colcon.colcon_core.environment:checking '/home/derek-dietz/MSAI/ComputerVision/Final_Project/ws/interbotix/install' for CMake config files
[4.045s] Level 1:colcon.colcon_core.shell:create_environment_hook('interbotix_ros_xsarms', 'cmake_prefix_path')
[4.045s] INFO:colcon.colcon_core.shell:Creating environment hook '/home/derek-dietz/MSAI/ComputerVision/Final_Project/ws/interbotix/install/share/interbotix_ros_xsarms/hook/cmake_prefix_path.ps1'
[4.045s] INFO:colcon.colcon_core.shell:Creating environment descriptor '/home/derek-dietz/MSAI/ComputerVision/Final_Project/ws/interbotix/install/share/interbotix_ros_xsarms/hook/cmake_prefix_path.dsv'
[4.045s] INFO:colcon.colcon_core.shell:Creating environment hook '/home/derek-dietz/MSAI/ComputerVision/Final_Project/ws/interbotix/install/share/interbotix_ros_xsarms/hook/cmake_prefix_path.sh'
[4.046s] Level 1:colcon.colcon_core.environment:checking '/home/derek-dietz/MSAI/ComputerVision/Final_Project/ws/interbotix/install/lib'
[4.046s] Level 1:colcon.colcon_core.shell:create_environment_hook('interbotix_ros_xsarms', 'ld_library_path_lib')
[4.046s] INFO:colcon.colcon_core.shell:Creating environment hook '/home/derek-dietz/MSAI/ComputerVision/Final_Project/ws/interbotix/install/share/interbotix_ros_xsarms/hook/ld_library_path_lib.ps1'
[4.046s] INFO:colcon.colcon_core.shell:Creating environment descriptor '/home/derek-dietz/MSAI/ComputerVision/Final_Project/ws/interbotix/install/share/interbotix_ros_xsarms/hook/ld_library_path_lib.dsv'
[4.047s] INFO:colcon.colcon_core.shell:Creating environment hook '/home/derek-dietz/MSAI/ComputerVision/Final_Project/ws/interbotix/install/share/interbotix_ros_xsarms/hook/ld_library_path_lib.sh'
[4.047s] Level 1:colcon.colcon_core.environment:checking '/home/derek-dietz/MSAI/ComputerVision/Final_Project/ws/interbotix/install/bin'
[4.047s] Level 1:colcon.colcon_core.environment:checking '/home/derek-dietz/MSAI/ComputerVision/Final_Project/ws/interbotix/install/lib/pkgconfig/interbotix_ros_xsarms.pc'
[4.047s] Level 1:colcon.colcon_core.environment:checking '/home/derek-dietz/MSAI/ComputerVision/Final_Project/ws/interbotix/install/lib/python3.12/site-packages'
[4.047s] Level 1:colcon.colcon_core.shell:create_environment_hook('interbotix_ros_xsarms', 'pythonpath')
[4.047s] INFO:colcon.colcon_core.shell:Creating environment hook '/home/derek-dietz/MSAI/ComputerVision/Final_Project/ws/interbotix/install/share/interbotix_ros_xsarms/hook/pythonpath.ps1'
[4.048s] INFO:colcon.colcon_core.shell:Creating environment descriptor '/home/derek-dietz/MSAI/ComputerVision/Final_Project/ws/interbotix/install/share/interbotix_ros_xsarms/hook/pythonpath.dsv'
[4.048s] INFO:colcon.colcon_core.shell:Creating environment hook '/home/derek-dietz/MSAI/ComputerVision/Final_Project/ws/interbotix/install/share/interbotix_ros_xsarms/hook/pythonpath.sh'
[4.048s] Level 1:colcon.colcon_core.environment:checking '/home/derek-dietz/MSAI/ComputerVision/Final_Project/ws/interbotix/install/bin'
[4.048s] INFO:colcon.colcon_core.shell:Creating package script '/home/derek-dietz/MSAI/ComputerVision/Final_Project/ws/interbotix/install/share/interbotix_ros_xsarms/package.ps1'
[4.049s] INFO:colcon.colcon_core.shell:Creating package descriptor '/home/derek-dietz/MSAI/ComputerVision/Final_Project/ws/interbotix/install/share/interbotix_ros_xsarms/package.dsv'
[4.049s] INFO:colcon.colcon_core.shell:Creating package script '/home/derek-dietz/MSAI/ComputerVision/Final_Project/ws/interbotix/install/share/interbotix_ros_xsarms/package.sh'
[4.049s] INFO:colcon.colcon_core.shell:Creating package script '/home/derek-dietz/MSAI/ComputerVision/Final_Project/ws/interbotix/install/share/interbotix_ros_xsarms/package.bash'
[4.050s] INFO:colcon.colcon_core.shell:Creating package script '/home/derek-dietz/MSAI/ComputerVision/Final_Project/ws/interbotix/install/share/interbotix_ros_xsarms/package.zsh'
[4.050s] Level 1:colcon.colcon_core.environment:create_file_with_runtime_dependencies(/home/derek-dietz/MSAI/ComputerVision/Final_Project/ws/interbotix/install/share/colcon-core/packages/interbotix_ros_xsarms)
[4.051s] Level 1:colcon.colcon_core.environment:create_environment_scripts_only(interbotix_xsarm_moveit_interface)
[4.051s] Level 1:colcon.colcon_core.environment:checking '/home/derek-dietz/MSAI/ComputerVision/Final_Project/ws/interbotix/install' for CMake module files
[4.051s] DEBUG:colcon.colcon_core.event_handler.log_command:Invoked command in '/home/derek-dietz/MSAI/ComputerVision/Final_Project/ws/interbotix/build/interbotix_xsarm_moveit_interface' returned '0': CMAKE_PREFIX_PATH=${CMAKE_PREFIX_PATH}:/opt/ros/kilted DEBUGINFOD_URLS=https://debuginfod.ubuntu.com PYTHONPATH=/home/derek-dietz/MSAI/ComputerVision/Final_Project/ws/interbotix/install/lib/python3.12/site-packages:/home/derek-dietz/MSAI/ComputerVision/Final_Project/ros_ws/build/arm:/home/derek-dietz/MSAI/ComputerVision/Final_Project/ros_ws/install/arm/lib/python3.12/site-packages:/opt/ros/kilted/lib/python3.12/site-packages /usr/bin/cmake --install /home/derek-dietz/MSAI/ComputerVision/Final_Project/ws/interbotix/build/interbotix_xsarm_moveit_interface
[4.051s] Level 1:colcon.colcon_core.environment:checking '/home/derek-dietz/MSAI/ComputerVision/Final_Project/ws/interbotix/install' for CMake config files
[4.052s] Level 1:colcon.colcon_core.shell:create_environment_hook('interbotix_xsarm_moveit_interface', 'cmake_prefix_path')
[4.052s] INFO:colcon.colcon_core.shell:Creating environment hook '/home/derek-dietz/MSAI/ComputerVision/Final_Project/ws/interbotix/install/share/interbotix_xsarm_moveit_interface/hook/cmake_prefix_path.ps1'
[4.052s] INFO:colcon.colcon_core.shell:Creating environment descriptor '/home/derek-dietz/MSAI/ComputerVision/Final_Project/ws/interbotix/install/share/interbotix_xsarm_moveit_interface/hook/cmake_prefix_path.dsv'
[4.052s] INFO:colcon.colcon_core.shell:Creating environment hook '/home/derek-dietz/MSAI/ComputerVision/Final_Project/ws/interbotix/install/share/interbotix_xsarm_moveit_interface/hook/cmake_prefix_path.sh'
[4.053s] Level 1:colcon.colcon_core.environment:checking '/home/derek-dietz/MSAI/ComputerVision/Final_Project/ws/interbotix/install/lib'
[4.053s] Level 1:colcon.colcon_core.shell:create_environment_hook('interbotix_xsarm_moveit_interface', 'ld_library_path_lib')
[4.053s] INFO:colcon.colcon_core.shell:Creating environment hook '/home/derek-dietz/MSAI/ComputerVision/Final_Project/ws/interbotix/install/share/interbotix_xsarm_moveit_interface/hook/ld_library_path_lib.ps1'
[4.053s] INFO:colcon.colcon_core.shell:Creating environment descriptor '/home/derek-dietz/MSAI/ComputerVision/Final_Project/ws/interbotix/install/share/interbotix_xsarm_moveit_interface/hook/ld_library_path_lib.dsv'
[4.053s] INFO:colcon.colcon_core.shell:Creating environment hook '/home/derek-dietz/MSAI/ComputerVision/Final_Project/ws/interbotix/install/share/interbotix_xsarm_moveit_interface/hook/ld_library_path_lib.sh'
[4.053s] Level 1:colcon.colcon_core.environment:checking '/home/derek-dietz/MSAI/ComputerVision/Final_Project/ws/interbotix/install/bin'
[4.053s] Level 1:colcon.colcon_core.environment:checking '/home/derek-dietz/MSAI/ComputerVision/Final_Project/ws/interbotix/install/lib/pkgconfig/interbotix_xsarm_moveit_interface.pc'
[4.054s] Level 1:colcon.colcon_core.environment:checking '/home/derek-dietz/MSAI/ComputerVision/Final_Project/ws/interbotix/install/lib/python3.12/site-packages'
[4.054s] Level 1:colcon.colcon_core.shell:create_environment_hook('interbotix_xsarm_moveit_interface', 'pythonpath')
[4.054s] INFO:colcon.colcon_core.shell:Creating environment hook '/home/derek-dietz/MSAI/ComputerVision/Final_Project/ws/interbotix/install/share/interbotix_xsarm_moveit_interface/hook/pythonpath.ps1'
[4.054s] INFO:colcon.colcon_core.shell:Creating environment descriptor '/home/derek-dietz/MSAI/ComputerVision/Final_Project/ws/interbotix/install/share/interbotix_xsarm_moveit_interface/hook/pythonpath.dsv'
[4.054s] INFO:colcon.colcon_core.shell:Creating environment hook '/home/derek-dietz/MSAI/ComputerVision/Final_Project/ws/interbotix/install/share/interbotix_xsarm_moveit_interface/hook/pythonpath.sh'
[4.055s] Level 1:colcon.colcon_core.environment:checking '/home/derek-dietz/MSAI/ComputerVision/Final_Project/ws/interbotix/install/bin'
[4.055s] INFO:colcon.colcon_core.shell:Creating package script '/home/derek-dietz/MSAI/ComputerVision/Final_Project/ws/interbotix/install/share/interbotix_xsarm_moveit_interface/package.ps1'
[4.055s] INFO:colcon.colcon_core.shell:Creating package descriptor '/home/derek-dietz/MSAI/ComputerVision/Final_Project/ws/interbotix/install/share/interbotix_xsarm_moveit_interface/package.dsv'
[4.055s] INFO:colcon.colcon_core.shell:Creating package script '/home/derek-dietz/MSAI/ComputerVision/Final_Project/ws/interbotix/install/share/interbotix_xsarm_moveit_interface/package.sh'
[4.055s] INFO:colcon.colcon_core.shell:Creating package script '/home/derek-dietz/MSAI/ComputerVision/Final_Project/ws/interbotix/install/share/interbotix_xsarm_moveit_interface/package.bash'
[4.056s] INFO:colcon.colcon_core.shell:Creating package script '/home/derek-dietz/MSAI/ComputerVision/Final_Project/ws/interbotix/install/share/interbotix_xsarm_moveit_interface/package.zsh'
[4.056s] Level 1:colcon.colcon_core.environment:create_file_with_runtime_dependencies(/home/derek-dietz/MSAI/ComputerVision/Final_Project/ws/interbotix/install/share/colcon-core/packages/interbotix_xsarm_moveit_interface)
[4.056s] Level 1:colcon.colcon_core.environment:create_environment_scripts_only(interbotix_xsarm_moveit_interface)
[4.056s] Level 1:colcon.colcon_core.environment:checking '/home/derek-dietz/MSAI/ComputerVision/Final_Project/ws/interbotix/install' for CMake module files
[4.056s] Level 1:colcon.colcon_core.environment:checking '/home/derek-dietz/MSAI/ComputerVision/Final_Project/ws/interbotix/install' for CMake config files
[4.057s] Level 1:colcon.colcon_core.shell:create_environment_hook('interbotix_xsarm_moveit_interface', 'cmake_prefix_path')
[4.057s] INFO:colcon.colcon_core.shell:Creating environment hook '/home/derek-dietz/MSAI/ComputerVision/Final_Project/ws/interbotix/install/share/interbotix_xsarm_moveit_interface/hook/cmake_prefix_path.ps1'
[4.057s] INFO:colcon.colcon_core.shell:Creating environment descriptor '/home/derek-dietz/MSAI/ComputerVision/Final_Project/ws/interbotix/install/share/interbotix_xsarm_moveit_interface/hook/cmake_prefix_path.dsv'
[4.057s] INFO:colcon.colcon_core.shell:Creating environment hook '/home/derek-dietz/MSAI/ComputerVision/Final_Project/ws/interbotix/install/share/interbotix_xsarm_moveit_interface/hook/cmake_prefix_path.sh'
[4.058s] Level 1:colcon.colcon_core.environment:checking '/home/derek-dietz/MSAI/ComputerVision/Final_Project/ws/interbotix/install/lib'
[4.058s] Level 1:colcon.colcon_core.shell:create_environment_hook('interbotix_xsarm_moveit_interface', 'ld_library_path_lib')
[4.058s] INFO:colcon.colcon_core.shell:Creating environment hook '/home/derek-dietz/MSAI/ComputerVision/Final_Project/ws/interbotix/install/share/interbotix_xsarm_moveit_interface/hook/ld_library_path_lib.ps1'
[4.058s] INFO:colcon.colcon_core.shell:Creating environment descriptor '/home/derek-dietz/MSAI/ComputerVision/Final_Project/ws/interbotix/install/share/interbotix_xsarm_moveit_interface/hook/ld_library_path_lib.dsv'
[4.058s] INFO:colcon.colcon_core.shell:Creating environment hook '/home/derek-dietz/MSAI/ComputerVision/Final_Project/ws/interbotix/install/share/interbotix_xsarm_moveit_interface/hook/ld_library_path_lib.sh'
[4.058s] Level 1:colcon.colcon_core.environment:checking '/home/derek-dietz/MSAI/ComputerVision/Final_Project/ws/interbotix/install/bin'
[4.058s] Level 1:colcon.colcon_core.environment:checking '/home/derek-dietz/MSAI/ComputerVision/Final_Project/ws/interbotix/install/lib/pkgconfig/interbotix_xsarm_moveit_interface.pc'
[4.058s] Level 1:colcon.colcon_core.environment:checking '/home/derek-dietz/MSAI/ComputerVision/Final_Project/ws/interbotix/install/lib/python3.12/site-packages'
[4.059s] Level 1:colcon.colcon_core.shell:create_environment_hook('interbotix_xsarm_moveit_interface', 'pythonpath')
[4.059s] INFO:colcon.colcon_core.shell:Creating environment hook '/home/derek-dietz/MSAI/ComputerVision/Final_Project/ws/interbotix/install/share/interbotix_xsarm_moveit_interface/hook/pythonpath.ps1'
[4.059s] INFO:colcon.colcon_core.shell:Creating environment descriptor '/home/derek-dietz/MSAI/ComputerVision/Final_Project/ws/interbotix/install/share/interbotix_xsarm_moveit_interface/hook/pythonpath.dsv'
[4.059s] INFO:colcon.colcon_core.shell:Creating environment hook '/home/derek-dietz/MSAI/ComputerVision/Final_Project/ws/interbotix/install/share/interbotix_xsarm_moveit_interface/hook/pythonpath.sh'
[4.059s] Level 1:colcon.colcon_core.environment:checking '/home/derek-dietz/MSAI/ComputerVision/Final_Project/ws/interbotix/install/bin'
[4.059s] INFO:colcon.colcon_core.shell:Creating package script '/home/derek-dietz/MSAI/ComputerVision/Final_Project/ws/interbotix/install/share/interbotix_xsarm_moveit_interface/package.ps1'
[4.060s] INFO:colcon.colcon_core.shell:Creating package descriptor '/home/derek-dietz/MSAI/ComputerVision/Final_Project/ws/interbotix/install/share/interbotix_xsarm_moveit_interface/package.dsv'
[4.060s] INFO:colcon.colcon_core.shell:Creating package script '/home/derek-dietz/MSAI/ComputerVision/Final_Project/ws/interbotix/install/share/interbotix_xsarm_moveit_interface/package.sh'
[4.060s] INFO:colcon.colcon_core.shell:Creating package script '/home/derek-dietz/MSAI/ComputerVision/Final_Project/ws/interbotix/install/share/interbotix_xsarm_moveit_interface/package.bash'
[4.061s] INFO:colcon.colcon_core.shell:Creating package script '/home/derek-dietz/MSAI/ComputerVision/Final_Project/ws/interbotix/install/share/interbotix_xsarm_moveit_interface/package.zsh'
[4.061s] Level 1:colcon.colcon_core.environment:create_file_with_runtime_dependencies(/home/derek-dietz/MSAI/ComputerVision/Final_Project/ws/interbotix/install/share/colcon-core/packages/interbotix_xsarm_moveit_interface)
[4.061s] INFO:colcon.colcon_ros.task.ament_cmake.build:Building ROS package in '/home/derek-dietz/MSAI/ComputerVision/Final_Project/ws/interbotix/src/interbotix_ros_manipulators/interbotix_ros_xsarms/examples/interbotix_ros_xsarms_examples' with build type 'ament_cmake'
[4.061s] INFO:colcon.colcon_cmake.task.cmake.build:Building CMake package in '/home/derek-dietz/MSAI/ComputerVision/Final_Project/ws/interbotix/src/interbotix_ros_manipulators/interbotix_ros_xsarms/examples/interbotix_ros_xsarms_examples'
[4.061s] INFO:colcon.colcon_core.shell:Skip shell extension 'powershell' for command environment: Not usable outside of PowerShell
[4.061s] DEBUG:colcon.colcon_core.shell:Skip shell extension 'dsv' for command environment
[4.103s] DEBUG:colcon.colcon_core.event_handler.log_command:Invoking command in '/home/derek-dietz/MSAI/ComputerVision/Final_Project/ws/interbotix/build/interbotix_ros_xsarms_examples': CMAKE_PREFIX_PATH=${CMAKE_PREFIX_PATH}:/opt/ros/kilted DEBUGINFOD_URLS=https://debuginfod.ubuntu.com PYTHONPATH=/home/derek-dietz/MSAI/ComputerVision/Final_Project/ws/interbotix/install/lib/python3.12/site-packages:/home/derek-dietz/MSAI/ComputerVision/Final_Project/ros_ws/build/arm:/home/derek-dietz/MSAI/ComputerVision/Final_Project/ros_ws/install/arm/lib/python3.12/site-packages:/opt/ros/kilted/lib/python3.12/site-packages /usr/bin/cmake --build /home/derek-dietz/MSAI/ComputerVision/Final_Project/ws/interbotix/build/interbotix_ros_xsarms_examples -- -j22 -l22
[4.147s] DEBUG:colcon.colcon_core.event_handler.log_command:Invoked command in '/home/derek-dietz/MSAI/ComputerVision/Final_Project/ws/interbotix/build/interbotix_ros_xsarms_examples' returned '0': CMAKE_PREFIX_PATH=${CMAKE_PREFIX_PATH}:/opt/ros/kilted DEBUGINFOD_URLS=https://debuginfod.ubuntu.com PYTHONPATH=/home/derek-dietz/MSAI/ComputerVision/Final_Project/ws/interbotix/install/lib/python3.12/site-packages:/home/derek-dietz/MSAI/ComputerVision/Final_Project/ros_ws/build/arm:/home/derek-dietz/MSAI/ComputerVision/Final_Project/ros_ws/install/arm/lib/python3.12/site-packages:/opt/ros/kilted/lib/python3.12/site-packages /usr/bin/cmake --build /home/derek-dietz/MSAI/ComputerVision/Final_Project/ws/interbotix/build/interbotix_ros_xsarms_examples -- -j22 -l22
[4.148s] DEBUG:colcon.colcon_core.event_handler.log_command:Invoking command in '/home/derek-dietz/MSAI/ComputerVision/Final_Project/ws/interbotix/build/interbotix_ros_xsarms_examples': CMAKE_PREFIX_PATH=${CMAKE_PREFIX_PATH}:/opt/ros/kilted DEBUGINFOD_URLS=https://debuginfod.ubuntu.com PYTHONPATH=/home/derek-dietz/MSAI/ComputerVision/Final_Project/ws/interbotix/install/lib/python3.12/site-packages:/home/derek-dietz/MSAI/ComputerVision/Final_Project/ros_ws/build/arm:/home/derek-dietz/MSAI/ComputerVision/Final_Project/ros_ws/install/arm/lib/python3.12/site-packages:/opt/ros/kilted/lib/python3.12/site-packages /usr/bin/cmake --install /home/derek-dietz/MSAI/ComputerVision/Final_Project/ws/interbotix/build/interbotix_ros_xsarms_examples
[4.161s] Level 1:colcon.colcon_core.environment:create_environment_scripts_only(interbotix_ros_xsarms_examples)
[4.161s] Level 1:colcon.colcon_core.environment:checking '/home/derek-dietz/MSAI/ComputerVision/Final_Project/ws/interbotix/install' for CMake module files
[4.162s] DEBUG:colcon.colcon_core.event_handler.log_command:Invoked command in '/home/derek-dietz/MSAI/ComputerVision/Final_Project/ws/interbotix/build/interbotix_ros_xsarms_examples' returned '0': CMAKE_PREFIX_PATH=${CMAKE_PREFIX_PATH}:/opt/ros/kilted DEBUGINFOD_URLS=https://debuginfod.ubuntu.com PYTHONPATH=/home/derek-dietz/MSAI/ComputerVision/Final_Project/ws/interbotix/install/lib/python3.12/site-packages:/home/derek-dietz/MSAI/ComputerVision/Final_Project/ros_ws/build/arm:/home/derek-dietz/MSAI/ComputerVision/Final_Project/ros_ws/install/arm/lib/python3.12/site-packages:/opt/ros/kilted/lib/python3.12/site-packages /usr/bin/cmake --install /home/derek-dietz/MSAI/ComputerVision/Final_Project/ws/interbotix/build/interbotix_ros_xsarms_examples
[4.162s] Level 1:colcon.colcon_core.environment:checking '/home/derek-dietz/MSAI/ComputerVision/Final_Project/ws/interbotix/install' for CMake config files
[4.163s] Level 1:colcon.colcon_core.shell:create_environment_hook('interbotix_ros_xsarms_examples', 'cmake_prefix_path')
[4.163s] INFO:colcon.colcon_core.shell:Creating environment hook '/home/derek-dietz/MSAI/ComputerVision/Final_Project/ws/interbotix/install/share/interbotix_ros_xsarms_examples/hook/cmake_prefix_path.ps1'
[4.164s] INFO:colcon.colcon_core.shell:Creating environment descriptor '/home/derek-dietz/MSAI/ComputerVision/Final_Project/ws/interbotix/install/share/interbotix_ros_xsarms_examples/hook/cmake_prefix_path.dsv'
[4.164s] INFO:colcon.colcon_core.shell:Creating environment hook '/home/derek-dietz/MSAI/ComputerVision/Final_Project/ws/interbotix/install/share/interbotix_ros_xsarms_examples/hook/cmake_prefix_path.sh'
[4.165s] Level 1:colcon.colcon_core.environment:checking '/home/derek-dietz/MSAI/ComputerVision/Final_Project/ws/interbotix/install/lib'
[4.165s] Level 1:colcon.colcon_core.shell:create_environment_hook('interbotix_ros_xsarms_examples', 'ld_library_path_lib')
[4.165s] INFO:colcon.colcon_core.shell:Creating environment hook '/home/derek-dietz/MSAI/ComputerVision/Final_Project/ws/interbotix/install/share/interbotix_ros_xsarms_examples/hook/ld_library_path_lib.ps1'
[4.166s] INFO:colcon.colcon_core.shell:Creating environment descriptor '/home/derek-dietz/MSAI/ComputerVision/Final_Project/ws/interbotix/install/share/interbotix_ros_xsarms_examples/hook/ld_library_path_lib.dsv'
[4.166s] INFO:colcon.colcon_core.shell:Creating environment hook '/home/derek-dietz/MSAI/ComputerVision/Final_Project/ws/interbotix/install/share/interbotix_ros_xsarms_examples/hook/ld_library_path_lib.sh'
[4.166s] Level 1:colcon.colcon_core.environment:checking '/home/derek-dietz/MSAI/ComputerVision/Final_Project/ws/interbotix/install/bin'
[4.167s] Level 1:colcon.colcon_core.environment:checking '/home/derek-dietz/MSAI/ComputerVision/Final_Project/ws/interbotix/install/lib/pkgconfig/interbotix_ros_xsarms_examples.pc'
[4.167s] Level 1:colcon.colcon_core.environment:checking '/home/derek-dietz/MSAI/ComputerVision/Final_Project/ws/interbotix/install/lib/python3.12/site-packages'
[4.167s] Level 1:colcon.colcon_core.shell:create_environment_hook('interbotix_ros_xsarms_examples', 'pythonpath')
[4.167s] INFO:colcon.colcon_core.shell:Creating environment hook '/home/derek-dietz/MSAI/ComputerVision/Final_Project/ws/interbotix/install/share/interbotix_ros_xsarms_examples/hook/pythonpath.ps1'
[4.168s] INFO:colcon.colcon_core.shell:Creating environment descriptor '/home/derek-dietz/MSAI/ComputerVision/Final_Project/ws/interbotix/install/share/interbotix_ros_xsarms_examples/hook/pythonpath.dsv'
[4.168s] INFO:colcon.colcon_core.shell:Creating environment hook '/home/derek-dietz/MSAI/ComputerVision/Final_Project/ws/interbotix/install/share/interbotix_ros_xsarms_examples/hook/pythonpath.sh'
[4.169s] Level 1:colcon.colcon_core.environment:checking '/home/derek-dietz/MSAI/ComputerVision/Final_Project/ws/interbotix/install/bin'
[4.169s] INFO:colcon.colcon_core.shell:Creating package script '/home/derek-dietz/MSAI/ComputerVision/Final_Project/ws/interbotix/install/share/interbotix_ros_xsarms_examples/package.ps1'
[4.170s] INFO:colcon.colcon_core.shell:Creating package descriptor '/home/derek-dietz/MSAI/ComputerVision/Final_Project/ws/interbotix/install/share/interbotix_ros_xsarms_examples/package.dsv'
[4.170s] INFO:colcon.colcon_core.shell:Creating package script '/home/derek-dietz/MSAI/ComputerVision/Final_Project/ws/interbotix/install/share/interbotix_ros_xsarms_examples/package.sh'
[4.171s] INFO:colcon.colcon_core.shell:Creating package script '/home/derek-dietz/MSAI/ComputerVision/Final_Project/ws/interbotix/install/share/interbotix_ros_xsarms_examples/package.bash'
[4.171s] INFO:colcon.colcon_core.shell:Creating package script '/home/derek-dietz/MSAI/ComputerVision/Final_Project/ws/interbotix/install/share/interbotix_ros_xsarms_examples/package.zsh'
[4.172s] Level 1:colcon.colcon_core.environment:create_file_with_runtime_dependencies(/home/derek-dietz/MSAI/ComputerVision/Final_Project/ws/interbotix/install/share/colcon-core/packages/interbotix_ros_xsarms_examples)
[4.172s] Level 1:colcon.colcon_core.environment:create_environment_scripts_only(interbotix_ros_xsarms_examples)
[4.172s] Level 1:colcon.colcon_core.environment:checking '/home/derek-dietz/MSAI/ComputerVision/Final_Project/ws/interbotix/install' for CMake module files
[4.173s] Level 1:colcon.colcon_core.environment:checking '/home/derek-dietz/MSAI/ComputerVision/Final_Project/ws/interbotix/install' for CMake config files
[4.174s] Level 1:colcon.colcon_core.shell:create_environment_hook('interbotix_ros_xsarms_examples', 'cmake_prefix_path')
[4.174s] INFO:colcon.colcon_core.shell:Creating environment hook '/home/derek-dietz/MSAI/ComputerVision/Final_Project/ws/interbotix/install/share/interbotix_ros_xsarms_examples/hook/cmake_prefix_path.ps1'
[4.174s] INFO:colcon.colcon_core.shell:Creating environment descriptor '/home/derek-dietz/MSAI/ComputerVision/Final_Project/ws/interbotix/install/share/interbotix_ros_xsarms_examples/hook/cmake_prefix_path.dsv'
[4.175s] INFO:colcon.colcon_core.shell:Creating environment hook '/home/derek-dietz/MSAI/ComputerVision/Final_Project/ws/interbotix/install/share/interbotix_ros_xsarms_examples/hook/cmake_prefix_path.sh'
[4.176s] Level 1:colcon.colcon_core.environment:checking '/home/derek-dietz/MSAI/ComputerVision/Final_Project/ws/interbotix/install/lib'
[4.176s] Level 1:colcon.colcon_core.shell:create_environment_hook('interbotix_ros_xsarms_examples', 'ld_library_path_lib')
[4.176s] INFO:colcon.colcon_core.shell:Creating environment hook '/home/derek-dietz/MSAI/ComputerVision/Final_Project/ws/interbotix/install/share/interbotix_ros_xsarms_examples/hook/ld_library_path_lib.ps1'
[4.176s] INFO:colcon.colcon_core.shell:Creating environment descriptor '/home/derek-dietz/MSAI/ComputerVision/Final_Project/ws/interbotix/install/share/interbotix_ros_xsarms_examples/hook/ld_library_path_lib.dsv'
[4.177s] INFO:colcon.colcon_core.shell:Creating environment hook '/home/derek-dietz/MSAI/ComputerVision/Final_Project/ws/interbotix/install/share/interbotix_ros_xsarms_examples/hook/ld_library_path_lib.sh'
[4.177s] Level 1:colcon.colcon_core.environment:checking '/home/derek-dietz/MSAI/ComputerVision/Final_Project/ws/interbotix/install/bin'
[4.177s] Level 1:colcon.colcon_core.environment:checking '/home/derek-dietz/MSAI/ComputerVision/Final_Project/ws/interbotix/install/lib/pkgconfig/interbotix_ros_xsarms_examples.pc'
[4.177s] Level 1:colcon.colcon_core.environment:checking '/home/derek-dietz/MSAI/ComputerVision/Final_Project/ws/interbotix/install/lib/python3.12/site-packages'
[4.178s] Level 1:colcon.colcon_core.shell:create_environment_hook('interbotix_ros_xsarms_examples', 'pythonpath')
[4.178s] INFO:colcon.colcon_core.shell:Creating environment hook '/home/derek-dietz/MSAI/ComputerVision/Final_Project/ws/interbotix/install/share/interbotix_ros_xsarms_examples/hook/pythonpath.ps1'
[4.178s] INFO:colcon.colcon_core.shell:Creating environment descriptor '/home/derek-dietz/MSAI/ComputerVision/Final_Project/ws/interbotix/install/share/interbotix_ros_xsarms_examples/hook/pythonpath.dsv'
[4.179s] INFO:colcon.colcon_core.shell:Creating environment hook '/home/derek-dietz/MSAI/ComputerVision/Final_Project/ws/interbotix/install/share/interbotix_ros_xsarms_examples/hook/pythonpath.sh'
[4.179s] Level 1:colcon.colcon_core.environment:checking '/home/derek-dietz/MSAI/ComputerVision/Final_Project/ws/interbotix/install/bin'
[4.179s] INFO:colcon.colcon_core.shell:Creating package script '/home/derek-dietz/MSAI/ComputerVision/Final_Project/ws/interbotix/install/share/interbotix_ros_xsarms_examples/package.ps1'
[4.180s] INFO:colcon.colcon_core.shell:Creating package descriptor '/home/derek-dietz/MSAI/ComputerVision/Final_Project/ws/interbotix/install/share/interbotix_ros_xsarms_examples/package.dsv'
[4.180s] INFO:colcon.colcon_core.shell:Creating package script '/home/derek-dietz/MSAI/ComputerVision/Final_Project/ws/interbotix/install/share/interbotix_ros_xsarms_examples/package.sh'
[4.181s] INFO:colcon.colcon_core.shell:Creating package script '/home/derek-dietz/MSAI/ComputerVision/Final_Project/ws/interbotix/install/share/interbotix_ros_xsarms_examples/package.bash'
[4.181s] INFO:colcon.colcon_core.shell:Creating package script '/home/derek-dietz/MSAI/ComputerVision/Final_Project/ws/interbotix/install/share/interbotix_ros_xsarms_examples/package.zsh'
[4.181s] Level 1:colcon.colcon_core.environment:create_file_with_runtime_dependencies(/home/derek-dietz/MSAI/ComputerVision/Final_Project/ws/interbotix/install/share/colcon-core/packages/interbotix_ros_xsarms_examples)
[4.181s] DEBUG:colcon.colcon_parallel_executor.executor.parallel:closing loop
[4.182s] DEBUG:colcon.colcon_parallel_executor.executor.parallel:loop closed
[4.182s] DEBUG:colcon.colcon_parallel_executor.executor.parallel:run_until_complete finished with '0'
[4.182s] DEBUG:colcon.colcon_core.event_reactor:joining thread
[4.187s] INFO:colcon.colcon_core.plugin_system:Skipping extension 'colcon_notification.desktop_notification.terminal_notifier': Not used on non-Darwin systems
[4.187s] INFO:colcon.colcon_core.plugin_system:Skipping extension 'colcon_notification.desktop_notification.win32': Not used on non-Windows systems
[4.187s] INFO:colcon.colcon_notification.desktop_notification:Sending desktop notification using 'notify2'
[4.204s] DEBUG:colcon.colcon_core.event_reactor:joined thread
[4.204s] INFO:colcon.colcon_core.shell:Creating prefix script '/home/derek-dietz/MSAI/ComputerVision/Final_Project/ws/interbotix/install/local_setup.ps1'
[4.205s] INFO:colcon.colcon_core.shell:Creating prefix util module '/home/derek-dietz/MSAI/ComputerVision/Final_Project/ws/interbotix/install/_local_setup_util_ps1.py'
[4.207s] INFO:colcon.colcon_core.shell:Creating prefix chain script '/home/derek-dietz/MSAI/ComputerVision/Final_Project/ws/interbotix/install/setup.ps1'
[4.208s] INFO:colcon.colcon_core.shell:Creating prefix script '/home/derek-dietz/MSAI/ComputerVision/Final_Project/ws/interbotix/install/local_setup.sh'
[4.208s] INFO:colcon.colcon_core.shell:Creating prefix util module '/home/derek-dietz/MSAI/ComputerVision/Final_Project/ws/interbotix/install/_local_setup_util_sh.py'
[4.209s] INFO:colcon.colcon_core.shell:Creating prefix chain script '/home/derek-dietz/MSAI/ComputerVision/Final_Project/ws/interbotix/install/setup.sh'
[4.210s] INFO:colcon.colcon_core.shell:Creating prefix script '/home/derek-dietz/MSAI/ComputerVision/Final_Project/ws/interbotix/install/local_setup.bash'
[4.210s] INFO:colcon.colcon_core.shell:Creating prefix chain script '/home/derek-dietz/MSAI/ComputerVision/Final_Project/ws/interbotix/install/setup.bash'
[4.211s] INFO:colcon.colcon_core.shell:Creating prefix script '/home/derek-dietz/MSAI/ComputerVision/Final_Project/ws/interbotix/install/local_setup.zsh'
[4.212s] INFO:colcon.colcon_core.shell:Creating prefix chain script '/home/derek-dietz/MSAI/ComputerVision/Final_Project/ws/interbotix/install/setup.zsh'
