[0.103s] DEBUG:colcon:Command line arguments: ['/usr/bin/colcon', 'build', '--merge-install']
[0.104s] DEBUG:colcon:Parsed command line arguments: Namespace(log_base=None, log_level=None, verb_name='build', build_base='build', install_base='install', merge_install=True, symlink_install=False, test_result_base=None, continue_on_error=False, executor='parallel', parallel_workers=22, event_handlers=None, ignore_user_meta=False, metas=['./colcon.meta'], base_paths=['.'], packages_ignore=None, packages_ignore_regex=None, paths=None, packages_up_to=None, packages_up_to_regex=None, packages_above=None, packages_above_and_dependencies=None, packages_above_depth=None, packages_select_by_dep=None, packages_skip_by_dep=None, packages_skip_up_to=None, packages_select_build_failed=False, packages_skip_build_finished=False, packages_select_test_failures=False, packages_skip_test_passed=False, packages_select=None, packages_skip=None, packages_select_regex=None, packages_skip_regex=None, packages_start=None, packages_end=None, allow_overriding=[], cmake_args=None, cmake_target=None, cmake_target_skip_unavailable=False, cmake_clean_cache=False, cmake_clean_first=False, cmake_force_configure=False, ament_cmake_args=None, catkin_cmake_args=None, catkin_skip_building_tests=False, mixin_files=None, mixin=None, verb_parser=<colcon_mixin.mixin.mixin_argument.MixinArgumentDecorator object at 0x7da28254e930>, verb_extension=<colcon_core.verb.build.BuildVerb object at 0x7da28254e690>, main=<bound method BuildVerb.main of <colcon_core.verb.build.BuildVerb object at 0x7da28254e690>>, mixin_verb=('build',))
[0.149s] Level 1:colcon.colcon_core.package_discovery:discover_packages(colcon_meta) check parameters
[0.149s] Level 1:colcon.colcon_core.package_discovery:discover_packages(recursive) check parameters
[0.149s] Level 1:colcon.colcon_core.package_discovery:discover_packages(ignore) check parameters
[0.149s] Level 1:colcon.colcon_core.package_discovery:discover_packages(path) check parameters
[0.149s] Level 1:colcon.colcon_core.package_discovery:discover_packages(colcon_meta) discover
[0.149s] Level 1:colcon.colcon_core.package_discovery:discover_packages(recursive) discover
[0.149s] INFO:colcon.colcon_core.package_discovery:Crawling recursively for packages in '/home/derek-dietz/MSAI/ComputerVision/Final_Project/ws/interbotix'
[0.149s] Level 1:colcon.colcon_core.package_identification:_identify(.) by extensions ['ignore', 'ignore_ament_install']
[0.149s] Level 1:colcon.colcon_core.package_identification:_identify(.) by extension 'ignore'
[0.149s] Level 1:colcon.colcon_core.package_identification:_identify(.) by extension 'ignore_ament_install'
[0.149s] Level 1:colcon.colcon_core.package_identification:_identify(.) by extensions ['colcon_pkg']
[0.149s] Level 1:colcon.colcon_core.package_identification:_identify(.) by extension 'colcon_pkg'
[0.149s] Level 1:colcon.colcon_core.package_identification:_identify(.) by extensions ['colcon_meta']
[0.149s] Level 1:colcon.colcon_core.package_identification:_identify(.) by extension 'colcon_meta'
[0.149s] Level 1:colcon.colcon_core.package_identification:_identify(.) by extensions ['ros']
[0.150s] Level 1:colcon.colcon_core.package_identification:_identify(.) by extension 'ros'
[0.165s] Level 1:colcon.colcon_core.package_identification:_identify(.) by extensions ['cmake', 'python']
[0.165s] Level 1:colcon.colcon_core.package_identification:_identify(.) by extension 'cmake'
[0.165s] Level 1:colcon.colcon_core.package_identification:_identify(.) by extension 'python'
[0.165s] Level 1:colcon.colcon_core.package_identification:_identify(.) by extensions ['python_setup_py']
[0.166s] Level 1:colcon.colcon_core.package_identification:_identify(.) by extension 'python_setup_py'
[0.166s] Level 1:colcon.colcon_core.package_identification:_identify(build) by extensions ['ignore', 'ignore_ament_install']
[0.166s] Level 1:colcon.colcon_core.package_identification:_identify(build) by extension 'ignore'
[0.166s] Level 1:colcon.colcon_core.package_identification:_identify(build) ignored
[0.166s] Level 1:colcon.colcon_core.package_identification:_identify(install) by extensions ['ignore', 'ignore_ament_install']
[0.166s] Level 1:colcon.colcon_core.package_identification:_identify(install) by extension 'ignore'
[0.166s] Level 1:colcon.colcon_core.package_identification:_identify(install) ignored
[0.166s] Level 1:colcon.colcon_core.package_identification:_identify(log) by extensions ['ignore', 'ignore_ament_install']
[0.166s] Level 1:colcon.colcon_core.package_identification:_identify(log) by extension 'ignore'
[0.166s] Level 1:colcon.colcon_core.package_identification:_identify(log) ignored
[0.166s] Level 1:colcon.colcon_core.package_identification:_identify(src) by extensions ['ignore', 'ignore_ament_install']
[0.166s] Level 1:colcon.colcon_core.package_identification:_identify(src) by extension 'ignore'
[0.166s] Level 1:colcon.colcon_core.package_identification:_identify(src) by extension 'ignore_ament_install'
[0.166s] Level 1:colcon.colcon_core.package_identification:_identify(src) by extensions ['colcon_pkg']
[0.166s] Level 1:colcon.colcon_core.package_identification:_identify(src) by extension 'colcon_pkg'
[0.166s] Level 1:colcon.colcon_core.package_identification:_identify(src) by extensions ['colcon_meta']
[0.166s] Level 1:colcon.colcon_core.package_identification:_identify(src) by extension 'colcon_meta'
[0.166s] Level 1:colcon.colcon_core.package_identification:_identify(src) by extensions ['ros']
[0.166s] Level 1:colcon.colcon_core.package_identification:_identify(src) by extension 'ros'
[0.166s] Level 1:colcon.colcon_core.package_identification:_identify(src) by extensions ['cmake', 'python']
[0.166s] Level 1:colcon.colcon_core.package_identification:_identify(src) by extension 'cmake'
[0.166s] Level 1:colcon.colcon_core.package_identification:_identify(src) by extension 'python'
[0.166s] Level 1:colcon.colcon_core.package_identification:_identify(src) by extensions ['python_setup_py']
[0.166s] Level 1:colcon.colcon_core.package_identification:_identify(src) by extension 'python_setup_py'
[0.166s] Level 1:colcon.colcon_core.package_identification:_identify(src/ModernRobotics) by extensions ['ignore', 'ignore_ament_install']
[0.166s] Level 1:colcon.colcon_core.package_identification:_identify(src/ModernRobotics) by extension 'ignore'
[0.166s] Level 1:colcon.colcon_core.package_identification:_identify(src/ModernRobotics) by extension 'ignore_ament_install'
[0.166s] Level 1:colcon.colcon_core.package_identification:_identify(src/ModernRobotics) by extensions ['colcon_pkg']
[0.167s] Level 1:colcon.colcon_core.package_identification:_identify(src/ModernRobotics) by extension 'colcon_pkg'
[0.167s] Level 1:colcon.colcon_core.package_identification:_identify(src/ModernRobotics) by extensions ['colcon_meta']
[0.167s] Level 1:colcon.colcon_core.package_identification:_identify(src/ModernRobotics) by extension 'colcon_meta'
[0.167s] Level 1:colcon.colcon_core.package_identification:_identify(src/ModernRobotics) by extensions ['ros']
[0.167s] Level 1:colcon.colcon_core.package_identification:_identify(src/ModernRobotics) by extension 'ros'
[0.167s] Level 1:colcon.colcon_core.package_identification:_identify(src/ModernRobotics) by extensions ['cmake', 'python']
[0.167s] Level 1:colcon.colcon_core.package_identification:_identify(src/ModernRobotics) by extension 'cmake'
[0.167s] Level 1:colcon.colcon_core.package_identification:_identify(src/ModernRobotics) by extension 'python'
[0.167s] Level 1:colcon.colcon_core.package_identification:_identify(src/ModernRobotics) by extensions ['python_setup_py']
[0.167s] Level 1:colcon.colcon_core.package_identification:_identify(src/ModernRobotics) by extension 'python_setup_py'
[0.167s] Level 1:colcon.colcon_core.package_identification:_identify(src/ModernRobotics/doc) by extensions ['ignore', 'ignore_ament_install']
[0.167s] Level 1:colcon.colcon_core.package_identification:_identify(src/ModernRobotics/doc) by extension 'ignore'
[0.167s] Level 1:colcon.colcon_core.package_identification:_identify(src/ModernRobotics/doc) by extension 'ignore_ament_install'
[0.167s] Level 1:colcon.colcon_core.package_identification:_identify(src/ModernRobotics/doc) by extensions ['colcon_pkg']
[0.167s] Level 1:colcon.colcon_core.package_identification:_identify(src/ModernRobotics/doc) by extension 'colcon_pkg'
[0.167s] Level 1:colcon.colcon_core.package_identification:_identify(src/ModernRobotics/doc) by extensions ['colcon_meta']
[0.167s] Level 1:colcon.colcon_core.package_identification:_identify(src/ModernRobotics/doc) by extension 'colcon_meta'
[0.167s] Level 1:colcon.colcon_core.package_identification:_identify(src/ModernRobotics/doc) by extensions ['ros']
[0.167s] Level 1:colcon.colcon_core.package_identification:_identify(src/ModernRobotics/doc) by extension 'ros'
[0.167s] Level 1:colcon.colcon_core.package_identification:_identify(src/ModernRobotics/doc) by extensions ['cmake', 'python']
[0.167s] Level 1:colcon.colcon_core.package_identification:_identify(src/ModernRobotics/doc) by extension 'cmake'
[0.167s] Level 1:colcon.colcon_core.package_identification:_identify(src/ModernRobotics/doc) by extension 'python'
[0.167s] Level 1:colcon.colcon_core.package_identification:_identify(src/ModernRobotics/doc) by extensions ['python_setup_py']
[0.167s] Level 1:colcon.colcon_core.package_identification:_identify(src/ModernRobotics/doc) by extension 'python_setup_py'
[0.167s] Level 1:colcon.colcon_core.package_identification:_identify(src/ModernRobotics/packages) by extensions ['ignore', 'ignore_ament_install']
[0.167s] Level 1:colcon.colcon_core.package_identification:_identify(src/ModernRobotics/packages) by extension 'ignore'
[0.167s] Level 1:colcon.colcon_core.package_identification:_identify(src/ModernRobotics/packages) by extension 'ignore_ament_install'
[0.167s] Level 1:colcon.colcon_core.package_identification:_identify(src/ModernRobotics/packages) by extensions ['colcon_pkg']
[0.167s] Level 1:colcon.colcon_core.package_identification:_identify(src/ModernRobotics/packages) by extension 'colcon_pkg'
[0.167s] Level 1:colcon.colcon_core.package_identification:_identify(src/ModernRobotics/packages) by extensions ['colcon_meta']
[0.167s] Level 1:colcon.colcon_core.package_identification:_identify(src/ModernRobotics/packages) by extension 'colcon_meta'
[0.167s] Level 1:colcon.colcon_core.package_identification:_identify(src/ModernRobotics/packages) by extensions ['ros']
[0.167s] Level 1:colcon.colcon_core.package_identification:_identify(src/ModernRobotics/packages) by extension 'ros'
[0.167s] Level 1:colcon.colcon_core.package_identification:_identify(src/ModernRobotics/packages) by extensions ['cmake', 'python']
[0.167s] Level 1:colcon.colcon_core.package_identification:_identify(src/ModernRobotics/packages) by extension 'cmake'
[0.167s] Level 1:colcon.colcon_core.package_identification:_identify(src/ModernRobotics/packages) by extension 'python'
[0.167s] Level 1:colcon.colcon_core.package_identification:_identify(src/ModernRobotics/packages) by extensions ['python_setup_py']
[0.167s] Level 1:colcon.colcon_core.package_identification:_identify(src/ModernRobotics/packages) by extension 'python_setup_py'
[0.167s] Level 1:colcon.colcon_core.package_identification:_identify(src/ModernRobotics/packages/MATLAB) by extensions ['ignore', 'ignore_ament_install']
[0.167s] Level 1:colcon.colcon_core.package_identification:_identify(src/ModernRobotics/packages/MATLAB) by extension 'ignore'
[0.168s] Level 1:colcon.colcon_core.package_identification:_identify(src/ModernRobotics/packages/MATLAB) by extension 'ignore_ament_install'
[0.168s] Level 1:colcon.colcon_core.package_identification:_identify(src/ModernRobotics/packages/MATLAB) by extensions ['colcon_pkg']
[0.168s] Level 1:colcon.colcon_core.package_identification:_identify(src/ModernRobotics/packages/MATLAB) by extension 'colcon_pkg'
[0.168s] Level 1:colcon.colcon_core.package_identification:_identify(src/ModernRobotics/packages/MATLAB) by extensions ['colcon_meta']
[0.168s] Level 1:colcon.colcon_core.package_identification:_identify(src/ModernRobotics/packages/MATLAB) by extension 'colcon_meta'
[0.168s] Level 1:colcon.colcon_core.package_identification:_identify(src/ModernRobotics/packages/MATLAB) by extensions ['ros']
[0.168s] Level 1:colcon.colcon_core.package_identification:_identify(src/ModernRobotics/packages/MATLAB) by extension 'ros'
[0.168s] Level 1:colcon.colcon_core.package_identification:_identify(src/ModernRobotics/packages/MATLAB) by extensions ['cmake', 'python']
[0.168s] Level 1:colcon.colcon_core.package_identification:_identify(src/ModernRobotics/packages/MATLAB) by extension 'cmake'
[0.168s] Level 1:colcon.colcon_core.package_identification:_identify(src/ModernRobotics/packages/MATLAB) by extension 'python'
[0.168s] Level 1:colcon.colcon_core.package_identification:_identify(src/ModernRobotics/packages/MATLAB) by extensions ['python_setup_py']
[0.168s] Level 1:colcon.colcon_core.package_identification:_identify(src/ModernRobotics/packages/MATLAB) by extension 'python_setup_py'
[0.168s] Level 1:colcon.colcon_core.package_identification:_identify(src/ModernRobotics/packages/MATLAB/mr) by extensions ['ignore', 'ignore_ament_install']
[0.168s] Level 1:colcon.colcon_core.package_identification:_identify(src/ModernRobotics/packages/MATLAB/mr) by extension 'ignore'
[0.168s] Level 1:colcon.colcon_core.package_identification:_identify(src/ModernRobotics/packages/MATLAB/mr) by extension 'ignore_ament_install'
[0.168s] Level 1:colcon.colcon_core.package_identification:_identify(src/ModernRobotics/packages/MATLAB/mr) by extensions ['colcon_pkg']
[0.168s] Level 1:colcon.colcon_core.package_identification:_identify(src/ModernRobotics/packages/MATLAB/mr) by extension 'colcon_pkg'
[0.168s] Level 1:colcon.colcon_core.package_identification:_identify(src/ModernRobotics/packages/MATLAB/mr) by extensions ['colcon_meta']
[0.168s] Level 1:colcon.colcon_core.package_identification:_identify(src/ModernRobotics/packages/MATLAB/mr) by extension 'colcon_meta'
[0.168s] Level 1:colcon.colcon_core.package_identification:_identify(src/ModernRobotics/packages/MATLAB/mr) by extensions ['ros']
[0.168s] Level 1:colcon.colcon_core.package_identification:_identify(src/ModernRobotics/packages/MATLAB/mr) by extension 'ros'
[0.168s] Level 1:colcon.colcon_core.package_identification:_identify(src/ModernRobotics/packages/MATLAB/mr) by extensions ['cmake', 'python']
[0.168s] Level 1:colcon.colcon_core.package_identification:_identify(src/ModernRobotics/packages/MATLAB/mr) by extension 'cmake'
[0.168s] Level 1:colcon.colcon_core.package_identification:_identify(src/ModernRobotics/packages/MATLAB/mr) by extension 'python'
[0.168s] Level 1:colcon.colcon_core.package_identification:_identify(src/ModernRobotics/packages/MATLAB/mr) by extensions ['python_setup_py']
[0.168s] Level 1:colcon.colcon_core.package_identification:_identify(src/ModernRobotics/packages/MATLAB/mr) by extension 'python_setup_py'
[0.168s] Level 1:colcon.colcon_core.package_identification:_identify(src/ModernRobotics/packages/Mathematica) by extensions ['ignore', 'ignore_ament_install']
[0.168s] Level 1:colcon.colcon_core.package_identification:_identify(src/ModernRobotics/packages/Mathematica) by extension 'ignore'
[0.168s] Level 1:colcon.colcon_core.package_identification:_identify(src/ModernRobotics/packages/Mathematica) by extension 'ignore_ament_install'
[0.168s] Level 1:colcon.colcon_core.package_identification:_identify(src/ModernRobotics/packages/Mathematica) by extensions ['colcon_pkg']
[0.168s] Level 1:colcon.colcon_core.package_identification:_identify(src/ModernRobotics/packages/Mathematica) by extension 'colcon_pkg'
[0.168s] Level 1:colcon.colcon_core.package_identification:_identify(src/ModernRobotics/packages/Mathematica) by extensions ['colcon_meta']
[0.168s] Level 1:colcon.colcon_core.package_identification:_identify(src/ModernRobotics/packages/Mathematica) by extension 'colcon_meta'
[0.168s] Level 1:colcon.colcon_core.package_identification:_identify(src/ModernRobotics/packages/Mathematica) by extensions ['ros']
[0.168s] Level 1:colcon.colcon_core.package_identification:_identify(src/ModernRobotics/packages/Mathematica) by extension 'ros'
[0.168s] Level 1:colcon.colcon_core.package_identification:_identify(src/ModernRobotics/packages/Mathematica) by extensions ['cmake', 'python']
[0.168s] Level 1:colcon.colcon_core.package_identification:_identify(src/ModernRobotics/packages/Mathematica) by extension 'cmake'
[0.168s] Level 1:colcon.colcon_core.package_identification:_identify(src/ModernRobotics/packages/Mathematica) by extension 'python'
[0.168s] Level 1:colcon.colcon_core.package_identification:_identify(src/ModernRobotics/packages/Mathematica) by extensions ['python_setup_py']
[0.168s] Level 1:colcon.colcon_core.package_identification:_identify(src/ModernRobotics/packages/Mathematica) by extension 'python_setup_py'
[0.169s] Level 1:colcon.colcon_core.package_identification:_identify(src/ModernRobotics/packages/Python) by extensions ['ignore', 'ignore_ament_install']
[0.169s] Level 1:colcon.colcon_core.package_identification:_identify(src/ModernRobotics/packages/Python) by extension 'ignore'
[0.169s] Level 1:colcon.colcon_core.package_identification:_identify(src/ModernRobotics/packages/Python) by extension 'ignore_ament_install'
[0.169s] Level 1:colcon.colcon_core.package_identification:_identify(src/ModernRobotics/packages/Python) by extensions ['colcon_pkg']
[0.169s] Level 1:colcon.colcon_core.package_identification:_identify(src/ModernRobotics/packages/Python) by extension 'colcon_pkg'
[0.169s] Level 1:colcon.colcon_core.package_identification:_identify(src/ModernRobotics/packages/Python) by extensions ['colcon_meta']
[0.169s] Level 1:colcon.colcon_core.package_identification:_identify(src/ModernRobotics/packages/Python) by extension 'colcon_meta'
[0.169s] Level 1:colcon.colcon_core.package_identification:_identify(src/ModernRobotics/packages/Python) by extensions ['ros']
[0.169s] Level 1:colcon.colcon_core.package_identification:_identify(src/ModernRobotics/packages/Python) by extension 'ros'
[0.169s] Level 1:colcon.colcon_core.package_identification:_identify(src/ModernRobotics/packages/Python) by extensions ['cmake', 'python']
[0.169s] Level 1:colcon.colcon_core.package_identification:_identify(src/ModernRobotics/packages/Python) by extension 'cmake'
[0.169s] Level 1:colcon.colcon_core.package_identification:_identify(src/ModernRobotics/packages/Python) by extension 'python'
[0.169s] Level 1:colcon.colcon_core.package_identification:_identify(src/ModernRobotics/packages/Python) by extensions ['python_setup_py']
[0.169s] Level 1:colcon.colcon_core.package_identification:_identify(src/ModernRobotics/packages/Python) by extension 'python_setup_py'
[0.340s] DEBUG:colcon.colcon_core.package_identification:Package 'src/ModernRobotics/packages/Python' with type 'python' and name 'modern_robotics'
[0.340s] Level 1:colcon.colcon_core.package_identification:_identify(src/arm) by extensions ['ignore', 'ignore_ament_install']
[0.340s] Level 1:colcon.colcon_core.package_identification:_identify(src/arm) by extension 'ignore'
[0.340s] Level 1:colcon.colcon_core.package_identification:_identify(src/arm) by extension 'ignore_ament_install'
[0.340s] Level 1:colcon.colcon_core.package_identification:_identify(src/arm) by extensions ['colcon_pkg']
[0.340s] Level 1:colcon.colcon_core.package_identification:_identify(src/arm) by extension 'colcon_pkg'
[0.341s] Level 1:colcon.colcon_core.package_identification:_identify(src/arm) by extensions ['colcon_meta']
[0.341s] Level 1:colcon.colcon_core.package_identification:_identify(src/arm) by extension 'colcon_meta'
[0.341s] Level 1:colcon.colcon_core.package_identification:_identify(src/arm) by extensions ['ros']
[0.341s] Level 1:colcon.colcon_core.package_identification:_identify(src/arm) by extension 'ros'
[0.342s] DEBUG:colcon.colcon_core.package_identification:Failed to parse potential ROS package manifest in'src/arm': Error(s) in package 'src/arm/package.xml':
The manifest contains invalid XML:
mismatched tag: line 28, column 2
[0.342s] Level 1:colcon.colcon_core.package_identification:_identify(src/arm) by extensions ['cmake', 'python']
[0.343s] Level 1:colcon.colcon_core.package_identification:_identify(src/arm) by extension 'cmake'
[0.343s] Level 1:colcon.colcon_core.package_identification:_identify(src/arm) by extension 'python'
[0.343s] DEBUG:colcon.colcon_core.package_identification:Python package in 'src/arm' passes arguments to the setup() function which requires a different identification extension than 'python'
[0.343s] Level 1:colcon.colcon_core.package_identification:_identify(src/arm) by extensions ['python_setup_py']
[0.343s] Level 1:colcon.colcon_core.package_identification:_identify(src/arm) by extension 'python_setup_py'
[0.512s] DEBUG:colcon.colcon_core.package_identification:Package 'src/arm' with type 'python' and name 'arm'
[0.512s] Level 1:colcon.colcon_core.package_identification:_identify(src/interbotix_ros_core) by extensions ['ignore', 'ignore_ament_install']
[0.513s] Level 1:colcon.colcon_core.package_identification:_identify(src/interbotix_ros_core) by extension 'ignore'
[0.513s] Level 1:colcon.colcon_core.package_identification:_identify(src/interbotix_ros_core) by extension 'ignore_ament_install'
[0.513s] Level 1:colcon.colcon_core.package_identification:_identify(src/interbotix_ros_core) by extensions ['colcon_pkg']
[0.513s] Level 1:colcon.colcon_core.package_identification:_identify(src/interbotix_ros_core) by extension 'colcon_pkg'
[0.513s] Level 1:colcon.colcon_core.package_identification:_identify(src/interbotix_ros_core) by extensions ['colcon_meta']
[0.513s] Level 1:colcon.colcon_core.package_identification:_identify(src/interbotix_ros_core) by extension 'colcon_meta'
[0.513s] Level 1:colcon.colcon_core.package_identification:_identify(src/interbotix_ros_core) by extensions ['ros']
[0.513s] Level 1:colcon.colcon_core.package_identification:_identify(src/interbotix_ros_core) by extension 'ros'
[0.513s] Level 1:colcon.colcon_core.package_identification:_identify(src/interbotix_ros_core) by extensions ['cmake', 'python']
[0.513s] Level 1:colcon.colcon_core.package_identification:_identify(src/interbotix_ros_core) by extension 'cmake'
[0.513s] Level 1:colcon.colcon_core.package_identification:_identify(src/interbotix_ros_core) by extension 'python'
[0.513s] Level 1:colcon.colcon_core.package_identification:_identify(src/interbotix_ros_core) by extensions ['python_setup_py']
[0.513s] Level 1:colcon.colcon_core.package_identification:_identify(src/interbotix_ros_core) by extension 'python_setup_py'
[0.513s] Level 1:colcon.colcon_core.package_identification:_identify(src/interbotix_ros_core/images) by extensions ['ignore', 'ignore_ament_install']
[0.514s] Level 1:colcon.colcon_core.package_identification:_identify(src/interbotix_ros_core/images) by extension 'ignore'
[0.514s] Level 1:colcon.colcon_core.package_identification:_identify(src/interbotix_ros_core/images) by extension 'ignore_ament_install'
[0.514s] Level 1:colcon.colcon_core.package_identification:_identify(src/interbotix_ros_core/images) by extensions ['colcon_pkg']
[0.514s] Level 1:colcon.colcon_core.package_identification:_identify(src/interbotix_ros_core/images) by extension 'colcon_pkg'
[0.514s] Level 1:colcon.colcon_core.package_identification:_identify(src/interbotix_ros_core/images) by extensions ['colcon_meta']
[0.514s] Level 1:colcon.colcon_core.package_identification:_identify(src/interbotix_ros_core/images) by extension 'colcon_meta'
[0.514s] Level 1:colcon.colcon_core.package_identification:_identify(src/interbotix_ros_core/images) by extensions ['ros']
[0.514s] Level 1:colcon.colcon_core.package_identification:_identify(src/interbotix_ros_core/images) by extension 'ros'
[0.514s] Level 1:colcon.colcon_core.package_identification:_identify(src/interbotix_ros_core/images) by extensions ['cmake', 'python']
[0.514s] Level 1:colcon.colcon_core.package_identification:_identify(src/interbotix_ros_core/images) by extension 'cmake'
[0.514s] Level 1:colcon.colcon_core.package_identification:_identify(src/interbotix_ros_core/images) by extension 'python'
[0.514s] Level 1:colcon.colcon_core.package_identification:_identify(src/interbotix_ros_core/images) by extensions ['python_setup_py']
[0.514s] Level 1:colcon.colcon_core.package_identification:_identify(src/interbotix_ros_core/images) by extension 'python_setup_py'
[0.514s] Level 1:colcon.colcon_core.package_identification:_identify(src/interbotix_ros_core/interbotix_ros_common_drivers) by extensions ['ignore', 'ignore_ament_install']
[0.515s] Level 1:colcon.colcon_core.package_identification:_identify(src/interbotix_ros_core/interbotix_ros_common_drivers) by extension 'ignore'
[0.515s] Level 1:colcon.colcon_core.package_identification:_identify(src/interbotix_ros_core/interbotix_ros_common_drivers) ignored
[0.515s] Level 1:colcon.colcon_core.package_identification:_identify(src/interbotix_ros_core/interbotix_ros_slate) by extensions ['ignore', 'ignore_ament_install']
[0.515s] Level 1:colcon.colcon_core.package_identification:_identify(src/interbotix_ros_core/interbotix_ros_slate) by extension 'ignore'
[0.515s] Level 1:colcon.colcon_core.package_identification:_identify(src/interbotix_ros_core/interbotix_ros_slate) ignored
[0.515s] Level 1:colcon.colcon_core.package_identification:_identify(src/interbotix_ros_core/interbotix_ros_xseries) by extensions ['ignore', 'ignore_ament_install']
[0.515s] Level 1:colcon.colcon_core.package_identification:_identify(src/interbotix_ros_core/interbotix_ros_xseries) by extension 'ignore'
[0.515s] Level 1:colcon.colcon_core.package_identification:_identify(src/interbotix_ros_core/interbotix_ros_xseries) by extension 'ignore_ament_install'
[0.515s] Level 1:colcon.colcon_core.package_identification:_identify(src/interbotix_ros_core/interbotix_ros_xseries) by extensions ['colcon_pkg']
[0.515s] Level 1:colcon.colcon_core.package_identification:_identify(src/interbotix_ros_core/interbotix_ros_xseries) by extension 'colcon_pkg'
[0.515s] Level 1:colcon.colcon_core.package_identification:_identify(src/interbotix_ros_core/interbotix_ros_xseries) by extensions ['colcon_meta']
[0.515s] Level 1:colcon.colcon_core.package_identification:_identify(src/interbotix_ros_core/interbotix_ros_xseries) by extension 'colcon_meta'
[0.515s] Level 1:colcon.colcon_core.package_identification:_identify(src/interbotix_ros_core/interbotix_ros_xseries) by extensions ['ros']
[0.516s] Level 1:colcon.colcon_core.package_identification:_identify(src/interbotix_ros_core/interbotix_ros_xseries) by extension 'ros'
[0.516s] Level 1:colcon.colcon_core.package_identification:_identify(src/interbotix_ros_core/interbotix_ros_xseries) by extensions ['cmake', 'python']
[0.516s] Level 1:colcon.colcon_core.package_identification:_identify(src/interbotix_ros_core/interbotix_ros_xseries) by extension 'cmake'
[0.516s] Level 1:colcon.colcon_core.package_identification:_identify(src/interbotix_ros_core/interbotix_ros_xseries) by extension 'python'
[0.516s] Level 1:colcon.colcon_core.package_identification:_identify(src/interbotix_ros_core/interbotix_ros_xseries) by extensions ['python_setup_py']
[0.516s] Level 1:colcon.colcon_core.package_identification:_identify(src/interbotix_ros_core/interbotix_ros_xseries) by extension 'python_setup_py'
[0.516s] Level 1:colcon.colcon_core.package_identification:_identify(src/interbotix_ros_core/interbotix_ros_xseries/dynamixel_workbench_toolbox) by extensions ['ignore', 'ignore_ament_install']
[0.516s] Level 1:colcon.colcon_core.package_identification:_identify(src/interbotix_ros_core/interbotix_ros_xseries/dynamixel_workbench_toolbox) by extension 'ignore'
[0.516s] Level 1:colcon.colcon_core.package_identification:_identify(src/interbotix_ros_core/interbotix_ros_xseries/dynamixel_workbench_toolbox) by extension 'ignore_ament_install'
[0.516s] Level 1:colcon.colcon_core.package_identification:_identify(src/interbotix_ros_core/interbotix_ros_xseries/dynamixel_workbench_toolbox) by extensions ['colcon_pkg']
[0.516s] Level 1:colcon.colcon_core.package_identification:_identify(src/interbotix_ros_core/interbotix_ros_xseries/dynamixel_workbench_toolbox) by extension 'colcon_pkg'
[0.516s] Level 1:colcon.colcon_core.package_identification:_identify(src/interbotix_ros_core/interbotix_ros_xseries/dynamixel_workbench_toolbox) by extensions ['colcon_meta']
[0.516s] Level 1:colcon.colcon_core.package_identification:_identify(src/interbotix_ros_core/interbotix_ros_xseries/dynamixel_workbench_toolbox) by extension 'colcon_meta'
[0.517s] Level 1:colcon.colcon_core.package_identification:_identify(src/interbotix_ros_core/interbotix_ros_xseries/dynamixel_workbench_toolbox) by extensions ['ros']
[0.517s] Level 1:colcon.colcon_core.package_identification:_identify(src/interbotix_ros_core/interbotix_ros_xseries/dynamixel_workbench_toolbox) by extension 'ros'
[0.517s] Level 1:colcon.colcon_core.package_identification:_identify(src/interbotix_ros_core/interbotix_ros_xseries/dynamixel_workbench_toolbox) by extensions ['cmake', 'python']
[0.517s] Level 1:colcon.colcon_core.package_identification:_identify(src/interbotix_ros_core/interbotix_ros_xseries/dynamixel_workbench_toolbox) by extension 'cmake'
[0.517s] Level 1:colcon.colcon_core.package_identification:_identify(src/interbotix_ros_core/interbotix_ros_xseries/dynamixel_workbench_toolbox) by extension 'python'
[0.517s] Level 1:colcon.colcon_core.package_identification:_identify(src/interbotix_ros_core/interbotix_ros_xseries/dynamixel_workbench_toolbox) by extensions ['python_setup_py']
[0.517s] Level 1:colcon.colcon_core.package_identification:_identify(src/interbotix_ros_core/interbotix_ros_xseries/dynamixel_workbench_toolbox) by extension 'python_setup_py'
[0.517s] Level 1:colcon.colcon_core.package_identification:_identify(src/interbotix_ros_core/interbotix_ros_xseries/interbotix_ros_xseries) by extensions ['ignore', 'ignore_ament_install']
[0.517s] Level 1:colcon.colcon_core.package_identification:_identify(src/interbotix_ros_core/interbotix_ros_xseries/interbotix_ros_xseries) by extension 'ignore'
[0.517s] Level 1:colcon.colcon_core.package_identification:_identify(src/interbotix_ros_core/interbotix_ros_xseries/interbotix_ros_xseries) by extension 'ignore_ament_install'
[0.517s] Level 1:colcon.colcon_core.package_identification:_identify(src/interbotix_ros_core/interbotix_ros_xseries/interbotix_ros_xseries) by extensions ['colcon_pkg']
[0.517s] Level 1:colcon.colcon_core.package_identification:_identify(src/interbotix_ros_core/interbotix_ros_xseries/interbotix_ros_xseries) by extension 'colcon_pkg'
[0.517s] Level 1:colcon.colcon_core.package_identification:_identify(src/interbotix_ros_core/interbotix_ros_xseries/interbotix_ros_xseries) by extensions ['colcon_meta']
[0.517s] Level 1:colcon.colcon_core.package_identification:_identify(src/interbotix_ros_core/interbotix_ros_xseries/interbotix_ros_xseries) by extension 'colcon_meta'
[0.517s] Level 1:colcon.colcon_core.package_identification:_identify(src/interbotix_ros_core/interbotix_ros_xseries/interbotix_ros_xseries) by extensions ['ros']
[0.517s] Level 1:colcon.colcon_core.package_identification:_identify(src/interbotix_ros_core/interbotix_ros_xseries/interbotix_ros_xseries) by extension 'ros'
[0.519s] DEBUG:colcon.colcon_core.package_identification:Package 'src/interbotix_ros_core/interbotix_ros_xseries/interbotix_ros_xseries' with type 'ros.ament_cmake' and name 'interbotix_ros_xseries'
[0.520s] Level 1:colcon.colcon_core.package_identification:_identify(src/interbotix_ros_core/interbotix_ros_xseries/interbotix_xs_driver) by extensions ['ignore', 'ignore_ament_install']
[0.520s] Level 1:colcon.colcon_core.package_identification:_identify(src/interbotix_ros_core/interbotix_ros_xseries/interbotix_xs_driver) by extension 'ignore'
[0.520s] Level 1:colcon.colcon_core.package_identification:_identify(src/interbotix_ros_core/interbotix_ros_xseries/interbotix_xs_driver) by extension 'ignore_ament_install'
[0.520s] Level 1:colcon.colcon_core.package_identification:_identify(src/interbotix_ros_core/interbotix_ros_xseries/interbotix_xs_driver) by extensions ['colcon_pkg']
[0.520s] Level 1:colcon.colcon_core.package_identification:_identify(src/interbotix_ros_core/interbotix_ros_xseries/interbotix_xs_driver) by extension 'colcon_pkg'
[0.520s] Level 1:colcon.colcon_core.package_identification:_identify(src/interbotix_ros_core/interbotix_ros_xseries/interbotix_xs_driver) by extensions ['colcon_meta']
[0.520s] Level 1:colcon.colcon_core.package_identification:_identify(src/interbotix_ros_core/interbotix_ros_xseries/interbotix_xs_driver) by extension 'colcon_meta'
[0.520s] Level 1:colcon.colcon_core.package_identification:_identify(src/interbotix_ros_core/interbotix_ros_xseries/interbotix_xs_driver) by extensions ['ros']
[0.520s] Level 1:colcon.colcon_core.package_identification:_identify(src/interbotix_ros_core/interbotix_ros_xseries/interbotix_xs_driver) by extension 'ros'
[0.520s] Level 1:colcon.colcon_core.package_identification:_identify(src/interbotix_ros_core/interbotix_ros_xseries/interbotix_xs_driver) by extensions ['cmake', 'python']
[0.520s] Level 1:colcon.colcon_core.package_identification:_identify(src/interbotix_ros_core/interbotix_ros_xseries/interbotix_xs_driver) by extension 'cmake'
[0.520s] Level 1:colcon.colcon_core.package_identification:_identify(src/interbotix_ros_core/interbotix_ros_xseries/interbotix_xs_driver) by extension 'python'
[0.520s] Level 1:colcon.colcon_core.package_identification:_identify(src/interbotix_ros_core/interbotix_ros_xseries/interbotix_xs_driver) by extensions ['python_setup_py']
[0.520s] Level 1:colcon.colcon_core.package_identification:_identify(src/interbotix_ros_core/interbotix_ros_xseries/interbotix_xs_driver) by extension 'python_setup_py'
[0.520s] Level 1:colcon.colcon_core.package_identification:_identify(src/interbotix_ros_core/interbotix_ros_xseries/interbotix_xs_msgs) by extensions ['ignore', 'ignore_ament_install']
[0.520s] Level 1:colcon.colcon_core.package_identification:_identify(src/interbotix_ros_core/interbotix_ros_xseries/interbotix_xs_msgs) by extension 'ignore'
[0.521s] Level 1:colcon.colcon_core.package_identification:_identify(src/interbotix_ros_core/interbotix_ros_xseries/interbotix_xs_msgs) by extension 'ignore_ament_install'
[0.521s] Level 1:colcon.colcon_core.package_identification:_identify(src/interbotix_ros_core/interbotix_ros_xseries/interbotix_xs_msgs) by extensions ['colcon_pkg']
[0.521s] Level 1:colcon.colcon_core.package_identification:_identify(src/interbotix_ros_core/interbotix_ros_xseries/interbotix_xs_msgs) by extension 'colcon_pkg'
[0.521s] Level 1:colcon.colcon_core.package_identification:_identify(src/interbotix_ros_core/interbotix_ros_xseries/interbotix_xs_msgs) by extensions ['colcon_meta']
[0.521s] Level 1:colcon.colcon_core.package_identification:_identify(src/interbotix_ros_core/interbotix_ros_xseries/interbotix_xs_msgs) by extension 'colcon_meta'
[0.521s] Level 1:colcon.colcon_core.package_identification:_identify(src/interbotix_ros_core/interbotix_ros_xseries/interbotix_xs_msgs) by extensions ['ros']
[0.521s] Level 1:colcon.colcon_core.package_identification:_identify(src/interbotix_ros_core/interbotix_ros_xseries/interbotix_xs_msgs) by extension 'ros'
[0.522s] DEBUG:colcon.colcon_core.package_identification:Package 'src/interbotix_ros_core/interbotix_ros_xseries/interbotix_xs_msgs' with type 'ros.ament_cmake' and name 'interbotix_xs_msgs'
[0.522s] Level 1:colcon.colcon_core.package_identification:_identify(src/interbotix_ros_core/interbotix_ros_xseries/interbotix_xs_sdk) by extensions ['ignore', 'ignore_ament_install']
[0.522s] Level 1:colcon.colcon_core.package_identification:_identify(src/interbotix_ros_core/interbotix_ros_xseries/interbotix_xs_sdk) by extension 'ignore'
[0.522s] Level 1:colcon.colcon_core.package_identification:_identify(src/interbotix_ros_core/interbotix_ros_xseries/interbotix_xs_sdk) by extension 'ignore_ament_install'
[0.522s] Level 1:colcon.colcon_core.package_identification:_identify(src/interbotix_ros_core/interbotix_ros_xseries/interbotix_xs_sdk) by extensions ['colcon_pkg']
[0.522s] Level 1:colcon.colcon_core.package_identification:_identify(src/interbotix_ros_core/interbotix_ros_xseries/interbotix_xs_sdk) by extension 'colcon_pkg'
[0.522s] Level 1:colcon.colcon_core.package_identification:_identify(src/interbotix_ros_core/interbotix_ros_xseries/interbotix_xs_sdk) by extensions ['colcon_meta']
[0.522s] Level 1:colcon.colcon_core.package_identification:_identify(src/interbotix_ros_core/interbotix_ros_xseries/interbotix_xs_sdk) by extension 'colcon_meta'
[0.522s] Level 1:colcon.colcon_core.package_identification:_identify(src/interbotix_ros_core/interbotix_ros_xseries/interbotix_xs_sdk) by extensions ['ros']
[0.522s] Level 1:colcon.colcon_core.package_identification:_identify(src/interbotix_ros_core/interbotix_ros_xseries/interbotix_xs_sdk) by extension 'ros'
[0.523s] DEBUG:colcon.colcon_core.package_identification:Package 'src/interbotix_ros_core/interbotix_ros_xseries/interbotix_xs_sdk' with type 'ros.ament_cmake' and name 'interbotix_xs_sdk'
[0.523s] Level 1:colcon.colcon_core.package_identification:_identify(src/interbotix_ros_manipulators) by extensions ['ignore', 'ignore_ament_install']
[0.523s] Level 1:colcon.colcon_core.package_identification:_identify(src/interbotix_ros_manipulators) by extension 'ignore'
[0.523s] Level 1:colcon.colcon_core.package_identification:_identify(src/interbotix_ros_manipulators) by extension 'ignore_ament_install'
[0.523s] Level 1:colcon.colcon_core.package_identification:_identify(src/interbotix_ros_manipulators) by extensions ['colcon_pkg']
[0.524s] Level 1:colcon.colcon_core.package_identification:_identify(src/interbotix_ros_manipulators) by extension 'colcon_pkg'
[0.524s] Level 1:colcon.colcon_core.package_identification:_identify(src/interbotix_ros_manipulators) by extensions ['colcon_meta']
[0.524s] Level 1:colcon.colcon_core.package_identification:_identify(src/interbotix_ros_manipulators) by extension 'colcon_meta'
[0.524s] Level 1:colcon.colcon_core.package_identification:_identify(src/interbotix_ros_manipulators) by extensions ['ros']
[0.524s] Level 1:colcon.colcon_core.package_identification:_identify(src/interbotix_ros_manipulators) by extension 'ros'
[0.524s] Level 1:colcon.colcon_core.package_identification:_identify(src/interbotix_ros_manipulators) by extensions ['cmake', 'python']
[0.524s] Level 1:colcon.colcon_core.package_identification:_identify(src/interbotix_ros_manipulators) by extension 'cmake'
[0.524s] Level 1:colcon.colcon_core.package_identification:_identify(src/interbotix_ros_manipulators) by extension 'python'
[0.524s] Level 1:colcon.colcon_core.package_identification:_identify(src/interbotix_ros_manipulators) by extensions ['python_setup_py']
[0.524s] Level 1:colcon.colcon_core.package_identification:_identify(src/interbotix_ros_manipulators) by extension 'python_setup_py'
[0.524s] Level 1:colcon.colcon_core.package_identification:_identify(src/interbotix_ros_manipulators/images) by extensions ['ignore', 'ignore_ament_install']
[0.524s] Level 1:colcon.colcon_core.package_identification:_identify(src/interbotix_ros_manipulators/images) by extension 'ignore'
[0.524s] Level 1:colcon.colcon_core.package_identification:_identify(src/interbotix_ros_manipulators/images) by extension 'ignore_ament_install'
[0.524s] Level 1:colcon.colcon_core.package_identification:_identify(src/interbotix_ros_manipulators/images) by extensions ['colcon_pkg']
[0.524s] Level 1:colcon.colcon_core.package_identification:_identify(src/interbotix_ros_manipulators/images) by extension 'colcon_pkg'
[0.524s] Level 1:colcon.colcon_core.package_identification:_identify(src/interbotix_ros_manipulators/images) by extensions ['colcon_meta']
[0.524s] Level 1:colcon.colcon_core.package_identification:_identify(src/interbotix_ros_manipulators/images) by extension 'colcon_meta'
[0.525s] Level 1:colcon.colcon_core.package_identification:_identify(src/interbotix_ros_manipulators/images) by extensions ['ros']
[0.525s] Level 1:colcon.colcon_core.package_identification:_identify(src/interbotix_ros_manipulators/images) by extension 'ros'
[0.525s] Level 1:colcon.colcon_core.package_identification:_identify(src/interbotix_ros_manipulators/images) by extensions ['cmake', 'python']
[0.525s] Level 1:colcon.colcon_core.package_identification:_identify(src/interbotix_ros_manipulators/images) by extension 'cmake'
[0.525s] Level 1:colcon.colcon_core.package_identification:_identify(src/interbotix_ros_manipulators/images) by extension 'python'
[0.525s] Level 1:colcon.colcon_core.package_identification:_identify(src/interbotix_ros_manipulators/images) by extensions ['python_setup_py']
[0.525s] Level 1:colcon.colcon_core.package_identification:_identify(src/interbotix_ros_manipulators/images) by extension 'python_setup_py'
[0.525s] Level 1:colcon.colcon_core.package_identification:_identify(src/interbotix_ros_manipulators/interbotix_ros_xsarms) by extensions ['ignore', 'ignore_ament_install']
[0.525s] Level 1:colcon.colcon_core.package_identification:_identify(src/interbotix_ros_manipulators/interbotix_ros_xsarms) by extension 'ignore'
[0.525s] Level 1:colcon.colcon_core.package_identification:_identify(src/interbotix_ros_manipulators/interbotix_ros_xsarms) by extension 'ignore_ament_install'
[0.525s] Level 1:colcon.colcon_core.package_identification:_identify(src/interbotix_ros_manipulators/interbotix_ros_xsarms) by extensions ['colcon_pkg']
[0.525s] Level 1:colcon.colcon_core.package_identification:_identify(src/interbotix_ros_manipulators/interbotix_ros_xsarms) by extension 'colcon_pkg'
[0.525s] Level 1:colcon.colcon_core.package_identification:_identify(src/interbotix_ros_manipulators/interbotix_ros_xsarms) by extensions ['colcon_meta']
[0.525s] Level 1:colcon.colcon_core.package_identification:_identify(src/interbotix_ros_manipulators/interbotix_ros_xsarms) by extension 'colcon_meta'
[0.525s] Level 1:colcon.colcon_core.package_identification:_identify(src/interbotix_ros_manipulators/interbotix_ros_xsarms) by extensions ['ros']
[0.525s] Level 1:colcon.colcon_core.package_identification:_identify(src/interbotix_ros_manipulators/interbotix_ros_xsarms) by extension 'ros'
[0.526s] Level 1:colcon.colcon_core.package_identification:_identify(src/interbotix_ros_manipulators/interbotix_ros_xsarms) by extensions ['cmake', 'python']
[0.526s] Level 1:colcon.colcon_core.package_identification:_identify(src/interbotix_ros_manipulators/interbotix_ros_xsarms) by extension 'cmake'
[0.526s] Level 1:colcon.colcon_core.package_identification:_identify(src/interbotix_ros_manipulators/interbotix_ros_xsarms) by extension 'python'
[0.526s] Level 1:colcon.colcon_core.package_identification:_identify(src/interbotix_ros_manipulators/interbotix_ros_xsarms) by extensions ['python_setup_py']
[0.526s] Level 1:colcon.colcon_core.package_identification:_identify(src/interbotix_ros_manipulators/interbotix_ros_xsarms) by extension 'python_setup_py'
[0.526s] Level 1:colcon.colcon_core.package_identification:_identify(src/interbotix_ros_manipulators/interbotix_ros_xsarms/examples) by extensions ['ignore', 'ignore_ament_install']
[0.526s] Level 1:colcon.colcon_core.package_identification:_identify(src/interbotix_ros_manipulators/interbotix_ros_xsarms/examples) by extension 'ignore'
[0.526s] Level 1:colcon.colcon_core.package_identification:_identify(src/interbotix_ros_manipulators/interbotix_ros_xsarms/examples) by extension 'ignore_ament_install'
[0.526s] Level 1:colcon.colcon_core.package_identification:_identify(src/interbotix_ros_manipulators/interbotix_ros_xsarms/examples) by extensions ['colcon_pkg']
[0.526s] Level 1:colcon.colcon_core.package_identification:_identify(src/interbotix_ros_manipulators/interbotix_ros_xsarms/examples) by extension 'colcon_pkg'
[0.526s] Level 1:colcon.colcon_core.package_identification:_identify(src/interbotix_ros_manipulators/interbotix_ros_xsarms/examples) by extensions ['colcon_meta']
[0.526s] Level 1:colcon.colcon_core.package_identification:_identify(src/interbotix_ros_manipulators/interbotix_ros_xsarms/examples) by extension 'colcon_meta'
[0.526s] Level 1:colcon.colcon_core.package_identification:_identify(src/interbotix_ros_manipulators/interbotix_ros_xsarms/examples) by extensions ['ros']
[0.526s] Level 1:colcon.colcon_core.package_identification:_identify(src/interbotix_ros_manipulators/interbotix_ros_xsarms/examples) by extension 'ros'
[0.527s] Level 1:colcon.colcon_core.package_identification:_identify(src/interbotix_ros_manipulators/interbotix_ros_xsarms/examples) by extensions ['cmake', 'python']
[0.527s] Level 1:colcon.colcon_core.package_identification:_identify(src/interbotix_ros_manipulators/interbotix_ros_xsarms/examples) by extension 'cmake'
[0.527s] Level 1:colcon.colcon_core.package_identification:_identify(src/interbotix_ros_manipulators/interbotix_ros_xsarms/examples) by extension 'python'
[0.527s] Level 1:colcon.colcon_core.package_identification:_identify(src/interbotix_ros_manipulators/interbotix_ros_xsarms/examples) by extensions ['python_setup_py']
[0.527s] Level 1:colcon.colcon_core.package_identification:_identify(src/interbotix_ros_manipulators/interbotix_ros_xsarms/examples) by extension 'python_setup_py'
[0.527s] Level 1:colcon.colcon_core.package_identification:_identify(src/interbotix_ros_manipulators/interbotix_ros_xsarms/examples/interbotix_ros_xsarms_examples) by extensions ['ignore', 'ignore_ament_install']
[0.527s] Level 1:colcon.colcon_core.package_identification:_identify(src/interbotix_ros_manipulators/interbotix_ros_xsarms/examples/interbotix_ros_xsarms_examples) by extension 'ignore'
[0.527s] Level 1:colcon.colcon_core.package_identification:_identify(src/interbotix_ros_manipulators/interbotix_ros_xsarms/examples/interbotix_ros_xsarms_examples) by extension 'ignore_ament_install'
[0.527s] Level 1:colcon.colcon_core.package_identification:_identify(src/interbotix_ros_manipulators/interbotix_ros_xsarms/examples/interbotix_ros_xsarms_examples) by extensions ['colcon_pkg']
[0.527s] Level 1:colcon.colcon_core.package_identification:_identify(src/interbotix_ros_manipulators/interbotix_ros_xsarms/examples/interbotix_ros_xsarms_examples) by extension 'colcon_pkg'
[0.527s] Level 1:colcon.colcon_core.package_identification:_identify(src/interbotix_ros_manipulators/interbotix_ros_xsarms/examples/interbotix_ros_xsarms_examples) by extensions ['colcon_meta']
[0.527s] Level 1:colcon.colcon_core.package_identification:_identify(src/interbotix_ros_manipulators/interbotix_ros_xsarms/examples/interbotix_ros_xsarms_examples) by extension 'colcon_meta'
[0.527s] Level 1:colcon.colcon_core.package_identification:_identify(src/interbotix_ros_manipulators/interbotix_ros_xsarms/examples/interbotix_ros_xsarms_examples) by extensions ['ros']
[0.527s] Level 1:colcon.colcon_core.package_identification:_identify(src/interbotix_ros_manipulators/interbotix_ros_xsarms/examples/interbotix_ros_xsarms_examples) by extension 'ros'
[0.528s] DEBUG:colcon.colcon_core.package_identification:Package 'src/interbotix_ros_manipulators/interbotix_ros_xsarms/examples/interbotix_ros_xsarms_examples' with type 'ros.ament_cmake' and name 'interbotix_ros_xsarms_examples'
[0.528s] Level 1:colcon.colcon_core.package_identification:_identify(src/interbotix_ros_manipulators/interbotix_ros_xsarms/examples/interbotix_xsarm_diagnostic_tool) by extensions ['ignore', 'ignore_ament_install']
[0.528s] Level 1:colcon.colcon_core.package_identification:_identify(src/interbotix_ros_manipulators/interbotix_ros_xsarms/examples/interbotix_xsarm_diagnostic_tool) by extension 'ignore'
[0.528s] Level 1:colcon.colcon_core.package_identification:_identify(src/interbotix_ros_manipulators/interbotix_ros_xsarms/examples/interbotix_xsarm_diagnostic_tool) ignored
[0.528s] Level 1:colcon.colcon_core.package_identification:_identify(src/interbotix_ros_manipulators/interbotix_ros_xsarms/examples/interbotix_xsarm_dual) by extensions ['ignore', 'ignore_ament_install']
[0.528s] Level 1:colcon.colcon_core.package_identification:_identify(src/interbotix_ros_manipulators/interbotix_ros_xsarms/examples/interbotix_xsarm_dual) by extension 'ignore'
[0.529s] Level 1:colcon.colcon_core.package_identification:_identify(src/interbotix_ros_manipulators/interbotix_ros_xsarms/examples/interbotix_xsarm_dual) by extension 'ignore_ament_install'
[0.529s] Level 1:colcon.colcon_core.package_identification:_identify(src/interbotix_ros_manipulators/interbotix_ros_xsarms/examples/interbotix_xsarm_dual) by extensions ['colcon_pkg']
[0.529s] Level 1:colcon.colcon_core.package_identification:_identify(src/interbotix_ros_manipulators/interbotix_ros_xsarms/examples/interbotix_xsarm_dual) by extension 'colcon_pkg'
[0.529s] Level 1:colcon.colcon_core.package_identification:_identify(src/interbotix_ros_manipulators/interbotix_ros_xsarms/examples/interbotix_xsarm_dual) by extensions ['colcon_meta']
[0.529s] Level 1:colcon.colcon_core.package_identification:_identify(src/interbotix_ros_manipulators/interbotix_ros_xsarms/examples/interbotix_xsarm_dual) by extension 'colcon_meta'
[0.529s] Level 1:colcon.colcon_core.package_identification:_identify(src/interbotix_ros_manipulators/interbotix_ros_xsarms/examples/interbotix_xsarm_dual) by extensions ['ros']
[0.529s] Level 1:colcon.colcon_core.package_identification:_identify(src/interbotix_ros_manipulators/interbotix_ros_xsarms/examples/interbotix_xsarm_dual) by extension 'ros'
[0.530s] DEBUG:colcon.colcon_core.package_identification:Package 'src/interbotix_ros_manipulators/interbotix_ros_xsarms/examples/interbotix_xsarm_dual' with type 'ros.ament_cmake' and name 'interbotix_xsarm_dual'
[0.530s] Level 1:colcon.colcon_core.package_identification:_identify(src/interbotix_ros_manipulators/interbotix_ros_xsarms/examples/interbotix_xsarm_dual_joy) by extensions ['ignore', 'ignore_ament_install']
[0.530s] Level 1:colcon.colcon_core.package_identification:_identify(src/interbotix_ros_manipulators/interbotix_ros_xsarms/examples/interbotix_xsarm_dual_joy) by extension 'ignore'
[0.530s] Level 1:colcon.colcon_core.package_identification:_identify(src/interbotix_ros_manipulators/interbotix_ros_xsarms/examples/interbotix_xsarm_dual_joy) ignored
[0.530s] Level 1:colcon.colcon_core.package_identification:_identify(src/interbotix_ros_manipulators/interbotix_ros_xsarms/examples/interbotix_xsarm_joy) by extensions ['ignore', 'ignore_ament_install']
[0.530s] Level 1:colcon.colcon_core.package_identification:_identify(src/interbotix_ros_manipulators/interbotix_ros_xsarms/examples/interbotix_xsarm_joy) by extension 'ignore'
[0.530s] Level 1:colcon.colcon_core.package_identification:_identify(src/interbotix_ros_manipulators/interbotix_ros_xsarms/examples/interbotix_xsarm_joy) by extension 'ignore_ament_install'
[0.531s] Level 1:colcon.colcon_core.package_identification:_identify(src/interbotix_ros_manipulators/interbotix_ros_xsarms/examples/interbotix_xsarm_joy) by extensions ['colcon_pkg']
[0.531s] Level 1:colcon.colcon_core.package_identification:_identify(src/interbotix_ros_manipulators/interbotix_ros_xsarms/examples/interbotix_xsarm_joy) by extension 'colcon_pkg'
[0.531s] Level 1:colcon.colcon_core.package_identification:_identify(src/interbotix_ros_manipulators/interbotix_ros_xsarms/examples/interbotix_xsarm_joy) by extensions ['colcon_meta']
[0.531s] Level 1:colcon.colcon_core.package_identification:_identify(src/interbotix_ros_manipulators/interbotix_ros_xsarms/examples/interbotix_xsarm_joy) by extension 'colcon_meta'
[0.531s] Level 1:colcon.colcon_core.package_identification:_identify(src/interbotix_ros_manipulators/interbotix_ros_xsarms/examples/interbotix_xsarm_joy) by extensions ['ros']
[0.531s] Level 1:colcon.colcon_core.package_identification:_identify(src/interbotix_ros_manipulators/interbotix_ros_xsarms/examples/interbotix_xsarm_joy) by extension 'ros'
[0.532s] DEBUG:colcon.colcon_core.package_identification:Package 'src/interbotix_ros_manipulators/interbotix_ros_xsarms/examples/interbotix_xsarm_joy' with type 'ros.ament_cmake' and name 'interbotix_xsarm_joy'
[0.532s] Level 1:colcon.colcon_core.package_identification:_identify(src/interbotix_ros_manipulators/interbotix_ros_xsarms/examples/interbotix_xsarm_moveit_interface) by extensions ['ignore', 'ignore_ament_install']
[0.532s] Level 1:colcon.colcon_core.package_identification:_identify(src/interbotix_ros_manipulators/interbotix_ros_xsarms/examples/interbotix_xsarm_moveit_interface) by extension 'ignore'
[0.532s] Level 1:colcon.colcon_core.package_identification:_identify(src/interbotix_ros_manipulators/interbotix_ros_xsarms/examples/interbotix_xsarm_moveit_interface) by extension 'ignore_ament_install'
[0.532s] Level 1:colcon.colcon_core.package_identification:_identify(src/interbotix_ros_manipulators/interbotix_ros_xsarms/examples/interbotix_xsarm_moveit_interface) by extensions ['colcon_pkg']
[0.532s] Level 1:colcon.colcon_core.package_identification:_identify(src/interbotix_ros_manipulators/interbotix_ros_xsarms/examples/interbotix_xsarm_moveit_interface) by extension 'colcon_pkg'
[0.532s] Level 1:colcon.colcon_core.package_identification:_identify(src/interbotix_ros_manipulators/interbotix_ros_xsarms/examples/interbotix_xsarm_moveit_interface) by extensions ['colcon_meta']
[0.532s] Level 1:colcon.colcon_core.package_identification:_identify(src/interbotix_ros_manipulators/interbotix_ros_xsarms/examples/interbotix_xsarm_moveit_interface) by extension 'colcon_meta'
[0.532s] Level 1:colcon.colcon_core.package_identification:_identify(src/interbotix_ros_manipulators/interbotix_ros_xsarms/examples/interbotix_xsarm_moveit_interface) by extensions ['ros']
[0.532s] Level 1:colcon.colcon_core.package_identification:_identify(src/interbotix_ros_manipulators/interbotix_ros_xsarms/examples/interbotix_xsarm_moveit_interface) by extension 'ros'
[0.533s] DEBUG:colcon.colcon_core.package_identification:Package 'src/interbotix_ros_manipulators/interbotix_ros_xsarms/examples/interbotix_xsarm_moveit_interface' with type 'ros.ament_cmake' and name 'interbotix_xsarm_moveit_interface'
[0.533s] Level 1:colcon.colcon_core.package_identification:_identify(src/interbotix_ros_manipulators/interbotix_ros_xsarms/examples/interbotix_xsarm_pid) by extensions ['ignore', 'ignore_ament_install']
[0.533s] Level 1:colcon.colcon_core.package_identification:_identify(src/interbotix_ros_manipulators/interbotix_ros_xsarms/examples/interbotix_xsarm_pid) by extension 'ignore'
[0.533s] Level 1:colcon.colcon_core.package_identification:_identify(src/interbotix_ros_manipulators/interbotix_ros_xsarms/examples/interbotix_xsarm_pid) ignored
[0.533s] Level 1:colcon.colcon_core.package_identification:_identify(src/interbotix_ros_manipulators/interbotix_ros_xsarms/examples/interbotix_xsarm_puppet) by extensions ['ignore', 'ignore_ament_install']
[0.533s] Level 1:colcon.colcon_core.package_identification:_identify(src/interbotix_ros_manipulators/interbotix_ros_xsarms/examples/interbotix_xsarm_puppet) by extension 'ignore'
[0.533s] Level 1:colcon.colcon_core.package_identification:_identify(src/interbotix_ros_manipulators/interbotix_ros_xsarms/examples/interbotix_xsarm_puppet) by extension 'ignore_ament_install'
[0.533s] Level 1:colcon.colcon_core.package_identification:_identify(src/interbotix_ros_manipulators/interbotix_ros_xsarms/examples/interbotix_xsarm_puppet) by extensions ['colcon_pkg']
[0.533s] Level 1:colcon.colcon_core.package_identification:_identify(src/interbotix_ros_manipulators/interbotix_ros_xsarms/examples/interbotix_xsarm_puppet) by extension 'colcon_pkg'
[0.533s] Level 1:colcon.colcon_core.package_identification:_identify(src/interbotix_ros_manipulators/interbotix_ros_xsarms/examples/interbotix_xsarm_puppet) by extensions ['colcon_meta']
[0.533s] Level 1:colcon.colcon_core.package_identification:_identify(src/interbotix_ros_manipulators/interbotix_ros_xsarms/examples/interbotix_xsarm_puppet) by extension 'colcon_meta'
[0.533s] Level 1:colcon.colcon_core.package_identification:_identify(src/interbotix_ros_manipulators/interbotix_ros_xsarms/examples/interbotix_xsarm_puppet) by extensions ['ros']
[0.533s] Level 1:colcon.colcon_core.package_identification:_identify(src/interbotix_ros_manipulators/interbotix_ros_xsarms/examples/interbotix_xsarm_puppet) by extension 'ros'
[0.534s] DEBUG:colcon.colcon_core.package_identification:Package 'src/interbotix_ros_manipulators/interbotix_ros_xsarms/examples/interbotix_xsarm_puppet' with type 'ros.ament_cmake' and name 'interbotix_xsarm_puppet'
[0.534s] Level 1:colcon.colcon_core.package_identification:_identify(src/interbotix_ros_manipulators/interbotix_ros_xsarms/images) by extensions ['ignore', 'ignore_ament_install']
[0.534s] Level 1:colcon.colcon_core.package_identification:_identify(src/interbotix_ros_manipulators/interbotix_ros_xsarms/images) by extension 'ignore'
[0.534s] Level 1:colcon.colcon_core.package_identification:_identify(src/interbotix_ros_manipulators/interbotix_ros_xsarms/images) by extension 'ignore_ament_install'
[0.534s] Level 1:colcon.colcon_core.package_identification:_identify(src/interbotix_ros_manipulators/interbotix_ros_xsarms/images) by extensions ['colcon_pkg']
[0.534s] Level 1:colcon.colcon_core.package_identification:_identify(src/interbotix_ros_manipulators/interbotix_ros_xsarms/images) by extension 'colcon_pkg'
[0.534s] Level 1:colcon.colcon_core.package_identification:_identify(src/interbotix_ros_manipulators/interbotix_ros_xsarms/images) by extensions ['colcon_meta']
[0.534s] Level 1:colcon.colcon_core.package_identification:_identify(src/interbotix_ros_manipulators/interbotix_ros_xsarms/images) by extension 'colcon_meta'
[0.534s] Level 1:colcon.colcon_core.package_identification:_identify(src/interbotix_ros_manipulators/interbotix_ros_xsarms/images) by extensions ['ros']
[0.534s] Level 1:colcon.colcon_core.package_identification:_identify(src/interbotix_ros_manipulators/interbotix_ros_xsarms/images) by extension 'ros'
[0.535s] Level 1:colcon.colcon_core.package_identification:_identify(src/interbotix_ros_manipulators/interbotix_ros_xsarms/images) by extensions ['cmake', 'python']
[0.535s] Level 1:colcon.colcon_core.package_identification:_identify(src/interbotix_ros_manipulators/interbotix_ros_xsarms/images) by extension 'cmake'
[0.535s] Level 1:colcon.colcon_core.package_identification:_identify(src/interbotix_ros_manipulators/interbotix_ros_xsarms/images) by extension 'python'
[0.535s] Level 1:colcon.colcon_core.package_identification:_identify(src/interbotix_ros_manipulators/interbotix_ros_xsarms/images) by extensions ['python_setup_py']
[0.535s] Level 1:colcon.colcon_core.package_identification:_identify(src/interbotix_ros_manipulators/interbotix_ros_xsarms/images) by extension 'python_setup_py'
[0.535s] Level 1:colcon.colcon_core.package_identification:_identify(src/interbotix_ros_manipulators/interbotix_ros_xsarms/install) by extensions ['ignore', 'ignore_ament_install']
[0.535s] Level 1:colcon.colcon_core.package_identification:_identify(src/interbotix_ros_manipulators/interbotix_ros_xsarms/install) by extension 'ignore'
[0.535s] Level 1:colcon.colcon_core.package_identification:_identify(src/interbotix_ros_manipulators/interbotix_ros_xsarms/install) by extension 'ignore_ament_install'
[0.535s] Level 1:colcon.colcon_core.package_identification:_identify(src/interbotix_ros_manipulators/interbotix_ros_xsarms/install) by extensions ['colcon_pkg']
[0.535s] Level 1:colcon.colcon_core.package_identification:_identify(src/interbotix_ros_manipulators/interbotix_ros_xsarms/install) by extension 'colcon_pkg'
[0.535s] Level 1:colcon.colcon_core.package_identification:_identify(src/interbotix_ros_manipulators/interbotix_ros_xsarms/install) by extensions ['colcon_meta']
[0.535s] Level 1:colcon.colcon_core.package_identification:_identify(src/interbotix_ros_manipulators/interbotix_ros_xsarms/install) by extension 'colcon_meta'
[0.535s] Level 1:colcon.colcon_core.package_identification:_identify(src/interbotix_ros_manipulators/interbotix_ros_xsarms/install) by extensions ['ros']
[0.535s] Level 1:colcon.colcon_core.package_identification:_identify(src/interbotix_ros_manipulators/interbotix_ros_xsarms/install) by extension 'ros'
[0.535s] Level 1:colcon.colcon_core.package_identification:_identify(src/interbotix_ros_manipulators/interbotix_ros_xsarms/install) by extensions ['cmake', 'python']
[0.535s] Level 1:colcon.colcon_core.package_identification:_identify(src/interbotix_ros_manipulators/interbotix_ros_xsarms/install) by extension 'cmake'
[0.535s] Level 1:colcon.colcon_core.package_identification:_identify(src/interbotix_ros_manipulators/interbotix_ros_xsarms/install) by extension 'python'
[0.535s] Level 1:colcon.colcon_core.package_identification:_identify(src/interbotix_ros_manipulators/interbotix_ros_xsarms/install) by extensions ['python_setup_py']
[0.535s] Level 1:colcon.colcon_core.package_identification:_identify(src/interbotix_ros_manipulators/interbotix_ros_xsarms/install) by extension 'python_setup_py'
[0.535s] Level 1:colcon.colcon_core.package_identification:_identify(src/interbotix_ros_manipulators/interbotix_ros_xsarms/install/amd64) by extensions ['ignore', 'ignore_ament_install']
[0.535s] Level 1:colcon.colcon_core.package_identification:_identify(src/interbotix_ros_manipulators/interbotix_ros_xsarms/install/amd64) by extension 'ignore'
[0.535s] Level 1:colcon.colcon_core.package_identification:_identify(src/interbotix_ros_manipulators/interbotix_ros_xsarms/install/amd64) by extension 'ignore_ament_install'
[0.535s] Level 1:colcon.colcon_core.package_identification:_identify(src/interbotix_ros_manipulators/interbotix_ros_xsarms/install/amd64) by extensions ['colcon_pkg']
[0.535s] Level 1:colcon.colcon_core.package_identification:_identify(src/interbotix_ros_manipulators/interbotix_ros_xsarms/install/amd64) by extension 'colcon_pkg'
[0.535s] Level 1:colcon.colcon_core.package_identification:_identify(src/interbotix_ros_manipulators/interbotix_ros_xsarms/install/amd64) by extensions ['colcon_meta']
[0.536s] Level 1:colcon.colcon_core.package_identification:_identify(src/interbotix_ros_manipulators/interbotix_ros_xsarms/install/amd64) by extension 'colcon_meta'
[0.536s] Level 1:colcon.colcon_core.package_identification:_identify(src/interbotix_ros_manipulators/interbotix_ros_xsarms/install/amd64) by extensions ['ros']
[0.536s] Level 1:colcon.colcon_core.package_identification:_identify(src/interbotix_ros_manipulators/interbotix_ros_xsarms/install/amd64) by extension 'ros'
[0.536s] Level 1:colcon.colcon_core.package_identification:_identify(src/interbotix_ros_manipulators/interbotix_ros_xsarms/install/amd64) by extensions ['cmake', 'python']
[0.536s] Level 1:colcon.colcon_core.package_identification:_identify(src/interbotix_ros_manipulators/interbotix_ros_xsarms/install/amd64) by extension 'cmake'
[0.536s] Level 1:colcon.colcon_core.package_identification:_identify(src/interbotix_ros_manipulators/interbotix_ros_xsarms/install/amd64) by extension 'python'
[0.536s] Level 1:colcon.colcon_core.package_identification:_identify(src/interbotix_ros_manipulators/interbotix_ros_xsarms/install/amd64) by extensions ['python_setup_py']
[0.536s] Level 1:colcon.colcon_core.package_identification:_identify(src/interbotix_ros_manipulators/interbotix_ros_xsarms/install/amd64) by extension 'python_setup_py'
[0.536s] Level 1:colcon.colcon_core.package_identification:_identify(src/interbotix_ros_manipulators/interbotix_ros_xsarms/install/rpi4) by extensions ['ignore', 'ignore_ament_install']
[0.536s] Level 1:colcon.colcon_core.package_identification:_identify(src/interbotix_ros_manipulators/interbotix_ros_xsarms/install/rpi4) by extension 'ignore'
[0.536s] Level 1:colcon.colcon_core.package_identification:_identify(src/interbotix_ros_manipulators/interbotix_ros_xsarms/install/rpi4) by extension 'ignore_ament_install'
[0.536s] Level 1:colcon.colcon_core.package_identification:_identify(src/interbotix_ros_manipulators/interbotix_ros_xsarms/install/rpi4) by extensions ['colcon_pkg']
[0.536s] Level 1:colcon.colcon_core.package_identification:_identify(src/interbotix_ros_manipulators/interbotix_ros_xsarms/install/rpi4) by extension 'colcon_pkg'
[0.536s] Level 1:colcon.colcon_core.package_identification:_identify(src/interbotix_ros_manipulators/interbotix_ros_xsarms/install/rpi4) by extensions ['colcon_meta']
[0.536s] Level 1:colcon.colcon_core.package_identification:_identify(src/interbotix_ros_manipulators/interbotix_ros_xsarms/install/rpi4) by extension 'colcon_meta'
[0.536s] Level 1:colcon.colcon_core.package_identification:_identify(src/interbotix_ros_manipulators/interbotix_ros_xsarms/install/rpi4) by extensions ['ros']
[0.536s] Level 1:colcon.colcon_core.package_identification:_identify(src/interbotix_ros_manipulators/interbotix_ros_xsarms/install/rpi4) by extension 'ros'
[0.536s] Level 1:colcon.colcon_core.package_identification:_identify(src/interbotix_ros_manipulators/interbotix_ros_xsarms/install/rpi4) by extensions ['cmake', 'python']
[0.536s] Level 1:colcon.colcon_core.package_identification:_identify(src/interbotix_ros_manipulators/interbotix_ros_xsarms/install/rpi4) by extension 'cmake'
[0.536s] Level 1:colcon.colcon_core.package_identification:_identify(src/interbotix_ros_manipulators/interbotix_ros_xsarms/install/rpi4) by extension 'python'
[0.536s] Level 1:colcon.colcon_core.package_identification:_identify(src/interbotix_ros_manipulators/interbotix_ros_xsarms/install/rpi4) by extensions ['python_setup_py']
[0.536s] Level 1:colcon.colcon_core.package_identification:_identify(src/interbotix_ros_manipulators/interbotix_ros_xsarms/install/rpi4) by extension 'python_setup_py'
[0.536s] Level 1:colcon.colcon_core.package_identification:_identify(src/interbotix_ros_manipulators/interbotix_ros_xsarms/interbotix_ros_xsarms) by extensions ['ignore', 'ignore_ament_install']
[0.536s] Level 1:colcon.colcon_core.package_identification:_identify(src/interbotix_ros_manipulators/interbotix_ros_xsarms/interbotix_ros_xsarms) by extension 'ignore'
[0.536s] Level 1:colcon.colcon_core.package_identification:_identify(src/interbotix_ros_manipulators/interbotix_ros_xsarms/interbotix_ros_xsarms) by extension 'ignore_ament_install'
[0.536s] Level 1:colcon.colcon_core.package_identification:_identify(src/interbotix_ros_manipulators/interbotix_ros_xsarms/interbotix_ros_xsarms) by extensions ['colcon_pkg']
[0.536s] Level 1:colcon.colcon_core.package_identification:_identify(src/interbotix_ros_manipulators/interbotix_ros_xsarms/interbotix_ros_xsarms) by extension 'colcon_pkg'
[0.536s] Level 1:colcon.colcon_core.package_identification:_identify(src/interbotix_ros_manipulators/interbotix_ros_xsarms/interbotix_ros_xsarms) by extensions ['colcon_meta']
[0.536s] Level 1:colcon.colcon_core.package_identification:_identify(src/interbotix_ros_manipulators/interbotix_ros_xsarms/interbotix_ros_xsarms) by extension 'colcon_meta'
[0.536s] Level 1:colcon.colcon_core.package_identification:_identify(src/interbotix_ros_manipulators/interbotix_ros_xsarms/interbotix_ros_xsarms) by extensions ['ros']
[0.536s] Level 1:colcon.colcon_core.package_identification:_identify(src/interbotix_ros_manipulators/interbotix_ros_xsarms/interbotix_ros_xsarms) by extension 'ros'
[0.537s] DEBUG:colcon.colcon_core.package_identification:Package 'src/interbotix_ros_manipulators/interbotix_ros_xsarms/interbotix_ros_xsarms' with type 'ros.ament_cmake' and name 'interbotix_ros_xsarms'
[0.537s] Level 1:colcon.colcon_core.package_identification:_identify(src/interbotix_ros_manipulators/interbotix_ros_xsarms/interbotix_xsarm_control) by extensions ['ignore', 'ignore_ament_install']
[0.537s] Level 1:colcon.colcon_core.package_identification:_identify(src/interbotix_ros_manipulators/interbotix_ros_xsarms/interbotix_xsarm_control) by extension 'ignore'
[0.537s] Level 1:colcon.colcon_core.package_identification:_identify(src/interbotix_ros_manipulators/interbotix_ros_xsarms/interbotix_xsarm_control) by extension 'ignore_ament_install'
[0.537s] Level 1:colcon.colcon_core.package_identification:_identify(src/interbotix_ros_manipulators/interbotix_ros_xsarms/interbotix_xsarm_control) by extensions ['colcon_pkg']
[0.537s] Level 1:colcon.colcon_core.package_identification:_identify(src/interbotix_ros_manipulators/interbotix_ros_xsarms/interbotix_xsarm_control) by extension 'colcon_pkg'
[0.537s] Level 1:colcon.colcon_core.package_identification:_identify(src/interbotix_ros_manipulators/interbotix_ros_xsarms/interbotix_xsarm_control) by extensions ['colcon_meta']
[0.537s] Level 1:colcon.colcon_core.package_identification:_identify(src/interbotix_ros_manipulators/interbotix_ros_xsarms/interbotix_xsarm_control) by extension 'colcon_meta'
[0.537s] Level 1:colcon.colcon_core.package_identification:_identify(src/interbotix_ros_manipulators/interbotix_ros_xsarms/interbotix_xsarm_control) by extensions ['ros']
[0.537s] Level 1:colcon.colcon_core.package_identification:_identify(src/interbotix_ros_manipulators/interbotix_ros_xsarms/interbotix_xsarm_control) by extension 'ros'
[0.538s] DEBUG:colcon.colcon_core.package_identification:Package 'src/interbotix_ros_manipulators/interbotix_ros_xsarms/interbotix_xsarm_control' with type 'ros.ament_cmake' and name 'interbotix_xsarm_control'
[0.538s] Level 1:colcon.colcon_core.package_identification:_identify(src/interbotix_ros_manipulators/interbotix_ros_xsarms/interbotix_xsarm_descriptions) by extensions ['ignore', 'ignore_ament_install']
[0.538s] Level 1:colcon.colcon_core.package_identification:_identify(src/interbotix_ros_manipulators/interbotix_ros_xsarms/interbotix_xsarm_descriptions) by extension 'ignore'
[0.538s] Level 1:colcon.colcon_core.package_identification:_identify(src/interbotix_ros_manipulators/interbotix_ros_xsarms/interbotix_xsarm_descriptions) by extension 'ignore_ament_install'
[0.538s] Level 1:colcon.colcon_core.package_identification:_identify(src/interbotix_ros_manipulators/interbotix_ros_xsarms/interbotix_xsarm_descriptions) by extensions ['colcon_pkg']
[0.538s] Level 1:colcon.colcon_core.package_identification:_identify(src/interbotix_ros_manipulators/interbotix_ros_xsarms/interbotix_xsarm_descriptions) by extension 'colcon_pkg'
[0.538s] Level 1:colcon.colcon_core.package_identification:_identify(src/interbotix_ros_manipulators/interbotix_ros_xsarms/interbotix_xsarm_descriptions) by extensions ['colcon_meta']
[0.538s] Level 1:colcon.colcon_core.package_identification:_identify(src/interbotix_ros_manipulators/interbotix_ros_xsarms/interbotix_xsarm_descriptions) by extension 'colcon_meta'
[0.538s] Level 1:colcon.colcon_core.package_identification:_identify(src/interbotix_ros_manipulators/interbotix_ros_xsarms/interbotix_xsarm_descriptions) by extensions ['ros']
[0.538s] Level 1:colcon.colcon_core.package_identification:_identify(src/interbotix_ros_manipulators/interbotix_ros_xsarms/interbotix_xsarm_descriptions) by extension 'ros'
[0.539s] DEBUG:colcon.colcon_core.package_identification:Package 'src/interbotix_ros_manipulators/interbotix_ros_xsarms/interbotix_xsarm_descriptions' with type 'ros.ament_cmake' and name 'interbotix_xsarm_descriptions'
[0.539s] Level 1:colcon.colcon_core.package_identification:_identify(src/interbotix_ros_manipulators/interbotix_ros_xsarms/interbotix_xsarm_moveit) by extensions ['ignore', 'ignore_ament_install']
[0.539s] Level 1:colcon.colcon_core.package_identification:_identify(src/interbotix_ros_manipulators/interbotix_ros_xsarms/interbotix_xsarm_moveit) by extension 'ignore'
[0.539s] Level 1:colcon.colcon_core.package_identification:_identify(src/interbotix_ros_manipulators/interbotix_ros_xsarms/interbotix_xsarm_moveit) by extension 'ignore_ament_install'
[0.539s] Level 1:colcon.colcon_core.package_identification:_identify(src/interbotix_ros_manipulators/interbotix_ros_xsarms/interbotix_xsarm_moveit) by extensions ['colcon_pkg']
[0.539s] Level 1:colcon.colcon_core.package_identification:_identify(src/interbotix_ros_manipulators/interbotix_ros_xsarms/interbotix_xsarm_moveit) by extension 'colcon_pkg'
[0.539s] Level 1:colcon.colcon_core.package_identification:_identify(src/interbotix_ros_manipulators/interbotix_ros_xsarms/interbotix_xsarm_moveit) by extensions ['colcon_meta']
[0.539s] Level 1:colcon.colcon_core.package_identification:_identify(src/interbotix_ros_manipulators/interbotix_ros_xsarms/interbotix_xsarm_moveit) by extension 'colcon_meta'
[0.539s] Level 1:colcon.colcon_core.package_identification:_identify(src/interbotix_ros_manipulators/interbotix_ros_xsarms/interbotix_xsarm_moveit) by extensions ['ros']
[0.539s] Level 1:colcon.colcon_core.package_identification:_identify(src/interbotix_ros_manipulators/interbotix_ros_xsarms/interbotix_xsarm_moveit) by extension 'ros'
[0.540s] DEBUG:colcon.colcon_core.package_identification:Package 'src/interbotix_ros_manipulators/interbotix_ros_xsarms/interbotix_xsarm_moveit' with type 'ros.ament_cmake' and name 'interbotix_xsarm_moveit'
[0.540s] Level 1:colcon.colcon_core.package_identification:_identify(src/interbotix_ros_manipulators/interbotix_ros_xsarms/interbotix_xsarm_perception) by extensions ['ignore', 'ignore_ament_install']
[0.540s] Level 1:colcon.colcon_core.package_identification:_identify(src/interbotix_ros_manipulators/interbotix_ros_xsarms/interbotix_xsarm_perception) by extension 'ignore'
[0.540s] Level 1:colcon.colcon_core.package_identification:_identify(src/interbotix_ros_manipulators/interbotix_ros_xsarms/interbotix_xsarm_perception) ignored
[0.540s] Level 1:colcon.colcon_core.package_identification:_identify(src/interbotix_ros_manipulators/interbotix_ros_xsarms/interbotix_xsarm_ros_control) by extensions ['ignore', 'ignore_ament_install']
[0.540s] Level 1:colcon.colcon_core.package_identification:_identify(src/interbotix_ros_manipulators/interbotix_ros_xsarms/interbotix_xsarm_ros_control) by extension 'ignore'
[0.540s] Level 1:colcon.colcon_core.package_identification:_identify(src/interbotix_ros_manipulators/interbotix_ros_xsarms/interbotix_xsarm_ros_control) by extension 'ignore_ament_install'
[0.540s] Level 1:colcon.colcon_core.package_identification:_identify(src/interbotix_ros_manipulators/interbotix_ros_xsarms/interbotix_xsarm_ros_control) by extensions ['colcon_pkg']
[0.540s] Level 1:colcon.colcon_core.package_identification:_identify(src/interbotix_ros_manipulators/interbotix_ros_xsarms/interbotix_xsarm_ros_control) by extension 'colcon_pkg'
[0.540s] Level 1:colcon.colcon_core.package_identification:_identify(src/interbotix_ros_manipulators/interbotix_ros_xsarms/interbotix_xsarm_ros_control) by extensions ['colcon_meta']
[0.540s] Level 1:colcon.colcon_core.package_identification:_identify(src/interbotix_ros_manipulators/interbotix_ros_xsarms/interbotix_xsarm_ros_control) by extension 'colcon_meta'
[0.540s] Level 1:colcon.colcon_core.package_identification:_identify(src/interbotix_ros_manipulators/interbotix_ros_xsarms/interbotix_xsarm_ros_control) by extensions ['ros']
[0.540s] Level 1:colcon.colcon_core.package_identification:_identify(src/interbotix_ros_manipulators/interbotix_ros_xsarms/interbotix_xsarm_ros_control) by extension 'ros'
[0.540s] DEBUG:colcon.colcon_core.package_identification:Package 'src/interbotix_ros_manipulators/interbotix_ros_xsarms/interbotix_xsarm_ros_control' with type 'ros.ament_cmake' and name 'interbotix_xsarm_ros_control'
[0.540s] Level 1:colcon.colcon_core.package_identification:_identify(src/interbotix_ros_manipulators/interbotix_ros_xsarms/interbotix_xsarm_sim) by extensions ['ignore', 'ignore_ament_install']
[0.540s] Level 1:colcon.colcon_core.package_identification:_identify(src/interbotix_ros_manipulators/interbotix_ros_xsarms/interbotix_xsarm_sim) by extension 'ignore'
[0.540s] Level 1:colcon.colcon_core.package_identification:_identify(src/interbotix_ros_manipulators/interbotix_ros_xsarms/interbotix_xsarm_sim) by extension 'ignore_ament_install'
[0.540s] Level 1:colcon.colcon_core.package_identification:_identify(src/interbotix_ros_manipulators/interbotix_ros_xsarms/interbotix_xsarm_sim) by extensions ['colcon_pkg']
[0.541s] Level 1:colcon.colcon_core.package_identification:_identify(src/interbotix_ros_manipulators/interbotix_ros_xsarms/interbotix_xsarm_sim) by extension 'colcon_pkg'
[0.541s] Level 1:colcon.colcon_core.package_identification:_identify(src/interbotix_ros_manipulators/interbotix_ros_xsarms/interbotix_xsarm_sim) by extensions ['colcon_meta']
[0.541s] Level 1:colcon.colcon_core.package_identification:_identify(src/interbotix_ros_manipulators/interbotix_ros_xsarms/interbotix_xsarm_sim) by extension 'colcon_meta'
[0.541s] Level 1:colcon.colcon_core.package_identification:_identify(src/interbotix_ros_manipulators/interbotix_ros_xsarms/interbotix_xsarm_sim) by extensions ['ros']
[0.541s] Level 1:colcon.colcon_core.package_identification:_identify(src/interbotix_ros_manipulators/interbotix_ros_xsarms/interbotix_xsarm_sim) by extension 'ros'
[0.541s] DEBUG:colcon.colcon_core.package_identification:Package 'src/interbotix_ros_manipulators/interbotix_ros_xsarms/interbotix_xsarm_sim' with type 'ros.ament_cmake' and name 'interbotix_xsarm_sim'
[0.541s] Level 1:colcon.colcon_core.package_identification:_identify(src/interbotix_ros_toolboxes) by extensions ['ignore', 'ignore_ament_install']
[0.541s] Level 1:colcon.colcon_core.package_identification:_identify(src/interbotix_ros_toolboxes) by extension 'ignore'
[0.541s] Level 1:colcon.colcon_core.package_identification:_identify(src/interbotix_ros_toolboxes) by extension 'ignore_ament_install'
[0.541s] Level 1:colcon.colcon_core.package_identification:_identify(src/interbotix_ros_toolboxes) by extensions ['colcon_pkg']
[0.541s] Level 1:colcon.colcon_core.package_identification:_identify(src/interbotix_ros_toolboxes) by extension 'colcon_pkg'
[0.541s] Level 1:colcon.colcon_core.package_identification:_identify(src/interbotix_ros_toolboxes) by extensions ['colcon_meta']
[0.541s] Level 1:colcon.colcon_core.package_identification:_identify(src/interbotix_ros_toolboxes) by extension 'colcon_meta'
[0.541s] Level 1:colcon.colcon_core.package_identification:_identify(src/interbotix_ros_toolboxes) by extensions ['ros']
[0.541s] Level 1:colcon.colcon_core.package_identification:_identify(src/interbotix_ros_toolboxes) by extension 'ros'
[0.541s] Level 1:colcon.colcon_core.package_identification:_identify(src/interbotix_ros_toolboxes) by extensions ['cmake', 'python']
[0.541s] Level 1:colcon.colcon_core.package_identification:_identify(src/interbotix_ros_toolboxes) by extension 'cmake'
[0.541s] Level 1:colcon.colcon_core.package_identification:_identify(src/interbotix_ros_toolboxes) by extension 'python'
[0.541s] Level 1:colcon.colcon_core.package_identification:_identify(src/interbotix_ros_toolboxes) by extensions ['python_setup_py']
[0.541s] Level 1:colcon.colcon_core.package_identification:_identify(src/interbotix_ros_toolboxes) by extension 'python_setup_py'
[0.541s] Level 1:colcon.colcon_core.package_identification:_identify(src/interbotix_ros_toolboxes/images) by extensions ['ignore', 'ignore_ament_install']
[0.541s] Level 1:colcon.colcon_core.package_identification:_identify(src/interbotix_ros_toolboxes/images) by extension 'ignore'
[0.541s] Level 1:colcon.colcon_core.package_identification:_identify(src/interbotix_ros_toolboxes/images) by extension 'ignore_ament_install'
[0.541s] Level 1:colcon.colcon_core.package_identification:_identify(src/interbotix_ros_toolboxes/images) by extensions ['colcon_pkg']
[0.541s] Level 1:colcon.colcon_core.package_identification:_identify(src/interbotix_ros_toolboxes/images) by extension 'colcon_pkg'
[0.542s] Level 1:colcon.colcon_core.package_identification:_identify(src/interbotix_ros_toolboxes/images) by extensions ['colcon_meta']
[0.542s] Level 1:colcon.colcon_core.package_identification:_identify(src/interbotix_ros_toolboxes/images) by extension 'colcon_meta'
[0.542s] Level 1:colcon.colcon_core.package_identification:_identify(src/interbotix_ros_toolboxes/images) by extensions ['ros']
[0.542s] Level 1:colcon.colcon_core.package_identification:_identify(src/interbotix_ros_toolboxes/images) by extension 'ros'
[0.542s] Level 1:colcon.colcon_core.package_identification:_identify(src/interbotix_ros_toolboxes/images) by extensions ['cmake', 'python']
[0.542s] Level 1:colcon.colcon_core.package_identification:_identify(src/interbotix_ros_toolboxes/images) by extension 'cmake'
[0.542s] Level 1:colcon.colcon_core.package_identification:_identify(src/interbotix_ros_toolboxes/images) by extension 'python'
[0.542s] Level 1:colcon.colcon_core.package_identification:_identify(src/interbotix_ros_toolboxes/images) by extensions ['python_setup_py']
[0.542s] Level 1:colcon.colcon_core.package_identification:_identify(src/interbotix_ros_toolboxes/images) by extension 'python_setup_py'
[0.542s] Level 1:colcon.colcon_core.package_identification:_identify(src/interbotix_ros_toolboxes/interbotix_common_toolbox) by extensions ['ignore', 'ignore_ament_install']
[0.542s] Level 1:colcon.colcon_core.package_identification:_identify(src/interbotix_ros_toolboxes/interbotix_common_toolbox) by extension 'ignore'
[0.542s] Level 1:colcon.colcon_core.package_identification:_identify(src/interbotix_ros_toolboxes/interbotix_common_toolbox) by extension 'ignore_ament_install'
[0.542s] Level 1:colcon.colcon_core.package_identification:_identify(src/interbotix_ros_toolboxes/interbotix_common_toolbox) by extensions ['colcon_pkg']
[0.542s] Level 1:colcon.colcon_core.package_identification:_identify(src/interbotix_ros_toolboxes/interbotix_common_toolbox) by extension 'colcon_pkg'
[0.542s] Level 1:colcon.colcon_core.package_identification:_identify(src/interbotix_ros_toolboxes/interbotix_common_toolbox) by extensions ['colcon_meta']
[0.542s] Level 1:colcon.colcon_core.package_identification:_identify(src/interbotix_ros_toolboxes/interbotix_common_toolbox) by extension 'colcon_meta'
[0.542s] Level 1:colcon.colcon_core.package_identification:_identify(src/interbotix_ros_toolboxes/interbotix_common_toolbox) by extensions ['ros']
[0.542s] Level 1:colcon.colcon_core.package_identification:_identify(src/interbotix_ros_toolboxes/interbotix_common_toolbox) by extension 'ros'
[0.542s] Level 1:colcon.colcon_core.package_identification:_identify(src/interbotix_ros_toolboxes/interbotix_common_toolbox) by extensions ['cmake', 'python']
[0.542s] Level 1:colcon.colcon_core.package_identification:_identify(src/interbotix_ros_toolboxes/interbotix_common_toolbox) by extension 'cmake'
[0.542s] Level 1:colcon.colcon_core.package_identification:_identify(src/interbotix_ros_toolboxes/interbotix_common_toolbox) by extension 'python'
[0.542s] Level 1:colcon.colcon_core.package_identification:_identify(src/interbotix_ros_toolboxes/interbotix_common_toolbox) by extensions ['python_setup_py']
[0.542s] Level 1:colcon.colcon_core.package_identification:_identify(src/interbotix_ros_toolboxes/interbotix_common_toolbox) by extension 'python_setup_py'
[0.542s] Level 1:colcon.colcon_core.package_identification:_identify(src/interbotix_ros_toolboxes/interbotix_common_toolbox/interbotix_common_modules) by extensions ['ignore', 'ignore_ament_install']
[0.542s] Level 1:colcon.colcon_core.package_identification:_identify(src/interbotix_ros_toolboxes/interbotix_common_toolbox/interbotix_common_modules) by extension 'ignore'
[0.542s] Level 1:colcon.colcon_core.package_identification:_identify(src/interbotix_ros_toolboxes/interbotix_common_toolbox/interbotix_common_modules) by extension 'ignore_ament_install'
[0.542s] Level 1:colcon.colcon_core.package_identification:_identify(src/interbotix_ros_toolboxes/interbotix_common_toolbox/interbotix_common_modules) by extensions ['colcon_pkg']
[0.542s] Level 1:colcon.colcon_core.package_identification:_identify(src/interbotix_ros_toolboxes/interbotix_common_toolbox/interbotix_common_modules) by extension 'colcon_pkg'
[0.542s] Level 1:colcon.colcon_core.package_identification:_identify(src/interbotix_ros_toolboxes/interbotix_common_toolbox/interbotix_common_modules) by extensions ['colcon_meta']
[0.542s] Level 1:colcon.colcon_core.package_identification:_identify(src/interbotix_ros_toolboxes/interbotix_common_toolbox/interbotix_common_modules) by extension 'colcon_meta'
[0.542s] Level 1:colcon.colcon_core.package_identification:_identify(src/interbotix_ros_toolboxes/interbotix_common_toolbox/interbotix_common_modules) by extensions ['ros']
[0.542s] Level 1:colcon.colcon_core.package_identification:_identify(src/interbotix_ros_toolboxes/interbotix_common_toolbox/interbotix_common_modules) by extension 'ros'
[0.542s] DEBUG:colcon.colcon_core.package_identification:Package 'src/interbotix_ros_toolboxes/interbotix_common_toolbox/interbotix_common_modules' with type 'ros.ament_python' and name 'interbotix_common_modules'
[0.542s] Level 1:colcon.colcon_core.package_identification:_identify(src/interbotix_ros_toolboxes/interbotix_common_toolbox/interbotix_common_sim) by extensions ['ignore', 'ignore_ament_install']
[0.542s] Level 1:colcon.colcon_core.package_identification:_identify(src/interbotix_ros_toolboxes/interbotix_common_toolbox/interbotix_common_sim) by extension 'ignore'
[0.543s] Level 1:colcon.colcon_core.package_identification:_identify(src/interbotix_ros_toolboxes/interbotix_common_toolbox/interbotix_common_sim) by extension 'ignore_ament_install'
[0.543s] Level 1:colcon.colcon_core.package_identification:_identify(src/interbotix_ros_toolboxes/interbotix_common_toolbox/interbotix_common_sim) by extensions ['colcon_pkg']
[0.543s] Level 1:colcon.colcon_core.package_identification:_identify(src/interbotix_ros_toolboxes/interbotix_common_toolbox/interbotix_common_sim) by extension 'colcon_pkg'
[0.543s] Level 1:colcon.colcon_core.package_identification:_identify(src/interbotix_ros_toolboxes/interbotix_common_toolbox/interbotix_common_sim) by extensions ['colcon_meta']
[0.543s] Level 1:colcon.colcon_core.package_identification:_identify(src/interbotix_ros_toolboxes/interbotix_common_toolbox/interbotix_common_sim) by extension 'colcon_meta'
[0.543s] Level 1:colcon.colcon_core.package_identification:_identify(src/interbotix_ros_toolboxes/interbotix_common_toolbox/interbotix_common_sim) by extensions ['ros']
[0.543s] Level 1:colcon.colcon_core.package_identification:_identify(src/interbotix_ros_toolboxes/interbotix_common_toolbox/interbotix_common_sim) by extension 'ros'
[0.543s] DEBUG:colcon.colcon_core.package_identification:Package 'src/interbotix_ros_toolboxes/interbotix_common_toolbox/interbotix_common_sim' with type 'ros.ament_cmake' and name 'interbotix_common_sim'
[0.543s] Level 1:colcon.colcon_core.package_identification:_identify(src/interbotix_ros_toolboxes/interbotix_common_toolbox/interbotix_common_toolbox) by extensions ['ignore', 'ignore_ament_install']
[0.543s] Level 1:colcon.colcon_core.package_identification:_identify(src/interbotix_ros_toolboxes/interbotix_common_toolbox/interbotix_common_toolbox) by extension 'ignore'
[0.543s] Level 1:colcon.colcon_core.package_identification:_identify(src/interbotix_ros_toolboxes/interbotix_common_toolbox/interbotix_common_toolbox) by extension 'ignore_ament_install'
[0.543s] Level 1:colcon.colcon_core.package_identification:_identify(src/interbotix_ros_toolboxes/interbotix_common_toolbox/interbotix_common_toolbox) by extensions ['colcon_pkg']
[0.543s] Level 1:colcon.colcon_core.package_identification:_identify(src/interbotix_ros_toolboxes/interbotix_common_toolbox/interbotix_common_toolbox) by extension 'colcon_pkg'
[0.543s] Level 1:colcon.colcon_core.package_identification:_identify(src/interbotix_ros_toolboxes/interbotix_common_toolbox/interbotix_common_toolbox) by extensions ['colcon_meta']
[0.543s] Level 1:colcon.colcon_core.package_identification:_identify(src/interbotix_ros_toolboxes/interbotix_common_toolbox/interbotix_common_toolbox) by extension 'colcon_meta'
[0.543s] Level 1:colcon.colcon_core.package_identification:_identify(src/interbotix_ros_toolboxes/interbotix_common_toolbox/interbotix_common_toolbox) by extensions ['ros']
[0.543s] Level 1:colcon.colcon_core.package_identification:_identify(src/interbotix_ros_toolboxes/interbotix_common_toolbox/interbotix_common_toolbox) by extension 'ros'
[0.543s] DEBUG:colcon.colcon_core.package_identification:Package 'src/interbotix_ros_toolboxes/interbotix_common_toolbox/interbotix_common_toolbox' with type 'ros.ament_cmake' and name 'interbotix_common_toolbox'
[0.543s] Level 1:colcon.colcon_core.package_identification:_identify(src/interbotix_ros_toolboxes/interbotix_common_toolbox/interbotix_landmark_modules) by extensions ['ignore', 'ignore_ament_install']
[0.543s] Level 1:colcon.colcon_core.package_identification:_identify(src/interbotix_ros_toolboxes/interbotix_common_toolbox/interbotix_landmark_modules) by extension 'ignore'
[0.543s] Level 1:colcon.colcon_core.package_identification:_identify(src/interbotix_ros_toolboxes/interbotix_common_toolbox/interbotix_landmark_modules) ignored
[0.543s] Level 1:colcon.colcon_core.package_identification:_identify(src/interbotix_ros_toolboxes/interbotix_common_toolbox/interbotix_moveit_interface) by extensions ['ignore', 'ignore_ament_install']
[0.544s] Level 1:colcon.colcon_core.package_identification:_identify(src/interbotix_ros_toolboxes/interbotix_common_toolbox/interbotix_moveit_interface) by extension 'ignore'
[0.544s] Level 1:colcon.colcon_core.package_identification:_identify(src/interbotix_ros_toolboxes/interbotix_common_toolbox/interbotix_moveit_interface) by extension 'ignore_ament_install'
[0.544s] Level 1:colcon.colcon_core.package_identification:_identify(src/interbotix_ros_toolboxes/interbotix_common_toolbox/interbotix_moveit_interface) by extensions ['colcon_pkg']
[0.544s] Level 1:colcon.colcon_core.package_identification:_identify(src/interbotix_ros_toolboxes/interbotix_common_toolbox/interbotix_moveit_interface) by extension 'colcon_pkg'
[0.544s] Level 1:colcon.colcon_core.package_identification:_identify(src/interbotix_ros_toolboxes/interbotix_common_toolbox/interbotix_moveit_interface) by extensions ['colcon_meta']
[0.544s] Level 1:colcon.colcon_core.package_identification:_identify(src/interbotix_ros_toolboxes/interbotix_common_toolbox/interbotix_moveit_interface) by extension 'colcon_meta'
[0.544s] Level 1:colcon.colcon_core.package_identification:_identify(src/interbotix_ros_toolboxes/interbotix_common_toolbox/interbotix_moveit_interface) by extensions ['ros']
[0.544s] Level 1:colcon.colcon_core.package_identification:_identify(src/interbotix_ros_toolboxes/interbotix_common_toolbox/interbotix_moveit_interface) by extension 'ros'
[0.544s] DEBUG:colcon.colcon_core.package_identification:Package 'src/interbotix_ros_toolboxes/interbotix_common_toolbox/interbotix_moveit_interface' with type 'ros.ament_cmake' and name 'interbotix_moveit_interface'
[0.544s] Level 1:colcon.colcon_core.package_identification:_identify(src/interbotix_ros_toolboxes/interbotix_common_toolbox/interbotix_moveit_interface_msgs) by extensions ['ignore', 'ignore_ament_install']
[0.544s] Level 1:colcon.colcon_core.package_identification:_identify(src/interbotix_ros_toolboxes/interbotix_common_toolbox/interbotix_moveit_interface_msgs) by extension 'ignore'
[0.544s] Level 1:colcon.colcon_core.package_identification:_identify(src/interbotix_ros_toolboxes/interbotix_common_toolbox/interbotix_moveit_interface_msgs) by extension 'ignore_ament_install'
[0.544s] Level 1:colcon.colcon_core.package_identification:_identify(src/interbotix_ros_toolboxes/interbotix_common_toolbox/interbotix_moveit_interface_msgs) by extensions ['colcon_pkg']
[0.544s] Level 1:colcon.colcon_core.package_identification:_identify(src/interbotix_ros_toolboxes/interbotix_common_toolbox/interbotix_moveit_interface_msgs) by extension 'colcon_pkg'
[0.544s] Level 1:colcon.colcon_core.package_identification:_identify(src/interbotix_ros_toolboxes/interbotix_common_toolbox/interbotix_moveit_interface_msgs) by extensions ['colcon_meta']
[0.544s] Level 1:colcon.colcon_core.package_identification:_identify(src/interbotix_ros_toolboxes/interbotix_common_toolbox/interbotix_moveit_interface_msgs) by extension 'colcon_meta'
[0.544s] Level 1:colcon.colcon_core.package_identification:_identify(src/interbotix_ros_toolboxes/interbotix_common_toolbox/interbotix_moveit_interface_msgs) by extensions ['ros']
[0.544s] Level 1:colcon.colcon_core.package_identification:_identify(src/interbotix_ros_toolboxes/interbotix_common_toolbox/interbotix_moveit_interface_msgs) by extension 'ros'
[0.545s] DEBUG:colcon.colcon_core.package_identification:Package 'src/interbotix_ros_toolboxes/interbotix_common_toolbox/interbotix_moveit_interface_msgs' with type 'ros.ament_cmake' and name 'interbotix_moveit_interface_msgs'
[0.545s] Level 1:colcon.colcon_core.package_identification:_identify(src/interbotix_ros_toolboxes/interbotix_common_toolbox/interbotix_tf_tools) by extensions ['ignore', 'ignore_ament_install']
[0.545s] Level 1:colcon.colcon_core.package_identification:_identify(src/interbotix_ros_toolboxes/interbotix_common_toolbox/interbotix_tf_tools) by extension 'ignore'
[0.545s] Level 1:colcon.colcon_core.package_identification:_identify(src/interbotix_ros_toolboxes/interbotix_common_toolbox/interbotix_tf_tools) by extension 'ignore_ament_install'
[0.545s] Level 1:colcon.colcon_core.package_identification:_identify(src/interbotix_ros_toolboxes/interbotix_common_toolbox/interbotix_tf_tools) by extensions ['colcon_pkg']
[0.545s] Level 1:colcon.colcon_core.package_identification:_identify(src/interbotix_ros_toolboxes/interbotix_common_toolbox/interbotix_tf_tools) by extension 'colcon_pkg'
[0.545s] Level 1:colcon.colcon_core.package_identification:_identify(src/interbotix_ros_toolboxes/interbotix_common_toolbox/interbotix_tf_tools) by extensions ['colcon_meta']
[0.545s] Level 1:colcon.colcon_core.package_identification:_identify(src/interbotix_ros_toolboxes/interbotix_common_toolbox/interbotix_tf_tools) by extension 'colcon_meta'
[0.545s] Level 1:colcon.colcon_core.package_identification:_identify(src/interbotix_ros_toolboxes/interbotix_common_toolbox/interbotix_tf_tools) by extensions ['ros']
[0.545s] Level 1:colcon.colcon_core.package_identification:_identify(src/interbotix_ros_toolboxes/interbotix_common_toolbox/interbotix_tf_tools) by extension 'ros'
[0.546s] DEBUG:colcon.colcon_core.package_identification:Package 'src/interbotix_ros_toolboxes/interbotix_common_toolbox/interbotix_tf_tools' with type 'ros.ament_cmake' and name 'interbotix_tf_tools'
[0.546s] Level 1:colcon.colcon_core.package_identification:_identify(src/interbotix_ros_toolboxes/interbotix_io_toolbox) by extensions ['ignore', 'ignore_ament_install']
[0.546s] Level 1:colcon.colcon_core.package_identification:_identify(src/interbotix_ros_toolboxes/interbotix_io_toolbox) by extension 'ignore'
[0.546s] Level 1:colcon.colcon_core.package_identification:_identify(src/interbotix_ros_toolboxes/interbotix_io_toolbox) ignored
[0.546s] Level 1:colcon.colcon_core.package_identification:_identify(src/interbotix_ros_toolboxes/interbotix_perception_toolbox) by extensions ['ignore', 'ignore_ament_install']
[0.546s] Level 1:colcon.colcon_core.package_identification:_identify(src/interbotix_ros_toolboxes/interbotix_perception_toolbox) by extension 'ignore'
[0.546s] Level 1:colcon.colcon_core.package_identification:_identify(src/interbotix_ros_toolboxes/interbotix_perception_toolbox) ignored
[0.546s] Level 1:colcon.colcon_core.package_identification:_identify(src/interbotix_ros_toolboxes/interbotix_rpi_toolbox) by extensions ['ignore', 'ignore_ament_install']
[0.546s] Level 1:colcon.colcon_core.package_identification:_identify(src/interbotix_ros_toolboxes/interbotix_rpi_toolbox) by extension 'ignore'
[0.546s] Level 1:colcon.colcon_core.package_identification:_identify(src/interbotix_ros_toolboxes/interbotix_rpi_toolbox) ignored
[0.546s] Level 1:colcon.colcon_core.package_identification:_identify(src/interbotix_ros_toolboxes/interbotix_xs_toolbox) by extensions ['ignore', 'ignore_ament_install']
[0.546s] Level 1:colcon.colcon_core.package_identification:_identify(src/interbotix_ros_toolboxes/interbotix_xs_toolbox) by extension 'ignore'
[0.546s] Level 1:colcon.colcon_core.package_identification:_identify(src/interbotix_ros_toolboxes/interbotix_xs_toolbox) by extension 'ignore_ament_install'
[0.546s] Level 1:colcon.colcon_core.package_identification:_identify(src/interbotix_ros_toolboxes/interbotix_xs_toolbox) by extensions ['colcon_pkg']
[0.546s] Level 1:colcon.colcon_core.package_identification:_identify(src/interbotix_ros_toolboxes/interbotix_xs_toolbox) by extension 'colcon_pkg'
[0.546s] Level 1:colcon.colcon_core.package_identification:_identify(src/interbotix_ros_toolboxes/interbotix_xs_toolbox) by extensions ['colcon_meta']
[0.546s] Level 1:colcon.colcon_core.package_identification:_identify(src/interbotix_ros_toolboxes/interbotix_xs_toolbox) by extension 'colcon_meta'
[0.546s] Level 1:colcon.colcon_core.package_identification:_identify(src/interbotix_ros_toolboxes/interbotix_xs_toolbox) by extensions ['ros']
[0.546s] Level 1:colcon.colcon_core.package_identification:_identify(src/interbotix_ros_toolboxes/interbotix_xs_toolbox) by extension 'ros'
[0.546s] Level 1:colcon.colcon_core.package_identification:_identify(src/interbotix_ros_toolboxes/interbotix_xs_toolbox) by extensions ['cmake', 'python']
[0.546s] Level 1:colcon.colcon_core.package_identification:_identify(src/interbotix_ros_toolboxes/interbotix_xs_toolbox) by extension 'cmake'
[0.546s] Level 1:colcon.colcon_core.package_identification:_identify(src/interbotix_ros_toolboxes/interbotix_xs_toolbox) by extension 'python'
[0.546s] Level 1:colcon.colcon_core.package_identification:_identify(src/interbotix_ros_toolboxes/interbotix_xs_toolbox) by extensions ['python_setup_py']
[0.546s] Level 1:colcon.colcon_core.package_identification:_identify(src/interbotix_ros_toolboxes/interbotix_xs_toolbox) by extension 'python_setup_py'
[0.546s] Level 1:colcon.colcon_core.package_identification:_identify(src/interbotix_ros_toolboxes/interbotix_xs_toolbox/interbotix_xs_modules) by extensions ['ignore', 'ignore_ament_install']
[0.546s] Level 1:colcon.colcon_core.package_identification:_identify(src/interbotix_ros_toolboxes/interbotix_xs_toolbox/interbotix_xs_modules) by extension 'ignore'
[0.546s] Level 1:colcon.colcon_core.package_identification:_identify(src/interbotix_ros_toolboxes/interbotix_xs_toolbox/interbotix_xs_modules) by extension 'ignore_ament_install'
[0.546s] Level 1:colcon.colcon_core.package_identification:_identify(src/interbotix_ros_toolboxes/interbotix_xs_toolbox/interbotix_xs_modules) by extensions ['colcon_pkg']
[0.546s] Level 1:colcon.colcon_core.package_identification:_identify(src/interbotix_ros_toolboxes/interbotix_xs_toolbox/interbotix_xs_modules) by extension 'colcon_pkg'
[0.546s] Level 1:colcon.colcon_core.package_identification:_identify(src/interbotix_ros_toolboxes/interbotix_xs_toolbox/interbotix_xs_modules) by extensions ['colcon_meta']
[0.546s] Level 1:colcon.colcon_core.package_identification:_identify(src/interbotix_ros_toolboxes/interbotix_xs_toolbox/interbotix_xs_modules) by extension 'colcon_meta'
[0.546s] Level 1:colcon.colcon_core.package_identification:_identify(src/interbotix_ros_toolboxes/interbotix_xs_toolbox/interbotix_xs_modules) by extensions ['ros']
[0.547s] Level 1:colcon.colcon_core.package_identification:_identify(src/interbotix_ros_toolboxes/interbotix_xs_toolbox/interbotix_xs_modules) by extension 'ros'
[0.547s] DEBUG:colcon.colcon_core.package_identification:Package 'src/interbotix_ros_toolboxes/interbotix_xs_toolbox/interbotix_xs_modules' with type 'ros.ament_python' and name 'interbotix_xs_modules'
[0.547s] Level 1:colcon.colcon_core.package_identification:_identify(src/interbotix_ros_toolboxes/interbotix_xs_toolbox/interbotix_xs_ros_control) by extensions ['ignore', 'ignore_ament_install']
[0.547s] Level 1:colcon.colcon_core.package_identification:_identify(src/interbotix_ros_toolboxes/interbotix_xs_toolbox/interbotix_xs_ros_control) by extension 'ignore'
[0.547s] Level 1:colcon.colcon_core.package_identification:_identify(src/interbotix_ros_toolboxes/interbotix_xs_toolbox/interbotix_xs_ros_control) by extension 'ignore_ament_install'
[0.547s] Level 1:colcon.colcon_core.package_identification:_identify(src/interbotix_ros_toolboxes/interbotix_xs_toolbox/interbotix_xs_ros_control) by extensions ['colcon_pkg']
[0.547s] Level 1:colcon.colcon_core.package_identification:_identify(src/interbotix_ros_toolboxes/interbotix_xs_toolbox/interbotix_xs_ros_control) by extension 'colcon_pkg'
[0.547s] Level 1:colcon.colcon_core.package_identification:_identify(src/interbotix_ros_toolboxes/interbotix_xs_toolbox/interbotix_xs_ros_control) by extensions ['colcon_meta']
[0.547s] Level 1:colcon.colcon_core.package_identification:_identify(src/interbotix_ros_toolboxes/interbotix_xs_toolbox/interbotix_xs_ros_control) by extension 'colcon_meta'
[0.547s] Level 1:colcon.colcon_core.package_identification:_identify(src/interbotix_ros_toolboxes/interbotix_xs_toolbox/interbotix_xs_ros_control) by extensions ['ros']
[0.547s] Level 1:colcon.colcon_core.package_identification:_identify(src/interbotix_ros_toolboxes/interbotix_xs_toolbox/interbotix_xs_ros_control) by extension 'ros'
[0.548s] DEBUG:colcon.colcon_core.package_identification:Package 'src/interbotix_ros_toolboxes/interbotix_xs_toolbox/interbotix_xs_ros_control' with type 'ros.ament_cmake' and name 'interbotix_xs_ros_control'
[0.548s] Level 1:colcon.colcon_core.package_identification:_identify(src/interbotix_ros_toolboxes/interbotix_xs_toolbox/interbotix_xs_rviz) by extensions ['ignore', 'ignore_ament_install']
[0.548s] Level 1:colcon.colcon_core.package_identification:_identify(src/interbotix_ros_toolboxes/interbotix_xs_toolbox/interbotix_xs_rviz) by extension 'ignore'
[0.548s] Level 1:colcon.colcon_core.package_identification:_identify(src/interbotix_ros_toolboxes/interbotix_xs_toolbox/interbotix_xs_rviz) by extension 'ignore_ament_install'
[0.548s] Level 1:colcon.colcon_core.package_identification:_identify(src/interbotix_ros_toolboxes/interbotix_xs_toolbox/interbotix_xs_rviz) by extensions ['colcon_pkg']
[0.548s] Level 1:colcon.colcon_core.package_identification:_identify(src/interbotix_ros_toolboxes/interbotix_xs_toolbox/interbotix_xs_rviz) by extension 'colcon_pkg'
[0.548s] Level 1:colcon.colcon_core.package_identification:_identify(src/interbotix_ros_toolboxes/interbotix_xs_toolbox/interbotix_xs_rviz) by extensions ['colcon_meta']
[0.548s] Level 1:colcon.colcon_core.package_identification:_identify(src/interbotix_ros_toolboxes/interbotix_xs_toolbox/interbotix_xs_rviz) by extension 'colcon_meta'
[0.548s] Level 1:colcon.colcon_core.package_identification:_identify(src/interbotix_ros_toolboxes/interbotix_xs_toolbox/interbotix_xs_rviz) by extensions ['ros']
[0.548s] Level 1:colcon.colcon_core.package_identification:_identify(src/interbotix_ros_toolboxes/interbotix_xs_toolbox/interbotix_xs_rviz) by extension 'ros'
[0.548s] DEBUG:colcon.colcon_core.package_identification:Package 'src/interbotix_ros_toolboxes/interbotix_xs_toolbox/interbotix_xs_rviz' with type 'ros.ament_cmake' and name 'interbotix_xs_rviz'
[0.548s] Level 1:colcon.colcon_core.package_identification:_identify(src/interbotix_ros_toolboxes/interbotix_xs_toolbox/interbotix_xs_toolbox) by extensions ['ignore', 'ignore_ament_install']
[0.549s] Level 1:colcon.colcon_core.package_identification:_identify(src/interbotix_ros_toolboxes/interbotix_xs_toolbox/interbotix_xs_toolbox) by extension 'ignore'
[0.549s] Level 1:colcon.colcon_core.package_identification:_identify(src/interbotix_ros_toolboxes/interbotix_xs_toolbox/interbotix_xs_toolbox) by extension 'ignore_ament_install'
[0.549s] Level 1:colcon.colcon_core.package_identification:_identify(src/interbotix_ros_toolboxes/interbotix_xs_toolbox/interbotix_xs_toolbox) by extensions ['colcon_pkg']
[0.549s] Level 1:colcon.colcon_core.package_identification:_identify(src/interbotix_ros_toolboxes/interbotix_xs_toolbox/interbotix_xs_toolbox) by extension 'colcon_pkg'
[0.549s] Level 1:colcon.colcon_core.package_identification:_identify(src/interbotix_ros_toolboxes/interbotix_xs_toolbox/interbotix_xs_toolbox) by extensions ['colcon_meta']
[0.549s] Level 1:colcon.colcon_core.package_identification:_identify(src/interbotix_ros_toolboxes/interbotix_xs_toolbox/interbotix_xs_toolbox) by extension 'colcon_meta'
[0.549s] Level 1:colcon.colcon_core.package_identification:_identify(src/interbotix_ros_toolboxes/interbotix_xs_toolbox/interbotix_xs_toolbox) by extensions ['ros']
[0.549s] Level 1:colcon.colcon_core.package_identification:_identify(src/interbotix_ros_toolboxes/interbotix_xs_toolbox/interbotix_xs_toolbox) by extension 'ros'
[0.549s] DEBUG:colcon.colcon_core.package_identification:Package 'src/interbotix_ros_toolboxes/interbotix_xs_toolbox/interbotix_xs_toolbox' with type 'ros.ament_cmake' and name 'interbotix_xs_toolbox'
[0.549s] Level 1:colcon.colcon_core.package_identification:_identify(src/interbotix_ros_toolboxes/third_party_libraries) by extensions ['ignore', 'ignore_ament_install']
[0.549s] Level 1:colcon.colcon_core.package_identification:_identify(src/interbotix_ros_toolboxes/third_party_libraries) by extension 'ignore'
[0.549s] Level 1:colcon.colcon_core.package_identification:_identify(src/interbotix_ros_toolboxes/third_party_libraries) by extension 'ignore_ament_install'
[0.549s] Level 1:colcon.colcon_core.package_identification:_identify(src/interbotix_ros_toolboxes/third_party_libraries) by extensions ['colcon_pkg']
[0.549s] Level 1:colcon.colcon_core.package_identification:_identify(src/interbotix_ros_toolboxes/third_party_libraries) by extension 'colcon_pkg'
[0.549s] Level 1:colcon.colcon_core.package_identification:_identify(src/interbotix_ros_toolboxes/third_party_libraries) by extensions ['colcon_meta']
[0.549s] Level 1:colcon.colcon_core.package_identification:_identify(src/interbotix_ros_toolboxes/third_party_libraries) by extension 'colcon_meta'
[0.549s] Level 1:colcon.colcon_core.package_identification:_identify(src/interbotix_ros_toolboxes/third_party_libraries) by extensions ['ros']
[0.549s] Level 1:colcon.colcon_core.package_identification:_identify(src/interbotix_ros_toolboxes/third_party_libraries) by extension 'ros'
[0.549s] Level 1:colcon.colcon_core.package_identification:_identify(src/interbotix_ros_toolboxes/third_party_libraries) by extensions ['cmake', 'python']
[0.549s] Level 1:colcon.colcon_core.package_identification:_identify(src/interbotix_ros_toolboxes/third_party_libraries) by extension 'cmake'
[0.549s] Level 1:colcon.colcon_core.package_identification:_identify(src/interbotix_ros_toolboxes/third_party_libraries) by extension 'python'
[0.549s] Level 1:colcon.colcon_core.package_identification:_identify(src/interbotix_ros_toolboxes/third_party_libraries) by extensions ['python_setup_py']
[0.549s] Level 1:colcon.colcon_core.package_identification:_identify(src/interbotix_ros_toolboxes/third_party_libraries) by extension 'python_setup_py'
[0.549s] Level 1:colcon.colcon_core.package_identification:_identify(src/interbotix_ros_toolboxes/third_party_libraries/ModernRobotics) by extensions ['ignore', 'ignore_ament_install']
[0.549s] Level 1:colcon.colcon_core.package_identification:_identify(src/interbotix_ros_toolboxes/third_party_libraries/ModernRobotics) by extension 'ignore'
[0.550s] Level 1:colcon.colcon_core.package_identification:_identify(src/interbotix_ros_toolboxes/third_party_libraries/ModernRobotics) by extension 'ignore_ament_install'
[0.550s] Level 1:colcon.colcon_core.package_identification:_identify(src/interbotix_ros_toolboxes/third_party_libraries/ModernRobotics) by extensions ['colcon_pkg']
[0.550s] Level 1:colcon.colcon_core.package_identification:_identify(src/interbotix_ros_toolboxes/third_party_libraries/ModernRobotics) by extension 'colcon_pkg'
[0.550s] Level 1:colcon.colcon_core.package_identification:_identify(src/interbotix_ros_toolboxes/third_party_libraries/ModernRobotics) by extensions ['colcon_meta']
[0.550s] Level 1:colcon.colcon_core.package_identification:_identify(src/interbotix_ros_toolboxes/third_party_libraries/ModernRobotics) by extension 'colcon_meta'
[0.550s] Level 1:colcon.colcon_core.package_identification:_identify(src/interbotix_ros_toolboxes/third_party_libraries/ModernRobotics) by extensions ['ros']
[0.550s] Level 1:colcon.colcon_core.package_identification:_identify(src/interbotix_ros_toolboxes/third_party_libraries/ModernRobotics) by extension 'ros'
[0.550s] Level 1:colcon.colcon_core.package_identification:_identify(src/interbotix_ros_toolboxes/third_party_libraries/ModernRobotics) by extensions ['cmake', 'python']
[0.550s] Level 1:colcon.colcon_core.package_identification:_identify(src/interbotix_ros_toolboxes/third_party_libraries/ModernRobotics) by extension 'cmake'
[0.550s] Level 1:colcon.colcon_core.package_identification:_identify(src/interbotix_ros_toolboxes/third_party_libraries/ModernRobotics) by extension 'python'
[0.550s] Level 1:colcon.colcon_core.package_identification:_identify(src/interbotix_ros_toolboxes/third_party_libraries/ModernRobotics) by extensions ['python_setup_py']
[0.550s] Level 1:colcon.colcon_core.package_identification:_identify(src/interbotix_ros_toolboxes/third_party_libraries/ModernRobotics) by extension 'python_setup_py'
[0.550s] Level 1:colcon.colcon_core.package_identification:_identify(src/interbotix_xs_driver) by extensions ['ignore', 'ignore_ament_install']
[0.550s] Level 1:colcon.colcon_core.package_identification:_identify(src/interbotix_xs_driver) by extension 'ignore'
[0.550s] Level 1:colcon.colcon_core.package_identification:_identify(src/interbotix_xs_driver) by extension 'ignore_ament_install'
[0.550s] Level 1:colcon.colcon_core.package_identification:_identify(src/interbotix_xs_driver) by extensions ['colcon_pkg']
[0.550s] Level 1:colcon.colcon_core.package_identification:_identify(src/interbotix_xs_driver) by extension 'colcon_pkg'
[0.550s] Level 1:colcon.colcon_core.package_identification:_identify(src/interbotix_xs_driver) by extensions ['colcon_meta']
[0.550s] Level 1:colcon.colcon_core.package_identification:_identify(src/interbotix_xs_driver) by extension 'colcon_meta'
[0.550s] Level 1:colcon.colcon_core.package_identification:_identify(src/interbotix_xs_driver) by extensions ['ros']
[0.550s] Level 1:colcon.colcon_core.package_identification:_identify(src/interbotix_xs_driver) by extension 'ros'
[0.550s] DEBUG:colcon.colcon_core.package_identification:Package 'src/interbotix_xs_driver' with type 'ros.ament_cmake' and name 'interbotix_xs_driver'
[0.550s] Level 1:colcon.colcon_core.package_discovery:discover_packages(recursive) using defaults
[0.550s] Level 1:colcon.colcon_core.package_discovery:discover_packages(ignore) discover
[0.550s] Level 1:colcon.colcon_core.package_discovery:discover_packages(ignore) using defaults
[0.550s] Level 1:colcon.colcon_core.package_discovery:discover_packages(path) discover
[0.550s] Level 1:colcon.colcon_core.package_discovery:discover_packages(path) using defaults
[0.568s] Level 1:colcon.colcon_core.package_discovery:discover_packages(prefix_path) check parameters
[0.568s] Level 1:colcon.colcon_core.package_discovery:discover_packages(prefix_path) discover
[0.569s] DEBUG:colcon.colcon_installed_package_information.package_discovery:Found 27 installed packages in /home/derek-dietz/MSAI/ComputerVision/Final_Project/ws/interbotix/install
[0.569s] DEBUG:colcon.colcon_installed_package_information.package_discovery:Found 1 installed packages in /home/derek-dietz/MSAI/ComputerVision/Final_Project/ros_ws/install
[0.570s] DEBUG:colcon.colcon_installed_package_information.package_discovery:Found 436 installed packages in /opt/ros/kilted
[0.571s] Level 1:colcon.colcon_core.package_discovery:discover_packages(prefix_path) using defaults
[0.613s] Level 5:colcon.colcon_core.verb:set package 'arm' build argument 'cmake_args' from command line to 'None'
[0.613s] Level 5:colcon.colcon_core.verb:set package 'arm' build argument 'cmake_target' from command line to 'None'
[0.613s] Level 5:colcon.colcon_core.verb:set package 'arm' build argument 'cmake_target_skip_unavailable' from command line to 'False'
[0.613s] Level 5:colcon.colcon_core.verb:set package 'arm' build argument 'cmake_clean_cache' from command line to 'False'
[0.613s] Level 5:colcon.colcon_core.verb:set package 'arm' build argument 'cmake_clean_first' from command line to 'False'
[0.613s] Level 5:colcon.colcon_core.verb:set package 'arm' build argument 'cmake_force_configure' from command line to 'False'
[0.613s] Level 5:colcon.colcon_core.verb:set package 'arm' build argument 'ament_cmake_args' from command line to 'None'
[0.613s] Level 5:colcon.colcon_core.verb:set package 'arm' build argument 'catkin_cmake_args' from command line to 'None'
[0.613s] Level 5:colcon.colcon_core.verb:set package 'arm' build argument 'catkin_skip_building_tests' from command line to 'False'
[0.613s] DEBUG:colcon.colcon_core.verb:Building package 'arm' with the following arguments: {'ament_cmake_args': None, 'build_base': '/home/derek-dietz/MSAI/ComputerVision/Final_Project/ws/interbotix/build/arm', 'catkin_cmake_args': None, 'catkin_skip_building_tests': False, 'cmake_args': None, 'cmake_clean_cache': False, 'cmake_clean_first': False, 'cmake_force_configure': False, 'cmake_target': None, 'cmake_target_skip_unavailable': False, 'install_base': '/home/derek-dietz/MSAI/ComputerVision/Final_Project/ws/interbotix/install', 'merge_install': True, 'path': '/home/derek-dietz/MSAI/ComputerVision/Final_Project/ws/interbotix/src/arm', 'symlink_install': False, 'test_result_base': None}
[0.613s] Level 5:colcon.colcon_core.verb:set package 'interbotix_common_modules' build argument 'cmake_args' from command line to 'None'
[0.613s] Level 5:colcon.colcon_core.verb:set package 'interbotix_common_modules' build argument 'cmake_target' from command line to 'None'
[0.613s] Level 5:colcon.colcon_core.verb:set package 'interbotix_common_modules' build argument 'cmake_target_skip_unavailable' from command line to 'False'
[0.613s] Level 5:colcon.colcon_core.verb:set package 'interbotix_common_modules' build argument 'cmake_clean_cache' from command line to 'False'
[0.613s] Level 5:colcon.colcon_core.verb:set package 'interbotix_common_modules' build argument 'cmake_clean_first' from command line to 'False'
[0.613s] Level 5:colcon.colcon_core.verb:set package 'interbotix_common_modules' build argument 'cmake_force_configure' from command line to 'False'
[0.613s] Level 5:colcon.colcon_core.verb:set package 'interbotix_common_modules' build argument 'ament_cmake_args' from command line to 'None'
[0.613s] Level 5:colcon.colcon_core.verb:set package 'interbotix_common_modules' build argument 'catkin_cmake_args' from command line to 'None'
[0.613s] Level 5:colcon.colcon_core.verb:set package 'interbotix_common_modules' build argument 'catkin_skip_building_tests' from command line to 'False'
[0.613s] DEBUG:colcon.colcon_core.verb:Building package 'interbotix_common_modules' with the following arguments: {'ament_cmake_args': None, 'build_base': '/home/derek-dietz/MSAI/ComputerVision/Final_Project/ws/interbotix/build/interbotix_common_modules', 'catkin_cmake_args': None, 'catkin_skip_building_tests': False, 'cmake_args': None, 'cmake_clean_cache': False, 'cmake_clean_first': False, 'cmake_force_configure': False, 'cmake_target': None, 'cmake_target_skip_unavailable': False, 'install_base': '/home/derek-dietz/MSAI/ComputerVision/Final_Project/ws/interbotix/install', 'merge_install': True, 'path': '/home/derek-dietz/MSAI/ComputerVision/Final_Project/ws/interbotix/src/interbotix_ros_toolboxes/interbotix_common_toolbox/interbotix_common_modules', 'symlink_install': False, 'test_result_base': None}
[0.614s] Level 5:colcon.colcon_core.verb:set package 'interbotix_common_sim' build argument 'cmake_args' from command line to 'None'
[0.614s] Level 5:colcon.colcon_core.verb:set package 'interbotix_common_sim' build argument 'cmake_target' from command line to 'None'
[0.614s] Level 5:colcon.colcon_core.verb:set package 'interbotix_common_sim' build argument 'cmake_target_skip_unavailable' from command line to 'False'
[0.614s] Level 5:colcon.colcon_core.verb:set package 'interbotix_common_sim' build argument 'cmake_clean_cache' from command line to 'False'
[0.614s] Level 5:colcon.colcon_core.verb:set package 'interbotix_common_sim' build argument 'cmake_clean_first' from command line to 'False'
[0.614s] Level 5:colcon.colcon_core.verb:set package 'interbotix_common_sim' build argument 'cmake_force_configure' from command line to 'False'
[0.614s] Level 5:colcon.colcon_core.verb:set package 'interbotix_common_sim' build argument 'ament_cmake_args' from command line to 'None'
[0.614s] Level 5:colcon.colcon_core.verb:set package 'interbotix_common_sim' build argument 'catkin_cmake_args' from command line to 'None'
[0.614s] Level 5:colcon.colcon_core.verb:set package 'interbotix_common_sim' build argument 'catkin_skip_building_tests' from command line to 'False'
[0.614s] DEBUG:colcon.colcon_core.verb:Building package 'interbotix_common_sim' with the following arguments: {'ament_cmake_args': None, 'build_base': '/home/derek-dietz/MSAI/ComputerVision/Final_Project/ws/interbotix/build/interbotix_common_sim', 'catkin_cmake_args': None, 'catkin_skip_building_tests': False, 'cmake_args': None, 'cmake_clean_cache': False, 'cmake_clean_first': False, 'cmake_force_configure': False, 'cmake_target': None, 'cmake_target_skip_unavailable': False, 'install_base': '/home/derek-dietz/MSAI/ComputerVision/Final_Project/ws/interbotix/install', 'merge_install': True, 'path': '/home/derek-dietz/MSAI/ComputerVision/Final_Project/ws/interbotix/src/interbotix_ros_toolboxes/interbotix_common_toolbox/interbotix_common_sim', 'symlink_install': False, 'test_result_base': None}
[0.614s] Level 5:colcon.colcon_core.verb:set package 'interbotix_moveit_interface_msgs' build argument 'cmake_args' from command line to 'None'
[0.614s] Level 5:colcon.colcon_core.verb:set package 'interbotix_moveit_interface_msgs' build argument 'cmake_target' from command line to 'None'
[0.614s] Level 5:colcon.colcon_core.verb:set package 'interbotix_moveit_interface_msgs' build argument 'cmake_target_skip_unavailable' from command line to 'False'
[0.614s] Level 5:colcon.colcon_core.verb:set package 'interbotix_moveit_interface_msgs' build argument 'cmake_clean_cache' from command line to 'False'
[0.614s] Level 5:colcon.colcon_core.verb:set package 'interbotix_moveit_interface_msgs' build argument 'cmake_clean_first' from command line to 'False'
[0.614s] Level 5:colcon.colcon_core.verb:set package 'interbotix_moveit_interface_msgs' build argument 'cmake_force_configure' from command line to 'False'
[0.614s] Level 5:colcon.colcon_core.verb:set package 'interbotix_moveit_interface_msgs' build argument 'ament_cmake_args' from command line to 'None'
[0.614s] Level 5:colcon.colcon_core.verb:set package 'interbotix_moveit_interface_msgs' build argument 'catkin_cmake_args' from command line to 'None'
[0.614s] Level 5:colcon.colcon_core.verb:set package 'interbotix_moveit_interface_msgs' build argument 'catkin_skip_building_tests' from command line to 'False'
[0.614s] DEBUG:colcon.colcon_core.verb:Building package 'interbotix_moveit_interface_msgs' with the following arguments: {'ament_cmake_args': None, 'build_base': '/home/derek-dietz/MSAI/ComputerVision/Final_Project/ws/interbotix/build/interbotix_moveit_interface_msgs', 'catkin_cmake_args': None, 'catkin_skip_building_tests': False, 'cmake_args': None, 'cmake_clean_cache': False, 'cmake_clean_first': False, 'cmake_force_configure': False, 'cmake_target': None, 'cmake_target_skip_unavailable': False, 'install_base': '/home/derek-dietz/MSAI/ComputerVision/Final_Project/ws/interbotix/install', 'merge_install': True, 'path': '/home/derek-dietz/MSAI/ComputerVision/Final_Project/ws/interbotix/src/interbotix_ros_toolboxes/interbotix_common_toolbox/interbotix_moveit_interface_msgs', 'symlink_install': False, 'test_result_base': None}
[0.614s] Level 5:colcon.colcon_core.verb:set package 'interbotix_tf_tools' build argument 'cmake_args' from command line to 'None'
[0.614s] Level 5:colcon.colcon_core.verb:set package 'interbotix_tf_tools' build argument 'cmake_target' from command line to 'None'
[0.614s] Level 5:colcon.colcon_core.verb:set package 'interbotix_tf_tools' build argument 'cmake_target_skip_unavailable' from command line to 'False'
[0.614s] Level 5:colcon.colcon_core.verb:set package 'interbotix_tf_tools' build argument 'cmake_clean_cache' from command line to 'False'
[0.614s] Level 5:colcon.colcon_core.verb:set package 'interbotix_tf_tools' build argument 'cmake_clean_first' from command line to 'False'
[0.614s] Level 5:colcon.colcon_core.verb:set package 'interbotix_tf_tools' build argument 'cmake_force_configure' from command line to 'False'
[0.614s] Level 5:colcon.colcon_core.verb:set package 'interbotix_tf_tools' build argument 'ament_cmake_args' from command line to 'None'
[0.614s] Level 5:colcon.colcon_core.verb:set package 'interbotix_tf_tools' build argument 'catkin_cmake_args' from command line to 'None'
[0.614s] Level 5:colcon.colcon_core.verb:set package 'interbotix_tf_tools' build argument 'catkin_skip_building_tests' from command line to 'False'
[0.614s] DEBUG:colcon.colcon_core.verb:Building package 'interbotix_tf_tools' with the following arguments: {'ament_cmake_args': None, 'build_base': '/home/derek-dietz/MSAI/ComputerVision/Final_Project/ws/interbotix/build/interbotix_tf_tools', 'catkin_cmake_args': None, 'catkin_skip_building_tests': False, 'cmake_args': None, 'cmake_clean_cache': False, 'cmake_clean_first': False, 'cmake_force_configure': False, 'cmake_target': None, 'cmake_target_skip_unavailable': False, 'install_base': '/home/derek-dietz/MSAI/ComputerVision/Final_Project/ws/interbotix/install', 'merge_install': True, 'path': '/home/derek-dietz/MSAI/ComputerVision/Final_Project/ws/interbotix/src/interbotix_ros_toolboxes/interbotix_common_toolbox/interbotix_tf_tools', 'symlink_install': False, 'test_result_base': None}
[0.614s] Level 5:colcon.colcon_core.verb:set package 'interbotix_xs_driver' build argument 'cmake_args' from command line to 'None'
[0.614s] Level 5:colcon.colcon_core.verb:set package 'interbotix_xs_driver' build argument 'cmake_target' from command line to 'None'
[0.614s] Level 5:colcon.colcon_core.verb:set package 'interbotix_xs_driver' build argument 'cmake_target_skip_unavailable' from command line to 'False'
[0.614s] Level 5:colcon.colcon_core.verb:set package 'interbotix_xs_driver' build argument 'cmake_clean_cache' from command line to 'False'
[0.614s] Level 5:colcon.colcon_core.verb:set package 'interbotix_xs_driver' build argument 'cmake_clean_first' from command line to 'False'
[0.614s] Level 5:colcon.colcon_core.verb:set package 'interbotix_xs_driver' build argument 'cmake_force_configure' from command line to 'False'
[0.614s] Level 5:colcon.colcon_core.verb:set package 'interbotix_xs_driver' build argument 'ament_cmake_args' from command line to 'None'
[0.614s] Level 5:colcon.colcon_core.verb:set package 'interbotix_xs_driver' build argument 'catkin_cmake_args' from command line to 'None'
[0.614s] Level 5:colcon.colcon_core.verb:set package 'interbotix_xs_driver' build argument 'catkin_skip_building_tests' from command line to 'False'
[0.614s] DEBUG:colcon.colcon_core.verb:Building package 'interbotix_xs_driver' with the following arguments: {'ament_cmake_args': None, 'build_base': '/home/derek-dietz/MSAI/ComputerVision/Final_Project/ws/interbotix/build/interbotix_xs_driver', 'catkin_cmake_args': None, 'catkin_skip_building_tests': False, 'cmake_args': None, 'cmake_clean_cache': False, 'cmake_clean_first': False, 'cmake_force_configure': False, 'cmake_target': None, 'cmake_target_skip_unavailable': False, 'install_base': '/home/derek-dietz/MSAI/ComputerVision/Final_Project/ws/interbotix/install', 'merge_install': True, 'path': '/home/derek-dietz/MSAI/ComputerVision/Final_Project/ws/interbotix/src/interbotix_xs_driver', 'symlink_install': False, 'test_result_base': None}
[0.615s] Level 5:colcon.colcon_core.verb:set package 'interbotix_xs_msgs' build argument 'cmake_args' from command line to 'None'
[0.615s] Level 5:colcon.colcon_core.verb:set package 'interbotix_xs_msgs' build argument 'cmake_target' from command line to 'None'
[0.615s] Level 5:colcon.colcon_core.verb:set package 'interbotix_xs_msgs' build argument 'cmake_target_skip_unavailable' from command line to 'False'
[0.615s] Level 5:colcon.colcon_core.verb:set package 'interbotix_xs_msgs' build argument 'cmake_clean_cache' from command line to 'False'
[0.615s] Level 5:colcon.colcon_core.verb:set package 'interbotix_xs_msgs' build argument 'cmake_clean_first' from command line to 'False'
[0.615s] Level 5:colcon.colcon_core.verb:set package 'interbotix_xs_msgs' build argument 'cmake_force_configure' from command line to 'False'
[0.615s] Level 5:colcon.colcon_core.verb:set package 'interbotix_xs_msgs' build argument 'ament_cmake_args' from command line to 'None'
[0.615s] Level 5:colcon.colcon_core.verb:set package 'interbotix_xs_msgs' build argument 'catkin_cmake_args' from command line to 'None'
[0.615s] Level 5:colcon.colcon_core.verb:set package 'interbotix_xs_msgs' build argument 'catkin_skip_building_tests' from command line to 'False'
[0.615s] DEBUG:colcon.colcon_core.verb:Building package 'interbotix_xs_msgs' with the following arguments: {'ament_cmake_args': None, 'build_base': '/home/derek-dietz/MSAI/ComputerVision/Final_Project/ws/interbotix/build/interbotix_xs_msgs', 'catkin_cmake_args': None, 'catkin_skip_building_tests': False, 'cmake_args': None, 'cmake_clean_cache': False, 'cmake_clean_first': False, 'cmake_force_configure': False, 'cmake_target': None, 'cmake_target_skip_unavailable': False, 'install_base': '/home/derek-dietz/MSAI/ComputerVision/Final_Project/ws/interbotix/install', 'merge_install': True, 'path': '/home/derek-dietz/MSAI/ComputerVision/Final_Project/ws/interbotix/src/interbotix_ros_core/interbotix_ros_xseries/interbotix_xs_msgs', 'symlink_install': False, 'test_result_base': None}
[0.615s] Level 5:colcon.colcon_core.verb:set package 'modern_robotics' build argument 'cmake_args' from command line to 'None'
[0.615s] Level 5:colcon.colcon_core.verb:set package 'modern_robotics' build argument 'cmake_target' from command line to 'None'
[0.615s] Level 5:colcon.colcon_core.verb:set package 'modern_robotics' build argument 'cmake_target_skip_unavailable' from command line to 'False'
[0.615s] Level 5:colcon.colcon_core.verb:set package 'modern_robotics' build argument 'cmake_clean_cache' from command line to 'False'
[0.615s] Level 5:colcon.colcon_core.verb:set package 'modern_robotics' build argument 'cmake_clean_first' from command line to 'False'
[0.615s] Level 5:colcon.colcon_core.verb:set package 'modern_robotics' build argument 'cmake_force_configure' from command line to 'False'
[0.615s] Level 5:colcon.colcon_core.verb:set package 'modern_robotics' build argument 'ament_cmake_args' from command line to 'None'
[0.615s] Level 5:colcon.colcon_core.verb:set package 'modern_robotics' build argument 'catkin_cmake_args' from command line to 'None'
[0.615s] Level 5:colcon.colcon_core.verb:set package 'modern_robotics' build argument 'catkin_skip_building_tests' from command line to 'False'
[0.615s] DEBUG:colcon.colcon_core.verb:Building package 'modern_robotics' with the following arguments: {'ament_cmake_args': None, 'build_base': '/home/derek-dietz/MSAI/ComputerVision/Final_Project/ws/interbotix/build/modern_robotics', 'catkin_cmake_args': None, 'catkin_skip_building_tests': False, 'cmake_args': None, 'cmake_clean_cache': False, 'cmake_clean_first': False, 'cmake_force_configure': False, 'cmake_target': None, 'cmake_target_skip_unavailable': False, 'install_base': '/home/derek-dietz/MSAI/ComputerVision/Final_Project/ws/interbotix/install', 'merge_install': True, 'path': '/home/derek-dietz/MSAI/ComputerVision/Final_Project/ws/interbotix/src/ModernRobotics/packages/Python', 'symlink_install': False, 'test_result_base': None}
[0.615s] Level 5:colcon.colcon_core.verb:set package 'interbotix_common_toolbox' build argument 'cmake_args' from command line to 'None'
[0.615s] Level 5:colcon.colcon_core.verb:set package 'interbotix_common_toolbox' build argument 'cmake_target' from command line to 'None'
[0.615s] Level 5:colcon.colcon_core.verb:set package 'interbotix_common_toolbox' build argument 'cmake_target_skip_unavailable' from command line to 'False'
[0.615s] Level 5:colcon.colcon_core.verb:set package 'interbotix_common_toolbox' build argument 'cmake_clean_cache' from command line to 'False'
[0.615s] Level 5:colcon.colcon_core.verb:set package 'interbotix_common_toolbox' build argument 'cmake_clean_first' from command line to 'False'
[0.615s] Level 5:colcon.colcon_core.verb:set package 'interbotix_common_toolbox' build argument 'cmake_force_configure' from command line to 'False'
[0.615s] Level 5:colcon.colcon_core.verb:set package 'interbotix_common_toolbox' build argument 'ament_cmake_args' from command line to 'None'
[0.615s] Level 5:colcon.colcon_core.verb:set package 'interbotix_common_toolbox' build argument 'catkin_cmake_args' from command line to 'None'
[0.615s] Level 5:colcon.colcon_core.verb:set package 'interbotix_common_toolbox' build argument 'catkin_skip_building_tests' from command line to 'False'
[0.615s] DEBUG:colcon.colcon_core.verb:Building package 'interbotix_common_toolbox' with the following arguments: {'ament_cmake_args': None, 'build_base': '/home/derek-dietz/MSAI/ComputerVision/Final_Project/ws/interbotix/build/interbotix_common_toolbox', 'catkin_cmake_args': None, 'catkin_skip_building_tests': False, 'cmake_args': None, 'cmake_clean_cache': False, 'cmake_clean_first': False, 'cmake_force_configure': False, 'cmake_target': None, 'cmake_target_skip_unavailable': False, 'install_base': '/home/derek-dietz/MSAI/ComputerVision/Final_Project/ws/interbotix/install', 'merge_install': True, 'path': '/home/derek-dietz/MSAI/ComputerVision/Final_Project/ws/interbotix/src/interbotix_ros_toolboxes/interbotix_common_toolbox/interbotix_common_toolbox', 'symlink_install': False, 'test_result_base': None}
[0.615s] Level 5:colcon.colcon_core.verb:set package 'interbotix_moveit_interface' build argument 'cmake_args' from command line to 'None'
[0.615s] Level 5:colcon.colcon_core.verb:set package 'interbotix_moveit_interface' build argument 'cmake_target' from command line to 'None'
[0.615s] Level 5:colcon.colcon_core.verb:set package 'interbotix_moveit_interface' build argument 'cmake_target_skip_unavailable' from command line to 'False'
[0.615s] Level 5:colcon.colcon_core.verb:set package 'interbotix_moveit_interface' build argument 'cmake_clean_cache' from command line to 'False'
[0.615s] Level 5:colcon.colcon_core.verb:set package 'interbotix_moveit_interface' build argument 'cmake_clean_first' from command line to 'False'
[0.615s] Level 5:colcon.colcon_core.verb:set package 'interbotix_moveit_interface' build argument 'cmake_force_configure' from command line to 'False'
[0.615s] Level 5:colcon.colcon_core.verb:set package 'interbotix_moveit_interface' build argument 'ament_cmake_args' from command line to 'None'
[0.615s] Level 5:colcon.colcon_core.verb:set package 'interbotix_moveit_interface' build argument 'catkin_cmake_args' from command line to 'None'
[0.615s] Level 5:colcon.colcon_core.verb:set package 'interbotix_moveit_interface' build argument 'catkin_skip_building_tests' from command line to 'False'
[0.615s] DEBUG:colcon.colcon_core.verb:Building package 'interbotix_moveit_interface' with the following arguments: {'ament_cmake_args': None, 'build_base': '/home/derek-dietz/MSAI/ComputerVision/Final_Project/ws/interbotix/build/interbotix_moveit_interface', 'catkin_cmake_args': None, 'catkin_skip_building_tests': False, 'cmake_args': None, 'cmake_clean_cache': False, 'cmake_clean_first': False, 'cmake_force_configure': False, 'cmake_target': None, 'cmake_target_skip_unavailable': False, 'install_base': '/home/derek-dietz/MSAI/ComputerVision/Final_Project/ws/interbotix/install', 'merge_install': True, 'path': '/home/derek-dietz/MSAI/ComputerVision/Final_Project/ws/interbotix/src/interbotix_ros_toolboxes/interbotix_common_toolbox/interbotix_moveit_interface', 'symlink_install': False, 'test_result_base': None}
[0.616s] Level 5:colcon.colcon_core.verb:set package 'interbotix_xs_ros_control' build argument 'cmake_args' from command line to 'None'
[0.616s] Level 5:colcon.colcon_core.verb:set package 'interbotix_xs_ros_control' build argument 'cmake_target' from command line to 'None'
[0.616s] Level 5:colcon.colcon_core.verb:set package 'interbotix_xs_ros_control' build argument 'cmake_target_skip_unavailable' from command line to 'False'
[0.616s] Level 5:colcon.colcon_core.verb:set package 'interbotix_xs_ros_control' build argument 'cmake_clean_cache' from command line to 'False'
[0.616s] Level 5:colcon.colcon_core.verb:set package 'interbotix_xs_ros_control' build argument 'cmake_clean_first' from command line to 'False'
[0.616s] Level 5:colcon.colcon_core.verb:set package 'interbotix_xs_ros_control' build argument 'cmake_force_configure' from command line to 'False'
[0.616s] Level 5:colcon.colcon_core.verb:set package 'interbotix_xs_ros_control' build argument 'ament_cmake_args' from command line to 'None'
[0.616s] Level 5:colcon.colcon_core.verb:set package 'interbotix_xs_ros_control' build argument 'catkin_cmake_args' from command line to 'None'
[0.616s] Level 5:colcon.colcon_core.verb:set package 'interbotix_xs_ros_control' build argument 'catkin_skip_building_tests' from command line to 'False'
[0.616s] DEBUG:colcon.colcon_core.verb:Building package 'interbotix_xs_ros_control' with the following arguments: {'ament_cmake_args': None, 'build_base': '/home/derek-dietz/MSAI/ComputerVision/Final_Project/ws/interbotix/build/interbotix_xs_ros_control', 'catkin_cmake_args': None, 'catkin_skip_building_tests': False, 'cmake_args': None, 'cmake_clean_cache': False, 'cmake_clean_first': False, 'cmake_force_configure': False, 'cmake_target': None, 'cmake_target_skip_unavailable': False, 'install_base': '/home/derek-dietz/MSAI/ComputerVision/Final_Project/ws/interbotix/install', 'merge_install': True, 'path': '/home/derek-dietz/MSAI/ComputerVision/Final_Project/ws/interbotix/src/interbotix_ros_toolboxes/interbotix_xs_toolbox/interbotix_xs_ros_control', 'symlink_install': False, 'test_result_base': None}
[0.616s] Level 5:colcon.colcon_core.verb:set package 'interbotix_xs_sdk' build argument 'cmake_args' from command line to 'None'
[0.616s] Level 5:colcon.colcon_core.verb:set package 'interbotix_xs_sdk' build argument 'cmake_target' from command line to 'None'
[0.616s] Level 5:colcon.colcon_core.verb:set package 'interbotix_xs_sdk' build argument 'cmake_target_skip_unavailable' from command line to 'False'
[0.616s] Level 5:colcon.colcon_core.verb:set package 'interbotix_xs_sdk' build argument 'cmake_clean_cache' from command line to 'False'
[0.616s] Level 5:colcon.colcon_core.verb:set package 'interbotix_xs_sdk' build argument 'cmake_clean_first' from command line to 'False'
[0.616s] Level 5:colcon.colcon_core.verb:set package 'interbotix_xs_sdk' build argument 'cmake_force_configure' from command line to 'False'
[0.616s] Level 5:colcon.colcon_core.verb:set package 'interbotix_xs_sdk' build argument 'ament_cmake_args' from command line to 'None'
[0.616s] Level 5:colcon.colcon_core.verb:set package 'interbotix_xs_sdk' build argument 'catkin_cmake_args' from command line to 'None'
[0.616s] Level 5:colcon.colcon_core.verb:set package 'interbotix_xs_sdk' build argument 'catkin_skip_building_tests' from command line to 'False'
[0.616s] DEBUG:colcon.colcon_core.verb:Building package 'interbotix_xs_sdk' with the following arguments: {'ament_cmake_args': None, 'build_base': '/home/derek-dietz/MSAI/ComputerVision/Final_Project/ws/interbotix/build/interbotix_xs_sdk', 'catkin_cmake_args': None, 'catkin_skip_building_tests': False, 'cmake_args': None, 'cmake_clean_cache': False, 'cmake_clean_first': False, 'cmake_force_configure': False, 'cmake_target': None, 'cmake_target_skip_unavailable': False, 'install_base': '/home/derek-dietz/MSAI/ComputerVision/Final_Project/ws/interbotix/install', 'merge_install': True, 'path': '/home/derek-dietz/MSAI/ComputerVision/Final_Project/ws/interbotix/src/interbotix_ros_core/interbotix_ros_xseries/interbotix_xs_sdk', 'symlink_install': False, 'test_result_base': None}
[0.616s] Level 5:colcon.colcon_core.verb:set package 'interbotix_ros_xseries' build argument 'cmake_args' from command line to 'None'
[0.616s] Level 5:colcon.colcon_core.verb:set package 'interbotix_ros_xseries' build argument 'cmake_target' from command line to 'None'
[0.616s] Level 5:colcon.colcon_core.verb:set package 'interbotix_ros_xseries' build argument 'cmake_target_skip_unavailable' from command line to 'False'
[0.616s] Level 5:colcon.colcon_core.verb:set package 'interbotix_ros_xseries' build argument 'cmake_clean_cache' from command line to 'False'
[0.616s] Level 5:colcon.colcon_core.verb:set package 'interbotix_ros_xseries' build argument 'cmake_clean_first' from command line to 'False'
[0.616s] Level 5:colcon.colcon_core.verb:set package 'interbotix_ros_xseries' build argument 'cmake_force_configure' from command line to 'False'
[0.616s] Level 5:colcon.colcon_core.verb:set package 'interbotix_ros_xseries' build argument 'ament_cmake_args' from command line to 'None'
[0.616s] Level 5:colcon.colcon_core.verb:set package 'interbotix_ros_xseries' build argument 'catkin_cmake_args' from command line to 'None'
[0.616s] Level 5:colcon.colcon_core.verb:set package 'interbotix_ros_xseries' build argument 'catkin_skip_building_tests' from command line to 'False'
[0.616s] DEBUG:colcon.colcon_core.verb:Building package 'interbotix_ros_xseries' with the following arguments: {'ament_cmake_args': None, 'build_base': '/home/derek-dietz/MSAI/ComputerVision/Final_Project/ws/interbotix/build/interbotix_ros_xseries', 'catkin_cmake_args': None, 'catkin_skip_building_tests': False, 'cmake_args': None, 'cmake_clean_cache': False, 'cmake_clean_first': False, 'cmake_force_configure': False, 'cmake_target': None, 'cmake_target_skip_unavailable': False, 'install_base': '/home/derek-dietz/MSAI/ComputerVision/Final_Project/ws/interbotix/install', 'merge_install': True, 'path': '/home/derek-dietz/MSAI/ComputerVision/Final_Project/ws/interbotix/src/interbotix_ros_core/interbotix_ros_xseries/interbotix_ros_xseries', 'symlink_install': False, 'test_result_base': None}
[0.616s] Level 5:colcon.colcon_core.verb:set package 'interbotix_xs_modules' build argument 'cmake_args' from command line to 'None'
[0.616s] Level 5:colcon.colcon_core.verb:set package 'interbotix_xs_modules' build argument 'cmake_target' from command line to 'None'
[0.616s] Level 5:colcon.colcon_core.verb:set package 'interbotix_xs_modules' build argument 'cmake_target_skip_unavailable' from command line to 'False'
[0.616s] Level 5:colcon.colcon_core.verb:set package 'interbotix_xs_modules' build argument 'cmake_clean_cache' from command line to 'False'
[0.616s] Level 5:colcon.colcon_core.verb:set package 'interbotix_xs_modules' build argument 'cmake_clean_first' from command line to 'False'
[0.616s] Level 5:colcon.colcon_core.verb:set package 'interbotix_xs_modules' build argument 'cmake_force_configure' from command line to 'False'
[0.616s] Level 5:colcon.colcon_core.verb:set package 'interbotix_xs_modules' build argument 'ament_cmake_args' from command line to 'None'
[0.616s] Level 5:colcon.colcon_core.verb:set package 'interbotix_xs_modules' build argument 'catkin_cmake_args' from command line to 'None'
[0.616s] Level 5:colcon.colcon_core.verb:set package 'interbotix_xs_modules' build argument 'catkin_skip_building_tests' from command line to 'False'
[0.616s] DEBUG:colcon.colcon_core.verb:Building package 'interbotix_xs_modules' with the following arguments: {'ament_cmake_args': None, 'build_base': '/home/derek-dietz/MSAI/ComputerVision/Final_Project/ws/interbotix/build/interbotix_xs_modules', 'catkin_cmake_args': None, 'catkin_skip_building_tests': False, 'cmake_args': None, 'cmake_clean_cache': False, 'cmake_clean_first': False, 'cmake_force_configure': False, 'cmake_target': None, 'cmake_target_skip_unavailable': False, 'install_base': '/home/derek-dietz/MSAI/ComputerVision/Final_Project/ws/interbotix/install', 'merge_install': True, 'path': '/home/derek-dietz/MSAI/ComputerVision/Final_Project/ws/interbotix/src/interbotix_ros_toolboxes/interbotix_xs_toolbox/interbotix_xs_modules', 'symlink_install': False, 'test_result_base': None}
[0.616s] Level 5:colcon.colcon_core.verb:set package 'interbotix_xs_rviz' build argument 'cmake_args' from command line to 'None'
[0.616s] Level 5:colcon.colcon_core.verb:set package 'interbotix_xs_rviz' build argument 'cmake_target' from command line to 'None'
[0.616s] Level 5:colcon.colcon_core.verb:set package 'interbotix_xs_rviz' build argument 'cmake_target_skip_unavailable' from command line to 'False'
[0.617s] Level 5:colcon.colcon_core.verb:set package 'interbotix_xs_rviz' build argument 'cmake_clean_cache' from command line to 'False'
[0.617s] Level 5:colcon.colcon_core.verb:set package 'interbotix_xs_rviz' build argument 'cmake_clean_first' from command line to 'False'
[0.617s] Level 5:colcon.colcon_core.verb:set package 'interbotix_xs_rviz' build argument 'cmake_force_configure' from command line to 'False'
[0.617s] Level 5:colcon.colcon_core.verb:set package 'interbotix_xs_rviz' build argument 'ament_cmake_args' from command line to 'None'
[0.617s] Level 5:colcon.colcon_core.verb:set package 'interbotix_xs_rviz' build argument 'catkin_cmake_args' from command line to 'None'
[0.617s] Level 5:colcon.colcon_core.verb:set package 'interbotix_xs_rviz' build argument 'catkin_skip_building_tests' from command line to 'False'
[0.617s] DEBUG:colcon.colcon_core.verb:Building package 'interbotix_xs_rviz' with the following arguments: {'ament_cmake_args': None, 'build_base': '/home/derek-dietz/MSAI/ComputerVision/Final_Project/ws/interbotix/build/interbotix_xs_rviz', 'catkin_cmake_args': None, 'catkin_skip_building_tests': False, 'cmake_args': None, 'cmake_clean_cache': False, 'cmake_clean_first': False, 'cmake_force_configure': False, 'cmake_target': None, 'cmake_target_skip_unavailable': False, 'install_base': '/home/derek-dietz/MSAI/ComputerVision/Final_Project/ws/interbotix/install', 'merge_install': True, 'path': '/home/derek-dietz/MSAI/ComputerVision/Final_Project/ws/interbotix/src/interbotix_ros_toolboxes/interbotix_xs_toolbox/interbotix_xs_rviz', 'symlink_install': False, 'test_result_base': None}
[0.617s] Level 5:colcon.colcon_core.verb:set package 'interbotix_xs_toolbox' build argument 'cmake_args' from command line to 'None'
[0.617s] Level 5:colcon.colcon_core.verb:set package 'interbotix_xs_toolbox' build argument 'cmake_target' from command line to 'None'
[0.617s] Level 5:colcon.colcon_core.verb:set package 'interbotix_xs_toolbox' build argument 'cmake_target_skip_unavailable' from command line to 'False'
[0.617s] Level 5:colcon.colcon_core.verb:set package 'interbotix_xs_toolbox' build argument 'cmake_clean_cache' from command line to 'False'
[0.617s] Level 5:colcon.colcon_core.verb:set package 'interbotix_xs_toolbox' build argument 'cmake_clean_first' from command line to 'False'
[0.617s] Level 5:colcon.colcon_core.verb:set package 'interbotix_xs_toolbox' build argument 'cmake_force_configure' from command line to 'False'
[0.617s] Level 5:colcon.colcon_core.verb:set package 'interbotix_xs_toolbox' build argument 'ament_cmake_args' from command line to 'None'
[0.617s] Level 5:colcon.colcon_core.verb:set package 'interbotix_xs_toolbox' build argument 'catkin_cmake_args' from command line to 'None'
[0.617s] Level 5:colcon.colcon_core.verb:set package 'interbotix_xs_toolbox' build argument 'catkin_skip_building_tests' from command line to 'False'
[0.617s] DEBUG:colcon.colcon_core.verb:Building package 'interbotix_xs_toolbox' with the following arguments: {'ament_cmake_args': None, 'build_base': '/home/derek-dietz/MSAI/ComputerVision/Final_Project/ws/interbotix/build/interbotix_xs_toolbox', 'catkin_cmake_args': None, 'catkin_skip_building_tests': False, 'cmake_args': None, 'cmake_clean_cache': False, 'cmake_clean_first': False, 'cmake_force_configure': False, 'cmake_target': None, 'cmake_target_skip_unavailable': False, 'install_base': '/home/derek-dietz/MSAI/ComputerVision/Final_Project/ws/interbotix/install', 'merge_install': True, 'path': '/home/derek-dietz/MSAI/ComputerVision/Final_Project/ws/interbotix/src/interbotix_ros_toolboxes/interbotix_xs_toolbox/interbotix_xs_toolbox', 'symlink_install': False, 'test_result_base': None}
[0.617s] Level 5:colcon.colcon_core.verb:set package 'interbotix_xsarm_descriptions' build argument 'cmake_args' from command line to 'None'
[0.617s] Level 5:colcon.colcon_core.verb:set package 'interbotix_xsarm_descriptions' build argument 'cmake_target' from command line to 'None'
[0.617s] Level 5:colcon.colcon_core.verb:set package 'interbotix_xsarm_descriptions' build argument 'cmake_target_skip_unavailable' from command line to 'False'
[0.617s] Level 5:colcon.colcon_core.verb:set package 'interbotix_xsarm_descriptions' build argument 'cmake_clean_cache' from command line to 'False'
[0.617s] Level 5:colcon.colcon_core.verb:set package 'interbotix_xsarm_descriptions' build argument 'cmake_clean_first' from command line to 'False'
[0.617s] Level 5:colcon.colcon_core.verb:set package 'interbotix_xsarm_descriptions' build argument 'cmake_force_configure' from command line to 'False'
[0.617s] Level 5:colcon.colcon_core.verb:set package 'interbotix_xsarm_descriptions' build argument 'ament_cmake_args' from command line to 'None'
[0.617s] Level 5:colcon.colcon_core.verb:set package 'interbotix_xsarm_descriptions' build argument 'catkin_cmake_args' from command line to 'None'
[0.617s] Level 5:colcon.colcon_core.verb:set package 'interbotix_xsarm_descriptions' build argument 'catkin_skip_building_tests' from command line to 'False'
[0.617s] DEBUG:colcon.colcon_core.verb:Building package 'interbotix_xsarm_descriptions' with the following arguments: {'ament_cmake_args': None, 'build_base': '/home/derek-dietz/MSAI/ComputerVision/Final_Project/ws/interbotix/build/interbotix_xsarm_descriptions', 'catkin_cmake_args': None, 'catkin_skip_building_tests': False, 'cmake_args': None, 'cmake_clean_cache': False, 'cmake_clean_first': False, 'cmake_force_configure': False, 'cmake_target': None, 'cmake_target_skip_unavailable': False, 'install_base': '/home/derek-dietz/MSAI/ComputerVision/Final_Project/ws/interbotix/install', 'merge_install': True, 'path': '/home/derek-dietz/MSAI/ComputerVision/Final_Project/ws/interbotix/src/interbotix_ros_manipulators/interbotix_ros_xsarms/interbotix_xsarm_descriptions', 'symlink_install': False, 'test_result_base': None}
[0.617s] Level 5:colcon.colcon_core.verb:set package 'interbotix_xsarm_control' build argument 'cmake_args' from command line to 'None'
[0.617s] Level 5:colcon.colcon_core.verb:set package 'interbotix_xsarm_control' build argument 'cmake_target' from command line to 'None'
[0.617s] Level 5:colcon.colcon_core.verb:set package 'interbotix_xsarm_control' build argument 'cmake_target_skip_unavailable' from command line to 'False'
[0.617s] Level 5:colcon.colcon_core.verb:set package 'interbotix_xsarm_control' build argument 'cmake_clean_cache' from command line to 'False'
[0.617s] Level 5:colcon.colcon_core.verb:set package 'interbotix_xsarm_control' build argument 'cmake_clean_first' from command line to 'False'
[0.617s] Level 5:colcon.colcon_core.verb:set package 'interbotix_xsarm_control' build argument 'cmake_force_configure' from command line to 'False'
[0.617s] Level 5:colcon.colcon_core.verb:set package 'interbotix_xsarm_control' build argument 'ament_cmake_args' from command line to 'None'
[0.617s] Level 5:colcon.colcon_core.verb:set package 'interbotix_xsarm_control' build argument 'catkin_cmake_args' from command line to 'None'
[0.617s] Level 5:colcon.colcon_core.verb:set package 'interbotix_xsarm_control' build argument 'catkin_skip_building_tests' from command line to 'False'
[0.617s] DEBUG:colcon.colcon_core.verb:Building package 'interbotix_xsarm_control' with the following arguments: {'ament_cmake_args': None, 'build_base': '/home/derek-dietz/MSAI/ComputerVision/Final_Project/ws/interbotix/build/interbotix_xsarm_control', 'catkin_cmake_args': None, 'catkin_skip_building_tests': False, 'cmake_args': None, 'cmake_clean_cache': False, 'cmake_clean_first': False, 'cmake_force_configure': False, 'cmake_target': None, 'cmake_target_skip_unavailable': False, 'install_base': '/home/derek-dietz/MSAI/ComputerVision/Final_Project/ws/interbotix/install', 'merge_install': True, 'path': '/home/derek-dietz/MSAI/ComputerVision/Final_Project/ws/interbotix/src/interbotix_ros_manipulators/interbotix_ros_xsarms/interbotix_xsarm_control', 'symlink_install': False, 'test_result_base': None}
[0.617s] Level 5:colcon.colcon_core.verb:set package 'interbotix_xsarm_sim' build argument 'cmake_args' from command line to 'None'
[0.617s] Level 5:colcon.colcon_core.verb:set package 'interbotix_xsarm_sim' build argument 'cmake_target' from command line to 'None'
[0.617s] Level 5:colcon.colcon_core.verb:set package 'interbotix_xsarm_sim' build argument 'cmake_target_skip_unavailable' from command line to 'False'
[0.617s] Level 5:colcon.colcon_core.verb:set package 'interbotix_xsarm_sim' build argument 'cmake_clean_cache' from command line to 'False'
[0.617s] Level 5:colcon.colcon_core.verb:set package 'interbotix_xsarm_sim' build argument 'cmake_clean_first' from command line to 'False'
[0.617s] Level 5:colcon.colcon_core.verb:set package 'interbotix_xsarm_sim' build argument 'cmake_force_configure' from command line to 'False'
[0.617s] Level 5:colcon.colcon_core.verb:set package 'interbotix_xsarm_sim' build argument 'ament_cmake_args' from command line to 'None'
[0.617s] Level 5:colcon.colcon_core.verb:set package 'interbotix_xsarm_sim' build argument 'catkin_cmake_args' from command line to 'None'
[0.617s] Level 5:colcon.colcon_core.verb:set package 'interbotix_xsarm_sim' build argument 'catkin_skip_building_tests' from command line to 'False'
[0.617s] DEBUG:colcon.colcon_core.verb:Building package 'interbotix_xsarm_sim' with the following arguments: {'ament_cmake_args': None, 'build_base': '/home/derek-dietz/MSAI/ComputerVision/Final_Project/ws/interbotix/build/interbotix_xsarm_sim', 'catkin_cmake_args': None, 'catkin_skip_building_tests': False, 'cmake_args': None, 'cmake_clean_cache': False, 'cmake_clean_first': False, 'cmake_force_configure': False, 'cmake_target': None, 'cmake_target_skip_unavailable': False, 'install_base': '/home/derek-dietz/MSAI/ComputerVision/Final_Project/ws/interbotix/install', 'merge_install': True, 'path': '/home/derek-dietz/MSAI/ComputerVision/Final_Project/ws/interbotix/src/interbotix_ros_manipulators/interbotix_ros_xsarms/interbotix_xsarm_sim', 'symlink_install': False, 'test_result_base': None}
[0.618s] Level 5:colcon.colcon_core.verb:set package 'interbotix_xsarm_dual' build argument 'cmake_args' from command line to 'None'
[0.618s] Level 5:colcon.colcon_core.verb:set package 'interbotix_xsarm_dual' build argument 'cmake_target' from command line to 'None'
[0.618s] Level 5:colcon.colcon_core.verb:set package 'interbotix_xsarm_dual' build argument 'cmake_target_skip_unavailable' from command line to 'False'
[0.618s] Level 5:colcon.colcon_core.verb:set package 'interbotix_xsarm_dual' build argument 'cmake_clean_cache' from command line to 'False'
[0.618s] Level 5:colcon.colcon_core.verb:set package 'interbotix_xsarm_dual' build argument 'cmake_clean_first' from command line to 'False'
[0.618s] Level 5:colcon.colcon_core.verb:set package 'interbotix_xsarm_dual' build argument 'cmake_force_configure' from command line to 'False'
[0.618s] Level 5:colcon.colcon_core.verb:set package 'interbotix_xsarm_dual' build argument 'ament_cmake_args' from command line to 'None'
[0.618s] Level 5:colcon.colcon_core.verb:set package 'interbotix_xsarm_dual' build argument 'catkin_cmake_args' from command line to 'None'
[0.618s] Level 5:colcon.colcon_core.verb:set package 'interbotix_xsarm_dual' build argument 'catkin_skip_building_tests' from command line to 'False'
[0.618s] DEBUG:colcon.colcon_core.verb:Building package 'interbotix_xsarm_dual' with the following arguments: {'ament_cmake_args': None, 'build_base': '/home/derek-dietz/MSAI/ComputerVision/Final_Project/ws/interbotix/build/interbotix_xsarm_dual', 'catkin_cmake_args': None, 'catkin_skip_building_tests': False, 'cmake_args': None, 'cmake_clean_cache': False, 'cmake_clean_first': False, 'cmake_force_configure': False, 'cmake_target': None, 'cmake_target_skip_unavailable': False, 'install_base': '/home/derek-dietz/MSAI/ComputerVision/Final_Project/ws/interbotix/install', 'merge_install': True, 'path': '/home/derek-dietz/MSAI/ComputerVision/Final_Project/ws/interbotix/src/interbotix_ros_manipulators/interbotix_ros_xsarms/examples/interbotix_xsarm_dual', 'symlink_install': False, 'test_result_base': None}
[0.618s] Level 5:colcon.colcon_core.verb:set package 'interbotix_xsarm_joy' build argument 'cmake_args' from command line to 'None'
[0.618s] Level 5:colcon.colcon_core.verb:set package 'interbotix_xsarm_joy' build argument 'cmake_target' from command line to 'None'
[0.618s] Level 5:colcon.colcon_core.verb:set package 'interbotix_xsarm_joy' build argument 'cmake_target_skip_unavailable' from command line to 'False'
[0.618s] Level 5:colcon.colcon_core.verb:set package 'interbotix_xsarm_joy' build argument 'cmake_clean_cache' from command line to 'False'
[0.618s] Level 5:colcon.colcon_core.verb:set package 'interbotix_xsarm_joy' build argument 'cmake_clean_first' from command line to 'False'
[0.618s] Level 5:colcon.colcon_core.verb:set package 'interbotix_xsarm_joy' build argument 'cmake_force_configure' from command line to 'False'
[0.618s] Level 5:colcon.colcon_core.verb:set package 'interbotix_xsarm_joy' build argument 'ament_cmake_args' from command line to 'None'
[0.618s] Level 5:colcon.colcon_core.verb:set package 'interbotix_xsarm_joy' build argument 'catkin_cmake_args' from command line to 'None'
[0.618s] Level 5:colcon.colcon_core.verb:set package 'interbotix_xsarm_joy' build argument 'catkin_skip_building_tests' from command line to 'False'
[0.618s] DEBUG:colcon.colcon_core.verb:Building package 'interbotix_xsarm_joy' with the following arguments: {'ament_cmake_args': None, 'build_base': '/home/derek-dietz/MSAI/ComputerVision/Final_Project/ws/interbotix/build/interbotix_xsarm_joy', 'catkin_cmake_args': None, 'catkin_skip_building_tests': False, 'cmake_args': None, 'cmake_clean_cache': False, 'cmake_clean_first': False, 'cmake_force_configure': False, 'cmake_target': None, 'cmake_target_skip_unavailable': False, 'install_base': '/home/derek-dietz/MSAI/ComputerVision/Final_Project/ws/interbotix/install', 'merge_install': True, 'path': '/home/derek-dietz/MSAI/ComputerVision/Final_Project/ws/interbotix/src/interbotix_ros_manipulators/interbotix_ros_xsarms/examples/interbotix_xsarm_joy', 'symlink_install': False, 'test_result_base': None}
[0.618s] Level 5:colcon.colcon_core.verb:set package 'interbotix_xsarm_puppet' build argument 'cmake_args' from command line to 'None'
[0.618s] Level 5:colcon.colcon_core.verb:set package 'interbotix_xsarm_puppet' build argument 'cmake_target' from command line to 'None'
[0.618s] Level 5:colcon.colcon_core.verb:set package 'interbotix_xsarm_puppet' build argument 'cmake_target_skip_unavailable' from command line to 'False'
[0.618s] Level 5:colcon.colcon_core.verb:set package 'interbotix_xsarm_puppet' build argument 'cmake_clean_cache' from command line to 'False'
[0.618s] Level 5:colcon.colcon_core.verb:set package 'interbotix_xsarm_puppet' build argument 'cmake_clean_first' from command line to 'False'
[0.618s] Level 5:colcon.colcon_core.verb:set package 'interbotix_xsarm_puppet' build argument 'cmake_force_configure' from command line to 'False'
[0.618s] Level 5:colcon.colcon_core.verb:set package 'interbotix_xsarm_puppet' build argument 'ament_cmake_args' from command line to 'None'
[0.618s] Level 5:colcon.colcon_core.verb:set package 'interbotix_xsarm_puppet' build argument 'catkin_cmake_args' from command line to 'None'
[0.618s] Level 5:colcon.colcon_core.verb:set package 'interbotix_xsarm_puppet' build argument 'catkin_skip_building_tests' from command line to 'False'
[0.618s] DEBUG:colcon.colcon_core.verb:Building package 'interbotix_xsarm_puppet' with the following arguments: {'ament_cmake_args': None, 'build_base': '/home/derek-dietz/MSAI/ComputerVision/Final_Project/ws/interbotix/build/interbotix_xsarm_puppet', 'catkin_cmake_args': None, 'catkin_skip_building_tests': False, 'cmake_args': None, 'cmake_clean_cache': False, 'cmake_clean_first': False, 'cmake_force_configure': False, 'cmake_target': None, 'cmake_target_skip_unavailable': False, 'install_base': '/home/derek-dietz/MSAI/ComputerVision/Final_Project/ws/interbotix/install', 'merge_install': True, 'path': '/home/derek-dietz/MSAI/ComputerVision/Final_Project/ws/interbotix/src/interbotix_ros_manipulators/interbotix_ros_xsarms/examples/interbotix_xsarm_puppet', 'symlink_install': False, 'test_result_base': None}
[0.618s] Level 5:colcon.colcon_core.verb:set package 'interbotix_xsarm_ros_control' build argument 'cmake_args' from command line to 'None'
[0.618s] Level 5:colcon.colcon_core.verb:set package 'interbotix_xsarm_ros_control' build argument 'cmake_target' from command line to 'None'
[0.618s] Level 5:colcon.colcon_core.verb:set package 'interbotix_xsarm_ros_control' build argument 'cmake_target_skip_unavailable' from command line to 'False'
[0.618s] Level 5:colcon.colcon_core.verb:set package 'interbotix_xsarm_ros_control' build argument 'cmake_clean_cache' from command line to 'False'
[0.618s] Level 5:colcon.colcon_core.verb:set package 'interbotix_xsarm_ros_control' build argument 'cmake_clean_first' from command line to 'False'
[0.618s] Level 5:colcon.colcon_core.verb:set package 'interbotix_xsarm_ros_control' build argument 'cmake_force_configure' from command line to 'False'
[0.618s] Level 5:colcon.colcon_core.verb:set package 'interbotix_xsarm_ros_control' build argument 'ament_cmake_args' from command line to 'None'
[0.618s] Level 5:colcon.colcon_core.verb:set package 'interbotix_xsarm_ros_control' build argument 'catkin_cmake_args' from command line to 'None'
[0.618s] Level 5:colcon.colcon_core.verb:set package 'interbotix_xsarm_ros_control' build argument 'catkin_skip_building_tests' from command line to 'False'
[0.618s] DEBUG:colcon.colcon_core.verb:Building package 'interbotix_xsarm_ros_control' with the following arguments: {'ament_cmake_args': None, 'build_base': '/home/derek-dietz/MSAI/ComputerVision/Final_Project/ws/interbotix/build/interbotix_xsarm_ros_control', 'catkin_cmake_args': None, 'catkin_skip_building_tests': False, 'cmake_args': None, 'cmake_clean_cache': False, 'cmake_clean_first': False, 'cmake_force_configure': False, 'cmake_target': None, 'cmake_target_skip_unavailable': False, 'install_base': '/home/derek-dietz/MSAI/ComputerVision/Final_Project/ws/interbotix/install', 'merge_install': True, 'path': '/home/derek-dietz/MSAI/ComputerVision/Final_Project/ws/interbotix/src/interbotix_ros_manipulators/interbotix_ros_xsarms/interbotix_xsarm_ros_control', 'symlink_install': False, 'test_result_base': None}
[0.619s] Level 5:colcon.colcon_core.verb:set package 'interbotix_xsarm_moveit' build argument 'cmake_args' from command line to 'None'
[0.619s] Level 5:colcon.colcon_core.verb:set package 'interbotix_xsarm_moveit' build argument 'cmake_target' from command line to 'None'
[0.619s] Level 5:colcon.colcon_core.verb:set package 'interbotix_xsarm_moveit' build argument 'cmake_target_skip_unavailable' from command line to 'False'
[0.619s] Level 5:colcon.colcon_core.verb:set package 'interbotix_xsarm_moveit' build argument 'cmake_clean_cache' from command line to 'False'
[0.619s] Level 5:colcon.colcon_core.verb:set package 'interbotix_xsarm_moveit' build argument 'cmake_clean_first' from command line to 'False'
[0.619s] Level 5:colcon.colcon_core.verb:set package 'interbotix_xsarm_moveit' build argument 'cmake_force_configure' from command line to 'False'
[0.619s] Level 5:colcon.colcon_core.verb:set package 'interbotix_xsarm_moveit' build argument 'ament_cmake_args' from command line to 'None'
[0.619s] Level 5:colcon.colcon_core.verb:set package 'interbotix_xsarm_moveit' build argument 'catkin_cmake_args' from command line to 'None'
[0.619s] Level 5:colcon.colcon_core.verb:set package 'interbotix_xsarm_moveit' build argument 'catkin_skip_building_tests' from command line to 'False'
[0.619s] DEBUG:colcon.colcon_core.verb:Building package 'interbotix_xsarm_moveit' with the following arguments: {'ament_cmake_args': None, 'build_base': '/home/derek-dietz/MSAI/ComputerVision/Final_Project/ws/interbotix/build/interbotix_xsarm_moveit', 'catkin_cmake_args': None, 'catkin_skip_building_tests': False, 'cmake_args': None, 'cmake_clean_cache': False, 'cmake_clean_first': False, 'cmake_force_configure': False, 'cmake_target': None, 'cmake_target_skip_unavailable': False, 'install_base': '/home/derek-dietz/MSAI/ComputerVision/Final_Project/ws/interbotix/install', 'merge_install': True, 'path': '/home/derek-dietz/MSAI/ComputerVision/Final_Project/ws/interbotix/src/interbotix_ros_manipulators/interbotix_ros_xsarms/interbotix_xsarm_moveit', 'symlink_install': False, 'test_result_base': None}
[0.619s] Level 5:colcon.colcon_core.verb:set package 'interbotix_ros_xsarms' build argument 'cmake_args' from command line to 'None'
[0.619s] Level 5:colcon.colcon_core.verb:set package 'interbotix_ros_xsarms' build argument 'cmake_target' from command line to 'None'
[0.619s] Level 5:colcon.colcon_core.verb:set package 'interbotix_ros_xsarms' build argument 'cmake_target_skip_unavailable' from command line to 'False'
[0.619s] Level 5:colcon.colcon_core.verb:set package 'interbotix_ros_xsarms' build argument 'cmake_clean_cache' from command line to 'False'
[0.619s] Level 5:colcon.colcon_core.verb:set package 'interbotix_ros_xsarms' build argument 'cmake_clean_first' from command line to 'False'
[0.619s] Level 5:colcon.colcon_core.verb:set package 'interbotix_ros_xsarms' build argument 'cmake_force_configure' from command line to 'False'
[0.619s] Level 5:colcon.colcon_core.verb:set package 'interbotix_ros_xsarms' build argument 'ament_cmake_args' from command line to 'None'
[0.619s] Level 5:colcon.colcon_core.verb:set package 'interbotix_ros_xsarms' build argument 'catkin_cmake_args' from command line to 'None'
[0.619s] Level 5:colcon.colcon_core.verb:set package 'interbotix_ros_xsarms' build argument 'catkin_skip_building_tests' from command line to 'False'
[0.619s] DEBUG:colcon.colcon_core.verb:Building package 'interbotix_ros_xsarms' with the following arguments: {'ament_cmake_args': None, 'build_base': '/home/derek-dietz/MSAI/ComputerVision/Final_Project/ws/interbotix/build/interbotix_ros_xsarms', 'catkin_cmake_args': None, 'catkin_skip_building_tests': False, 'cmake_args': None, 'cmake_clean_cache': False, 'cmake_clean_first': False, 'cmake_force_configure': False, 'cmake_target': None, 'cmake_target_skip_unavailable': False, 'install_base': '/home/derek-dietz/MSAI/ComputerVision/Final_Project/ws/interbotix/install', 'merge_install': True, 'path': '/home/derek-dietz/MSAI/ComputerVision/Final_Project/ws/interbotix/src/interbotix_ros_manipulators/interbotix_ros_xsarms/interbotix_ros_xsarms', 'symlink_install': False, 'test_result_base': None}
[0.619s] Level 5:colcon.colcon_core.verb:set package 'interbotix_xsarm_moveit_interface' build argument 'cmake_args' from command line to 'None'
[0.619s] Level 5:colcon.colcon_core.verb:set package 'interbotix_xsarm_moveit_interface' build argument 'cmake_target' from command line to 'None'
[0.619s] Level 5:colcon.colcon_core.verb:set package 'interbotix_xsarm_moveit_interface' build argument 'cmake_target_skip_unavailable' from command line to 'False'
[0.619s] Level 5:colcon.colcon_core.verb:set package 'interbotix_xsarm_moveit_interface' build argument 'cmake_clean_cache' from command line to 'False'
[0.619s] Level 5:colcon.colcon_core.verb:set package 'interbotix_xsarm_moveit_interface' build argument 'cmake_clean_first' from command line to 'False'
[0.619s] Level 5:colcon.colcon_core.verb:set package 'interbotix_xsarm_moveit_interface' build argument 'cmake_force_configure' from command line to 'False'
[0.619s] Level 5:colcon.colcon_core.verb:set package 'interbotix_xsarm_moveit_interface' build argument 'ament_cmake_args' from command line to 'None'
[0.619s] Level 5:colcon.colcon_core.verb:set package 'interbotix_xsarm_moveit_interface' build argument 'catkin_cmake_args' from command line to 'None'
[0.619s] Level 5:colcon.colcon_core.verb:set package 'interbotix_xsarm_moveit_interface' build argument 'catkin_skip_building_tests' from command line to 'False'
[0.619s] DEBUG:colcon.colcon_core.verb:Building package 'interbotix_xsarm_moveit_interface' with the following arguments: {'ament_cmake_args': None, 'build_base': '/home/derek-dietz/MSAI/ComputerVision/Final_Project/ws/interbotix/build/interbotix_xsarm_moveit_interface', 'catkin_cmake_args': None, 'catkin_skip_building_tests': False, 'cmake_args': None, 'cmake_clean_cache': False, 'cmake_clean_first': False, 'cmake_force_configure': False, 'cmake_target': None, 'cmake_target_skip_unavailable': False, 'install_base': '/home/derek-dietz/MSAI/ComputerVision/Final_Project/ws/interbotix/install', 'merge_install': True, 'path': '/home/derek-dietz/MSAI/ComputerVision/Final_Project/ws/interbotix/src/interbotix_ros_manipulators/interbotix_ros_xsarms/examples/interbotix_xsarm_moveit_interface', 'symlink_install': False, 'test_result_base': None}
[0.619s] Level 5:colcon.colcon_core.verb:set package 'interbotix_ros_xsarms_examples' build argument 'cmake_args' from command line to 'None'
[0.619s] Level 5:colcon.colcon_core.verb:set package 'interbotix_ros_xsarms_examples' build argument 'cmake_target' from command line to 'None'
[0.619s] Level 5:colcon.colcon_core.verb:set package 'interbotix_ros_xsarms_examples' build argument 'cmake_target_skip_unavailable' from command line to 'False'
[0.619s] Level 5:colcon.colcon_core.verb:set package 'interbotix_ros_xsarms_examples' build argument 'cmake_clean_cache' from command line to 'False'
[0.619s] Level 5:colcon.colcon_core.verb:set package 'interbotix_ros_xsarms_examples' build argument 'cmake_clean_first' from command line to 'False'
[0.619s] Level 5:colcon.colcon_core.verb:set package 'interbotix_ros_xsarms_examples' build argument 'cmake_force_configure' from command line to 'False'
[0.619s] Level 5:colcon.colcon_core.verb:set package 'interbotix_ros_xsarms_examples' build argument 'ament_cmake_args' from command line to 'None'
[0.619s] Level 5:colcon.colcon_core.verb:set package 'interbotix_ros_xsarms_examples' build argument 'catkin_cmake_args' from command line to 'None'
[0.619s] Level 5:colcon.colcon_core.verb:set package 'interbotix_ros_xsarms_examples' build argument 'catkin_skip_building_tests' from command line to 'False'
[0.619s] DEBUG:colcon.colcon_core.verb:Building package 'interbotix_ros_xsarms_examples' with the following arguments: {'ament_cmake_args': None, 'build_base': '/home/derek-dietz/MSAI/ComputerVision/Final_Project/ws/interbotix/build/interbotix_ros_xsarms_examples', 'catkin_cmake_args': None, 'catkin_skip_building_tests': False, 'cmake_args': None, 'cmake_clean_cache': False, 'cmake_clean_first': False, 'cmake_force_configure': False, 'cmake_target': None, 'cmake_target_skip_unavailable': False, 'install_base': '/home/derek-dietz/MSAI/ComputerVision/Final_Project/ws/interbotix/install', 'merge_install': True, 'path': '/home/derek-dietz/MSAI/ComputerVision/Final_Project/ws/interbotix/src/interbotix_ros_manipulators/interbotix_ros_xsarms/examples/interbotix_ros_xsarms_examples', 'symlink_install': False, 'test_result_base': None}
[0.619s] INFO:colcon.colcon_core.executor:Executing jobs using 'parallel' executor
[0.620s] DEBUG:colcon.colcon_parallel_executor.executor.parallel:run_until_complete
[0.621s] INFO:colcon.colcon_ros.task.ament_cmake.build:Building ROS package in '/home/derek-dietz/MSAI/ComputerVision/Final_Project/ws/interbotix/src/interbotix_ros_core/interbotix_ros_xseries/interbotix_xs_msgs' with build type 'ament_cmake'
[0.621s] INFO:colcon.colcon_cmake.task.cmake.build:Building CMake package in '/home/derek-dietz/MSAI/ComputerVision/Final_Project/ws/interbotix/src/interbotix_ros_core/interbotix_ros_xseries/interbotix_xs_msgs'
[0.623s] INFO:colcon.colcon_core.plugin_system:Skipping extension 'colcon_core.shell.bat': Not used on non-Windows systems
[0.623s] INFO:colcon.colcon_core.shell:Skip shell extension 'powershell' for command environment: Not usable outside of PowerShell
[0.623s] DEBUG:colcon.colcon_core.shell:Skip shell extension 'dsv' for command environment
[0.625s] INFO:colcon.colcon_ros.task.ament_cmake.build:Building ROS package in '/home/derek-dietz/MSAI/ComputerVision/Final_Project/ws/interbotix/src/interbotix_xs_driver' with build type 'ament_cmake'
[0.625s] INFO:colcon.colcon_cmake.task.cmake.build:Building CMake package in '/home/derek-dietz/MSAI/ComputerVision/Final_Project/ws/interbotix/src/interbotix_xs_driver'
[0.626s] INFO:colcon.colcon_core.shell:Skip shell extension 'powershell' for command environment: Not usable outside of PowerShell
[0.626s] DEBUG:colcon.colcon_core.shell:Skip shell extension 'dsv' for command environment
[0.628s] INFO:colcon.colcon_ros.task.ament_python.build:Building ROS package in '/home/derek-dietz/MSAI/ComputerVision/Final_Project/ws/interbotix/src/interbotix_ros_toolboxes/interbotix_common_toolbox/interbotix_common_modules' with build type 'ament_python'
[0.628s] Level 1:colcon.colcon_core.shell:create_environment_hook('interbotix_common_modules', 'ament_prefix_path')
[0.628s] INFO:colcon.colcon_core.shell:Creating environment hook '/home/derek-dietz/MSAI/ComputerVision/Final_Project/ws/interbotix/install/share/interbotix_common_modules/hook/ament_prefix_path.ps1'
[0.629s] INFO:colcon.colcon_core.shell:Creating environment descriptor '/home/derek-dietz/MSAI/ComputerVision/Final_Project/ws/interbotix/install/share/interbotix_common_modules/hook/ament_prefix_path.dsv'
[0.629s] INFO:colcon.colcon_core.shell:Creating environment hook '/home/derek-dietz/MSAI/ComputerVision/Final_Project/ws/interbotix/install/share/interbotix_common_modules/hook/ament_prefix_path.sh'
[0.629s] INFO:colcon.colcon_core.shell:Skip shell extension 'powershell' for command environment: Not usable outside of PowerShell
[0.629s] DEBUG:colcon.colcon_core.shell:Skip shell extension 'dsv' for command environment
[0.631s] INFO:colcon.colcon_ros.task.ament_cmake.build:Building ROS package in '/home/derek-dietz/MSAI/ComputerVision/Final_Project/ws/interbotix/src/interbotix_ros_toolboxes/interbotix_common_toolbox/interbotix_common_sim' with build type 'ament_cmake'
[0.631s] INFO:colcon.colcon_cmake.task.cmake.build:Building CMake package in '/home/derek-dietz/MSAI/ComputerVision/Final_Project/ws/interbotix/src/interbotix_ros_toolboxes/interbotix_common_toolbox/interbotix_common_sim'
[0.632s] INFO:colcon.colcon_core.shell:Skip shell extension 'powershell' for command environment: Not usable outside of PowerShell
[0.632s] DEBUG:colcon.colcon_core.shell:Skip shell extension 'dsv' for command environment
[0.634s] INFO:colcon.colcon_ros.task.ament_cmake.build:Building ROS package in '/home/derek-dietz/MSAI/ComputerVision/Final_Project/ws/interbotix/src/interbotix_ros_toolboxes/interbotix_common_toolbox/interbotix_moveit_interface_msgs' with build type 'ament_cmake'
[0.634s] INFO:colcon.colcon_cmake.task.cmake.build:Building CMake package in '/home/derek-dietz/MSAI/ComputerVision/Final_Project/ws/interbotix/src/interbotix_ros_toolboxes/interbotix_common_toolbox/interbotix_moveit_interface_msgs'
[0.634s] INFO:colcon.colcon_core.shell:Skip shell extension 'powershell' for command environment: Not usable outside of PowerShell
[0.634s] DEBUG:colcon.colcon_core.shell:Skip shell extension 'dsv' for command environment
[0.637s] INFO:colcon.colcon_core.task.python.build:Building Python package in '/home/derek-dietz/MSAI/ComputerVision/Final_Project/ws/interbotix/src/arm'
[0.637s] INFO:colcon.colcon_core.shell:Skip shell extension 'powershell' for command environment: Not usable outside of PowerShell
[0.637s] DEBUG:colcon.colcon_core.shell:Skip shell extension 'dsv' for command environment
[0.639s] INFO:colcon.colcon_ros.task.ament_cmake.build:Building ROS package in '/home/derek-dietz/MSAI/ComputerVision/Final_Project/ws/interbotix/src/interbotix_ros_toolboxes/interbotix_common_toolbox/interbotix_tf_tools' with build type 'ament_cmake'
[0.639s] INFO:colcon.colcon_cmake.task.cmake.build:Building CMake package in '/home/derek-dietz/MSAI/ComputerVision/Final_Project/ws/interbotix/src/interbotix_ros_toolboxes/interbotix_common_toolbox/interbotix_tf_tools'
[0.640s] INFO:colcon.colcon_core.shell:Skip shell extension 'powershell' for command environment: Not usable outside of PowerShell
[0.640s] DEBUG:colcon.colcon_core.shell:Skip shell extension 'dsv' for command environment
[0.642s] INFO:colcon.colcon_core.task.python.build:Building Python package in '/home/derek-dietz/MSAI/ComputerVision/Final_Project/ws/interbotix/src/ModernRobotics/packages/Python'
[0.642s] INFO:colcon.colcon_core.shell:Skip shell extension 'powershell' for command environment: Not usable outside of PowerShell
[0.642s] DEBUG:colcon.colcon_core.shell:Skip shell extension 'dsv' for command environment
[0.648s] DEBUG:colcon.colcon_core.event_handler.log_command:Invoking command in '/home/derek-dietz/MSAI/ComputerVision/Final_Project/ws/interbotix/build/interbotix_xs_msgs': CMAKE_PREFIX_PATH=${CMAKE_PREFIX_PATH}:/opt/ros/kilted DEBUGINFOD_URLS=https://debuginfod.ubuntu.com /usr/bin/cmake --build /home/derek-dietz/MSAI/ComputerVision/Final_Project/ws/interbotix/build/interbotix_xs_msgs -- -j22 -l22
[0.649s] DEBUG:colcon.colcon_core.event_handler.log_command:Invoking command in '/home/derek-dietz/MSAI/ComputerVision/Final_Project/ws/interbotix/build/interbotix_xs_driver': CMAKE_PREFIX_PATH=${CMAKE_PREFIX_PATH}:/opt/ros/kilted DEBUGINFOD_URLS=https://debuginfod.ubuntu.com /usr/bin/cmake --build /home/derek-dietz/MSAI/ComputerVision/Final_Project/ws/interbotix/build/interbotix_xs_driver -- -j22 -l22
[0.838s] INFO:colcon.colcon_core.task.python.build:Building Python package in '/home/derek-dietz/MSAI/ComputerVision/Final_Project/ws/interbotix/src/interbotix_ros_toolboxes/interbotix_common_toolbox/interbotix_common_modules'
[0.839s] INFO:colcon.colcon_core.shell:Skip shell extension 'powershell' for command environment: Not usable outside of PowerShell
[0.839s] DEBUG:colcon.colcon_core.shell:Skip shell extension 'dsv' for command environment
[0.846s] DEBUG:colcon.colcon_core.event_handler.log_command:Invoking command in '/home/derek-dietz/MSAI/ComputerVision/Final_Project/ws/interbotix/build/interbotix_common_sim': CMAKE_PREFIX_PATH=${CMAKE_PREFIX_PATH}:/opt/ros/kilted DEBUGINFOD_URLS=https://debuginfod.ubuntu.com /usr/bin/cmake --build /home/derek-dietz/MSAI/ComputerVision/Final_Project/ws/interbotix/build/interbotix_common_sim -- -j22 -l22
[0.847s] DEBUG:colcon.colcon_core.event_handler.log_command:Invoking command in '/home/derek-dietz/MSAI/ComputerVision/Final_Project/ws/interbotix/build/interbotix_moveit_interface_msgs': CMAKE_PREFIX_PATH=${CMAKE_PREFIX_PATH}:/opt/ros/kilted DEBUGINFOD_URLS=https://debuginfod.ubuntu.com /usr/bin/cmake --build /home/derek-dietz/MSAI/ComputerVision/Final_Project/ws/interbotix/build/interbotix_moveit_interface_msgs -- -j22 -l22
[1.027s] DEBUG:colcon.colcon_core.event_handler.log_command:Invoking command in '/home/derek-dietz/MSAI/ComputerVision/Final_Project/ws/interbotix/build/interbotix_tf_tools': CMAKE_PREFIX_PATH=${CMAKE_PREFIX_PATH}:/opt/ros/kilted DEBUGINFOD_URLS=https://debuginfod.ubuntu.com /usr/bin/cmake --build /home/derek-dietz/MSAI/ComputerVision/Final_Project/ws/interbotix/build/interbotix_tf_tools -- -j22 -l22
[1.033s] DEBUG:colcon.colcon_core.event_handler.log_command:Invoked command in '/home/derek-dietz/MSAI/ComputerVision/Final_Project/ws/interbotix/build/interbotix_xs_driver' returned '0': CMAKE_PREFIX_PATH=${CMAKE_PREFIX_PATH}:/opt/ros/kilted DEBUGINFOD_URLS=https://debuginfod.ubuntu.com /usr/bin/cmake --build /home/derek-dietz/MSAI/ComputerVision/Final_Project/ws/interbotix/build/interbotix_xs_driver -- -j22 -l22
[1.045s] DEBUG:colcon.colcon_core.event_handler.log_command:Invoking command in '/home/derek-dietz/MSAI/ComputerVision/Final_Project/ws/interbotix/build/interbotix_xs_driver': CMAKE_PREFIX_PATH=${CMAKE_PREFIX_PATH}:/opt/ros/kilted DEBUGINFOD_URLS=https://debuginfod.ubuntu.com /usr/bin/cmake --install /home/derek-dietz/MSAI/ComputerVision/Final_Project/ws/interbotix/build/interbotix_xs_driver
[1.046s] DEBUG:colcon.colcon_core.event_handler.log_command:Invoked command in '/home/derek-dietz/MSAI/ComputerVision/Final_Project/ws/interbotix/build/interbotix_common_sim' returned '0': CMAKE_PREFIX_PATH=${CMAKE_PREFIX_PATH}:/opt/ros/kilted DEBUGINFOD_URLS=https://debuginfod.ubuntu.com /usr/bin/cmake --build /home/derek-dietz/MSAI/ComputerVision/Final_Project/ws/interbotix/build/interbotix_common_sim -- -j22 -l22
[1.047s] DEBUG:colcon.colcon_core.event_handler.log_command:Invoking command in '/home/derek-dietz/MSAI/ComputerVision/Final_Project/ws/interbotix/build/interbotix_common_sim': CMAKE_PREFIX_PATH=${CMAKE_PREFIX_PATH}:/opt/ros/kilted DEBUGINFOD_URLS=https://debuginfod.ubuntu.com /usr/bin/cmake --install /home/derek-dietz/MSAI/ComputerVision/Final_Project/ws/interbotix/build/interbotix_common_sim
[1.242s] Level 1:colcon.colcon_core.environment:create_environment_scripts_only(interbotix_common_sim)
[1.242s] DEBUG:colcon.colcon_core.event_handler.log_command:Invoked command in '/home/derek-dietz/MSAI/ComputerVision/Final_Project/ws/interbotix/build/interbotix_common_sim' returned '0': CMAKE_PREFIX_PATH=${CMAKE_PREFIX_PATH}:/opt/ros/kilted DEBUGINFOD_URLS=https://debuginfod.ubuntu.com /usr/bin/cmake --install /home/derek-dietz/MSAI/ComputerVision/Final_Project/ws/interbotix/build/interbotix_common_sim
[1.244s] Level 1:colcon.colcon_core.environment:checking '/home/derek-dietz/MSAI/ComputerVision/Final_Project/ws/interbotix/install' for CMake module files
[1.245s] Level 1:colcon.colcon_core.environment:checking '/home/derek-dietz/MSAI/ComputerVision/Final_Project/ws/interbotix/install' for CMake config files
[1.246s] Level 1:colcon.colcon_core.shell:create_environment_hook('interbotix_common_sim', 'cmake_prefix_path')
[1.246s] INFO:colcon.colcon_core.shell:Creating environment hook '/home/derek-dietz/MSAI/ComputerVision/Final_Project/ws/interbotix/install/share/interbotix_common_sim/hook/cmake_prefix_path.ps1'
[1.247s] INFO:colcon.colcon_core.shell:Creating environment descriptor '/home/derek-dietz/MSAI/ComputerVision/Final_Project/ws/interbotix/install/share/interbotix_common_sim/hook/cmake_prefix_path.dsv'
[1.247s] INFO:colcon.colcon_core.shell:Creating environment hook '/home/derek-dietz/MSAI/ComputerVision/Final_Project/ws/interbotix/install/share/interbotix_common_sim/hook/cmake_prefix_path.sh'
[1.248s] Level 1:colcon.colcon_core.environment:checking '/home/derek-dietz/MSAI/ComputerVision/Final_Project/ws/interbotix/install/lib'
[1.248s] Level 1:colcon.colcon_core.shell:create_environment_hook('interbotix_common_sim', 'ld_library_path_lib')
[1.248s] INFO:colcon.colcon_core.shell:Creating environment hook '/home/derek-dietz/MSAI/ComputerVision/Final_Project/ws/interbotix/install/share/interbotix_common_sim/hook/ld_library_path_lib.ps1'
[1.249s] INFO:colcon.colcon_core.shell:Creating environment descriptor '/home/derek-dietz/MSAI/ComputerVision/Final_Project/ws/interbotix/install/share/interbotix_common_sim/hook/ld_library_path_lib.dsv'
[1.249s] INFO:colcon.colcon_core.shell:Creating environment hook '/home/derek-dietz/MSAI/ComputerVision/Final_Project/ws/interbotix/install/share/interbotix_common_sim/hook/ld_library_path_lib.sh'
[1.250s] Level 1:colcon.colcon_core.environment:checking '/home/derek-dietz/MSAI/ComputerVision/Final_Project/ws/interbotix/install/bin'
[1.250s] Level 1:colcon.colcon_core.environment:checking '/home/derek-dietz/MSAI/ComputerVision/Final_Project/ws/interbotix/install/lib/pkgconfig/interbotix_common_sim.pc'
[1.250s] Level 1:colcon.colcon_core.environment:checking '/home/derek-dietz/MSAI/ComputerVision/Final_Project/ws/interbotix/install/lib/python3.12/site-packages'
[1.250s] Level 1:colcon.colcon_core.shell:create_environment_hook('interbotix_common_sim', 'pythonpath')
[1.250s] INFO:colcon.colcon_core.shell:Creating environment hook '/home/derek-dietz/MSAI/ComputerVision/Final_Project/ws/interbotix/install/share/interbotix_common_sim/hook/pythonpath.ps1'
[1.251s] INFO:colcon.colcon_core.shell:Creating environment descriptor '/home/derek-dietz/MSAI/ComputerVision/Final_Project/ws/interbotix/install/share/interbotix_common_sim/hook/pythonpath.dsv'
[1.251s] INFO:colcon.colcon_core.shell:Creating environment hook '/home/derek-dietz/MSAI/ComputerVision/Final_Project/ws/interbotix/install/share/interbotix_common_sim/hook/pythonpath.sh'
[1.252s] Level 1:colcon.colcon_core.environment:checking '/home/derek-dietz/MSAI/ComputerVision/Final_Project/ws/interbotix/install/bin'
[1.252s] INFO:colcon.colcon_core.shell:Creating package script '/home/derek-dietz/MSAI/ComputerVision/Final_Project/ws/interbotix/install/share/interbotix_common_sim/package.ps1'
[1.253s] INFO:colcon.colcon_core.shell:Creating package descriptor '/home/derek-dietz/MSAI/ComputerVision/Final_Project/ws/interbotix/install/share/interbotix_common_sim/package.dsv'
[1.254s] INFO:colcon.colcon_core.shell:Creating package script '/home/derek-dietz/MSAI/ComputerVision/Final_Project/ws/interbotix/install/share/interbotix_common_sim/package.sh'
[1.255s] INFO:colcon.colcon_core.shell:Creating package script '/home/derek-dietz/MSAI/ComputerVision/Final_Project/ws/interbotix/install/share/interbotix_common_sim/package.bash'
[1.255s] INFO:colcon.colcon_core.shell:Creating package script '/home/derek-dietz/MSAI/ComputerVision/Final_Project/ws/interbotix/install/share/interbotix_common_sim/package.zsh'
[1.256s] Level 1:colcon.colcon_core.environment:create_file_with_runtime_dependencies(/home/derek-dietz/MSAI/ComputerVision/Final_Project/ws/interbotix/install/share/colcon-core/packages/interbotix_common_sim)
[1.256s] Level 1:colcon.colcon_core.environment:create_environment_scripts_only(interbotix_common_sim)
[1.257s] Level 1:colcon.colcon_core.environment:checking '/home/derek-dietz/MSAI/ComputerVision/Final_Project/ws/interbotix/install' for CMake module files
[1.257s] Level 1:colcon.colcon_core.environment:checking '/home/derek-dietz/MSAI/ComputerVision/Final_Project/ws/interbotix/install' for CMake config files
[1.258s] Level 1:colcon.colcon_core.shell:create_environment_hook('interbotix_common_sim', 'cmake_prefix_path')
[1.258s] INFO:colcon.colcon_core.shell:Creating environment hook '/home/derek-dietz/MSAI/ComputerVision/Final_Project/ws/interbotix/install/share/interbotix_common_sim/hook/cmake_prefix_path.ps1'
[1.259s] INFO:colcon.colcon_core.shell:Creating environment descriptor '/home/derek-dietz/MSAI/ComputerVision/Final_Project/ws/interbotix/install/share/interbotix_common_sim/hook/cmake_prefix_path.dsv'
[1.259s] INFO:colcon.colcon_core.shell:Creating environment hook '/home/derek-dietz/MSAI/ComputerVision/Final_Project/ws/interbotix/install/share/interbotix_common_sim/hook/cmake_prefix_path.sh'
[1.260s] Level 1:colcon.colcon_core.environment:checking '/home/derek-dietz/MSAI/ComputerVision/Final_Project/ws/interbotix/install/lib'
[1.260s] Level 1:colcon.colcon_core.shell:create_environment_hook('interbotix_common_sim', 'ld_library_path_lib')
[1.260s] INFO:colcon.colcon_core.shell:Creating environment hook '/home/derek-dietz/MSAI/ComputerVision/Final_Project/ws/interbotix/install/share/interbotix_common_sim/hook/ld_library_path_lib.ps1'
[1.260s] INFO:colcon.colcon_core.shell:Creating environment descriptor '/home/derek-dietz/MSAI/ComputerVision/Final_Project/ws/interbotix/install/share/interbotix_common_sim/hook/ld_library_path_lib.dsv'
[1.261s] INFO:colcon.colcon_core.shell:Creating environment hook '/home/derek-dietz/MSAI/ComputerVision/Final_Project/ws/interbotix/install/share/interbotix_common_sim/hook/ld_library_path_lib.sh'
[1.261s] Level 1:colcon.colcon_core.environment:checking '/home/derek-dietz/MSAI/ComputerVision/Final_Project/ws/interbotix/install/bin'
[1.261s] Level 1:colcon.colcon_core.environment:checking '/home/derek-dietz/MSAI/ComputerVision/Final_Project/ws/interbotix/install/lib/pkgconfig/interbotix_common_sim.pc'
[1.262s] Level 1:colcon.colcon_core.environment:checking '/home/derek-dietz/MSAI/ComputerVision/Final_Project/ws/interbotix/install/lib/python3.12/site-packages'
[1.262s] Level 1:colcon.colcon_core.shell:create_environment_hook('interbotix_common_sim', 'pythonpath')
[1.262s] INFO:colcon.colcon_core.shell:Creating environment hook '/home/derek-dietz/MSAI/ComputerVision/Final_Project/ws/interbotix/install/share/interbotix_common_sim/hook/pythonpath.ps1'
[1.262s] INFO:colcon.colcon_core.shell:Creating environment descriptor '/home/derek-dietz/MSAI/ComputerVision/Final_Project/ws/interbotix/install/share/interbotix_common_sim/hook/pythonpath.dsv'
[1.263s] INFO:colcon.colcon_core.shell:Creating environment hook '/home/derek-dietz/MSAI/ComputerVision/Final_Project/ws/interbotix/install/share/interbotix_common_sim/hook/pythonpath.sh'
[1.263s] Level 1:colcon.colcon_core.environment:checking '/home/derek-dietz/MSAI/ComputerVision/Final_Project/ws/interbotix/install/bin'
[1.264s] INFO:colcon.colcon_core.shell:Creating package script '/home/derek-dietz/MSAI/ComputerVision/Final_Project/ws/interbotix/install/share/interbotix_common_sim/package.ps1'
[1.264s] INFO:colcon.colcon_core.shell:Creating package descriptor '/home/derek-dietz/MSAI/ComputerVision/Final_Project/ws/interbotix/install/share/interbotix_common_sim/package.dsv'
[1.265s] INFO:colcon.colcon_core.shell:Creating package script '/home/derek-dietz/MSAI/ComputerVision/Final_Project/ws/interbotix/install/share/interbotix_common_sim/package.sh'
[1.265s] INFO:colcon.colcon_core.shell:Creating package script '/home/derek-dietz/MSAI/ComputerVision/Final_Project/ws/interbotix/install/share/interbotix_common_sim/package.bash'
[1.265s] INFO:colcon.colcon_core.shell:Creating package script '/home/derek-dietz/MSAI/ComputerVision/Final_Project/ws/interbotix/install/share/interbotix_common_sim/package.zsh'
[1.265s] Level 1:colcon.colcon_core.environment:create_file_with_runtime_dependencies(/home/derek-dietz/MSAI/ComputerVision/Final_Project/ws/interbotix/install/share/colcon-core/packages/interbotix_common_sim)
[1.266s] Level 1:colcon.colcon_core.environment:create_environment_scripts_only(interbotix_xs_driver)
[1.266s] Level 1:colcon.colcon_core.environment:checking '/home/derek-dietz/MSAI/ComputerVision/Final_Project/ws/interbotix/install' for CMake module files
[1.267s] Level 1:colcon.colcon_core.environment:checking '/home/derek-dietz/MSAI/ComputerVision/Final_Project/ws/interbotix/install' for CMake config files
[1.267s] DEBUG:colcon.colcon_core.event_handler.log_command:Invoked command in '/home/derek-dietz/MSAI/ComputerVision/Final_Project/ws/interbotix/build/interbotix_xs_driver' returned '0': CMAKE_PREFIX_PATH=${CMAKE_PREFIX_PATH}:/opt/ros/kilted DEBUGINFOD_URLS=https://debuginfod.ubuntu.com /usr/bin/cmake --install /home/derek-dietz/MSAI/ComputerVision/Final_Project/ws/interbotix/build/interbotix_xs_driver
[1.267s] Level 1:colcon.colcon_core.shell:create_environment_hook('interbotix_xs_driver', 'cmake_prefix_path')
[1.267s] INFO:colcon.colcon_core.shell:Creating environment hook '/home/derek-dietz/MSAI/ComputerVision/Final_Project/ws/interbotix/install/share/interbotix_xs_driver/hook/cmake_prefix_path.ps1'
[1.268s] INFO:colcon.colcon_core.shell:Creating environment descriptor '/home/derek-dietz/MSAI/ComputerVision/Final_Project/ws/interbotix/install/share/interbotix_xs_driver/hook/cmake_prefix_path.dsv'
[1.268s] INFO:colcon.colcon_core.shell:Creating environment hook '/home/derek-dietz/MSAI/ComputerVision/Final_Project/ws/interbotix/install/share/interbotix_xs_driver/hook/cmake_prefix_path.sh'
[1.268s] Level 1:colcon.colcon_core.environment:checking '/home/derek-dietz/MSAI/ComputerVision/Final_Project/ws/interbotix/install/lib'
[1.268s] Level 1:colcon.colcon_core.shell:create_environment_hook('interbotix_xs_driver', 'ld_library_path_lib')
[1.269s] INFO:colcon.colcon_core.shell:Creating environment hook '/home/derek-dietz/MSAI/ComputerVision/Final_Project/ws/interbotix/install/share/interbotix_xs_driver/hook/ld_library_path_lib.ps1'
[1.269s] INFO:colcon.colcon_core.shell:Creating environment descriptor '/home/derek-dietz/MSAI/ComputerVision/Final_Project/ws/interbotix/install/share/interbotix_xs_driver/hook/ld_library_path_lib.dsv'
[1.269s] INFO:colcon.colcon_core.shell:Creating environment hook '/home/derek-dietz/MSAI/ComputerVision/Final_Project/ws/interbotix/install/share/interbotix_xs_driver/hook/ld_library_path_lib.sh'
[1.269s] Level 1:colcon.colcon_core.environment:checking '/home/derek-dietz/MSAI/ComputerVision/Final_Project/ws/interbotix/install/bin'
[1.269s] Level 1:colcon.colcon_core.environment:checking '/home/derek-dietz/MSAI/ComputerVision/Final_Project/ws/interbotix/install/lib/pkgconfig/interbotix_xs_driver.pc'
[1.269s] Level 1:colcon.colcon_core.environment:checking '/home/derek-dietz/MSAI/ComputerVision/Final_Project/ws/interbotix/install/lib/python3.12/site-packages'
[1.269s] Level 1:colcon.colcon_core.shell:create_environment_hook('interbotix_xs_driver', 'pythonpath')
[1.270s] INFO:colcon.colcon_core.shell:Creating environment hook '/home/derek-dietz/MSAI/ComputerVision/Final_Project/ws/interbotix/install/share/interbotix_xs_driver/hook/pythonpath.ps1'
[1.270s] INFO:colcon.colcon_core.shell:Creating environment descriptor '/home/derek-dietz/MSAI/ComputerVision/Final_Project/ws/interbotix/install/share/interbotix_xs_driver/hook/pythonpath.dsv'
[1.270s] INFO:colcon.colcon_core.shell:Creating environment hook '/home/derek-dietz/MSAI/ComputerVision/Final_Project/ws/interbotix/install/share/interbotix_xs_driver/hook/pythonpath.sh'
[1.270s] Level 1:colcon.colcon_core.environment:checking '/home/derek-dietz/MSAI/ComputerVision/Final_Project/ws/interbotix/install/bin'
[1.270s] INFO:colcon.colcon_core.shell:Creating package script '/home/derek-dietz/MSAI/ComputerVision/Final_Project/ws/interbotix/install/share/interbotix_xs_driver/package.ps1'
[1.271s] INFO:colcon.colcon_core.shell:Creating package descriptor '/home/derek-dietz/MSAI/ComputerVision/Final_Project/ws/interbotix/install/share/interbotix_xs_driver/package.dsv'
[1.271s] INFO:colcon.colcon_core.shell:Creating package script '/home/derek-dietz/MSAI/ComputerVision/Final_Project/ws/interbotix/install/share/interbotix_xs_driver/package.sh'
[1.271s] INFO:colcon.colcon_core.shell:Creating package script '/home/derek-dietz/MSAI/ComputerVision/Final_Project/ws/interbotix/install/share/interbotix_xs_driver/package.bash'
[1.271s] INFO:colcon.colcon_core.shell:Creating package script '/home/derek-dietz/MSAI/ComputerVision/Final_Project/ws/interbotix/install/share/interbotix_xs_driver/package.zsh'
[1.272s] Level 1:colcon.colcon_core.environment:create_file_with_runtime_dependencies(/home/derek-dietz/MSAI/ComputerVision/Final_Project/ws/interbotix/install/share/colcon-core/packages/interbotix_xs_driver)
[1.272s] Level 1:colcon.colcon_core.environment:create_environment_scripts_only(interbotix_xs_driver)
[1.272s] Level 1:colcon.colcon_core.environment:checking '/home/derek-dietz/MSAI/ComputerVision/Final_Project/ws/interbotix/install' for CMake module files
[1.272s] Level 1:colcon.colcon_core.environment:checking '/home/derek-dietz/MSAI/ComputerVision/Final_Project/ws/interbotix/install' for CMake config files
[1.273s] Level 1:colcon.colcon_core.shell:create_environment_hook('interbotix_xs_driver', 'cmake_prefix_path')
[1.273s] INFO:colcon.colcon_core.shell:Creating environment hook '/home/derek-dietz/MSAI/ComputerVision/Final_Project/ws/interbotix/install/share/interbotix_xs_driver/hook/cmake_prefix_path.ps1'
[1.273s] INFO:colcon.colcon_core.shell:Creating environment descriptor '/home/derek-dietz/MSAI/ComputerVision/Final_Project/ws/interbotix/install/share/interbotix_xs_driver/hook/cmake_prefix_path.dsv'
[1.273s] INFO:colcon.colcon_core.shell:Creating environment hook '/home/derek-dietz/MSAI/ComputerVision/Final_Project/ws/interbotix/install/share/interbotix_xs_driver/hook/cmake_prefix_path.sh'
[1.273s] Level 1:colcon.colcon_core.environment:checking '/home/derek-dietz/MSAI/ComputerVision/Final_Project/ws/interbotix/install/lib'
[1.273s] Level 1:colcon.colcon_core.shell:create_environment_hook('interbotix_xs_driver', 'ld_library_path_lib')
[1.274s] INFO:colcon.colcon_core.shell:Creating environment hook '/home/derek-dietz/MSAI/ComputerVision/Final_Project/ws/interbotix/install/share/interbotix_xs_driver/hook/ld_library_path_lib.ps1'
[1.274s] INFO:colcon.colcon_core.shell:Creating environment descriptor '/home/derek-dietz/MSAI/ComputerVision/Final_Project/ws/interbotix/install/share/interbotix_xs_driver/hook/ld_library_path_lib.dsv'
[1.274s] INFO:colcon.colcon_core.shell:Creating environment hook '/home/derek-dietz/MSAI/ComputerVision/Final_Project/ws/interbotix/install/share/interbotix_xs_driver/hook/ld_library_path_lib.sh'
[1.274s] Level 1:colcon.colcon_core.environment:checking '/home/derek-dietz/MSAI/ComputerVision/Final_Project/ws/interbotix/install/bin'
[1.274s] Level 1:colcon.colcon_core.environment:checking '/home/derek-dietz/MSAI/ComputerVision/Final_Project/ws/interbotix/install/lib/pkgconfig/interbotix_xs_driver.pc'
[1.274s] Level 1:colcon.colcon_core.environment:checking '/home/derek-dietz/MSAI/ComputerVision/Final_Project/ws/interbotix/install/lib/python3.12/site-packages'
[1.274s] Level 1:colcon.colcon_core.shell:create_environment_hook('interbotix_xs_driver', 'pythonpath')
[1.274s] INFO:colcon.colcon_core.shell:Creating environment hook '/home/derek-dietz/MSAI/ComputerVision/Final_Project/ws/interbotix/install/share/interbotix_xs_driver/hook/pythonpath.ps1'
[1.275s] INFO:colcon.colcon_core.shell:Creating environment descriptor '/home/derek-dietz/MSAI/ComputerVision/Final_Project/ws/interbotix/install/share/interbotix_xs_driver/hook/pythonpath.dsv'
[1.275s] INFO:colcon.colcon_core.shell:Creating environment hook '/home/derek-dietz/MSAI/ComputerVision/Final_Project/ws/interbotix/install/share/interbotix_xs_driver/hook/pythonpath.sh'
[1.275s] Level 1:colcon.colcon_core.environment:checking '/home/derek-dietz/MSAI/ComputerVision/Final_Project/ws/interbotix/install/bin'
[1.275s] INFO:colcon.colcon_core.shell:Creating package script '/home/derek-dietz/MSAI/ComputerVision/Final_Project/ws/interbotix/install/share/interbotix_xs_driver/package.ps1'
[1.276s] INFO:colcon.colcon_core.shell:Creating package descriptor '/home/derek-dietz/MSAI/ComputerVision/Final_Project/ws/interbotix/install/share/interbotix_xs_driver/package.dsv'
[1.276s] INFO:colcon.colcon_core.shell:Creating package script '/home/derek-dietz/MSAI/ComputerVision/Final_Project/ws/interbotix/install/share/interbotix_xs_driver/package.sh'
[1.276s] INFO:colcon.colcon_core.shell:Creating package script '/home/derek-dietz/MSAI/ComputerVision/Final_Project/ws/interbotix/install/share/interbotix_xs_driver/package.bash'
[1.276s] INFO:colcon.colcon_core.shell:Creating package script '/home/derek-dietz/MSAI/ComputerVision/Final_Project/ws/interbotix/install/share/interbotix_xs_driver/package.zsh'
[1.276s] Level 1:colcon.colcon_core.environment:create_file_with_runtime_dependencies(/home/derek-dietz/MSAI/ComputerVision/Final_Project/ws/interbotix/install/share/colcon-core/packages/interbotix_xs_driver)
[1.278s] DEBUG:colcon.colcon_core.event_handler.log_command:Invoked command in '/home/derek-dietz/MSAI/ComputerVision/Final_Project/ws/interbotix/build/interbotix_tf_tools' returned '0': CMAKE_PREFIX_PATH=${CMAKE_PREFIX_PATH}:/opt/ros/kilted DEBUGINFOD_URLS=https://debuginfod.ubuntu.com /usr/bin/cmake --build /home/derek-dietz/MSAI/ComputerVision/Final_Project/ws/interbotix/build/interbotix_tf_tools -- -j22 -l22
[1.278s] DEBUG:colcon.colcon_core.event_handler.log_command:Invoking command in '/home/derek-dietz/MSAI/ComputerVision/Final_Project/ws/interbotix/build/interbotix_tf_tools': CMAKE_PREFIX_PATH=${CMAKE_PREFIX_PATH}:/opt/ros/kilted DEBUGINFOD_URLS=https://debuginfod.ubuntu.com /usr/bin/cmake --install /home/derek-dietz/MSAI/ComputerVision/Final_Project/ws/interbotix/build/interbotix_tf_tools
[1.278s] DEBUG:colcon.colcon_core.event_handler.log_command:Invoked command in '/home/derek-dietz/MSAI/ComputerVision/Final_Project/ws/interbotix/build/interbotix_xs_msgs' returned '0': CMAKE_PREFIX_PATH=${CMAKE_PREFIX_PATH}:/opt/ros/kilted DEBUGINFOD_URLS=https://debuginfod.ubuntu.com /usr/bin/cmake --build /home/derek-dietz/MSAI/ComputerVision/Final_Project/ws/interbotix/build/interbotix_xs_msgs -- -j22 -l22
[1.280s] DEBUG:colcon.colcon_core.event_handler.log_command:Invoking command in '/home/derek-dietz/MSAI/ComputerVision/Final_Project/ws/interbotix/build/interbotix_xs_msgs': CMAKE_PREFIX_PATH=${CMAKE_PREFIX_PATH}:/opt/ros/kilted DEBUGINFOD_URLS=https://debuginfod.ubuntu.com /usr/bin/cmake --install /home/derek-dietz/MSAI/ComputerVision/Final_Project/ws/interbotix/build/interbotix_xs_msgs
[1.281s] DEBUG:colcon.colcon_core.event_handler.log_command:Invoked command in '/home/derek-dietz/MSAI/ComputerVision/Final_Project/ws/interbotix/build/interbotix_moveit_interface_msgs' returned '0': CMAKE_PREFIX_PATH=${CMAKE_PREFIX_PATH}:/opt/ros/kilted DEBUGINFOD_URLS=https://debuginfod.ubuntu.com /usr/bin/cmake --build /home/derek-dietz/MSAI/ComputerVision/Final_Project/ws/interbotix/build/interbotix_moveit_interface_msgs -- -j22 -l22
[1.283s] DEBUG:colcon.colcon_core.event_handler.log_command:Invoking command in '/home/derek-dietz/MSAI/ComputerVision/Final_Project/ws/interbotix/build/interbotix_moveit_interface_msgs': CMAKE_PREFIX_PATH=${CMAKE_PREFIX_PATH}:/opt/ros/kilted DEBUGINFOD_URLS=https://debuginfod.ubuntu.com /usr/bin/cmake --install /home/derek-dietz/MSAI/ComputerVision/Final_Project/ws/interbotix/build/interbotix_moveit_interface_msgs
[1.296s] Level 1:colcon.colcon_core.environment:create_environment_scripts_only(interbotix_tf_tools)
[1.297s] Level 1:colcon.colcon_core.environment:checking '/home/derek-dietz/MSAI/ComputerVision/Final_Project/ws/interbotix/install' for CMake module files
[1.308s] DEBUG:colcon.colcon_core.event_handler.log_command:Invoked command in '/home/derek-dietz/MSAI/ComputerVision/Final_Project/ws/interbotix/build/interbotix_tf_tools' returned '0': CMAKE_PREFIX_PATH=${CMAKE_PREFIX_PATH}:/opt/ros/kilted DEBUGINFOD_URLS=https://debuginfod.ubuntu.com /usr/bin/cmake --install /home/derek-dietz/MSAI/ComputerVision/Final_Project/ws/interbotix/build/interbotix_tf_tools
[1.311s] Level 1:colcon.colcon_core.environment:checking '/home/derek-dietz/MSAI/ComputerVision/Final_Project/ws/interbotix/install' for CMake config files
[1.313s] Level 1:colcon.colcon_core.shell:create_environment_hook('interbotix_tf_tools', 'cmake_prefix_path')
[1.313s] INFO:colcon.colcon_core.shell:Creating environment hook '/home/derek-dietz/MSAI/ComputerVision/Final_Project/ws/interbotix/install/share/interbotix_tf_tools/hook/cmake_prefix_path.ps1'
[1.313s] INFO:colcon.colcon_core.shell:Creating environment descriptor '/home/derek-dietz/MSAI/ComputerVision/Final_Project/ws/interbotix/install/share/interbotix_tf_tools/hook/cmake_prefix_path.dsv'
[1.314s] INFO:colcon.colcon_core.shell:Creating environment hook '/home/derek-dietz/MSAI/ComputerVision/Final_Project/ws/interbotix/install/share/interbotix_tf_tools/hook/cmake_prefix_path.sh'
[1.315s] Level 1:colcon.colcon_core.environment:checking '/home/derek-dietz/MSAI/ComputerVision/Final_Project/ws/interbotix/install/lib'
[1.315s] Level 1:colcon.colcon_core.shell:create_environment_hook('interbotix_tf_tools', 'ld_library_path_lib')
[1.315s] INFO:colcon.colcon_core.shell:Creating environment hook '/home/derek-dietz/MSAI/ComputerVision/Final_Project/ws/interbotix/install/share/interbotix_tf_tools/hook/ld_library_path_lib.ps1'
[1.316s] INFO:colcon.colcon_core.shell:Creating environment descriptor '/home/derek-dietz/MSAI/ComputerVision/Final_Project/ws/interbotix/install/share/interbotix_tf_tools/hook/ld_library_path_lib.dsv'
[1.316s] INFO:colcon.colcon_core.shell:Creating environment hook '/home/derek-dietz/MSAI/ComputerVision/Final_Project/ws/interbotix/install/share/interbotix_tf_tools/hook/ld_library_path_lib.sh'
[1.317s] Level 1:colcon.colcon_core.environment:checking '/home/derek-dietz/MSAI/ComputerVision/Final_Project/ws/interbotix/install/bin'
[1.317s] Level 1:colcon.colcon_core.environment:checking '/home/derek-dietz/MSAI/ComputerVision/Final_Project/ws/interbotix/install/lib/pkgconfig/interbotix_tf_tools.pc'
[1.317s] Level 1:colcon.colcon_core.environment:checking '/home/derek-dietz/MSAI/ComputerVision/Final_Project/ws/interbotix/install/lib/python3.12/site-packages'
[1.317s] Level 1:colcon.colcon_core.shell:create_environment_hook('interbotix_tf_tools', 'pythonpath')
[1.317s] INFO:colcon.colcon_core.shell:Creating environment hook '/home/derek-dietz/MSAI/ComputerVision/Final_Project/ws/interbotix/install/share/interbotix_tf_tools/hook/pythonpath.ps1'
[1.318s] INFO:colcon.colcon_core.shell:Creating environment descriptor '/home/derek-dietz/MSAI/ComputerVision/Final_Project/ws/interbotix/install/share/interbotix_tf_tools/hook/pythonpath.dsv'
[1.318s] INFO:colcon.colcon_core.shell:Creating environment hook '/home/derek-dietz/MSAI/ComputerVision/Final_Project/ws/interbotix/install/share/interbotix_tf_tools/hook/pythonpath.sh'
[1.319s] Level 1:colcon.colcon_core.environment:checking '/home/derek-dietz/MSAI/ComputerVision/Final_Project/ws/interbotix/install/bin'
[1.320s] INFO:colcon.colcon_core.shell:Creating package script '/home/derek-dietz/MSAI/ComputerVision/Final_Project/ws/interbotix/install/share/interbotix_tf_tools/package.ps1'
[1.320s] INFO:colcon.colcon_core.shell:Creating package descriptor '/home/derek-dietz/MSAI/ComputerVision/Final_Project/ws/interbotix/install/share/interbotix_tf_tools/package.dsv'
[1.321s] INFO:colcon.colcon_core.shell:Creating package script '/home/derek-dietz/MSAI/ComputerVision/Final_Project/ws/interbotix/install/share/interbotix_tf_tools/package.sh'
[1.322s] INFO:colcon.colcon_core.shell:Creating package script '/home/derek-dietz/MSAI/ComputerVision/Final_Project/ws/interbotix/install/share/interbotix_tf_tools/package.bash'
[1.322s] INFO:colcon.colcon_core.shell:Creating package script '/home/derek-dietz/MSAI/ComputerVision/Final_Project/ws/interbotix/install/share/interbotix_tf_tools/package.zsh'
[1.323s] Level 1:colcon.colcon_core.environment:create_file_with_runtime_dependencies(/home/derek-dietz/MSAI/ComputerVision/Final_Project/ws/interbotix/install/share/colcon-core/packages/interbotix_tf_tools)
[1.324s] Level 1:colcon.colcon_core.environment:create_environment_scripts_only(interbotix_tf_tools)
[1.324s] Level 1:colcon.colcon_core.environment:checking '/home/derek-dietz/MSAI/ComputerVision/Final_Project/ws/interbotix/install' for CMake module files
[1.324s] Level 1:colcon.colcon_core.environment:checking '/home/derek-dietz/MSAI/ComputerVision/Final_Project/ws/interbotix/install' for CMake config files
[1.325s] Level 1:colcon.colcon_core.shell:create_environment_hook('interbotix_tf_tools', 'cmake_prefix_path')
[1.325s] INFO:colcon.colcon_core.shell:Creating environment hook '/home/derek-dietz/MSAI/ComputerVision/Final_Project/ws/interbotix/install/share/interbotix_tf_tools/hook/cmake_prefix_path.ps1'
[1.326s] INFO:colcon.colcon_core.shell:Creating environment descriptor '/home/derek-dietz/MSAI/ComputerVision/Final_Project/ws/interbotix/install/share/interbotix_tf_tools/hook/cmake_prefix_path.dsv'
[1.326s] INFO:colcon.colcon_core.shell:Creating environment hook '/home/derek-dietz/MSAI/ComputerVision/Final_Project/ws/interbotix/install/share/interbotix_tf_tools/hook/cmake_prefix_path.sh'
[1.327s] Level 1:colcon.colcon_core.environment:checking '/home/derek-dietz/MSAI/ComputerVision/Final_Project/ws/interbotix/install/lib'
[1.329s] Level 1:colcon.colcon_core.shell:create_environment_hook('interbotix_tf_tools', 'ld_library_path_lib')
[1.330s] INFO:colcon.colcon_core.shell:Creating environment hook '/home/derek-dietz/MSAI/ComputerVision/Final_Project/ws/interbotix/install/share/interbotix_tf_tools/hook/ld_library_path_lib.ps1'
[1.331s] INFO:colcon.colcon_core.shell:Creating environment descriptor '/home/derek-dietz/MSAI/ComputerVision/Final_Project/ws/interbotix/install/share/interbotix_tf_tools/hook/ld_library_path_lib.dsv'
[1.331s] INFO:colcon.colcon_core.shell:Creating environment hook '/home/derek-dietz/MSAI/ComputerVision/Final_Project/ws/interbotix/install/share/interbotix_tf_tools/hook/ld_library_path_lib.sh'
[1.332s] Level 1:colcon.colcon_core.environment:checking '/home/derek-dietz/MSAI/ComputerVision/Final_Project/ws/interbotix/install/bin'
[1.332s] Level 1:colcon.colcon_core.environment:checking '/home/derek-dietz/MSAI/ComputerVision/Final_Project/ws/interbotix/install/lib/pkgconfig/interbotix_tf_tools.pc'
[1.332s] Level 1:colcon.colcon_core.environment:checking '/home/derek-dietz/MSAI/ComputerVision/Final_Project/ws/interbotix/install/lib/python3.12/site-packages'
[1.332s] Level 1:colcon.colcon_core.shell:create_environment_hook('interbotix_tf_tools', 'pythonpath')
[1.332s] INFO:colcon.colcon_core.shell:Creating environment hook '/home/derek-dietz/MSAI/ComputerVision/Final_Project/ws/interbotix/install/share/interbotix_tf_tools/hook/pythonpath.ps1'
[1.332s] INFO:colcon.colcon_core.shell:Creating environment descriptor '/home/derek-dietz/MSAI/ComputerVision/Final_Project/ws/interbotix/install/share/interbotix_tf_tools/hook/pythonpath.dsv'
[1.333s] INFO:colcon.colcon_core.shell:Creating environment hook '/home/derek-dietz/MSAI/ComputerVision/Final_Project/ws/interbotix/install/share/interbotix_tf_tools/hook/pythonpath.sh'
[1.333s] Level 1:colcon.colcon_core.environment:checking '/home/derek-dietz/MSAI/ComputerVision/Final_Project/ws/interbotix/install/bin'
[1.333s] INFO:colcon.colcon_core.shell:Creating package script '/home/derek-dietz/MSAI/ComputerVision/Final_Project/ws/interbotix/install/share/interbotix_tf_tools/package.ps1'
[1.334s] INFO:colcon.colcon_core.shell:Creating package descriptor '/home/derek-dietz/MSAI/ComputerVision/Final_Project/ws/interbotix/install/share/interbotix_tf_tools/package.dsv'
[1.334s] INFO:colcon.colcon_core.shell:Creating package script '/home/derek-dietz/MSAI/ComputerVision/Final_Project/ws/interbotix/install/share/interbotix_tf_tools/package.sh'
[1.335s] INFO:colcon.colcon_core.shell:Creating package script '/home/derek-dietz/MSAI/ComputerVision/Final_Project/ws/interbotix/install/share/interbotix_tf_tools/package.bash'
[1.336s] INFO:colcon.colcon_core.shell:Creating package script '/home/derek-dietz/MSAI/ComputerVision/Final_Project/ws/interbotix/install/share/interbotix_tf_tools/package.zsh'
[1.337s] Level 1:colcon.colcon_core.environment:create_file_with_runtime_dependencies(/home/derek-dietz/MSAI/ComputerVision/Final_Project/ws/interbotix/install/share/colcon-core/packages/interbotix_tf_tools)
[1.338s] Level 1:colcon.colcon_core.environment:create_environment_scripts_only(interbotix_xs_msgs)
[1.338s] DEBUG:colcon.colcon_core.event_handler.log_command:Invoked command in '/home/derek-dietz/MSAI/ComputerVision/Final_Project/ws/interbotix/build/interbotix_xs_msgs' returned '0': CMAKE_PREFIX_PATH=${CMAKE_PREFIX_PATH}:/opt/ros/kilted DEBUGINFOD_URLS=https://debuginfod.ubuntu.com /usr/bin/cmake --install /home/derek-dietz/MSAI/ComputerVision/Final_Project/ws/interbotix/build/interbotix_xs_msgs
[1.338s] Level 1:colcon.colcon_core.environment:checking '/home/derek-dietz/MSAI/ComputerVision/Final_Project/ws/interbotix/install' for CMake module files
[1.339s] Level 1:colcon.colcon_core.environment:checking '/home/derek-dietz/MSAI/ComputerVision/Final_Project/ws/interbotix/install' for CMake config files
[1.340s] Level 1:colcon.colcon_core.shell:create_environment_hook('interbotix_xs_msgs', 'cmake_prefix_path')
[1.340s] INFO:colcon.colcon_core.shell:Creating environment hook '/home/derek-dietz/MSAI/ComputerVision/Final_Project/ws/interbotix/install/share/interbotix_xs_msgs/hook/cmake_prefix_path.ps1'
[1.340s] INFO:colcon.colcon_core.shell:Creating environment descriptor '/home/derek-dietz/MSAI/ComputerVision/Final_Project/ws/interbotix/install/share/interbotix_xs_msgs/hook/cmake_prefix_path.dsv'
[1.341s] INFO:colcon.colcon_core.shell:Creating environment hook '/home/derek-dietz/MSAI/ComputerVision/Final_Project/ws/interbotix/install/share/interbotix_xs_msgs/hook/cmake_prefix_path.sh'
[1.341s] Level 1:colcon.colcon_core.environment:checking '/home/derek-dietz/MSAI/ComputerVision/Final_Project/ws/interbotix/install/lib'
[1.341s] Level 1:colcon.colcon_core.shell:create_environment_hook('interbotix_xs_msgs', 'ld_library_path_lib')
[1.341s] INFO:colcon.colcon_core.shell:Creating environment hook '/home/derek-dietz/MSAI/ComputerVision/Final_Project/ws/interbotix/install/share/interbotix_xs_msgs/hook/ld_library_path_lib.ps1'
[1.342s] INFO:colcon.colcon_core.shell:Creating environment descriptor '/home/derek-dietz/MSAI/ComputerVision/Final_Project/ws/interbotix/install/share/interbotix_xs_msgs/hook/ld_library_path_lib.dsv'
[1.342s] INFO:colcon.colcon_core.shell:Creating environment hook '/home/derek-dietz/MSAI/ComputerVision/Final_Project/ws/interbotix/install/share/interbotix_xs_msgs/hook/ld_library_path_lib.sh'
[1.342s] Level 1:colcon.colcon_core.environment:checking '/home/derek-dietz/MSAI/ComputerVision/Final_Project/ws/interbotix/install/bin'
[1.343s] Level 1:colcon.colcon_core.environment:checking '/home/derek-dietz/MSAI/ComputerVision/Final_Project/ws/interbotix/install/lib/pkgconfig/interbotix_xs_msgs.pc'
[1.343s] Level 1:colcon.colcon_core.environment:checking '/home/derek-dietz/MSAI/ComputerVision/Final_Project/ws/interbotix/install/lib/python3.12/site-packages'
[1.343s] Level 1:colcon.colcon_core.shell:create_environment_hook('interbotix_xs_msgs', 'pythonpath')
[1.343s] INFO:colcon.colcon_core.shell:Creating environment hook '/home/derek-dietz/MSAI/ComputerVision/Final_Project/ws/interbotix/install/share/interbotix_xs_msgs/hook/pythonpath.ps1'
[1.343s] INFO:colcon.colcon_core.shell:Creating environment descriptor '/home/derek-dietz/MSAI/ComputerVision/Final_Project/ws/interbotix/install/share/interbotix_xs_msgs/hook/pythonpath.dsv'
[1.344s] INFO:colcon.colcon_core.shell:Creating environment hook '/home/derek-dietz/MSAI/ComputerVision/Final_Project/ws/interbotix/install/share/interbotix_xs_msgs/hook/pythonpath.sh'
[1.344s] Level 1:colcon.colcon_core.environment:checking '/home/derek-dietz/MSAI/ComputerVision/Final_Project/ws/interbotix/install/bin'
[1.345s] INFO:colcon.colcon_core.shell:Creating package script '/home/derek-dietz/MSAI/ComputerVision/Final_Project/ws/interbotix/install/share/interbotix_xs_msgs/package.ps1'
[1.345s] INFO:colcon.colcon_core.shell:Creating package descriptor '/home/derek-dietz/MSAI/ComputerVision/Final_Project/ws/interbotix/install/share/interbotix_xs_msgs/package.dsv'
[1.346s] INFO:colcon.colcon_core.shell:Creating package script '/home/derek-dietz/MSAI/ComputerVision/Final_Project/ws/interbotix/install/share/interbotix_xs_msgs/package.sh'
[1.346s] INFO:colcon.colcon_core.shell:Creating package script '/home/derek-dietz/MSAI/ComputerVision/Final_Project/ws/interbotix/install/share/interbotix_xs_msgs/package.bash'
[1.346s] INFO:colcon.colcon_core.shell:Creating package script '/home/derek-dietz/MSAI/ComputerVision/Final_Project/ws/interbotix/install/share/interbotix_xs_msgs/package.zsh'
[1.347s] Level 1:colcon.colcon_core.environment:create_file_with_runtime_dependencies(/home/derek-dietz/MSAI/ComputerVision/Final_Project/ws/interbotix/install/share/colcon-core/packages/interbotix_xs_msgs)
[1.347s] Level 1:colcon.colcon_core.environment:create_environment_scripts_only(interbotix_xs_msgs)
[1.347s] Level 1:colcon.colcon_core.environment:checking '/home/derek-dietz/MSAI/ComputerVision/Final_Project/ws/interbotix/install' for CMake module files
[1.348s] Level 1:colcon.colcon_core.environment:checking '/home/derek-dietz/MSAI/ComputerVision/Final_Project/ws/interbotix/install' for CMake config files
[1.349s] Level 1:colcon.colcon_core.shell:create_environment_hook('interbotix_xs_msgs', 'cmake_prefix_path')
[1.349s] INFO:colcon.colcon_core.shell:Creating environment hook '/home/derek-dietz/MSAI/ComputerVision/Final_Project/ws/interbotix/install/share/interbotix_xs_msgs/hook/cmake_prefix_path.ps1'
[1.349s] INFO:colcon.colcon_core.shell:Creating environment descriptor '/home/derek-dietz/MSAI/ComputerVision/Final_Project/ws/interbotix/install/share/interbotix_xs_msgs/hook/cmake_prefix_path.dsv'
[1.350s] INFO:colcon.colcon_core.shell:Creating environment hook '/home/derek-dietz/MSAI/ComputerVision/Final_Project/ws/interbotix/install/share/interbotix_xs_msgs/hook/cmake_prefix_path.sh'
[1.350s] Level 1:colcon.colcon_core.environment:checking '/home/derek-dietz/MSAI/ComputerVision/Final_Project/ws/interbotix/install/lib'
[1.350s] Level 1:colcon.colcon_core.shell:create_environment_hook('interbotix_xs_msgs', 'ld_library_path_lib')
[1.351s] INFO:colcon.colcon_core.shell:Creating environment hook '/home/derek-dietz/MSAI/ComputerVision/Final_Project/ws/interbotix/install/share/interbotix_xs_msgs/hook/ld_library_path_lib.ps1'
[1.351s] INFO:colcon.colcon_core.shell:Creating environment descriptor '/home/derek-dietz/MSAI/ComputerVision/Final_Project/ws/interbotix/install/share/interbotix_xs_msgs/hook/ld_library_path_lib.dsv'
[1.351s] INFO:colcon.colcon_core.shell:Creating environment hook '/home/derek-dietz/MSAI/ComputerVision/Final_Project/ws/interbotix/install/share/interbotix_xs_msgs/hook/ld_library_path_lib.sh'
[1.352s] Level 1:colcon.colcon_core.environment:checking '/home/derek-dietz/MSAI/ComputerVision/Final_Project/ws/interbotix/install/bin'
[1.352s] Level 1:colcon.colcon_core.environment:checking '/home/derek-dietz/MSAI/ComputerVision/Final_Project/ws/interbotix/install/lib/pkgconfig/interbotix_xs_msgs.pc'
[1.352s] Level 1:colcon.colcon_core.environment:checking '/home/derek-dietz/MSAI/ComputerVision/Final_Project/ws/interbotix/install/lib/python3.12/site-packages'
[1.352s] Level 1:colcon.colcon_core.shell:create_environment_hook('interbotix_xs_msgs', 'pythonpath')
[1.352s] INFO:colcon.colcon_core.shell:Creating environment hook '/home/derek-dietz/MSAI/ComputerVision/Final_Project/ws/interbotix/install/share/interbotix_xs_msgs/hook/pythonpath.ps1'
[1.353s] INFO:colcon.colcon_core.shell:Creating environment descriptor '/home/derek-dietz/MSAI/ComputerVision/Final_Project/ws/interbotix/install/share/interbotix_xs_msgs/hook/pythonpath.dsv'
[1.353s] INFO:colcon.colcon_core.shell:Creating environment hook '/home/derek-dietz/MSAI/ComputerVision/Final_Project/ws/interbotix/install/share/interbotix_xs_msgs/hook/pythonpath.sh'
[1.354s] Level 1:colcon.colcon_core.environment:checking '/home/derek-dietz/MSAI/ComputerVision/Final_Project/ws/interbotix/install/bin'
[1.354s] INFO:colcon.colcon_core.shell:Creating package script '/home/derek-dietz/MSAI/ComputerVision/Final_Project/ws/interbotix/install/share/interbotix_xs_msgs/package.ps1'
[1.354s] INFO:colcon.colcon_core.shell:Creating package descriptor '/home/derek-dietz/MSAI/ComputerVision/Final_Project/ws/interbotix/install/share/interbotix_xs_msgs/package.dsv'
[1.355s] INFO:colcon.colcon_core.shell:Creating package script '/home/derek-dietz/MSAI/ComputerVision/Final_Project/ws/interbotix/install/share/interbotix_xs_msgs/package.sh'
[1.355s] INFO:colcon.colcon_core.shell:Creating package script '/home/derek-dietz/MSAI/ComputerVision/Final_Project/ws/interbotix/install/share/interbotix_xs_msgs/package.bash'
[1.356s] INFO:colcon.colcon_core.shell:Creating package script '/home/derek-dietz/MSAI/ComputerVision/Final_Project/ws/interbotix/install/share/interbotix_xs_msgs/package.zsh'
[1.356s] Level 1:colcon.colcon_core.environment:create_file_with_runtime_dependencies(/home/derek-dietz/MSAI/ComputerVision/Final_Project/ws/interbotix/install/share/colcon-core/packages/interbotix_xs_msgs)
[1.357s] INFO:colcon.colcon_ros.task.ament_cmake.build:Building ROS package in '/home/derek-dietz/MSAI/ComputerVision/Final_Project/ws/interbotix/src/interbotix_ros_core/interbotix_ros_xseries/interbotix_xs_sdk' with build type 'ament_cmake'
[1.357s] INFO:colcon.colcon_cmake.task.cmake.build:Building CMake package in '/home/derek-dietz/MSAI/ComputerVision/Final_Project/ws/interbotix/src/interbotix_ros_core/interbotix_ros_xseries/interbotix_xs_sdk'
[1.357s] INFO:colcon.colcon_core.shell:Skip shell extension 'powershell' for command environment: Not usable outside of PowerShell
[1.357s] DEBUG:colcon.colcon_core.shell:Skip shell extension 'dsv' for command environment
[1.362s] INFO:colcon.colcon_ros.task.ament_cmake.build:Building ROS package in '/home/derek-dietz/MSAI/ComputerVision/Final_Project/ws/interbotix/src/interbotix_ros_toolboxes/interbotix_xs_toolbox/interbotix_xs_ros_control' with build type 'ament_cmake'
[1.362s] INFO:colcon.colcon_cmake.task.cmake.build:Building CMake package in '/home/derek-dietz/MSAI/ComputerVision/Final_Project/ws/interbotix/src/interbotix_ros_toolboxes/interbotix_xs_toolbox/interbotix_xs_ros_control'
[1.362s] INFO:colcon.colcon_core.shell:Skip shell extension 'powershell' for command environment: Not usable outside of PowerShell
[1.362s] DEBUG:colcon.colcon_core.shell:Skip shell extension 'dsv' for command environment
[1.367s] Level 1:colcon.colcon_core.environment:create_environment_scripts_only(interbotix_moveit_interface_msgs)
[1.367s] Level 1:colcon.colcon_core.environment:checking '/home/derek-dietz/MSAI/ComputerVision/Final_Project/ws/interbotix/install' for CMake module files
[1.368s] DEBUG:colcon.colcon_core.event_handler.log_command:Invoked command in '/home/derek-dietz/MSAI/ComputerVision/Final_Project/ws/interbotix/build/interbotix_moveit_interface_msgs' returned '0': CMAKE_PREFIX_PATH=${CMAKE_PREFIX_PATH}:/opt/ros/kilted DEBUGINFOD_URLS=https://debuginfod.ubuntu.com /usr/bin/cmake --install /home/derek-dietz/MSAI/ComputerVision/Final_Project/ws/interbotix/build/interbotix_moveit_interface_msgs
[1.368s] Level 1:colcon.colcon_core.environment:checking '/home/derek-dietz/MSAI/ComputerVision/Final_Project/ws/interbotix/install' for CMake config files
[1.370s] Level 1:colcon.colcon_core.shell:create_environment_hook('interbotix_moveit_interface_msgs', 'cmake_prefix_path')
[1.370s] INFO:colcon.colcon_core.shell:Creating environment hook '/home/derek-dietz/MSAI/ComputerVision/Final_Project/ws/interbotix/install/share/interbotix_moveit_interface_msgs/hook/cmake_prefix_path.ps1'
[1.370s] INFO:colcon.colcon_core.shell:Creating environment descriptor '/home/derek-dietz/MSAI/ComputerVision/Final_Project/ws/interbotix/install/share/interbotix_moveit_interface_msgs/hook/cmake_prefix_path.dsv'
[1.371s] INFO:colcon.colcon_core.shell:Creating environment hook '/home/derek-dietz/MSAI/ComputerVision/Final_Project/ws/interbotix/install/share/interbotix_moveit_interface_msgs/hook/cmake_prefix_path.sh'
[1.371s] Level 1:colcon.colcon_core.environment:checking '/home/derek-dietz/MSAI/ComputerVision/Final_Project/ws/interbotix/install/lib'
[1.371s] Level 1:colcon.colcon_core.shell:create_environment_hook('interbotix_moveit_interface_msgs', 'ld_library_path_lib')
[1.372s] INFO:colcon.colcon_core.shell:Creating environment hook '/home/derek-dietz/MSAI/ComputerVision/Final_Project/ws/interbotix/install/share/interbotix_moveit_interface_msgs/hook/ld_library_path_lib.ps1'
[1.372s] INFO:colcon.colcon_core.shell:Creating environment descriptor '/home/derek-dietz/MSAI/ComputerVision/Final_Project/ws/interbotix/install/share/interbotix_moveit_interface_msgs/hook/ld_library_path_lib.dsv'
[1.372s] INFO:colcon.colcon_core.shell:Creating environment hook '/home/derek-dietz/MSAI/ComputerVision/Final_Project/ws/interbotix/install/share/interbotix_moveit_interface_msgs/hook/ld_library_path_lib.sh'
[1.373s] Level 1:colcon.colcon_core.environment:checking '/home/derek-dietz/MSAI/ComputerVision/Final_Project/ws/interbotix/install/bin'
[1.373s] Level 1:colcon.colcon_core.environment:checking '/home/derek-dietz/MSAI/ComputerVision/Final_Project/ws/interbotix/install/lib/pkgconfig/interbotix_moveit_interface_msgs.pc'
[1.373s] Level 1:colcon.colcon_core.environment:checking '/home/derek-dietz/MSAI/ComputerVision/Final_Project/ws/interbotix/install/lib/python3.12/site-packages'
[1.374s] Level 1:colcon.colcon_core.shell:create_environment_hook('interbotix_moveit_interface_msgs', 'pythonpath')
[1.374s] INFO:colcon.colcon_core.shell:Creating environment hook '/home/derek-dietz/MSAI/ComputerVision/Final_Project/ws/interbotix/install/share/interbotix_moveit_interface_msgs/hook/pythonpath.ps1'
[1.374s] INFO:colcon.colcon_core.shell:Creating environment descriptor '/home/derek-dietz/MSAI/ComputerVision/Final_Project/ws/interbotix/install/share/interbotix_moveit_interface_msgs/hook/pythonpath.dsv'
[1.375s] INFO:colcon.colcon_core.shell:Creating environment hook '/home/derek-dietz/MSAI/ComputerVision/Final_Project/ws/interbotix/install/share/interbotix_moveit_interface_msgs/hook/pythonpath.sh'
[1.376s] Level 1:colcon.colcon_core.environment:checking '/home/derek-dietz/MSAI/ComputerVision/Final_Project/ws/interbotix/install/bin'
[1.376s] INFO:colcon.colcon_core.shell:Creating package script '/home/derek-dietz/MSAI/ComputerVision/Final_Project/ws/interbotix/install/share/interbotix_moveit_interface_msgs/package.ps1'
[1.377s] INFO:colcon.colcon_core.shell:Creating package descriptor '/home/derek-dietz/MSAI/ComputerVision/Final_Project/ws/interbotix/install/share/interbotix_moveit_interface_msgs/package.dsv'
[1.377s] INFO:colcon.colcon_core.shell:Creating package script '/home/derek-dietz/MSAI/ComputerVision/Final_Project/ws/interbotix/install/share/interbotix_moveit_interface_msgs/package.sh'
[1.378s] INFO:colcon.colcon_core.shell:Creating package script '/home/derek-dietz/MSAI/ComputerVision/Final_Project/ws/interbotix/install/share/interbotix_moveit_interface_msgs/package.bash'
[1.378s] INFO:colcon.colcon_core.shell:Creating package script '/home/derek-dietz/MSAI/ComputerVision/Final_Project/ws/interbotix/install/share/interbotix_moveit_interface_msgs/package.zsh'
[1.379s] Level 1:colcon.colcon_core.environment:create_file_with_runtime_dependencies(/home/derek-dietz/MSAI/ComputerVision/Final_Project/ws/interbotix/install/share/colcon-core/packages/interbotix_moveit_interface_msgs)
[1.379s] Level 1:colcon.colcon_core.environment:create_environment_scripts_only(interbotix_moveit_interface_msgs)
[1.379s] Level 1:colcon.colcon_core.environment:checking '/home/derek-dietz/MSAI/ComputerVision/Final_Project/ws/interbotix/install' for CMake module files
[1.380s] Level 1:colcon.colcon_core.environment:checking '/home/derek-dietz/MSAI/ComputerVision/Final_Project/ws/interbotix/install' for CMake config files
[1.381s] Level 1:colcon.colcon_core.shell:create_environment_hook('interbotix_moveit_interface_msgs', 'cmake_prefix_path')
[1.381s] INFO:colcon.colcon_core.shell:Creating environment hook '/home/derek-dietz/MSAI/ComputerVision/Final_Project/ws/interbotix/install/share/interbotix_moveit_interface_msgs/hook/cmake_prefix_path.ps1'
[1.382s] INFO:colcon.colcon_core.shell:Creating environment descriptor '/home/derek-dietz/MSAI/ComputerVision/Final_Project/ws/interbotix/install/share/interbotix_moveit_interface_msgs/hook/cmake_prefix_path.dsv'
[1.382s] INFO:colcon.colcon_core.shell:Creating environment hook '/home/derek-dietz/MSAI/ComputerVision/Final_Project/ws/interbotix/install/share/interbotix_moveit_interface_msgs/hook/cmake_prefix_path.sh'
[1.382s] Level 1:colcon.colcon_core.environment:checking '/home/derek-dietz/MSAI/ComputerVision/Final_Project/ws/interbotix/install/lib'
[1.382s] Level 1:colcon.colcon_core.shell:create_environment_hook('interbotix_moveit_interface_msgs', 'ld_library_path_lib')
[1.383s] INFO:colcon.colcon_core.shell:Creating environment hook '/home/derek-dietz/MSAI/ComputerVision/Final_Project/ws/interbotix/install/share/interbotix_moveit_interface_msgs/hook/ld_library_path_lib.ps1'
[1.383s] INFO:colcon.colcon_core.shell:Creating environment descriptor '/home/derek-dietz/MSAI/ComputerVision/Final_Project/ws/interbotix/install/share/interbotix_moveit_interface_msgs/hook/ld_library_path_lib.dsv'
[1.383s] INFO:colcon.colcon_core.shell:Creating environment hook '/home/derek-dietz/MSAI/ComputerVision/Final_Project/ws/interbotix/install/share/interbotix_moveit_interface_msgs/hook/ld_library_path_lib.sh'
[1.384s] Level 1:colcon.colcon_core.environment:checking '/home/derek-dietz/MSAI/ComputerVision/Final_Project/ws/interbotix/install/bin'
[1.384s] Level 1:colcon.colcon_core.environment:checking '/home/derek-dietz/MSAI/ComputerVision/Final_Project/ws/interbotix/install/lib/pkgconfig/interbotix_moveit_interface_msgs.pc'
[1.384s] Level 1:colcon.colcon_core.environment:checking '/home/derek-dietz/MSAI/ComputerVision/Final_Project/ws/interbotix/install/lib/python3.12/site-packages'
[1.384s] Level 1:colcon.colcon_core.shell:create_environment_hook('interbotix_moveit_interface_msgs', 'pythonpath')
[1.384s] INFO:colcon.colcon_core.shell:Creating environment hook '/home/derek-dietz/MSAI/ComputerVision/Final_Project/ws/interbotix/install/share/interbotix_moveit_interface_msgs/hook/pythonpath.ps1'
[1.385s] INFO:colcon.colcon_core.shell:Creating environment descriptor '/home/derek-dietz/MSAI/ComputerVision/Final_Project/ws/interbotix/install/share/interbotix_moveit_interface_msgs/hook/pythonpath.dsv'
[1.385s] INFO:colcon.colcon_core.shell:Creating environment hook '/home/derek-dietz/MSAI/ComputerVision/Final_Project/ws/interbotix/install/share/interbotix_moveit_interface_msgs/hook/pythonpath.sh'
[1.386s] Level 1:colcon.colcon_core.environment:checking '/home/derek-dietz/MSAI/ComputerVision/Final_Project/ws/interbotix/install/bin'
[1.386s] INFO:colcon.colcon_core.shell:Creating package script '/home/derek-dietz/MSAI/ComputerVision/Final_Project/ws/interbotix/install/share/interbotix_moveit_interface_msgs/package.ps1'
[1.386s] INFO:colcon.colcon_core.shell:Creating package descriptor '/home/derek-dietz/MSAI/ComputerVision/Final_Project/ws/interbotix/install/share/interbotix_moveit_interface_msgs/package.dsv'
[1.387s] INFO:colcon.colcon_core.shell:Creating package script '/home/derek-dietz/MSAI/ComputerVision/Final_Project/ws/interbotix/install/share/interbotix_moveit_interface_msgs/package.sh'
[1.387s] INFO:colcon.colcon_core.shell:Creating package script '/home/derek-dietz/MSAI/ComputerVision/Final_Project/ws/interbotix/install/share/interbotix_moveit_interface_msgs/package.bash'
[1.388s] INFO:colcon.colcon_core.shell:Creating package script '/home/derek-dietz/MSAI/ComputerVision/Final_Project/ws/interbotix/install/share/interbotix_moveit_interface_msgs/package.zsh'
[1.388s] Level 1:colcon.colcon_core.environment:create_file_with_runtime_dependencies(/home/derek-dietz/MSAI/ComputerVision/Final_Project/ws/interbotix/install/share/colcon-core/packages/interbotix_moveit_interface_msgs)
[1.389s] INFO:colcon.colcon_ros.task.ament_cmake.build:Building ROS package in '/home/derek-dietz/MSAI/ComputerVision/Final_Project/ws/interbotix/src/interbotix_ros_toolboxes/interbotix_common_toolbox/interbotix_moveit_interface' with build type 'ament_cmake'
[1.389s] INFO:colcon.colcon_cmake.task.cmake.build:Building CMake package in '/home/derek-dietz/MSAI/ComputerVision/Final_Project/ws/interbotix/src/interbotix_ros_toolboxes/interbotix_common_toolbox/interbotix_moveit_interface'
[1.389s] INFO:colcon.colcon_core.shell:Skip shell extension 'powershell' for command environment: Not usable outside of PowerShell
[1.389s] DEBUG:colcon.colcon_core.shell:Skip shell extension 'dsv' for command environment
[1.396s] DEBUG:colcon.colcon_core.event_handler.log_command:Invoking command in '/home/derek-dietz/MSAI/ComputerVision/Final_Project/ws/interbotix/build/interbotix_xs_sdk': CMAKE_PREFIX_PATH=${CMAKE_PREFIX_PATH}:/opt/ros/kilted DEBUGINFOD_URLS=https://debuginfod.ubuntu.com PYTHONPATH=/home/derek-dietz/MSAI/ComputerVision/Final_Project/ws/interbotix/install/lib/python3.12/site-packages:/home/derek-dietz/MSAI/ComputerVision/Final_Project/ros_ws/build/arm:/home/derek-dietz/MSAI/ComputerVision/Final_Project/ros_ws/install/arm/lib/python3.12/site-packages:/opt/ros/kilted/lib/python3.12/site-packages /usr/bin/cmake --build /home/derek-dietz/MSAI/ComputerVision/Final_Project/ws/interbotix/build/interbotix_xs_sdk -- -j22 -l22
[1.399s] DEBUG:colcon.colcon_core.event_handler.log_command:Invoking command in '/home/derek-dietz/MSAI/ComputerVision/Final_Project/ws/interbotix/build/interbotix_xs_ros_control': CMAKE_PREFIX_PATH=${CMAKE_PREFIX_PATH}:/opt/ros/kilted DEBUGINFOD_URLS=https://debuginfod.ubuntu.com PYTHONPATH=/home/derek-dietz/MSAI/ComputerVision/Final_Project/ws/interbotix/install/lib/python3.12/site-packages:/home/derek-dietz/MSAI/ComputerVision/Final_Project/ros_ws/build/arm:/home/derek-dietz/MSAI/ComputerVision/Final_Project/ros_ws/install/arm/lib/python3.12/site-packages:/opt/ros/kilted/lib/python3.12/site-packages /usr/bin/cmake --build /home/derek-dietz/MSAI/ComputerVision/Final_Project/ws/interbotix/build/interbotix_xs_ros_control -- -j22 -l22
[1.402s] DEBUG:colcon.colcon_core.event_handler.log_command:Invoking command in '/home/derek-dietz/MSAI/ComputerVision/Final_Project/ws/interbotix/build/interbotix_moveit_interface': CMAKE_PREFIX_PATH=${CMAKE_PREFIX_PATH}:/opt/ros/kilted DEBUGINFOD_URLS=https://debuginfod.ubuntu.com PYTHONPATH=/home/derek-dietz/MSAI/ComputerVision/Final_Project/ws/interbotix/install/lib/python3.12/site-packages:/home/derek-dietz/MSAI/ComputerVision/Final_Project/ros_ws/build/arm:/home/derek-dietz/MSAI/ComputerVision/Final_Project/ros_ws/install/arm/lib/python3.12/site-packages:/opt/ros/kilted/lib/python3.12/site-packages /usr/bin/cmake --build /home/derek-dietz/MSAI/ComputerVision/Final_Project/ws/interbotix/build/interbotix_moveit_interface -- -j22 -l22
[1.474s] DEBUG:colcon.colcon_core.event_handler.log_command:Invoked command in '/home/derek-dietz/MSAI/ComputerVision/Final_Project/ws/interbotix/build/interbotix_xs_sdk' returned '0': CMAKE_PREFIX_PATH=${CMAKE_PREFIX_PATH}:/opt/ros/kilted DEBUGINFOD_URLS=https://debuginfod.ubuntu.com PYTHONPATH=/home/derek-dietz/MSAI/ComputerVision/Final_Project/ws/interbotix/install/lib/python3.12/site-packages:/home/derek-dietz/MSAI/ComputerVision/Final_Project/ros_ws/build/arm:/home/derek-dietz/MSAI/ComputerVision/Final_Project/ros_ws/install/arm/lib/python3.12/site-packages:/opt/ros/kilted/lib/python3.12/site-packages /usr/bin/cmake --build /home/derek-dietz/MSAI/ComputerVision/Final_Project/ws/interbotix/build/interbotix_xs_sdk -- -j22 -l22
[1.475s] DEBUG:colcon.colcon_core.event_handler.log_command:Invoking command in '/home/derek-dietz/MSAI/ComputerVision/Final_Project/ws/interbotix/build/interbotix_xs_sdk': CMAKE_PREFIX_PATH=${CMAKE_PREFIX_PATH}:/opt/ros/kilted DEBUGINFOD_URLS=https://debuginfod.ubuntu.com PYTHONPATH=/home/derek-dietz/MSAI/ComputerVision/Final_Project/ws/interbotix/install/lib/python3.12/site-packages:/home/derek-dietz/MSAI/ComputerVision/Final_Project/ros_ws/build/arm:/home/derek-dietz/MSAI/ComputerVision/Final_Project/ros_ws/install/arm/lib/python3.12/site-packages:/opt/ros/kilted/lib/python3.12/site-packages /usr/bin/cmake --install /home/derek-dietz/MSAI/ComputerVision/Final_Project/ws/interbotix/build/interbotix_xs_sdk
[1.476s] DEBUG:colcon.colcon_core.event_handler.log_command:Invoked command in '/home/derek-dietz/MSAI/ComputerVision/Final_Project/ws/interbotix/build/interbotix_xs_ros_control' returned '0': CMAKE_PREFIX_PATH=${CMAKE_PREFIX_PATH}:/opt/ros/kilted DEBUGINFOD_URLS=https://debuginfod.ubuntu.com PYTHONPATH=/home/derek-dietz/MSAI/ComputerVision/Final_Project/ws/interbotix/install/lib/python3.12/site-packages:/home/derek-dietz/MSAI/ComputerVision/Final_Project/ros_ws/build/arm:/home/derek-dietz/MSAI/ComputerVision/Final_Project/ros_ws/install/arm/lib/python3.12/site-packages:/opt/ros/kilted/lib/python3.12/site-packages /usr/bin/cmake --build /home/derek-dietz/MSAI/ComputerVision/Final_Project/ws/interbotix/build/interbotix_xs_ros_control -- -j22 -l22
[1.478s] DEBUG:colcon.colcon_core.event_handler.log_command:Invoking command in '/home/derek-dietz/MSAI/ComputerVision/Final_Project/ws/interbotix/build/interbotix_xs_ros_control': CMAKE_PREFIX_PATH=${CMAKE_PREFIX_PATH}:/opt/ros/kilted DEBUGINFOD_URLS=https://debuginfod.ubuntu.com PYTHONPATH=/home/derek-dietz/MSAI/ComputerVision/Final_Project/ws/interbotix/install/lib/python3.12/site-packages:/home/derek-dietz/MSAI/ComputerVision/Final_Project/ros_ws/build/arm:/home/derek-dietz/MSAI/ComputerVision/Final_Project/ros_ws/install/arm/lib/python3.12/site-packages:/opt/ros/kilted/lib/python3.12/site-packages /usr/bin/cmake --install /home/derek-dietz/MSAI/ComputerVision/Final_Project/ws/interbotix/build/interbotix_xs_ros_control
[1.490s] Level 1:colcon.colcon_core.environment:create_environment_scripts_only(interbotix_xs_sdk)
[1.491s] DEBUG:colcon.colcon_core.event_handler.log_command:Invoked command in '/home/derek-dietz/MSAI/ComputerVision/Final_Project/ws/interbotix/build/interbotix_xs_sdk' returned '0': CMAKE_PREFIX_PATH=${CMAKE_PREFIX_PATH}:/opt/ros/kilted DEBUGINFOD_URLS=https://debuginfod.ubuntu.com PYTHONPATH=/home/derek-dietz/MSAI/ComputerVision/Final_Project/ws/interbotix/install/lib/python3.12/site-packages:/home/derek-dietz/MSAI/ComputerVision/Final_Project/ros_ws/build/arm:/home/derek-dietz/MSAI/ComputerVision/Final_Project/ros_ws/install/arm/lib/python3.12/site-packages:/opt/ros/kilted/lib/python3.12/site-packages /usr/bin/cmake --install /home/derek-dietz/MSAI/ComputerVision/Final_Project/ws/interbotix/build/interbotix_xs_sdk
[1.491s] Level 1:colcon.colcon_core.environment:checking '/home/derek-dietz/MSAI/ComputerVision/Final_Project/ws/interbotix/install' for CMake module files
[1.492s] Level 1:colcon.colcon_core.environment:checking '/home/derek-dietz/MSAI/ComputerVision/Final_Project/ws/interbotix/install' for CMake config files
[1.493s] Level 1:colcon.colcon_core.shell:create_environment_hook('interbotix_xs_sdk', 'cmake_prefix_path')
[1.493s] INFO:colcon.colcon_core.shell:Creating environment hook '/home/derek-dietz/MSAI/ComputerVision/Final_Project/ws/interbotix/install/share/interbotix_xs_sdk/hook/cmake_prefix_path.ps1'
[1.494s] INFO:colcon.colcon_core.shell:Creating environment descriptor '/home/derek-dietz/MSAI/ComputerVision/Final_Project/ws/interbotix/install/share/interbotix_xs_sdk/hook/cmake_prefix_path.dsv'
[1.495s] INFO:colcon.colcon_core.shell:Creating environment hook '/home/derek-dietz/MSAI/ComputerVision/Final_Project/ws/interbotix/install/share/interbotix_xs_sdk/hook/cmake_prefix_path.sh'
[1.495s] Level 1:colcon.colcon_core.environment:checking '/home/derek-dietz/MSAI/ComputerVision/Final_Project/ws/interbotix/install/lib'
[1.495s] Level 1:colcon.colcon_core.shell:create_environment_hook('interbotix_xs_sdk', 'ld_library_path_lib')
[1.496s] INFO:colcon.colcon_core.shell:Creating environment hook '/home/derek-dietz/MSAI/ComputerVision/Final_Project/ws/interbotix/install/share/interbotix_xs_sdk/hook/ld_library_path_lib.ps1'
[1.496s] INFO:colcon.colcon_core.shell:Creating environment descriptor '/home/derek-dietz/MSAI/ComputerVision/Final_Project/ws/interbotix/install/share/interbotix_xs_sdk/hook/ld_library_path_lib.dsv'
[1.496s] INFO:colcon.colcon_core.shell:Creating environment hook '/home/derek-dietz/MSAI/ComputerVision/Final_Project/ws/interbotix/install/share/interbotix_xs_sdk/hook/ld_library_path_lib.sh'
[1.497s] Level 1:colcon.colcon_core.environment:checking '/home/derek-dietz/MSAI/ComputerVision/Final_Project/ws/interbotix/install/bin'
[1.497s] Level 1:colcon.colcon_core.environment:checking '/home/derek-dietz/MSAI/ComputerVision/Final_Project/ws/interbotix/install/lib/pkgconfig/interbotix_xs_sdk.pc'
[1.497s] Level 1:colcon.colcon_core.environment:checking '/home/derek-dietz/MSAI/ComputerVision/Final_Project/ws/interbotix/install/lib/python3.12/site-packages'
[1.498s] Level 1:colcon.colcon_core.shell:create_environment_hook('interbotix_xs_sdk', 'pythonpath')
[1.498s] INFO:colcon.colcon_core.shell:Creating environment hook '/home/derek-dietz/MSAI/ComputerVision/Final_Project/ws/interbotix/install/share/interbotix_xs_sdk/hook/pythonpath.ps1'
[1.498s] INFO:colcon.colcon_core.shell:Creating environment descriptor '/home/derek-dietz/MSAI/ComputerVision/Final_Project/ws/interbotix/install/share/interbotix_xs_sdk/hook/pythonpath.dsv'
[1.499s] INFO:colcon.colcon_core.shell:Creating environment hook '/home/derek-dietz/MSAI/ComputerVision/Final_Project/ws/interbotix/install/share/interbotix_xs_sdk/hook/pythonpath.sh'
[1.499s] Level 1:colcon.colcon_core.environment:checking '/home/derek-dietz/MSAI/ComputerVision/Final_Project/ws/interbotix/install/bin'
[1.500s] INFO:colcon.colcon_core.shell:Creating package script '/home/derek-dietz/MSAI/ComputerVision/Final_Project/ws/interbotix/install/share/interbotix_xs_sdk/package.ps1'
[1.500s] INFO:colcon.colcon_core.shell:Creating package descriptor '/home/derek-dietz/MSAI/ComputerVision/Final_Project/ws/interbotix/install/share/interbotix_xs_sdk/package.dsv'
[1.501s] INFO:colcon.colcon_core.shell:Creating package script '/home/derek-dietz/MSAI/ComputerVision/Final_Project/ws/interbotix/install/share/interbotix_xs_sdk/package.sh'
[1.502s] INFO:colcon.colcon_core.shell:Creating package script '/home/derek-dietz/MSAI/ComputerVision/Final_Project/ws/interbotix/install/share/interbotix_xs_sdk/package.bash'
[1.502s] INFO:colcon.colcon_core.shell:Creating package script '/home/derek-dietz/MSAI/ComputerVision/Final_Project/ws/interbotix/install/share/interbotix_xs_sdk/package.zsh'
[1.502s] Level 1:colcon.colcon_core.environment:create_file_with_runtime_dependencies(/home/derek-dietz/MSAI/ComputerVision/Final_Project/ws/interbotix/install/share/colcon-core/packages/interbotix_xs_sdk)
[1.503s] Level 1:colcon.colcon_core.environment:create_environment_scripts_only(interbotix_xs_sdk)
[1.503s] Level 1:colcon.colcon_core.environment:checking '/home/derek-dietz/MSAI/ComputerVision/Final_Project/ws/interbotix/install' for CMake module files
[1.504s] Level 1:colcon.colcon_core.environment:checking '/home/derek-dietz/MSAI/ComputerVision/Final_Project/ws/interbotix/install' for CMake config files
[1.505s] Level 1:colcon.colcon_core.shell:create_environment_hook('interbotix_xs_sdk', 'cmake_prefix_path')
[1.505s] INFO:colcon.colcon_core.shell:Creating environment hook '/home/derek-dietz/MSAI/ComputerVision/Final_Project/ws/interbotix/install/share/interbotix_xs_sdk/hook/cmake_prefix_path.ps1'
[1.505s] INFO:colcon.colcon_core.shell:Creating environment descriptor '/home/derek-dietz/MSAI/ComputerVision/Final_Project/ws/interbotix/install/share/interbotix_xs_sdk/hook/cmake_prefix_path.dsv'
[1.506s] INFO:colcon.colcon_core.shell:Creating environment hook '/home/derek-dietz/MSAI/ComputerVision/Final_Project/ws/interbotix/install/share/interbotix_xs_sdk/hook/cmake_prefix_path.sh'
[1.506s] Level 1:colcon.colcon_core.environment:checking '/home/derek-dietz/MSAI/ComputerVision/Final_Project/ws/interbotix/install/lib'
[1.506s] Level 1:colcon.colcon_core.shell:create_environment_hook('interbotix_xs_sdk', 'ld_library_path_lib')
[1.506s] INFO:colcon.colcon_core.shell:Creating environment hook '/home/derek-dietz/MSAI/ComputerVision/Final_Project/ws/interbotix/install/share/interbotix_xs_sdk/hook/ld_library_path_lib.ps1'
[1.507s] INFO:colcon.colcon_core.shell:Creating environment descriptor '/home/derek-dietz/MSAI/ComputerVision/Final_Project/ws/interbotix/install/share/interbotix_xs_sdk/hook/ld_library_path_lib.dsv'
[1.507s] INFO:colcon.colcon_core.shell:Creating environment hook '/home/derek-dietz/MSAI/ComputerVision/Final_Project/ws/interbotix/install/share/interbotix_xs_sdk/hook/ld_library_path_lib.sh'
[1.508s] Level 1:colcon.colcon_core.environment:checking '/home/derek-dietz/MSAI/ComputerVision/Final_Project/ws/interbotix/install/bin'
[1.508s] Level 1:colcon.colcon_core.environment:checking '/home/derek-dietz/MSAI/ComputerVision/Final_Project/ws/interbotix/install/lib/pkgconfig/interbotix_xs_sdk.pc'
[1.508s] Level 1:colcon.colcon_core.environment:checking '/home/derek-dietz/MSAI/ComputerVision/Final_Project/ws/interbotix/install/lib/python3.12/site-packages'
[1.508s] Level 1:colcon.colcon_core.shell:create_environment_hook('interbotix_xs_sdk', 'pythonpath')
[1.508s] INFO:colcon.colcon_core.shell:Creating environment hook '/home/derek-dietz/MSAI/ComputerVision/Final_Project/ws/interbotix/install/share/interbotix_xs_sdk/hook/pythonpath.ps1'
[1.509s] INFO:colcon.colcon_core.shell:Creating environment descriptor '/home/derek-dietz/MSAI/ComputerVision/Final_Project/ws/interbotix/install/share/interbotix_xs_sdk/hook/pythonpath.dsv'
[1.509s] INFO:colcon.colcon_core.shell:Creating environment hook '/home/derek-dietz/MSAI/ComputerVision/Final_Project/ws/interbotix/install/share/interbotix_xs_sdk/hook/pythonpath.sh'
[1.510s] Level 1:colcon.colcon_core.environment:checking '/home/derek-dietz/MSAI/ComputerVision/Final_Project/ws/interbotix/install/bin'
[1.510s] INFO:colcon.colcon_core.shell:Creating package script '/home/derek-dietz/MSAI/ComputerVision/Final_Project/ws/interbotix/install/share/interbotix_xs_sdk/package.ps1'
[1.511s] INFO:colcon.colcon_core.shell:Creating package descriptor '/home/derek-dietz/MSAI/ComputerVision/Final_Project/ws/interbotix/install/share/interbotix_xs_sdk/package.dsv'
[1.511s] INFO:colcon.colcon_core.shell:Creating package script '/home/derek-dietz/MSAI/ComputerVision/Final_Project/ws/interbotix/install/share/interbotix_xs_sdk/package.sh'
[1.512s] INFO:colcon.colcon_core.shell:Creating package script '/home/derek-dietz/MSAI/ComputerVision/Final_Project/ws/interbotix/install/share/interbotix_xs_sdk/package.bash'
[1.512s] INFO:colcon.colcon_core.shell:Creating package script '/home/derek-dietz/MSAI/ComputerVision/Final_Project/ws/interbotix/install/share/interbotix_xs_sdk/package.zsh'
[1.512s] Level 1:colcon.colcon_core.environment:create_file_with_runtime_dependencies(/home/derek-dietz/MSAI/ComputerVision/Final_Project/ws/interbotix/install/share/colcon-core/packages/interbotix_xs_sdk)
[1.513s] INFO:colcon.colcon_ros.task.ament_cmake.build:Building ROS package in '/home/derek-dietz/MSAI/ComputerVision/Final_Project/ws/interbotix/src/interbotix_ros_toolboxes/interbotix_xs_toolbox/interbotix_xs_rviz' with build type 'ament_cmake'
[1.513s] INFO:colcon.colcon_cmake.task.cmake.build:Building CMake package in '/home/derek-dietz/MSAI/ComputerVision/Final_Project/ws/interbotix/src/interbotix_ros_toolboxes/interbotix_xs_toolbox/interbotix_xs_rviz'
[1.514s] INFO:colcon.colcon_core.shell:Skip shell extension 'powershell' for command environment: Not usable outside of PowerShell
[1.514s] DEBUG:colcon.colcon_core.shell:Skip shell extension 'dsv' for command environment
[1.518s] INFO:colcon.colcon_ros.task.ament_cmake.build:Building ROS package in '/home/derek-dietz/MSAI/ComputerVision/Final_Project/ws/interbotix/src/interbotix_ros_core/interbotix_ros_xseries/interbotix_ros_xseries' with build type 'ament_cmake'
[1.518s] INFO:colcon.colcon_cmake.task.cmake.build:Building CMake package in '/home/derek-dietz/MSAI/ComputerVision/Final_Project/ws/interbotix/src/interbotix_ros_core/interbotix_ros_xseries/interbotix_ros_xseries'
[1.518s] INFO:colcon.colcon_core.shell:Skip shell extension 'powershell' for command environment: Not usable outside of PowerShell
[1.518s] DEBUG:colcon.colcon_core.shell:Skip shell extension 'dsv' for command environment
[1.520s] Level 1:colcon.colcon_core.environment:create_environment_scripts_only(interbotix_xs_ros_control)
[1.521s] Level 1:colcon.colcon_core.environment:checking '/home/derek-dietz/MSAI/ComputerVision/Final_Project/ws/interbotix/install' for CMake module files
[1.521s] DEBUG:colcon.colcon_core.event_handler.log_command:Invoked command in '/home/derek-dietz/MSAI/ComputerVision/Final_Project/ws/interbotix/build/interbotix_xs_ros_control' returned '0': CMAKE_PREFIX_PATH=${CMAKE_PREFIX_PATH}:/opt/ros/kilted DEBUGINFOD_URLS=https://debuginfod.ubuntu.com PYTHONPATH=/home/derek-dietz/MSAI/ComputerVision/Final_Project/ws/interbotix/install/lib/python3.12/site-packages:/home/derek-dietz/MSAI/ComputerVision/Final_Project/ros_ws/build/arm:/home/derek-dietz/MSAI/ComputerVision/Final_Project/ros_ws/install/arm/lib/python3.12/site-packages:/opt/ros/kilted/lib/python3.12/site-packages /usr/bin/cmake --install /home/derek-dietz/MSAI/ComputerVision/Final_Project/ws/interbotix/build/interbotix_xs_ros_control
[1.521s] Level 1:colcon.colcon_core.environment:checking '/home/derek-dietz/MSAI/ComputerVision/Final_Project/ws/interbotix/install' for CMake config files
[1.522s] Level 1:colcon.colcon_core.shell:create_environment_hook('interbotix_xs_ros_control', 'cmake_prefix_path')
[1.522s] INFO:colcon.colcon_core.shell:Creating environment hook '/home/derek-dietz/MSAI/ComputerVision/Final_Project/ws/interbotix/install/share/interbotix_xs_ros_control/hook/cmake_prefix_path.ps1'
[1.522s] INFO:colcon.colcon_core.shell:Creating environment descriptor '/home/derek-dietz/MSAI/ComputerVision/Final_Project/ws/interbotix/install/share/interbotix_xs_ros_control/hook/cmake_prefix_path.dsv'
[1.522s] INFO:colcon.colcon_core.shell:Creating environment hook '/home/derek-dietz/MSAI/ComputerVision/Final_Project/ws/interbotix/install/share/interbotix_xs_ros_control/hook/cmake_prefix_path.sh'
[1.523s] Level 1:colcon.colcon_core.environment:checking '/home/derek-dietz/MSAI/ComputerVision/Final_Project/ws/interbotix/install/lib'
[1.523s] Level 1:colcon.colcon_core.shell:create_environment_hook('interbotix_xs_ros_control', 'ld_library_path_lib')
[1.523s] INFO:colcon.colcon_core.shell:Creating environment hook '/home/derek-dietz/MSAI/ComputerVision/Final_Project/ws/interbotix/install/share/interbotix_xs_ros_control/hook/ld_library_path_lib.ps1'
[1.523s] INFO:colcon.colcon_core.shell:Creating environment descriptor '/home/derek-dietz/MSAI/ComputerVision/Final_Project/ws/interbotix/install/share/interbotix_xs_ros_control/hook/ld_library_path_lib.dsv'
[1.523s] INFO:colcon.colcon_core.shell:Creating environment hook '/home/derek-dietz/MSAI/ComputerVision/Final_Project/ws/interbotix/install/share/interbotix_xs_ros_control/hook/ld_library_path_lib.sh'
[1.523s] Level 1:colcon.colcon_core.environment:checking '/home/derek-dietz/MSAI/ComputerVision/Final_Project/ws/interbotix/install/bin'
[1.523s] Level 1:colcon.colcon_core.environment:checking '/home/derek-dietz/MSAI/ComputerVision/Final_Project/ws/interbotix/install/lib/pkgconfig/interbotix_xs_ros_control.pc'
[1.524s] Level 1:colcon.colcon_core.environment:checking '/home/derek-dietz/MSAI/ComputerVision/Final_Project/ws/interbotix/install/lib/python3.12/site-packages'
[1.524s] Level 1:colcon.colcon_core.shell:create_environment_hook('interbotix_xs_ros_control', 'pythonpath')
[1.524s] INFO:colcon.colcon_core.shell:Creating environment hook '/home/derek-dietz/MSAI/ComputerVision/Final_Project/ws/interbotix/install/share/interbotix_xs_ros_control/hook/pythonpath.ps1'
[1.524s] INFO:colcon.colcon_core.shell:Creating environment descriptor '/home/derek-dietz/MSAI/ComputerVision/Final_Project/ws/interbotix/install/share/interbotix_xs_ros_control/hook/pythonpath.dsv'
[1.524s] INFO:colcon.colcon_core.shell:Creating environment hook '/home/derek-dietz/MSAI/ComputerVision/Final_Project/ws/interbotix/install/share/interbotix_xs_ros_control/hook/pythonpath.sh'
[1.524s] Level 1:colcon.colcon_core.environment:checking '/home/derek-dietz/MSAI/ComputerVision/Final_Project/ws/interbotix/install/bin'
[1.525s] INFO:colcon.colcon_core.shell:Creating package script '/home/derek-dietz/MSAI/ComputerVision/Final_Project/ws/interbotix/install/share/interbotix_xs_ros_control/package.ps1'
[1.525s] INFO:colcon.colcon_core.shell:Creating package descriptor '/home/derek-dietz/MSAI/ComputerVision/Final_Project/ws/interbotix/install/share/interbotix_xs_ros_control/package.dsv'
[1.525s] INFO:colcon.colcon_core.shell:Creating package script '/home/derek-dietz/MSAI/ComputerVision/Final_Project/ws/interbotix/install/share/interbotix_xs_ros_control/package.sh'
[1.525s] INFO:colcon.colcon_core.shell:Creating package script '/home/derek-dietz/MSAI/ComputerVision/Final_Project/ws/interbotix/install/share/interbotix_xs_ros_control/package.bash'
[1.525s] INFO:colcon.colcon_core.shell:Creating package script '/home/derek-dietz/MSAI/ComputerVision/Final_Project/ws/interbotix/install/share/interbotix_xs_ros_control/package.zsh'
[1.526s] Level 1:colcon.colcon_core.environment:create_file_with_runtime_dependencies(/home/derek-dietz/MSAI/ComputerVision/Final_Project/ws/interbotix/install/share/colcon-core/packages/interbotix_xs_ros_control)
[1.526s] Level 1:colcon.colcon_core.environment:create_environment_scripts_only(interbotix_xs_ros_control)
[1.526s] Level 1:colcon.colcon_core.environment:checking '/home/derek-dietz/MSAI/ComputerVision/Final_Project/ws/interbotix/install' for CMake module files
[1.526s] Level 1:colcon.colcon_core.environment:checking '/home/derek-dietz/MSAI/ComputerVision/Final_Project/ws/interbotix/install' for CMake config files
[1.527s] Level 1:colcon.colcon_core.shell:create_environment_hook('interbotix_xs_ros_control', 'cmake_prefix_path')
[1.527s] INFO:colcon.colcon_core.shell:Creating environment hook '/home/derek-dietz/MSAI/ComputerVision/Final_Project/ws/interbotix/install/share/interbotix_xs_ros_control/hook/cmake_prefix_path.ps1'
[1.527s] INFO:colcon.colcon_core.shell:Creating environment descriptor '/home/derek-dietz/MSAI/ComputerVision/Final_Project/ws/interbotix/install/share/interbotix_xs_ros_control/hook/cmake_prefix_path.dsv'
[1.527s] INFO:colcon.colcon_core.shell:Creating environment hook '/home/derek-dietz/MSAI/ComputerVision/Final_Project/ws/interbotix/install/share/interbotix_xs_ros_control/hook/cmake_prefix_path.sh'
[1.528s] Level 1:colcon.colcon_core.environment:checking '/home/derek-dietz/MSAI/ComputerVision/Final_Project/ws/interbotix/install/lib'
[1.528s] Level 1:colcon.colcon_core.shell:create_environment_hook('interbotix_xs_ros_control', 'ld_library_path_lib')
[1.528s] INFO:colcon.colcon_core.shell:Creating environment hook '/home/derek-dietz/MSAI/ComputerVision/Final_Project/ws/interbotix/install/share/interbotix_xs_ros_control/hook/ld_library_path_lib.ps1'
[1.528s] INFO:colcon.colcon_core.shell:Creating environment descriptor '/home/derek-dietz/MSAI/ComputerVision/Final_Project/ws/interbotix/install/share/interbotix_xs_ros_control/hook/ld_library_path_lib.dsv'
[1.528s] INFO:colcon.colcon_core.shell:Creating environment hook '/home/derek-dietz/MSAI/ComputerVision/Final_Project/ws/interbotix/install/share/interbotix_xs_ros_control/hook/ld_library_path_lib.sh'
[1.529s] Level 1:colcon.colcon_core.environment:checking '/home/derek-dietz/MSAI/ComputerVision/Final_Project/ws/interbotix/install/bin'
[1.529s] Level 1:colcon.colcon_core.environment:checking '/home/derek-dietz/MSAI/ComputerVision/Final_Project/ws/interbotix/install/lib/pkgconfig/interbotix_xs_ros_control.pc'
[1.529s] Level 1:colcon.colcon_core.environment:checking '/home/derek-dietz/MSAI/ComputerVision/Final_Project/ws/interbotix/install/lib/python3.12/site-packages'
[1.529s] Level 1:colcon.colcon_core.shell:create_environment_hook('interbotix_xs_ros_control', 'pythonpath')
[1.529s] INFO:colcon.colcon_core.shell:Creating environment hook '/home/derek-dietz/MSAI/ComputerVision/Final_Project/ws/interbotix/install/share/interbotix_xs_ros_control/hook/pythonpath.ps1'
[1.529s] INFO:colcon.colcon_core.shell:Creating environment descriptor '/home/derek-dietz/MSAI/ComputerVision/Final_Project/ws/interbotix/install/share/interbotix_xs_ros_control/hook/pythonpath.dsv'
[1.529s] INFO:colcon.colcon_core.shell:Creating environment hook '/home/derek-dietz/MSAI/ComputerVision/Final_Project/ws/interbotix/install/share/interbotix_xs_ros_control/hook/pythonpath.sh'
[1.530s] Level 1:colcon.colcon_core.environment:checking '/home/derek-dietz/MSAI/ComputerVision/Final_Project/ws/interbotix/install/bin'
[1.530s] INFO:colcon.colcon_core.shell:Creating package script '/home/derek-dietz/MSAI/ComputerVision/Final_Project/ws/interbotix/install/share/interbotix_xs_ros_control/package.ps1'
[1.530s] INFO:colcon.colcon_core.shell:Creating package descriptor '/home/derek-dietz/MSAI/ComputerVision/Final_Project/ws/interbotix/install/share/interbotix_xs_ros_control/package.dsv'
[1.530s] INFO:colcon.colcon_core.shell:Creating package script '/home/derek-dietz/MSAI/ComputerVision/Final_Project/ws/interbotix/install/share/interbotix_xs_ros_control/package.sh'
[1.531s] INFO:colcon.colcon_core.shell:Creating package script '/home/derek-dietz/MSAI/ComputerVision/Final_Project/ws/interbotix/install/share/interbotix_xs_ros_control/package.bash'
[1.531s] INFO:colcon.colcon_core.shell:Creating package script '/home/derek-dietz/MSAI/ComputerVision/Final_Project/ws/interbotix/install/share/interbotix_xs_ros_control/package.zsh'
[1.531s] Level 1:colcon.colcon_core.environment:create_file_with_runtime_dependencies(/home/derek-dietz/MSAI/ComputerVision/Final_Project/ws/interbotix/install/share/colcon-core/packages/interbotix_xs_ros_control)
[1.533s] DEBUG:colcon.colcon_core.event_handler.log_command:Invoked command in '/home/derek-dietz/MSAI/ComputerVision/Final_Project/ws/interbotix/build/interbotix_moveit_interface' returned '0': CMAKE_PREFIX_PATH=${CMAKE_PREFIX_PATH}:/opt/ros/kilted DEBUGINFOD_URLS=https://debuginfod.ubuntu.com PYTHONPATH=/home/derek-dietz/MSAI/ComputerVision/Final_Project/ws/interbotix/install/lib/python3.12/site-packages:/home/derek-dietz/MSAI/ComputerVision/Final_Project/ros_ws/build/arm:/home/derek-dietz/MSAI/ComputerVision/Final_Project/ros_ws/install/arm/lib/python3.12/site-packages:/opt/ros/kilted/lib/python3.12/site-packages /usr/bin/cmake --build /home/derek-dietz/MSAI/ComputerVision/Final_Project/ws/interbotix/build/interbotix_moveit_interface -- -j22 -l22
[1.534s] DEBUG:colcon.colcon_core.event_handler.log_command:Invoking command in '/home/derek-dietz/MSAI/ComputerVision/Final_Project/ws/interbotix/build/interbotix_moveit_interface': CMAKE_PREFIX_PATH=${CMAKE_PREFIX_PATH}:/opt/ros/kilted DEBUGINFOD_URLS=https://debuginfod.ubuntu.com PYTHONPATH=/home/derek-dietz/MSAI/ComputerVision/Final_Project/ws/interbotix/install/lib/python3.12/site-packages:/home/derek-dietz/MSAI/ComputerVision/Final_Project/ros_ws/build/arm:/home/derek-dietz/MSAI/ComputerVision/Final_Project/ros_ws/install/arm/lib/python3.12/site-packages:/opt/ros/kilted/lib/python3.12/site-packages /usr/bin/cmake --install /home/derek-dietz/MSAI/ComputerVision/Final_Project/ws/interbotix/build/interbotix_moveit_interface
[1.535s] DEBUG:colcon.colcon_core.event_handler.log_command:Invoking command in '/home/derek-dietz/MSAI/ComputerVision/Final_Project/ws/interbotix/build/interbotix_xs_rviz': CMAKE_PREFIX_PATH=${CMAKE_PREFIX_PATH}:/opt/ros/kilted DEBUGINFOD_URLS=https://debuginfod.ubuntu.com PYTHONPATH=/home/derek-dietz/MSAI/ComputerVision/Final_Project/ws/interbotix/install/lib/python3.12/site-packages:/home/derek-dietz/MSAI/ComputerVision/Final_Project/ros_ws/build/arm:/home/derek-dietz/MSAI/ComputerVision/Final_Project/ros_ws/install/arm/lib/python3.12/site-packages:/opt/ros/kilted/lib/python3.12/site-packages /usr/bin/cmake --build /home/derek-dietz/MSAI/ComputerVision/Final_Project/ws/interbotix/build/interbotix_xs_rviz -- -j22 -l22
[1.537s] DEBUG:colcon.colcon_core.event_handler.log_command:Invoking command in '/home/derek-dietz/MSAI/ComputerVision/Final_Project/ws/interbotix/build/interbotix_ros_xseries': CMAKE_PREFIX_PATH=${CMAKE_PREFIX_PATH}:/opt/ros/kilted DEBUGINFOD_URLS=https://debuginfod.ubuntu.com PYTHONPATH=/home/derek-dietz/MSAI/ComputerVision/Final_Project/ws/interbotix/install/lib/python3.12/site-packages:/home/derek-dietz/MSAI/ComputerVision/Final_Project/ros_ws/build/arm:/home/derek-dietz/MSAI/ComputerVision/Final_Project/ros_ws/install/arm/lib/python3.12/site-packages:/opt/ros/kilted/lib/python3.12/site-packages /usr/bin/cmake --build /home/derek-dietz/MSAI/ComputerVision/Final_Project/ws/interbotix/build/interbotix_ros_xseries -- -j22 -l22
[1.545s] Level 1:colcon.colcon_core.environment:create_environment_scripts_only(interbotix_moveit_interface)
[1.545s] Level 1:colcon.colcon_core.environment:checking '/home/derek-dietz/MSAI/ComputerVision/Final_Project/ws/interbotix/install' for CMake module files
[1.545s] DEBUG:colcon.colcon_core.event_handler.log_command:Invoked command in '/home/derek-dietz/MSAI/ComputerVision/Final_Project/ws/interbotix/build/interbotix_moveit_interface' returned '0': CMAKE_PREFIX_PATH=${CMAKE_PREFIX_PATH}:/opt/ros/kilted DEBUGINFOD_URLS=https://debuginfod.ubuntu.com PYTHONPATH=/home/derek-dietz/MSAI/ComputerVision/Final_Project/ws/interbotix/install/lib/python3.12/site-packages:/home/derek-dietz/MSAI/ComputerVision/Final_Project/ros_ws/build/arm:/home/derek-dietz/MSAI/ComputerVision/Final_Project/ros_ws/install/arm/lib/python3.12/site-packages:/opt/ros/kilted/lib/python3.12/site-packages /usr/bin/cmake --install /home/derek-dietz/MSAI/ComputerVision/Final_Project/ws/interbotix/build/interbotix_moveit_interface
[1.546s] Level 1:colcon.colcon_core.environment:checking '/home/derek-dietz/MSAI/ComputerVision/Final_Project/ws/interbotix/install' for CMake config files
[1.547s] Level 1:colcon.colcon_core.shell:create_environment_hook('interbotix_moveit_interface', 'cmake_prefix_path')
[1.547s] INFO:colcon.colcon_core.shell:Creating environment hook '/home/derek-dietz/MSAI/ComputerVision/Final_Project/ws/interbotix/install/share/interbotix_moveit_interface/hook/cmake_prefix_path.ps1'
[1.548s] INFO:colcon.colcon_core.shell:Creating environment descriptor '/home/derek-dietz/MSAI/ComputerVision/Final_Project/ws/interbotix/install/share/interbotix_moveit_interface/hook/cmake_prefix_path.dsv'
[1.549s] INFO:colcon.colcon_core.shell:Creating environment hook '/home/derek-dietz/MSAI/ComputerVision/Final_Project/ws/interbotix/install/share/interbotix_moveit_interface/hook/cmake_prefix_path.sh'
[1.550s] Level 1:colcon.colcon_core.environment:checking '/home/derek-dietz/MSAI/ComputerVision/Final_Project/ws/interbotix/install/lib'
[1.550s] Level 1:colcon.colcon_core.shell:create_environment_hook('interbotix_moveit_interface', 'ld_library_path_lib')
[1.550s] INFO:colcon.colcon_core.shell:Creating environment hook '/home/derek-dietz/MSAI/ComputerVision/Final_Project/ws/interbotix/install/share/interbotix_moveit_interface/hook/ld_library_path_lib.ps1'
[1.551s] INFO:colcon.colcon_core.shell:Creating environment descriptor '/home/derek-dietz/MSAI/ComputerVision/Final_Project/ws/interbotix/install/share/interbotix_moveit_interface/hook/ld_library_path_lib.dsv'
[1.551s] INFO:colcon.colcon_core.shell:Creating environment hook '/home/derek-dietz/MSAI/ComputerVision/Final_Project/ws/interbotix/install/share/interbotix_moveit_interface/hook/ld_library_path_lib.sh'
[1.552s] Level 1:colcon.colcon_core.environment:checking '/home/derek-dietz/MSAI/ComputerVision/Final_Project/ws/interbotix/install/bin'
[1.552s] Level 1:colcon.colcon_core.environment:checking '/home/derek-dietz/MSAI/ComputerVision/Final_Project/ws/interbotix/install/lib/pkgconfig/interbotix_moveit_interface.pc'
[1.552s] Level 1:colcon.colcon_core.environment:checking '/home/derek-dietz/MSAI/ComputerVision/Final_Project/ws/interbotix/install/lib/python3.12/site-packages'
[1.552s] Level 1:colcon.colcon_core.shell:create_environment_hook('interbotix_moveit_interface', 'pythonpath')
[1.552s] INFO:colcon.colcon_core.shell:Creating environment hook '/home/derek-dietz/MSAI/ComputerVision/Final_Project/ws/interbotix/install/share/interbotix_moveit_interface/hook/pythonpath.ps1'
[1.553s] INFO:colcon.colcon_core.shell:Creating environment descriptor '/home/derek-dietz/MSAI/ComputerVision/Final_Project/ws/interbotix/install/share/interbotix_moveit_interface/hook/pythonpath.dsv'
[1.553s] INFO:colcon.colcon_core.shell:Creating environment hook '/home/derek-dietz/MSAI/ComputerVision/Final_Project/ws/interbotix/install/share/interbotix_moveit_interface/hook/pythonpath.sh'
[1.554s] Level 1:colcon.colcon_core.environment:checking '/home/derek-dietz/MSAI/ComputerVision/Final_Project/ws/interbotix/install/bin'
[1.555s] INFO:colcon.colcon_core.shell:Creating package script '/home/derek-dietz/MSAI/ComputerVision/Final_Project/ws/interbotix/install/share/interbotix_moveit_interface/package.ps1'
[1.556s] INFO:colcon.colcon_core.shell:Creating package descriptor '/home/derek-dietz/MSAI/ComputerVision/Final_Project/ws/interbotix/install/share/interbotix_moveit_interface/package.dsv'
[1.556s] INFO:colcon.colcon_core.shell:Creating package script '/home/derek-dietz/MSAI/ComputerVision/Final_Project/ws/interbotix/install/share/interbotix_moveit_interface/package.sh'
[1.557s] INFO:colcon.colcon_core.shell:Creating package script '/home/derek-dietz/MSAI/ComputerVision/Final_Project/ws/interbotix/install/share/interbotix_moveit_interface/package.bash'
[1.557s] INFO:colcon.colcon_core.shell:Creating package script '/home/derek-dietz/MSAI/ComputerVision/Final_Project/ws/interbotix/install/share/interbotix_moveit_interface/package.zsh'
[1.558s] Level 1:colcon.colcon_core.environment:create_file_with_runtime_dependencies(/home/derek-dietz/MSAI/ComputerVision/Final_Project/ws/interbotix/install/share/colcon-core/packages/interbotix_moveit_interface)
[1.558s] Level 1:colcon.colcon_core.environment:create_environment_scripts_only(interbotix_moveit_interface)
[1.558s] Level 1:colcon.colcon_core.environment:checking '/home/derek-dietz/MSAI/ComputerVision/Final_Project/ws/interbotix/install' for CMake module files
[1.559s] Level 1:colcon.colcon_core.environment:checking '/home/derek-dietz/MSAI/ComputerVision/Final_Project/ws/interbotix/install' for CMake config files
[1.560s] Level 1:colcon.colcon_core.shell:create_environment_hook('interbotix_moveit_interface', 'cmake_prefix_path')
[1.560s] INFO:colcon.colcon_core.shell:Creating environment hook '/home/derek-dietz/MSAI/ComputerVision/Final_Project/ws/interbotix/install/share/interbotix_moveit_interface/hook/cmake_prefix_path.ps1'
[1.561s] INFO:colcon.colcon_core.shell:Creating environment descriptor '/home/derek-dietz/MSAI/ComputerVision/Final_Project/ws/interbotix/install/share/interbotix_moveit_interface/hook/cmake_prefix_path.dsv'
[1.561s] INFO:colcon.colcon_core.shell:Creating environment hook '/home/derek-dietz/MSAI/ComputerVision/Final_Project/ws/interbotix/install/share/interbotix_moveit_interface/hook/cmake_prefix_path.sh'
[1.562s] Level 1:colcon.colcon_core.environment:checking '/home/derek-dietz/MSAI/ComputerVision/Final_Project/ws/interbotix/install/lib'
[1.562s] Level 1:colcon.colcon_core.shell:create_environment_hook('interbotix_moveit_interface', 'ld_library_path_lib')
[1.562s] INFO:colcon.colcon_core.shell:Creating environment hook '/home/derek-dietz/MSAI/ComputerVision/Final_Project/ws/interbotix/install/share/interbotix_moveit_interface/hook/ld_library_path_lib.ps1'
[1.562s] INFO:colcon.colcon_core.shell:Creating environment descriptor '/home/derek-dietz/MSAI/ComputerVision/Final_Project/ws/interbotix/install/share/interbotix_moveit_interface/hook/ld_library_path_lib.dsv'
[1.563s] INFO:colcon.colcon_core.shell:Creating environment hook '/home/derek-dietz/MSAI/ComputerVision/Final_Project/ws/interbotix/install/share/interbotix_moveit_interface/hook/ld_library_path_lib.sh'
[1.563s] Level 1:colcon.colcon_core.environment:checking '/home/derek-dietz/MSAI/ComputerVision/Final_Project/ws/interbotix/install/bin'
[1.563s] Level 1:colcon.colcon_core.environment:checking '/home/derek-dietz/MSAI/ComputerVision/Final_Project/ws/interbotix/install/lib/pkgconfig/interbotix_moveit_interface.pc'
[1.563s] Level 1:colcon.colcon_core.environment:checking '/home/derek-dietz/MSAI/ComputerVision/Final_Project/ws/interbotix/install/lib/python3.12/site-packages'
[1.564s] Level 1:colcon.colcon_core.shell:create_environment_hook('interbotix_moveit_interface', 'pythonpath')
[1.564s] INFO:colcon.colcon_core.shell:Creating environment hook '/home/derek-dietz/MSAI/ComputerVision/Final_Project/ws/interbotix/install/share/interbotix_moveit_interface/hook/pythonpath.ps1'
[1.564s] INFO:colcon.colcon_core.shell:Creating environment descriptor '/home/derek-dietz/MSAI/ComputerVision/Final_Project/ws/interbotix/install/share/interbotix_moveit_interface/hook/pythonpath.dsv'
[1.564s] INFO:colcon.colcon_core.shell:Creating environment hook '/home/derek-dietz/MSAI/ComputerVision/Final_Project/ws/interbotix/install/share/interbotix_moveit_interface/hook/pythonpath.sh'
[1.565s] Level 1:colcon.colcon_core.environment:checking '/home/derek-dietz/MSAI/ComputerVision/Final_Project/ws/interbotix/install/bin'
[1.565s] INFO:colcon.colcon_core.shell:Creating package script '/home/derek-dietz/MSAI/ComputerVision/Final_Project/ws/interbotix/install/share/interbotix_moveit_interface/package.ps1'
[1.566s] INFO:colcon.colcon_core.shell:Creating package descriptor '/home/derek-dietz/MSAI/ComputerVision/Final_Project/ws/interbotix/install/share/interbotix_moveit_interface/package.dsv'
[1.567s] INFO:colcon.colcon_core.shell:Creating package script '/home/derek-dietz/MSAI/ComputerVision/Final_Project/ws/interbotix/install/share/interbotix_moveit_interface/package.sh'
[1.567s] INFO:colcon.colcon_core.shell:Creating package script '/home/derek-dietz/MSAI/ComputerVision/Final_Project/ws/interbotix/install/share/interbotix_moveit_interface/package.bash'
[1.567s] INFO:colcon.colcon_core.shell:Creating package script '/home/derek-dietz/MSAI/ComputerVision/Final_Project/ws/interbotix/install/share/interbotix_moveit_interface/package.zsh'
[1.568s] Level 1:colcon.colcon_core.environment:create_file_with_runtime_dependencies(/home/derek-dietz/MSAI/ComputerVision/Final_Project/ws/interbotix/install/share/colcon-core/packages/interbotix_moveit_interface)
[1.574s] DEBUG:colcon.colcon_core.event_handler.log_command:Invoking command in '/home/derek-dietz/MSAI/ComputerVision/Final_Project/ws/interbotix/src/arm': DEBUGINFOD_URLS=https://debuginfod.ubuntu.com PYTHONPATH=/home/derek-dietz/MSAI/ComputerVision/Final_Project/ws/interbotix/build/arm/prefix_override:/usr/lib/python3/dist-packages/colcon_core/task/python/colcon_distutils_commands:/home/derek-dietz/MSAI/ComputerVision/Final_Project/ws/interbotix/install/lib/python3.12/site-packages:${PYTHONPATH} /usr/bin/python3 -W ignore:setup.py install is deprecated -W ignore:easy_install command is deprecated setup.py egg_info --egg-base ../../build/arm build --build-base /home/derek-dietz/MSAI/ComputerVision/Final_Project/ws/interbotix/build/arm/build install --record /home/derek-dietz/MSAI/ComputerVision/Final_Project/ws/interbotix/build/arm/install.log --single-version-externally-managed install_data
[1.579s] DEBUG:colcon.colcon_core.event_handler.log_command:Invoked command in '/home/derek-dietz/MSAI/ComputerVision/Final_Project/ws/interbotix/build/interbotix_ros_xseries' returned '0': CMAKE_PREFIX_PATH=${CMAKE_PREFIX_PATH}:/opt/ros/kilted DEBUGINFOD_URLS=https://debuginfod.ubuntu.com PYTHONPATH=/home/derek-dietz/MSAI/ComputerVision/Final_Project/ws/interbotix/install/lib/python3.12/site-packages:/home/derek-dietz/MSAI/ComputerVision/Final_Project/ros_ws/build/arm:/home/derek-dietz/MSAI/ComputerVision/Final_Project/ros_ws/install/arm/lib/python3.12/site-packages:/opt/ros/kilted/lib/python3.12/site-packages /usr/bin/cmake --build /home/derek-dietz/MSAI/ComputerVision/Final_Project/ws/interbotix/build/interbotix_ros_xseries -- -j22 -l22
[1.581s] DEBUG:colcon.colcon_core.event_handler.log_command:Invoking command in '/home/derek-dietz/MSAI/ComputerVision/Final_Project/ws/interbotix/build/interbotix_ros_xseries': CMAKE_PREFIX_PATH=${CMAKE_PREFIX_PATH}:/opt/ros/kilted DEBUGINFOD_URLS=https://debuginfod.ubuntu.com PYTHONPATH=/home/derek-dietz/MSAI/ComputerVision/Final_Project/ws/interbotix/install/lib/python3.12/site-packages:/home/derek-dietz/MSAI/ComputerVision/Final_Project/ros_ws/build/arm:/home/derek-dietz/MSAI/ComputerVision/Final_Project/ros_ws/install/arm/lib/python3.12/site-packages:/opt/ros/kilted/lib/python3.12/site-packages /usr/bin/cmake --install /home/derek-dietz/MSAI/ComputerVision/Final_Project/ws/interbotix/build/interbotix_ros_xseries
[1.589s] Level 1:colcon.colcon_core.environment:create_environment_scripts_only(interbotix_ros_xseries)
[1.589s] Level 1:colcon.colcon_core.environment:checking '/home/derek-dietz/MSAI/ComputerVision/Final_Project/ws/interbotix/install' for CMake module files
[1.589s] DEBUG:colcon.colcon_core.event_handler.log_command:Invoked command in '/home/derek-dietz/MSAI/ComputerVision/Final_Project/ws/interbotix/build/interbotix_ros_xseries' returned '0': CMAKE_PREFIX_PATH=${CMAKE_PREFIX_PATH}:/opt/ros/kilted DEBUGINFOD_URLS=https://debuginfod.ubuntu.com PYTHONPATH=/home/derek-dietz/MSAI/ComputerVision/Final_Project/ws/interbotix/install/lib/python3.12/site-packages:/home/derek-dietz/MSAI/ComputerVision/Final_Project/ros_ws/build/arm:/home/derek-dietz/MSAI/ComputerVision/Final_Project/ros_ws/install/arm/lib/python3.12/site-packages:/opt/ros/kilted/lib/python3.12/site-packages /usr/bin/cmake --install /home/derek-dietz/MSAI/ComputerVision/Final_Project/ws/interbotix/build/interbotix_ros_xseries
[1.590s] Level 1:colcon.colcon_core.environment:checking '/home/derek-dietz/MSAI/ComputerVision/Final_Project/ws/interbotix/install' for CMake config files
[1.591s] Level 1:colcon.colcon_core.shell:create_environment_hook('interbotix_ros_xseries', 'cmake_prefix_path')
[1.591s] INFO:colcon.colcon_core.shell:Creating environment hook '/home/derek-dietz/MSAI/ComputerVision/Final_Project/ws/interbotix/install/share/interbotix_ros_xseries/hook/cmake_prefix_path.ps1'
[1.592s] INFO:colcon.colcon_core.shell:Creating environment descriptor '/home/derek-dietz/MSAI/ComputerVision/Final_Project/ws/interbotix/install/share/interbotix_ros_xseries/hook/cmake_prefix_path.dsv'
[1.592s] INFO:colcon.colcon_core.shell:Creating environment hook '/home/derek-dietz/MSAI/ComputerVision/Final_Project/ws/interbotix/install/share/interbotix_ros_xseries/hook/cmake_prefix_path.sh'
[1.593s] Level 1:colcon.colcon_core.environment:checking '/home/derek-dietz/MSAI/ComputerVision/Final_Project/ws/interbotix/install/lib'
[1.593s] Level 1:colcon.colcon_core.shell:create_environment_hook('interbotix_ros_xseries', 'ld_library_path_lib')
[1.593s] INFO:colcon.colcon_core.shell:Creating environment hook '/home/derek-dietz/MSAI/ComputerVision/Final_Project/ws/interbotix/install/share/interbotix_ros_xseries/hook/ld_library_path_lib.ps1'
[1.594s] INFO:colcon.colcon_core.shell:Creating environment descriptor '/home/derek-dietz/MSAI/ComputerVision/Final_Project/ws/interbotix/install/share/interbotix_ros_xseries/hook/ld_library_path_lib.dsv'
[1.594s] INFO:colcon.colcon_core.shell:Creating environment hook '/home/derek-dietz/MSAI/ComputerVision/Final_Project/ws/interbotix/install/share/interbotix_ros_xseries/hook/ld_library_path_lib.sh'
[1.594s] Level 1:colcon.colcon_core.environment:checking '/home/derek-dietz/MSAI/ComputerVision/Final_Project/ws/interbotix/install/bin'
[1.594s] Level 1:colcon.colcon_core.environment:checking '/home/derek-dietz/MSAI/ComputerVision/Final_Project/ws/interbotix/install/lib/pkgconfig/interbotix_ros_xseries.pc'
[1.595s] Level 1:colcon.colcon_core.environment:checking '/home/derek-dietz/MSAI/ComputerVision/Final_Project/ws/interbotix/install/lib/python3.12/site-packages'
[1.595s] Level 1:colcon.colcon_core.shell:create_environment_hook('interbotix_ros_xseries', 'pythonpath')
[1.595s] INFO:colcon.colcon_core.shell:Creating environment hook '/home/derek-dietz/MSAI/ComputerVision/Final_Project/ws/interbotix/install/share/interbotix_ros_xseries/hook/pythonpath.ps1'
[1.595s] INFO:colcon.colcon_core.shell:Creating environment descriptor '/home/derek-dietz/MSAI/ComputerVision/Final_Project/ws/interbotix/install/share/interbotix_ros_xseries/hook/pythonpath.dsv'
[1.596s] INFO:colcon.colcon_core.shell:Creating environment hook '/home/derek-dietz/MSAI/ComputerVision/Final_Project/ws/interbotix/install/share/interbotix_ros_xseries/hook/pythonpath.sh'
[1.596s] Level 1:colcon.colcon_core.environment:checking '/home/derek-dietz/MSAI/ComputerVision/Final_Project/ws/interbotix/install/bin'
[1.597s] INFO:colcon.colcon_core.shell:Creating package script '/home/derek-dietz/MSAI/ComputerVision/Final_Project/ws/interbotix/install/share/interbotix_ros_xseries/package.ps1'
[1.597s] INFO:colcon.colcon_core.shell:Creating package descriptor '/home/derek-dietz/MSAI/ComputerVision/Final_Project/ws/interbotix/install/share/interbotix_ros_xseries/package.dsv'
[1.598s] INFO:colcon.colcon_core.shell:Creating package script '/home/derek-dietz/MSAI/ComputerVision/Final_Project/ws/interbotix/install/share/interbotix_ros_xseries/package.sh'
[1.598s] INFO:colcon.colcon_core.shell:Creating package script '/home/derek-dietz/MSAI/ComputerVision/Final_Project/ws/interbotix/install/share/interbotix_ros_xseries/package.bash'
[1.598s] INFO:colcon.colcon_core.shell:Creating package script '/home/derek-dietz/MSAI/ComputerVision/Final_Project/ws/interbotix/install/share/interbotix_ros_xseries/package.zsh'
[1.599s] Level 1:colcon.colcon_core.environment:create_file_with_runtime_dependencies(/home/derek-dietz/MSAI/ComputerVision/Final_Project/ws/interbotix/install/share/colcon-core/packages/interbotix_ros_xseries)
[1.599s] Level 1:colcon.colcon_core.environment:create_environment_scripts_only(interbotix_ros_xseries)
[1.599s] Level 1:colcon.colcon_core.environment:checking '/home/derek-dietz/MSAI/ComputerVision/Final_Project/ws/interbotix/install' for CMake module files
[1.600s] Level 1:colcon.colcon_core.environment:checking '/home/derek-dietz/MSAI/ComputerVision/Final_Project/ws/interbotix/install' for CMake config files
[1.601s] Level 1:colcon.colcon_core.shell:create_environment_hook('interbotix_ros_xseries', 'cmake_prefix_path')
[1.601s] INFO:colcon.colcon_core.shell:Creating environment hook '/home/derek-dietz/MSAI/ComputerVision/Final_Project/ws/interbotix/install/share/interbotix_ros_xseries/hook/cmake_prefix_path.ps1'
[1.601s] INFO:colcon.colcon_core.shell:Creating environment descriptor '/home/derek-dietz/MSAI/ComputerVision/Final_Project/ws/interbotix/install/share/interbotix_ros_xseries/hook/cmake_prefix_path.dsv'
[1.602s] INFO:colcon.colcon_core.shell:Creating environment hook '/home/derek-dietz/MSAI/ComputerVision/Final_Project/ws/interbotix/install/share/interbotix_ros_xseries/hook/cmake_prefix_path.sh'
[1.602s] Level 1:colcon.colcon_core.environment:checking '/home/derek-dietz/MSAI/ComputerVision/Final_Project/ws/interbotix/install/lib'
[1.602s] Level 1:colcon.colcon_core.shell:create_environment_hook('interbotix_ros_xseries', 'ld_library_path_lib')
[1.602s] INFO:colcon.colcon_core.shell:Creating environment hook '/home/derek-dietz/MSAI/ComputerVision/Final_Project/ws/interbotix/install/share/interbotix_ros_xseries/hook/ld_library_path_lib.ps1'
[1.603s] INFO:colcon.colcon_core.shell:Creating environment descriptor '/home/derek-dietz/MSAI/ComputerVision/Final_Project/ws/interbotix/install/share/interbotix_ros_xseries/hook/ld_library_path_lib.dsv'
[1.603s] INFO:colcon.colcon_core.shell:Creating environment hook '/home/derek-dietz/MSAI/ComputerVision/Final_Project/ws/interbotix/install/share/interbotix_ros_xseries/hook/ld_library_path_lib.sh'
[1.603s] Level 1:colcon.colcon_core.environment:checking '/home/derek-dietz/MSAI/ComputerVision/Final_Project/ws/interbotix/install/bin'
[1.603s] Level 1:colcon.colcon_core.environment:checking '/home/derek-dietz/MSAI/ComputerVision/Final_Project/ws/interbotix/install/lib/pkgconfig/interbotix_ros_xseries.pc'
[1.604s] Level 1:colcon.colcon_core.environment:checking '/home/derek-dietz/MSAI/ComputerVision/Final_Project/ws/interbotix/install/lib/python3.12/site-packages'
[1.604s] Level 1:colcon.colcon_core.shell:create_environment_hook('interbotix_ros_xseries', 'pythonpath')
[1.604s] INFO:colcon.colcon_core.shell:Creating environment hook '/home/derek-dietz/MSAI/ComputerVision/Final_Project/ws/interbotix/install/share/interbotix_ros_xseries/hook/pythonpath.ps1'
[1.604s] INFO:colcon.colcon_core.shell:Creating environment descriptor '/home/derek-dietz/MSAI/ComputerVision/Final_Project/ws/interbotix/install/share/interbotix_ros_xseries/hook/pythonpath.dsv'
[1.605s] INFO:colcon.colcon_core.shell:Creating environment hook '/home/derek-dietz/MSAI/ComputerVision/Final_Project/ws/interbotix/install/share/interbotix_ros_xseries/hook/pythonpath.sh'
[1.605s] Level 1:colcon.colcon_core.environment:checking '/home/derek-dietz/MSAI/ComputerVision/Final_Project/ws/interbotix/install/bin'
[1.606s] INFO:colcon.colcon_core.shell:Creating package script '/home/derek-dietz/MSAI/ComputerVision/Final_Project/ws/interbotix/install/share/interbotix_ros_xseries/package.ps1'
[1.606s] INFO:colcon.colcon_core.shell:Creating package descriptor '/home/derek-dietz/MSAI/ComputerVision/Final_Project/ws/interbotix/install/share/interbotix_ros_xseries/package.dsv'
[1.607s] INFO:colcon.colcon_core.shell:Creating package script '/home/derek-dietz/MSAI/ComputerVision/Final_Project/ws/interbotix/install/share/interbotix_ros_xseries/package.sh'
[1.608s] INFO:colcon.colcon_core.shell:Creating package script '/home/derek-dietz/MSAI/ComputerVision/Final_Project/ws/interbotix/install/share/interbotix_ros_xseries/package.bash'
[1.608s] INFO:colcon.colcon_core.shell:Creating package script '/home/derek-dietz/MSAI/ComputerVision/Final_Project/ws/interbotix/install/share/interbotix_ros_xseries/package.zsh'
[1.609s] Level 1:colcon.colcon_core.environment:create_file_with_runtime_dependencies(/home/derek-dietz/MSAI/ComputerVision/Final_Project/ws/interbotix/install/share/colcon-core/packages/interbotix_ros_xseries)
[1.710s] DEBUG:colcon.colcon_core.event_handler.log_command:Invoked command in '/home/derek-dietz/MSAI/ComputerVision/Final_Project/ws/interbotix/build/interbotix_xs_rviz' returned '0': CMAKE_PREFIX_PATH=${CMAKE_PREFIX_PATH}:/opt/ros/kilted DEBUGINFOD_URLS=https://debuginfod.ubuntu.com PYTHONPATH=/home/derek-dietz/MSAI/ComputerVision/Final_Project/ws/interbotix/install/lib/python3.12/site-packages:/home/derek-dietz/MSAI/ComputerVision/Final_Project/ros_ws/build/arm:/home/derek-dietz/MSAI/ComputerVision/Final_Project/ros_ws/install/arm/lib/python3.12/site-packages:/opt/ros/kilted/lib/python3.12/site-packages /usr/bin/cmake --build /home/derek-dietz/MSAI/ComputerVision/Final_Project/ws/interbotix/build/interbotix_xs_rviz -- -j22 -l22
[1.712s] DEBUG:colcon.colcon_core.event_handler.log_command:Invoking command in '/home/derek-dietz/MSAI/ComputerVision/Final_Project/ws/interbotix/build/interbotix_xs_rviz': CMAKE_PREFIX_PATH=${CMAKE_PREFIX_PATH}:/opt/ros/kilted DEBUGINFOD_URLS=https://debuginfod.ubuntu.com PYTHONPATH=/home/derek-dietz/MSAI/ComputerVision/Final_Project/ws/interbotix/install/lib/python3.12/site-packages:/home/derek-dietz/MSAI/ComputerVision/Final_Project/ros_ws/build/arm:/home/derek-dietz/MSAI/ComputerVision/Final_Project/ros_ws/install/arm/lib/python3.12/site-packages:/opt/ros/kilted/lib/python3.12/site-packages /usr/bin/cmake --install /home/derek-dietz/MSAI/ComputerVision/Final_Project/ws/interbotix/build/interbotix_xs_rviz
[1.725s] Level 1:colcon.colcon_core.environment:create_environment_scripts_only(interbotix_xs_rviz)
[1.725s] Level 1:colcon.colcon_core.environment:checking '/home/derek-dietz/MSAI/ComputerVision/Final_Project/ws/interbotix/install' for CMake module files
[1.726s] DEBUG:colcon.colcon_core.event_handler.log_command:Invoked command in '/home/derek-dietz/MSAI/ComputerVision/Final_Project/ws/interbotix/build/interbotix_xs_rviz' returned '0': CMAKE_PREFIX_PATH=${CMAKE_PREFIX_PATH}:/opt/ros/kilted DEBUGINFOD_URLS=https://debuginfod.ubuntu.com PYTHONPATH=/home/derek-dietz/MSAI/ComputerVision/Final_Project/ws/interbotix/install/lib/python3.12/site-packages:/home/derek-dietz/MSAI/ComputerVision/Final_Project/ros_ws/build/arm:/home/derek-dietz/MSAI/ComputerVision/Final_Project/ros_ws/install/arm/lib/python3.12/site-packages:/opt/ros/kilted/lib/python3.12/site-packages /usr/bin/cmake --install /home/derek-dietz/MSAI/ComputerVision/Final_Project/ws/interbotix/build/interbotix_xs_rviz
[1.726s] Level 1:colcon.colcon_core.environment:checking '/home/derek-dietz/MSAI/ComputerVision/Final_Project/ws/interbotix/install' for CMake config files
[1.727s] Level 1:colcon.colcon_core.shell:create_environment_hook('interbotix_xs_rviz', 'cmake_prefix_path')
[1.727s] INFO:colcon.colcon_core.shell:Creating environment hook '/home/derek-dietz/MSAI/ComputerVision/Final_Project/ws/interbotix/install/share/interbotix_xs_rviz/hook/cmake_prefix_path.ps1'
[1.728s] INFO:colcon.colcon_core.shell:Creating environment descriptor '/home/derek-dietz/MSAI/ComputerVision/Final_Project/ws/interbotix/install/share/interbotix_xs_rviz/hook/cmake_prefix_path.dsv'
[1.728s] INFO:colcon.colcon_core.shell:Creating environment hook '/home/derek-dietz/MSAI/ComputerVision/Final_Project/ws/interbotix/install/share/interbotix_xs_rviz/hook/cmake_prefix_path.sh'
[1.729s] Level 1:colcon.colcon_core.environment:checking '/home/derek-dietz/MSAI/ComputerVision/Final_Project/ws/interbotix/install/lib'
[1.729s] Level 1:colcon.colcon_core.shell:create_environment_hook('interbotix_xs_rviz', 'ld_library_path_lib')
[1.729s] INFO:colcon.colcon_core.shell:Creating environment hook '/home/derek-dietz/MSAI/ComputerVision/Final_Project/ws/interbotix/install/share/interbotix_xs_rviz/hook/ld_library_path_lib.ps1'
[1.730s] INFO:colcon.colcon_core.shell:Creating environment descriptor '/home/derek-dietz/MSAI/ComputerVision/Final_Project/ws/interbotix/install/share/interbotix_xs_rviz/hook/ld_library_path_lib.dsv'
[1.730s] INFO:colcon.colcon_core.shell:Creating environment hook '/home/derek-dietz/MSAI/ComputerVision/Final_Project/ws/interbotix/install/share/interbotix_xs_rviz/hook/ld_library_path_lib.sh'
[1.731s] Level 1:colcon.colcon_core.environment:checking '/home/derek-dietz/MSAI/ComputerVision/Final_Project/ws/interbotix/install/bin'
[1.731s] Level 1:colcon.colcon_core.environment:checking '/home/derek-dietz/MSAI/ComputerVision/Final_Project/ws/interbotix/install/lib/pkgconfig/interbotix_xs_rviz.pc'
[1.731s] Level 1:colcon.colcon_core.environment:checking '/home/derek-dietz/MSAI/ComputerVision/Final_Project/ws/interbotix/install/lib/python3.12/site-packages'
[1.731s] Level 1:colcon.colcon_core.shell:create_environment_hook('interbotix_xs_rviz', 'pythonpath')
[1.731s] INFO:colcon.colcon_core.shell:Creating environment hook '/home/derek-dietz/MSAI/ComputerVision/Final_Project/ws/interbotix/install/share/interbotix_xs_rviz/hook/pythonpath.ps1'
[1.732s] INFO:colcon.colcon_core.shell:Creating environment descriptor '/home/derek-dietz/MSAI/ComputerVision/Final_Project/ws/interbotix/install/share/interbotix_xs_rviz/hook/pythonpath.dsv'
[1.732s] INFO:colcon.colcon_core.shell:Creating environment hook '/home/derek-dietz/MSAI/ComputerVision/Final_Project/ws/interbotix/install/share/interbotix_xs_rviz/hook/pythonpath.sh'
[1.733s] Level 1:colcon.colcon_core.environment:checking '/home/derek-dietz/MSAI/ComputerVision/Final_Project/ws/interbotix/install/bin'
[1.733s] INFO:colcon.colcon_core.shell:Creating package script '/home/derek-dietz/MSAI/ComputerVision/Final_Project/ws/interbotix/install/share/interbotix_xs_rviz/package.ps1'
[1.734s] INFO:colcon.colcon_core.shell:Creating package descriptor '/home/derek-dietz/MSAI/ComputerVision/Final_Project/ws/interbotix/install/share/interbotix_xs_rviz/package.dsv'
[1.734s] INFO:colcon.colcon_core.shell:Creating package script '/home/derek-dietz/MSAI/ComputerVision/Final_Project/ws/interbotix/install/share/interbotix_xs_rviz/package.sh'
[1.735s] INFO:colcon.colcon_core.shell:Creating package script '/home/derek-dietz/MSAI/ComputerVision/Final_Project/ws/interbotix/install/share/interbotix_xs_rviz/package.bash'
[1.735s] INFO:colcon.colcon_core.shell:Creating package script '/home/derek-dietz/MSAI/ComputerVision/Final_Project/ws/interbotix/install/share/interbotix_xs_rviz/package.zsh'
[1.736s] Level 1:colcon.colcon_core.environment:create_file_with_runtime_dependencies(/home/derek-dietz/MSAI/ComputerVision/Final_Project/ws/interbotix/install/share/colcon-core/packages/interbotix_xs_rviz)
[1.736s] Level 1:colcon.colcon_core.environment:create_environment_scripts_only(interbotix_xs_rviz)
[1.736s] Level 1:colcon.colcon_core.environment:checking '/home/derek-dietz/MSAI/ComputerVision/Final_Project/ws/interbotix/install' for CMake module files
[1.737s] Level 1:colcon.colcon_core.environment:checking '/home/derek-dietz/MSAI/ComputerVision/Final_Project/ws/interbotix/install' for CMake config files
[1.738s] Level 1:colcon.colcon_core.shell:create_environment_hook('interbotix_xs_rviz', 'cmake_prefix_path')
[1.738s] INFO:colcon.colcon_core.shell:Creating environment hook '/home/derek-dietz/MSAI/ComputerVision/Final_Project/ws/interbotix/install/share/interbotix_xs_rviz/hook/cmake_prefix_path.ps1'
[1.738s] INFO:colcon.colcon_core.shell:Creating environment descriptor '/home/derek-dietz/MSAI/ComputerVision/Final_Project/ws/interbotix/install/share/interbotix_xs_rviz/hook/cmake_prefix_path.dsv'
[1.739s] INFO:colcon.colcon_core.shell:Creating environment hook '/home/derek-dietz/MSAI/ComputerVision/Final_Project/ws/interbotix/install/share/interbotix_xs_rviz/hook/cmake_prefix_path.sh'
[1.739s] Level 1:colcon.colcon_core.environment:checking '/home/derek-dietz/MSAI/ComputerVision/Final_Project/ws/interbotix/install/lib'
[1.740s] Level 1:colcon.colcon_core.shell:create_environment_hook('interbotix_xs_rviz', 'ld_library_path_lib')
[1.740s] INFO:colcon.colcon_core.shell:Creating environment hook '/home/derek-dietz/MSAI/ComputerVision/Final_Project/ws/interbotix/install/share/interbotix_xs_rviz/hook/ld_library_path_lib.ps1'
[1.740s] INFO:colcon.colcon_core.shell:Creating environment descriptor '/home/derek-dietz/MSAI/ComputerVision/Final_Project/ws/interbotix/install/share/interbotix_xs_rviz/hook/ld_library_path_lib.dsv'
[1.741s] INFO:colcon.colcon_core.shell:Creating environment hook '/home/derek-dietz/MSAI/ComputerVision/Final_Project/ws/interbotix/install/share/interbotix_xs_rviz/hook/ld_library_path_lib.sh'
[1.741s] Level 1:colcon.colcon_core.environment:checking '/home/derek-dietz/MSAI/ComputerVision/Final_Project/ws/interbotix/install/bin'
[1.741s] Level 1:colcon.colcon_core.environment:checking '/home/derek-dietz/MSAI/ComputerVision/Final_Project/ws/interbotix/install/lib/pkgconfig/interbotix_xs_rviz.pc'
[1.741s] Level 1:colcon.colcon_core.environment:checking '/home/derek-dietz/MSAI/ComputerVision/Final_Project/ws/interbotix/install/lib/python3.12/site-packages'
[1.742s] Level 1:colcon.colcon_core.shell:create_environment_hook('interbotix_xs_rviz', 'pythonpath')
[1.742s] INFO:colcon.colcon_core.shell:Creating environment hook '/home/derek-dietz/MSAI/ComputerVision/Final_Project/ws/interbotix/install/share/interbotix_xs_rviz/hook/pythonpath.ps1'
[1.742s] INFO:colcon.colcon_core.shell:Creating environment descriptor '/home/derek-dietz/MSAI/ComputerVision/Final_Project/ws/interbotix/install/share/interbotix_xs_rviz/hook/pythonpath.dsv'
[1.742s] INFO:colcon.colcon_core.shell:Creating environment hook '/home/derek-dietz/MSAI/ComputerVision/Final_Project/ws/interbotix/install/share/interbotix_xs_rviz/hook/pythonpath.sh'
[1.743s] Level 1:colcon.colcon_core.environment:checking '/home/derek-dietz/MSAI/ComputerVision/Final_Project/ws/interbotix/install/bin'
[1.744s] INFO:colcon.colcon_core.shell:Creating package script '/home/derek-dietz/MSAI/ComputerVision/Final_Project/ws/interbotix/install/share/interbotix_xs_rviz/package.ps1'
[1.744s] INFO:colcon.colcon_core.shell:Creating package descriptor '/home/derek-dietz/MSAI/ComputerVision/Final_Project/ws/interbotix/install/share/interbotix_xs_rviz/package.dsv'
[1.745s] INFO:colcon.colcon_core.shell:Creating package script '/home/derek-dietz/MSAI/ComputerVision/Final_Project/ws/interbotix/install/share/interbotix_xs_rviz/package.sh'
[1.745s] INFO:colcon.colcon_core.shell:Creating package script '/home/derek-dietz/MSAI/ComputerVision/Final_Project/ws/interbotix/install/share/interbotix_xs_rviz/package.bash'
[1.745s] INFO:colcon.colcon_core.shell:Creating package script '/home/derek-dietz/MSAI/ComputerVision/Final_Project/ws/interbotix/install/share/interbotix_xs_rviz/package.zsh'
[1.746s] Level 1:colcon.colcon_core.environment:create_file_with_runtime_dependencies(/home/derek-dietz/MSAI/ComputerVision/Final_Project/ws/interbotix/install/share/colcon-core/packages/interbotix_xs_rviz)
[1.752s] DEBUG:colcon.colcon_core.event_handler.log_command:Invoking command in '/home/derek-dietz/MSAI/ComputerVision/Final_Project/ws/interbotix/src/ModernRobotics/packages/Python': DEBUGINFOD_URLS=https://debuginfod.ubuntu.com PYTHONPATH=/home/derek-dietz/MSAI/ComputerVision/Final_Project/ws/interbotix/build/modern_robotics/prefix_override:/usr/lib/python3/dist-packages/colcon_core/task/python/colcon_distutils_commands:/home/derek-dietz/MSAI/ComputerVision/Final_Project/ws/interbotix/install/lib/python3.12/site-packages:${PYTHONPATH} /usr/bin/python3 -W ignore:setup.py install is deprecated -W ignore:easy_install command is deprecated setup.py egg_info --egg-base ../../../../build/modern_robotics build --build-base /home/derek-dietz/MSAI/ComputerVision/Final_Project/ws/interbotix/build/modern_robotics/build install --record /home/derek-dietz/MSAI/ComputerVision/Final_Project/ws/interbotix/build/modern_robotics/install.log --single-version-externally-managed
[1.810s] DEBUG:colcon.colcon_core.event_handler.log_command:Invoking command in '/home/derek-dietz/MSAI/ComputerVision/Final_Project/ws/interbotix/src/interbotix_ros_toolboxes/interbotix_common_toolbox/interbotix_common_modules': DEBUGINFOD_URLS=https://debuginfod.ubuntu.com PYTHONPATH=/home/derek-dietz/MSAI/ComputerVision/Final_Project/ws/interbotix/build/interbotix_common_modules/prefix_override:/usr/lib/python3/dist-packages/colcon_core/task/python/colcon_distutils_commands:/home/derek-dietz/MSAI/ComputerVision/Final_Project/ws/interbotix/install/lib/python3.12/site-packages:${PYTHONPATH} /usr/bin/python3 -W ignore:setup.py install is deprecated -W ignore:easy_install command is deprecated setup.py egg_info --egg-base ../../../../build/interbotix_common_modules build --build-base /home/derek-dietz/MSAI/ComputerVision/Final_Project/ws/interbotix/build/interbotix_common_modules/build install --record /home/derek-dietz/MSAI/ComputerVision/Final_Project/ws/interbotix/build/interbotix_common_modules/install.log --single-version-externally-managed install_data
[2.072s] Level 1:colcon.colcon_core.environment:checking '/home/derek-dietz/MSAI/ComputerVision/Final_Project/ws/interbotix/install' for CMake module files
[2.073s] DEBUG:colcon.colcon_core.event_handler.log_command:Invoked command in '/home/derek-dietz/MSAI/ComputerVision/Final_Project/ws/interbotix/src/arm' returned '0': DEBUGINFOD_URLS=https://debuginfod.ubuntu.com PYTHONPATH=/home/derek-dietz/MSAI/ComputerVision/Final_Project/ws/interbotix/build/arm/prefix_override:/usr/lib/python3/dist-packages/colcon_core/task/python/colcon_distutils_commands:/home/derek-dietz/MSAI/ComputerVision/Final_Project/ws/interbotix/install/lib/python3.12/site-packages:${PYTHONPATH} /usr/bin/python3 -W ignore:setup.py install is deprecated -W ignore:easy_install command is deprecated setup.py egg_info --egg-base ../../build/arm build --build-base /home/derek-dietz/MSAI/ComputerVision/Final_Project/ws/interbotix/build/arm/build install --record /home/derek-dietz/MSAI/ComputerVision/Final_Project/ws/interbotix/build/arm/install.log --single-version-externally-managed install_data
[2.074s] Level 1:colcon.colcon_core.environment:checking '/home/derek-dietz/MSAI/ComputerVision/Final_Project/ws/interbotix/install' for CMake config files
[2.075s] Level 1:colcon.colcon_core.shell:create_environment_hook('arm', 'cmake_prefix_path')
[2.075s] INFO:colcon.colcon_core.shell:Creating environment hook '/home/derek-dietz/MSAI/ComputerVision/Final_Project/ws/interbotix/install/share/arm/hook/cmake_prefix_path.ps1'
[2.075s] INFO:colcon.colcon_core.shell:Creating environment descriptor '/home/derek-dietz/MSAI/ComputerVision/Final_Project/ws/interbotix/install/share/arm/hook/cmake_prefix_path.dsv'
[2.076s] INFO:colcon.colcon_core.shell:Creating environment hook '/home/derek-dietz/MSAI/ComputerVision/Final_Project/ws/interbotix/install/share/arm/hook/cmake_prefix_path.sh'
[2.077s] Level 1:colcon.colcon_core.environment:checking '/home/derek-dietz/MSAI/ComputerVision/Final_Project/ws/interbotix/install/lib'
[2.077s] Level 1:colcon.colcon_core.shell:create_environment_hook('arm', 'ld_library_path_lib')
[2.077s] INFO:colcon.colcon_core.shell:Creating environment hook '/home/derek-dietz/MSAI/ComputerVision/Final_Project/ws/interbotix/install/share/arm/hook/ld_library_path_lib.ps1'
[2.077s] INFO:colcon.colcon_core.shell:Creating environment descriptor '/home/derek-dietz/MSAI/ComputerVision/Final_Project/ws/interbotix/install/share/arm/hook/ld_library_path_lib.dsv'
[2.078s] INFO:colcon.colcon_core.shell:Creating environment hook '/home/derek-dietz/MSAI/ComputerVision/Final_Project/ws/interbotix/install/share/arm/hook/ld_library_path_lib.sh'
[2.078s] Level 1:colcon.colcon_core.environment:checking '/home/derek-dietz/MSAI/ComputerVision/Final_Project/ws/interbotix/install/bin'
[2.078s] Level 1:colcon.colcon_core.environment:checking '/home/derek-dietz/MSAI/ComputerVision/Final_Project/ws/interbotix/install/lib/pkgconfig/arm.pc'
[2.079s] Level 1:colcon.colcon_core.environment:checking '/home/derek-dietz/MSAI/ComputerVision/Final_Project/ws/interbotix/install/lib/python3.12/site-packages'
[2.079s] Level 1:colcon.colcon_core.shell:create_environment_hook('arm', 'pythonpath')
[2.079s] INFO:colcon.colcon_core.shell:Creating environment hook '/home/derek-dietz/MSAI/ComputerVision/Final_Project/ws/interbotix/install/share/arm/hook/pythonpath.ps1'
[2.079s] INFO:colcon.colcon_core.shell:Creating environment descriptor '/home/derek-dietz/MSAI/ComputerVision/Final_Project/ws/interbotix/install/share/arm/hook/pythonpath.dsv'
[2.080s] INFO:colcon.colcon_core.shell:Creating environment hook '/home/derek-dietz/MSAI/ComputerVision/Final_Project/ws/interbotix/install/share/arm/hook/pythonpath.sh'
[2.081s] Level 1:colcon.colcon_core.environment:checking '/home/derek-dietz/MSAI/ComputerVision/Final_Project/ws/interbotix/install/bin'
[2.081s] Level 1:colcon.colcon_core.environment:create_environment_scripts_only(arm)
[2.081s] INFO:colcon.colcon_core.shell:Creating package script '/home/derek-dietz/MSAI/ComputerVision/Final_Project/ws/interbotix/install/share/arm/package.ps1'
[2.081s] INFO:colcon.colcon_core.shell:Creating package descriptor '/home/derek-dietz/MSAI/ComputerVision/Final_Project/ws/interbotix/install/share/arm/package.dsv'
[2.082s] INFO:colcon.colcon_core.shell:Creating package script '/home/derek-dietz/MSAI/ComputerVision/Final_Project/ws/interbotix/install/share/arm/package.sh'
[2.082s] INFO:colcon.colcon_core.shell:Creating package script '/home/derek-dietz/MSAI/ComputerVision/Final_Project/ws/interbotix/install/share/arm/package.bash'
[2.083s] INFO:colcon.colcon_core.shell:Creating package script '/home/derek-dietz/MSAI/ComputerVision/Final_Project/ws/interbotix/install/share/arm/package.zsh'
[2.083s] Level 1:colcon.colcon_core.environment:create_file_with_runtime_dependencies(/home/derek-dietz/MSAI/ComputerVision/Final_Project/ws/interbotix/install/share/colcon-core/packages/arm)
[2.324s] Level 1:colcon.colcon_core.environment:checking '/home/derek-dietz/MSAI/ComputerVision/Final_Project/ws/interbotix/install' for CMake module files
[2.325s] DEBUG:colcon.colcon_core.event_handler.log_command:Invoked command in '/home/derek-dietz/MSAI/ComputerVision/Final_Project/ws/interbotix/src/interbotix_ros_toolboxes/interbotix_common_toolbox/interbotix_common_modules' returned '0': DEBUGINFOD_URLS=https://debuginfod.ubuntu.com PYTHONPATH=/home/derek-dietz/MSAI/ComputerVision/Final_Project/ws/interbotix/build/interbotix_common_modules/prefix_override:/usr/lib/python3/dist-packages/colcon_core/task/python/colcon_distutils_commands:/home/derek-dietz/MSAI/ComputerVision/Final_Project/ws/interbotix/install/lib/python3.12/site-packages:${PYTHONPATH} /usr/bin/python3 -W ignore:setup.py install is deprecated -W ignore:easy_install command is deprecated setup.py egg_info --egg-base ../../../../build/interbotix_common_modules build --build-base /home/derek-dietz/MSAI/ComputerVision/Final_Project/ws/interbotix/build/interbotix_common_modules/build install --record /home/derek-dietz/MSAI/ComputerVision/Final_Project/ws/interbotix/build/interbotix_common_modules/install.log --single-version-externally-managed install_data
[2.325s] Level 1:colcon.colcon_core.environment:checking '/home/derek-dietz/MSAI/ComputerVision/Final_Project/ws/interbotix/install' for CMake config files
[2.326s] Level 1:colcon.colcon_core.shell:create_environment_hook('interbotix_common_modules', 'cmake_prefix_path')
[2.326s] INFO:colcon.colcon_core.shell:Creating environment hook '/home/derek-dietz/MSAI/ComputerVision/Final_Project/ws/interbotix/install/share/interbotix_common_modules/hook/cmake_prefix_path.ps1'
[2.327s] INFO:colcon.colcon_core.shell:Creating environment descriptor '/home/derek-dietz/MSAI/ComputerVision/Final_Project/ws/interbotix/install/share/interbotix_common_modules/hook/cmake_prefix_path.dsv'
[2.327s] INFO:colcon.colcon_core.shell:Creating environment hook '/home/derek-dietz/MSAI/ComputerVision/Final_Project/ws/interbotix/install/share/interbotix_common_modules/hook/cmake_prefix_path.sh'
[2.328s] Level 1:colcon.colcon_core.environment:checking '/home/derek-dietz/MSAI/ComputerVision/Final_Project/ws/interbotix/install/lib'
[2.328s] Level 1:colcon.colcon_core.shell:create_environment_hook('interbotix_common_modules', 'ld_library_path_lib')
[2.329s] INFO:colcon.colcon_core.shell:Creating environment hook '/home/derek-dietz/MSAI/ComputerVision/Final_Project/ws/interbotix/install/share/interbotix_common_modules/hook/ld_library_path_lib.ps1'
[2.329s] INFO:colcon.colcon_core.shell:Creating environment descriptor '/home/derek-dietz/MSAI/ComputerVision/Final_Project/ws/interbotix/install/share/interbotix_common_modules/hook/ld_library_path_lib.dsv'
[2.330s] INFO:colcon.colcon_core.shell:Creating environment hook '/home/derek-dietz/MSAI/ComputerVision/Final_Project/ws/interbotix/install/share/interbotix_common_modules/hook/ld_library_path_lib.sh'
[2.330s] Level 1:colcon.colcon_core.environment:checking '/home/derek-dietz/MSAI/ComputerVision/Final_Project/ws/interbotix/install/bin'
[2.330s] Level 1:colcon.colcon_core.environment:checking '/home/derek-dietz/MSAI/ComputerVision/Final_Project/ws/interbotix/install/lib/pkgconfig/interbotix_common_modules.pc'
[2.330s] Level 1:colcon.colcon_core.environment:checking '/home/derek-dietz/MSAI/ComputerVision/Final_Project/ws/interbotix/install/lib/python3.12/site-packages'
[2.331s] Level 1:colcon.colcon_core.shell:create_environment_hook('interbotix_common_modules', 'pythonpath')
[2.331s] INFO:colcon.colcon_core.shell:Creating environment hook '/home/derek-dietz/MSAI/ComputerVision/Final_Project/ws/interbotix/install/share/interbotix_common_modules/hook/pythonpath.ps1'
[2.331s] INFO:colcon.colcon_core.shell:Creating environment descriptor '/home/derek-dietz/MSAI/ComputerVision/Final_Project/ws/interbotix/install/share/interbotix_common_modules/hook/pythonpath.dsv'
[2.332s] INFO:colcon.colcon_core.shell:Creating environment hook '/home/derek-dietz/MSAI/ComputerVision/Final_Project/ws/interbotix/install/share/interbotix_common_modules/hook/pythonpath.sh'
[2.333s] Level 1:colcon.colcon_core.environment:checking '/home/derek-dietz/MSAI/ComputerVision/Final_Project/ws/interbotix/install/bin'
[2.333s] Level 1:colcon.colcon_core.environment:create_environment_scripts_only(interbotix_common_modules)
[2.333s] INFO:colcon.colcon_core.shell:Creating package script '/home/derek-dietz/MSAI/ComputerVision/Final_Project/ws/interbotix/install/share/interbotix_common_modules/package.ps1'
[2.334s] INFO:colcon.colcon_core.shell:Creating package descriptor '/home/derek-dietz/MSAI/ComputerVision/Final_Project/ws/interbotix/install/share/interbotix_common_modules/package.dsv'
[2.334s] INFO:colcon.colcon_core.shell:Creating package script '/home/derek-dietz/MSAI/ComputerVision/Final_Project/ws/interbotix/install/share/interbotix_common_modules/package.sh'
[2.335s] INFO:colcon.colcon_core.shell:Creating package script '/home/derek-dietz/MSAI/ComputerVision/Final_Project/ws/interbotix/install/share/interbotix_common_modules/package.bash'
[2.335s] INFO:colcon.colcon_core.shell:Creating package script '/home/derek-dietz/MSAI/ComputerVision/Final_Project/ws/interbotix/install/share/interbotix_common_modules/package.zsh'
[2.335s] Level 1:colcon.colcon_core.environment:create_file_with_runtime_dependencies(/home/derek-dietz/MSAI/ComputerVision/Final_Project/ws/interbotix/install/share/colcon-core/packages/interbotix_common_modules)
[2.336s] INFO:colcon.colcon_ros.task.ament_python.build:Building ROS package in '/home/derek-dietz/MSAI/ComputerVision/Final_Project/ws/interbotix/src/interbotix_ros_toolboxes/interbotix_xs_toolbox/interbotix_xs_modules' with build type 'ament_python'
[2.336s] Level 1:colcon.colcon_core.shell:create_environment_hook('interbotix_xs_modules', 'ament_prefix_path')
[2.336s] INFO:colcon.colcon_core.shell:Creating environment hook '/home/derek-dietz/MSAI/ComputerVision/Final_Project/ws/interbotix/install/share/interbotix_xs_modules/hook/ament_prefix_path.ps1'
[2.337s] INFO:colcon.colcon_core.shell:Creating environment descriptor '/home/derek-dietz/MSAI/ComputerVision/Final_Project/ws/interbotix/install/share/interbotix_xs_modules/hook/ament_prefix_path.dsv'
[2.337s] INFO:colcon.colcon_core.shell:Creating environment hook '/home/derek-dietz/MSAI/ComputerVision/Final_Project/ws/interbotix/install/share/interbotix_xs_modules/hook/ament_prefix_path.sh'
[2.338s] INFO:colcon.colcon_core.shell:Skip shell extension 'powershell' for command environment: Not usable outside of PowerShell
[2.338s] DEBUG:colcon.colcon_core.shell:Skip shell extension 'dsv' for command environment
[2.341s] INFO:colcon.colcon_ros.task.ament_cmake.build:Building ROS package in '/home/derek-dietz/MSAI/ComputerVision/Final_Project/ws/interbotix/src/interbotix_ros_toolboxes/interbotix_common_toolbox/interbotix_common_toolbox' with build type 'ament_cmake'
[2.341s] INFO:colcon.colcon_cmake.task.cmake.build:Building CMake package in '/home/derek-dietz/MSAI/ComputerVision/Final_Project/ws/interbotix/src/interbotix_ros_toolboxes/interbotix_common_toolbox/interbotix_common_toolbox'
[2.341s] INFO:colcon.colcon_core.shell:Skip shell extension 'powershell' for command environment: Not usable outside of PowerShell
[2.341s] DEBUG:colcon.colcon_core.shell:Skip shell extension 'dsv' for command environment
[2.344s] Level 1:colcon.colcon_core.environment:checking '/home/derek-dietz/MSAI/ComputerVision/Final_Project/ws/interbotix/install' for CMake module files
[2.345s] DEBUG:colcon.colcon_core.event_handler.log_command:Invoked command in '/home/derek-dietz/MSAI/ComputerVision/Final_Project/ws/interbotix/src/ModernRobotics/packages/Python' returned '0': DEBUGINFOD_URLS=https://debuginfod.ubuntu.com PYTHONPATH=/home/derek-dietz/MSAI/ComputerVision/Final_Project/ws/interbotix/build/modern_robotics/prefix_override:/usr/lib/python3/dist-packages/colcon_core/task/python/colcon_distutils_commands:/home/derek-dietz/MSAI/ComputerVision/Final_Project/ws/interbotix/install/lib/python3.12/site-packages:${PYTHONPATH} /usr/bin/python3 -W ignore:setup.py install is deprecated -W ignore:easy_install command is deprecated setup.py egg_info --egg-base ../../../../build/modern_robotics build --build-base /home/derek-dietz/MSAI/ComputerVision/Final_Project/ws/interbotix/build/modern_robotics/build install --record /home/derek-dietz/MSAI/ComputerVision/Final_Project/ws/interbotix/build/modern_robotics/install.log --single-version-externally-managed
[2.345s] Level 1:colcon.colcon_core.environment:checking '/home/derek-dietz/MSAI/ComputerVision/Final_Project/ws/interbotix/install' for CMake config files
[2.345s] Level 1:colcon.colcon_core.shell:create_environment_hook('modern_robotics', 'cmake_prefix_path')
[2.346s] INFO:colcon.colcon_core.shell:Creating environment hook '/home/derek-dietz/MSAI/ComputerVision/Final_Project/ws/interbotix/install/share/modern_robotics/hook/cmake_prefix_path.ps1'
[2.346s] INFO:colcon.colcon_core.shell:Creating environment descriptor '/home/derek-dietz/MSAI/ComputerVision/Final_Project/ws/interbotix/install/share/modern_robotics/hook/cmake_prefix_path.dsv'
[2.346s] INFO:colcon.colcon_core.shell:Creating environment hook '/home/derek-dietz/MSAI/ComputerVision/Final_Project/ws/interbotix/install/share/modern_robotics/hook/cmake_prefix_path.sh'
[2.346s] Level 1:colcon.colcon_core.environment:checking '/home/derek-dietz/MSAI/ComputerVision/Final_Project/ws/interbotix/install/lib'
[2.346s] Level 1:colcon.colcon_core.shell:create_environment_hook('modern_robotics', 'ld_library_path_lib')
[2.346s] INFO:colcon.colcon_core.shell:Creating environment hook '/home/derek-dietz/MSAI/ComputerVision/Final_Project/ws/interbotix/install/share/modern_robotics/hook/ld_library_path_lib.ps1'
[2.347s] INFO:colcon.colcon_core.shell:Creating environment descriptor '/home/derek-dietz/MSAI/ComputerVision/Final_Project/ws/interbotix/install/share/modern_robotics/hook/ld_library_path_lib.dsv'
[2.347s] INFO:colcon.colcon_core.shell:Creating environment hook '/home/derek-dietz/MSAI/ComputerVision/Final_Project/ws/interbotix/install/share/modern_robotics/hook/ld_library_path_lib.sh'
[2.347s] Level 1:colcon.colcon_core.environment:checking '/home/derek-dietz/MSAI/ComputerVision/Final_Project/ws/interbotix/install/bin'
[2.347s] Level 1:colcon.colcon_core.environment:checking '/home/derek-dietz/MSAI/ComputerVision/Final_Project/ws/interbotix/install/lib/pkgconfig/modern_robotics.pc'
[2.347s] Level 1:colcon.colcon_core.environment:checking '/home/derek-dietz/MSAI/ComputerVision/Final_Project/ws/interbotix/install/lib/python3.12/site-packages'
[2.347s] Level 1:colcon.colcon_core.shell:create_environment_hook('modern_robotics', 'pythonpath')
[2.347s] INFO:colcon.colcon_core.shell:Creating environment hook '/home/derek-dietz/MSAI/ComputerVision/Final_Project/ws/interbotix/install/share/modern_robotics/hook/pythonpath.ps1'
[2.348s] INFO:colcon.colcon_core.shell:Creating environment descriptor '/home/derek-dietz/MSAI/ComputerVision/Final_Project/ws/interbotix/install/share/modern_robotics/hook/pythonpath.dsv'
[2.348s] INFO:colcon.colcon_core.shell:Creating environment hook '/home/derek-dietz/MSAI/ComputerVision/Final_Project/ws/interbotix/install/share/modern_robotics/hook/pythonpath.sh'
[2.348s] Level 1:colcon.colcon_core.environment:checking '/home/derek-dietz/MSAI/ComputerVision/Final_Project/ws/interbotix/install/bin'
[2.348s] Level 1:colcon.colcon_core.environment:create_environment_scripts_only(modern_robotics)
[2.348s] INFO:colcon.colcon_core.shell:Creating package script '/home/derek-dietz/MSAI/ComputerVision/Final_Project/ws/interbotix/install/share/modern_robotics/package.ps1'
[2.349s] INFO:colcon.colcon_core.shell:Creating package descriptor '/home/derek-dietz/MSAI/ComputerVision/Final_Project/ws/interbotix/install/share/modern_robotics/package.dsv'
[2.349s] INFO:colcon.colcon_core.shell:Creating package script '/home/derek-dietz/MSAI/ComputerVision/Final_Project/ws/interbotix/install/share/modern_robotics/package.sh'
[2.349s] INFO:colcon.colcon_core.shell:Creating package script '/home/derek-dietz/MSAI/ComputerVision/Final_Project/ws/interbotix/install/share/modern_robotics/package.bash'
[2.349s] INFO:colcon.colcon_core.shell:Creating package script '/home/derek-dietz/MSAI/ComputerVision/Final_Project/ws/interbotix/install/share/modern_robotics/package.zsh'
[2.350s] Level 1:colcon.colcon_core.environment:create_file_with_runtime_dependencies(/home/derek-dietz/MSAI/ComputerVision/Final_Project/ws/interbotix/install/share/colcon-core/packages/modern_robotics)
[2.353s] DEBUG:colcon.colcon_core.event_handler.log_command:Invoking command in '/home/derek-dietz/MSAI/ComputerVision/Final_Project/ws/interbotix/build/interbotix_common_toolbox': CMAKE_PREFIX_PATH=${CMAKE_PREFIX_PATH}:/opt/ros/kilted DEBUGINFOD_URLS=https://debuginfod.ubuntu.com PYTHONPATH=/home/derek-dietz/MSAI/ComputerVision/Final_Project/ws/interbotix/install/lib/python3.12/site-packages:/home/derek-dietz/MSAI/ComputerVision/Final_Project/ros_ws/build/arm:/home/derek-dietz/MSAI/ComputerVision/Final_Project/ros_ws/install/arm/lib/python3.12/site-packages:/opt/ros/kilted/lib/python3.12/site-packages /usr/bin/cmake --build /home/derek-dietz/MSAI/ComputerVision/Final_Project/ws/interbotix/build/interbotix_common_toolbox -- -j22 -l22
[2.529s] INFO:colcon.colcon_core.task.python.build:Building Python package in '/home/derek-dietz/MSAI/ComputerVision/Final_Project/ws/interbotix/src/interbotix_ros_toolboxes/interbotix_xs_toolbox/interbotix_xs_modules'
[2.529s] INFO:colcon.colcon_core.shell:Skip shell extension 'powershell' for command environment: Not usable outside of PowerShell
[2.529s] DEBUG:colcon.colcon_core.shell:Skip shell extension 'dsv' for command environment
[2.537s] DEBUG:colcon.colcon_core.event_handler.log_command:Invoked command in '/home/derek-dietz/MSAI/ComputerVision/Final_Project/ws/interbotix/build/interbotix_common_toolbox' returned '0': CMAKE_PREFIX_PATH=${CMAKE_PREFIX_PATH}:/opt/ros/kilted DEBUGINFOD_URLS=https://debuginfod.ubuntu.com PYTHONPATH=/home/derek-dietz/MSAI/ComputerVision/Final_Project/ws/interbotix/install/lib/python3.12/site-packages:/home/derek-dietz/MSAI/ComputerVision/Final_Project/ros_ws/build/arm:/home/derek-dietz/MSAI/ComputerVision/Final_Project/ros_ws/install/arm/lib/python3.12/site-packages:/opt/ros/kilted/lib/python3.12/site-packages /usr/bin/cmake --build /home/derek-dietz/MSAI/ComputerVision/Final_Project/ws/interbotix/build/interbotix_common_toolbox -- -j22 -l22
[2.538s] DEBUG:colcon.colcon_core.event_handler.log_command:Invoking command in '/home/derek-dietz/MSAI/ComputerVision/Final_Project/ws/interbotix/build/interbotix_common_toolbox': CMAKE_PREFIX_PATH=${CMAKE_PREFIX_PATH}:/opt/ros/kilted DEBUGINFOD_URLS=https://debuginfod.ubuntu.com PYTHONPATH=/home/derek-dietz/MSAI/ComputerVision/Final_Project/ws/interbotix/install/lib/python3.12/site-packages:/home/derek-dietz/MSAI/ComputerVision/Final_Project/ros_ws/build/arm:/home/derek-dietz/MSAI/ComputerVision/Final_Project/ros_ws/install/arm/lib/python3.12/site-packages:/opt/ros/kilted/lib/python3.12/site-packages /usr/bin/cmake --install /home/derek-dietz/MSAI/ComputerVision/Final_Project/ws/interbotix/build/interbotix_common_toolbox
[2.551s] Level 1:colcon.colcon_core.environment:create_environment_scripts_only(interbotix_common_toolbox)
[2.551s] DEBUG:colcon.colcon_core.event_handler.log_command:Invoked command in '/home/derek-dietz/MSAI/ComputerVision/Final_Project/ws/interbotix/build/interbotix_common_toolbox' returned '0': CMAKE_PREFIX_PATH=${CMAKE_PREFIX_PATH}:/opt/ros/kilted DEBUGINFOD_URLS=https://debuginfod.ubuntu.com PYTHONPATH=/home/derek-dietz/MSAI/ComputerVision/Final_Project/ws/interbotix/install/lib/python3.12/site-packages:/home/derek-dietz/MSAI/ComputerVision/Final_Project/ros_ws/build/arm:/home/derek-dietz/MSAI/ComputerVision/Final_Project/ros_ws/install/arm/lib/python3.12/site-packages:/opt/ros/kilted/lib/python3.12/site-packages /usr/bin/cmake --install /home/derek-dietz/MSAI/ComputerVision/Final_Project/ws/interbotix/build/interbotix_common_toolbox
[2.552s] Level 1:colcon.colcon_core.environment:checking '/home/derek-dietz/MSAI/ComputerVision/Final_Project/ws/interbotix/install' for CMake module files
[2.553s] Level 1:colcon.colcon_core.environment:checking '/home/derek-dietz/MSAI/ComputerVision/Final_Project/ws/interbotix/install' for CMake config files
[2.554s] Level 1:colcon.colcon_core.shell:create_environment_hook('interbotix_common_toolbox', 'cmake_prefix_path')
[2.554s] INFO:colcon.colcon_core.shell:Creating environment hook '/home/derek-dietz/MSAI/ComputerVision/Final_Project/ws/interbotix/install/share/interbotix_common_toolbox/hook/cmake_prefix_path.ps1'
[2.555s] INFO:colcon.colcon_core.shell:Creating environment descriptor '/home/derek-dietz/MSAI/ComputerVision/Final_Project/ws/interbotix/install/share/interbotix_common_toolbox/hook/cmake_prefix_path.dsv'
[2.555s] INFO:colcon.colcon_core.shell:Creating environment hook '/home/derek-dietz/MSAI/ComputerVision/Final_Project/ws/interbotix/install/share/interbotix_common_toolbox/hook/cmake_prefix_path.sh'
[2.556s] Level 1:colcon.colcon_core.environment:checking '/home/derek-dietz/MSAI/ComputerVision/Final_Project/ws/interbotix/install/lib'
[2.556s] Level 1:colcon.colcon_core.shell:create_environment_hook('interbotix_common_toolbox', 'ld_library_path_lib')
[2.556s] INFO:colcon.colcon_core.shell:Creating environment hook '/home/derek-dietz/MSAI/ComputerVision/Final_Project/ws/interbotix/install/share/interbotix_common_toolbox/hook/ld_library_path_lib.ps1'
[2.557s] INFO:colcon.colcon_core.shell:Creating environment descriptor '/home/derek-dietz/MSAI/ComputerVision/Final_Project/ws/interbotix/install/share/interbotix_common_toolbox/hook/ld_library_path_lib.dsv'
[2.557s] INFO:colcon.colcon_core.shell:Creating environment hook '/home/derek-dietz/MSAI/ComputerVision/Final_Project/ws/interbotix/install/share/interbotix_common_toolbox/hook/ld_library_path_lib.sh'
[2.558s] Level 1:colcon.colcon_core.environment:checking '/home/derek-dietz/MSAI/ComputerVision/Final_Project/ws/interbotix/install/bin'
[2.558s] Level 1:colcon.colcon_core.environment:checking '/home/derek-dietz/MSAI/ComputerVision/Final_Project/ws/interbotix/install/lib/pkgconfig/interbotix_common_toolbox.pc'
[2.558s] Level 1:colcon.colcon_core.environment:checking '/home/derek-dietz/MSAI/ComputerVision/Final_Project/ws/interbotix/install/lib/python3.12/site-packages'
[2.559s] Level 1:colcon.colcon_core.shell:create_environment_hook('interbotix_common_toolbox', 'pythonpath')
[2.559s] INFO:colcon.colcon_core.shell:Creating environment hook '/home/derek-dietz/MSAI/ComputerVision/Final_Project/ws/interbotix/install/share/interbotix_common_toolbox/hook/pythonpath.ps1'
[2.559s] INFO:colcon.colcon_core.shell:Creating environment descriptor '/home/derek-dietz/MSAI/ComputerVision/Final_Project/ws/interbotix/install/share/interbotix_common_toolbox/hook/pythonpath.dsv'
[2.560s] INFO:colcon.colcon_core.shell:Creating environment hook '/home/derek-dietz/MSAI/ComputerVision/Final_Project/ws/interbotix/install/share/interbotix_common_toolbox/hook/pythonpath.sh'
[2.561s] Level 1:colcon.colcon_core.environment:checking '/home/derek-dietz/MSAI/ComputerVision/Final_Project/ws/interbotix/install/bin'
[2.561s] INFO:colcon.colcon_core.shell:Creating package script '/home/derek-dietz/MSAI/ComputerVision/Final_Project/ws/interbotix/install/share/interbotix_common_toolbox/package.ps1'
[2.562s] INFO:colcon.colcon_core.shell:Creating package descriptor '/home/derek-dietz/MSAI/ComputerVision/Final_Project/ws/interbotix/install/share/interbotix_common_toolbox/package.dsv'
[2.562s] INFO:colcon.colcon_core.shell:Creating package script '/home/derek-dietz/MSAI/ComputerVision/Final_Project/ws/interbotix/install/share/interbotix_common_toolbox/package.sh'
[2.563s] INFO:colcon.colcon_core.shell:Creating package script '/home/derek-dietz/MSAI/ComputerVision/Final_Project/ws/interbotix/install/share/interbotix_common_toolbox/package.bash'
[2.563s] INFO:colcon.colcon_core.shell:Creating package script '/home/derek-dietz/MSAI/ComputerVision/Final_Project/ws/interbotix/install/share/interbotix_common_toolbox/package.zsh'
[2.564s] Level 1:colcon.colcon_core.environment:create_file_with_runtime_dependencies(/home/derek-dietz/MSAI/ComputerVision/Final_Project/ws/interbotix/install/share/colcon-core/packages/interbotix_common_toolbox)
[2.564s] Level 1:colcon.colcon_core.environment:create_environment_scripts_only(interbotix_common_toolbox)
[2.564s] Level 1:colcon.colcon_core.environment:checking '/home/derek-dietz/MSAI/ComputerVision/Final_Project/ws/interbotix/install' for CMake module files
[2.565s] Level 1:colcon.colcon_core.environment:checking '/home/derek-dietz/MSAI/ComputerVision/Final_Project/ws/interbotix/install' for CMake config files
[2.566s] Level 1:colcon.colcon_core.shell:create_environment_hook('interbotix_common_toolbox', 'cmake_prefix_path')
[2.566s] INFO:colcon.colcon_core.shell:Creating environment hook '/home/derek-dietz/MSAI/ComputerVision/Final_Project/ws/interbotix/install/share/interbotix_common_toolbox/hook/cmake_prefix_path.ps1'
[2.566s] INFO:colcon.colcon_core.shell:Creating environment descriptor '/home/derek-dietz/MSAI/ComputerVision/Final_Project/ws/interbotix/install/share/interbotix_common_toolbox/hook/cmake_prefix_path.dsv'
[2.567s] INFO:colcon.colcon_core.shell:Creating environment hook '/home/derek-dietz/MSAI/ComputerVision/Final_Project/ws/interbotix/install/share/interbotix_common_toolbox/hook/cmake_prefix_path.sh'
[2.567s] Level 1:colcon.colcon_core.environment:checking '/home/derek-dietz/MSAI/ComputerVision/Final_Project/ws/interbotix/install/lib'
[2.568s] Level 1:colcon.colcon_core.shell:create_environment_hook('interbotix_common_toolbox', 'ld_library_path_lib')
[2.568s] INFO:colcon.colcon_core.shell:Creating environment hook '/home/derek-dietz/MSAI/ComputerVision/Final_Project/ws/interbotix/install/share/interbotix_common_toolbox/hook/ld_library_path_lib.ps1'
[2.568s] INFO:colcon.colcon_core.shell:Creating environment descriptor '/home/derek-dietz/MSAI/ComputerVision/Final_Project/ws/interbotix/install/share/interbotix_common_toolbox/hook/ld_library_path_lib.dsv'
[2.569s] INFO:colcon.colcon_core.shell:Creating environment hook '/home/derek-dietz/MSAI/ComputerVision/Final_Project/ws/interbotix/install/share/interbotix_common_toolbox/hook/ld_library_path_lib.sh'
[2.569s] Level 1:colcon.colcon_core.environment:checking '/home/derek-dietz/MSAI/ComputerVision/Final_Project/ws/interbotix/install/bin'
[2.569s] Level 1:colcon.colcon_core.environment:checking '/home/derek-dietz/MSAI/ComputerVision/Final_Project/ws/interbotix/install/lib/pkgconfig/interbotix_common_toolbox.pc'
[2.569s] Level 1:colcon.colcon_core.environment:checking '/home/derek-dietz/MSAI/ComputerVision/Final_Project/ws/interbotix/install/lib/python3.12/site-packages'
[2.570s] Level 1:colcon.colcon_core.shell:create_environment_hook('interbotix_common_toolbox', 'pythonpath')
[2.570s] INFO:colcon.colcon_core.shell:Creating environment hook '/home/derek-dietz/MSAI/ComputerVision/Final_Project/ws/interbotix/install/share/interbotix_common_toolbox/hook/pythonpath.ps1'
[2.570s] INFO:colcon.colcon_core.shell:Creating environment descriptor '/home/derek-dietz/MSAI/ComputerVision/Final_Project/ws/interbotix/install/share/interbotix_common_toolbox/hook/pythonpath.dsv'
[2.570s] INFO:colcon.colcon_core.shell:Creating environment hook '/home/derek-dietz/MSAI/ComputerVision/Final_Project/ws/interbotix/install/share/interbotix_common_toolbox/hook/pythonpath.sh'
[2.571s] Level 1:colcon.colcon_core.environment:checking '/home/derek-dietz/MSAI/ComputerVision/Final_Project/ws/interbotix/install/bin'
[2.571s] INFO:colcon.colcon_core.shell:Creating package script '/home/derek-dietz/MSAI/ComputerVision/Final_Project/ws/interbotix/install/share/interbotix_common_toolbox/package.ps1'
[2.572s] INFO:colcon.colcon_core.shell:Creating package descriptor '/home/derek-dietz/MSAI/ComputerVision/Final_Project/ws/interbotix/install/share/interbotix_common_toolbox/package.dsv'
[2.572s] INFO:colcon.colcon_core.shell:Creating package script '/home/derek-dietz/MSAI/ComputerVision/Final_Project/ws/interbotix/install/share/interbotix_common_toolbox/package.sh'
[2.573s] INFO:colcon.colcon_core.shell:Creating package script '/home/derek-dietz/MSAI/ComputerVision/Final_Project/ws/interbotix/install/share/interbotix_common_toolbox/package.bash'
[2.573s] INFO:colcon.colcon_core.shell:Creating package script '/home/derek-dietz/MSAI/ComputerVision/Final_Project/ws/interbotix/install/share/interbotix_common_toolbox/package.zsh'
[2.573s] Level 1:colcon.colcon_core.environment:create_file_with_runtime_dependencies(/home/derek-dietz/MSAI/ComputerVision/Final_Project/ws/interbotix/install/share/colcon-core/packages/interbotix_common_toolbox)
[3.039s] DEBUG:colcon.colcon_core.event_handler.log_command:Invoking command in '/home/derek-dietz/MSAI/ComputerVision/Final_Project/ws/interbotix/src/interbotix_ros_toolboxes/interbotix_xs_toolbox/interbotix_xs_modules': DEBUGINFOD_URLS=https://debuginfod.ubuntu.com PYTHONPATH=/home/derek-dietz/MSAI/ComputerVision/Final_Project/ws/interbotix/build/interbotix_xs_modules/prefix_override:/usr/lib/python3/dist-packages/colcon_core/task/python/colcon_distutils_commands:/home/derek-dietz/MSAI/ComputerVision/Final_Project/ws/interbotix/install/lib/python3.12/site-packages:/home/derek-dietz/MSAI/ComputerVision/Final_Project/ws/interbotix/install/lib/python3.12/site-packages:/home/derek-dietz/MSAI/ComputerVision/Final_Project/ros_ws/build/arm:/home/derek-dietz/MSAI/ComputerVision/Final_Project/ros_ws/install/arm/lib/python3.12/site-packages:/opt/ros/kilted/lib/python3.12/site-packages /usr/bin/python3 -W ignore:setup.py install is deprecated -W ignore:easy_install command is deprecated setup.py egg_info --egg-base ../../../../build/interbotix_xs_modules build --build-base /home/derek-dietz/MSAI/ComputerVision/Final_Project/ws/interbotix/build/interbotix_xs_modules/build install --record /home/derek-dietz/MSAI/ComputerVision/Final_Project/ws/interbotix/build/interbotix_xs_modules/install.log --single-version-externally-managed install_data
[3.518s] Level 1:colcon.colcon_core.environment:checking '/home/derek-dietz/MSAI/ComputerVision/Final_Project/ws/interbotix/install' for CMake module files
[3.519s] DEBUG:colcon.colcon_core.event_handler.log_command:Invoked command in '/home/derek-dietz/MSAI/ComputerVision/Final_Project/ws/interbotix/src/interbotix_ros_toolboxes/interbotix_xs_toolbox/interbotix_xs_modules' returned '0': DEBUGINFOD_URLS=https://debuginfod.ubuntu.com PYTHONPATH=/home/derek-dietz/MSAI/ComputerVision/Final_Project/ws/interbotix/build/interbotix_xs_modules/prefix_override:/usr/lib/python3/dist-packages/colcon_core/task/python/colcon_distutils_commands:/home/derek-dietz/MSAI/ComputerVision/Final_Project/ws/interbotix/install/lib/python3.12/site-packages:/home/derek-dietz/MSAI/ComputerVision/Final_Project/ws/interbotix/install/lib/python3.12/site-packages:/home/derek-dietz/MSAI/ComputerVision/Final_Project/ros_ws/build/arm:/home/derek-dietz/MSAI/ComputerVision/Final_Project/ros_ws/install/arm/lib/python3.12/site-packages:/opt/ros/kilted/lib/python3.12/site-packages /usr/bin/python3 -W ignore:setup.py install is deprecated -W ignore:easy_install command is deprecated setup.py egg_info --egg-base ../../../../build/interbotix_xs_modules build --build-base /home/derek-dietz/MSAI/ComputerVision/Final_Project/ws/interbotix/build/interbotix_xs_modules/build install --record /home/derek-dietz/MSAI/ComputerVision/Final_Project/ws/interbotix/build/interbotix_xs_modules/install.log --single-version-externally-managed install_data
[3.520s] Level 1:colcon.colcon_core.environment:checking '/home/derek-dietz/MSAI/ComputerVision/Final_Project/ws/interbotix/install' for CMake config files
[3.521s] Level 1:colcon.colcon_core.shell:create_environment_hook('interbotix_xs_modules', 'cmake_prefix_path')
[3.521s] INFO:colcon.colcon_core.shell:Creating environment hook '/home/derek-dietz/MSAI/ComputerVision/Final_Project/ws/interbotix/install/share/interbotix_xs_modules/hook/cmake_prefix_path.ps1'
[3.522s] INFO:colcon.colcon_core.shell:Creating environment descriptor '/home/derek-dietz/MSAI/ComputerVision/Final_Project/ws/interbotix/install/share/interbotix_xs_modules/hook/cmake_prefix_path.dsv'
[3.522s] INFO:colcon.colcon_core.shell:Creating environment hook '/home/derek-dietz/MSAI/ComputerVision/Final_Project/ws/interbotix/install/share/interbotix_xs_modules/hook/cmake_prefix_path.sh'
[3.523s] Level 1:colcon.colcon_core.environment:checking '/home/derek-dietz/MSAI/ComputerVision/Final_Project/ws/interbotix/install/lib'
[3.523s] Level 1:colcon.colcon_core.shell:create_environment_hook('interbotix_xs_modules', 'ld_library_path_lib')
[3.523s] INFO:colcon.colcon_core.shell:Creating environment hook '/home/derek-dietz/MSAI/ComputerVision/Final_Project/ws/interbotix/install/share/interbotix_xs_modules/hook/ld_library_path_lib.ps1'
[3.524s] INFO:colcon.colcon_core.shell:Creating environment descriptor '/home/derek-dietz/MSAI/ComputerVision/Final_Project/ws/interbotix/install/share/interbotix_xs_modules/hook/ld_library_path_lib.dsv'
[3.525s] INFO:colcon.colcon_core.shell:Creating environment hook '/home/derek-dietz/MSAI/ComputerVision/Final_Project/ws/interbotix/install/share/interbotix_xs_modules/hook/ld_library_path_lib.sh'
[3.525s] Level 1:colcon.colcon_core.environment:checking '/home/derek-dietz/MSAI/ComputerVision/Final_Project/ws/interbotix/install/bin'
[3.525s] Level 1:colcon.colcon_core.environment:checking '/home/derek-dietz/MSAI/ComputerVision/Final_Project/ws/interbotix/install/lib/pkgconfig/interbotix_xs_modules.pc'
[3.526s] Level 1:colcon.colcon_core.environment:checking '/home/derek-dietz/MSAI/ComputerVision/Final_Project/ws/interbotix/install/lib/python3.12/site-packages'
[3.526s] Level 1:colcon.colcon_core.shell:create_environment_hook('interbotix_xs_modules', 'pythonpath')
[3.526s] INFO:colcon.colcon_core.shell:Creating environment hook '/home/derek-dietz/MSAI/ComputerVision/Final_Project/ws/interbotix/install/share/interbotix_xs_modules/hook/pythonpath.ps1'
[3.527s] INFO:colcon.colcon_core.shell:Creating environment descriptor '/home/derek-dietz/MSAI/ComputerVision/Final_Project/ws/interbotix/install/share/interbotix_xs_modules/hook/pythonpath.dsv'
[3.527s] INFO:colcon.colcon_core.shell:Creating environment hook '/home/derek-dietz/MSAI/ComputerVision/Final_Project/ws/interbotix/install/share/interbotix_xs_modules/hook/pythonpath.sh'
[3.528s] Level 1:colcon.colcon_core.environment:checking '/home/derek-dietz/MSAI/ComputerVision/Final_Project/ws/interbotix/install/bin'
[3.528s] Level 1:colcon.colcon_core.environment:create_environment_scripts_only(interbotix_xs_modules)
[3.528s] INFO:colcon.colcon_core.shell:Creating package script '/home/derek-dietz/MSAI/ComputerVision/Final_Project/ws/interbotix/install/share/interbotix_xs_modules/package.ps1'
[3.529s] INFO:colcon.colcon_core.shell:Creating package descriptor '/home/derek-dietz/MSAI/ComputerVision/Final_Project/ws/interbotix/install/share/interbotix_xs_modules/package.dsv'
[3.530s] INFO:colcon.colcon_core.shell:Creating package script '/home/derek-dietz/MSAI/ComputerVision/Final_Project/ws/interbotix/install/share/interbotix_xs_modules/package.sh'
[3.531s] INFO:colcon.colcon_core.shell:Creating package script '/home/derek-dietz/MSAI/ComputerVision/Final_Project/ws/interbotix/install/share/interbotix_xs_modules/package.bash'
[3.531s] INFO:colcon.colcon_core.shell:Creating package script '/home/derek-dietz/MSAI/ComputerVision/Final_Project/ws/interbotix/install/share/interbotix_xs_modules/package.zsh'
[3.531s] Level 1:colcon.colcon_core.environment:create_file_with_runtime_dependencies(/home/derek-dietz/MSAI/ComputerVision/Final_Project/ws/interbotix/install/share/colcon-core/packages/interbotix_xs_modules)
[3.532s] INFO:colcon.colcon_ros.task.ament_cmake.build:Building ROS package in '/home/derek-dietz/MSAI/ComputerVision/Final_Project/ws/interbotix/src/interbotix_ros_manipulators/interbotix_ros_xsarms/interbotix_xsarm_descriptions' with build type 'ament_cmake'
[3.532s] INFO:colcon.colcon_cmake.task.cmake.build:Building CMake package in '/home/derek-dietz/MSAI/ComputerVision/Final_Project/ws/interbotix/src/interbotix_ros_manipulators/interbotix_ros_xsarms/interbotix_xsarm_descriptions'
[3.532s] INFO:colcon.colcon_core.shell:Skip shell extension 'powershell' for command environment: Not usable outside of PowerShell
[3.532s] DEBUG:colcon.colcon_core.shell:Skip shell extension 'dsv' for command environment
[3.538s] INFO:colcon.colcon_ros.task.ament_cmake.build:Building ROS package in '/home/derek-dietz/MSAI/ComputerVision/Final_Project/ws/interbotix/src/interbotix_ros_toolboxes/interbotix_xs_toolbox/interbotix_xs_toolbox' with build type 'ament_cmake'
[3.538s] INFO:colcon.colcon_cmake.task.cmake.build:Building CMake package in '/home/derek-dietz/MSAI/ComputerVision/Final_Project/ws/interbotix/src/interbotix_ros_toolboxes/interbotix_xs_toolbox/interbotix_xs_toolbox'
[3.538s] INFO:colcon.colcon_core.shell:Skip shell extension 'powershell' for command environment: Not usable outside of PowerShell
[3.538s] DEBUG:colcon.colcon_core.shell:Skip shell extension 'dsv' for command environment
[3.554s] DEBUG:colcon.colcon_core.event_handler.log_command:Invoking command in '/home/derek-dietz/MSAI/ComputerVision/Final_Project/ws/interbotix/build/interbotix_xsarm_descriptions': CMAKE_PREFIX_PATH=${CMAKE_PREFIX_PATH}:/opt/ros/kilted DEBUGINFOD_URLS=https://debuginfod.ubuntu.com PYTHONPATH=/home/derek-dietz/MSAI/ComputerVision/Final_Project/ws/interbotix/install/lib/python3.12/site-packages:/home/derek-dietz/MSAI/ComputerVision/Final_Project/ros_ws/build/arm:/home/derek-dietz/MSAI/ComputerVision/Final_Project/ros_ws/install/arm/lib/python3.12/site-packages:/opt/ros/kilted/lib/python3.12/site-packages /usr/bin/cmake --build /home/derek-dietz/MSAI/ComputerVision/Final_Project/ws/interbotix/build/interbotix_xsarm_descriptions -- -j22 -l22
[3.563s] DEBUG:colcon.colcon_core.event_handler.log_command:Invoking command in '/home/derek-dietz/MSAI/ComputerVision/Final_Project/ws/interbotix/build/interbotix_xs_toolbox': CMAKE_PREFIX_PATH=${CMAKE_PREFIX_PATH}:/opt/ros/kilted DEBUGINFOD_URLS=https://debuginfod.ubuntu.com PYTHONPATH=/home/derek-dietz/MSAI/ComputerVision/Final_Project/ws/interbotix/install/lib/python3.12/site-packages:/home/derek-dietz/MSAI/ComputerVision/Final_Project/ros_ws/build/arm:/home/derek-dietz/MSAI/ComputerVision/Final_Project/ros_ws/install/arm/lib/python3.12/site-packages:/opt/ros/kilted/lib/python3.12/site-packages /usr/bin/cmake --build /home/derek-dietz/MSAI/ComputerVision/Final_Project/ws/interbotix/build/interbotix_xs_toolbox -- -j22 -l22
[3.604s] DEBUG:colcon.colcon_core.event_handler.log_command:Invoked command in '/home/derek-dietz/MSAI/ComputerVision/Final_Project/ws/interbotix/build/interbotix_xsarm_descriptions' returned '0': CMAKE_PREFIX_PATH=${CMAKE_PREFIX_PATH}:/opt/ros/kilted DEBUGINFOD_URLS=https://debuginfod.ubuntu.com PYTHONPATH=/home/derek-dietz/MSAI/ComputerVision/Final_Project/ws/interbotix/install/lib/python3.12/site-packages:/home/derek-dietz/MSAI/ComputerVision/Final_Project/ros_ws/build/arm:/home/derek-dietz/MSAI/ComputerVision/Final_Project/ros_ws/install/arm/lib/python3.12/site-packages:/opt/ros/kilted/lib/python3.12/site-packages /usr/bin/cmake --build /home/derek-dietz/MSAI/ComputerVision/Final_Project/ws/interbotix/build/interbotix_xsarm_descriptions -- -j22 -l22
[3.605s] DEBUG:colcon.colcon_core.event_handler.log_command:Invoking command in '/home/derek-dietz/MSAI/ComputerVision/Final_Project/ws/interbotix/build/interbotix_xsarm_descriptions': CMAKE_PREFIX_PATH=${CMAKE_PREFIX_PATH}:/opt/ros/kilted DEBUGINFOD_URLS=https://debuginfod.ubuntu.com PYTHONPATH=/home/derek-dietz/MSAI/ComputerVision/Final_Project/ws/interbotix/install/lib/python3.12/site-packages:/home/derek-dietz/MSAI/ComputerVision/Final_Project/ros_ws/build/arm:/home/derek-dietz/MSAI/ComputerVision/Final_Project/ros_ws/install/arm/lib/python3.12/site-packages:/opt/ros/kilted/lib/python3.12/site-packages /usr/bin/cmake --install /home/derek-dietz/MSAI/ComputerVision/Final_Project/ws/interbotix/build/interbotix_xsarm_descriptions
[3.609s] DEBUG:colcon.colcon_core.event_handler.log_command:Invoked command in '/home/derek-dietz/MSAI/ComputerVision/Final_Project/ws/interbotix/build/interbotix_xs_toolbox' returned '0': CMAKE_PREFIX_PATH=${CMAKE_PREFIX_PATH}:/opt/ros/kilted DEBUGINFOD_URLS=https://debuginfod.ubuntu.com PYTHONPATH=/home/derek-dietz/MSAI/ComputerVision/Final_Project/ws/interbotix/install/lib/python3.12/site-packages:/home/derek-dietz/MSAI/ComputerVision/Final_Project/ros_ws/build/arm:/home/derek-dietz/MSAI/ComputerVision/Final_Project/ros_ws/install/arm/lib/python3.12/site-packages:/opt/ros/kilted/lib/python3.12/site-packages /usr/bin/cmake --build /home/derek-dietz/MSAI/ComputerVision/Final_Project/ws/interbotix/build/interbotix_xs_toolbox -- -j22 -l22
[3.611s] DEBUG:colcon.colcon_core.event_handler.log_command:Invoking command in '/home/derek-dietz/MSAI/ComputerVision/Final_Project/ws/interbotix/build/interbotix_xs_toolbox': CMAKE_PREFIX_PATH=${CMAKE_PREFIX_PATH}:/opt/ros/kilted DEBUGINFOD_URLS=https://debuginfod.ubuntu.com PYTHONPATH=/home/derek-dietz/MSAI/ComputerVision/Final_Project/ws/interbotix/install/lib/python3.12/site-packages:/home/derek-dietz/MSAI/ComputerVision/Final_Project/ros_ws/build/arm:/home/derek-dietz/MSAI/ComputerVision/Final_Project/ros_ws/install/arm/lib/python3.12/site-packages:/opt/ros/kilted/lib/python3.12/site-packages /usr/bin/cmake --install /home/derek-dietz/MSAI/ComputerVision/Final_Project/ws/interbotix/build/interbotix_xs_toolbox
[3.625s] Level 1:colcon.colcon_core.environment:create_environment_scripts_only(interbotix_xsarm_descriptions)
[3.625s] Level 1:colcon.colcon_core.environment:checking '/home/derek-dietz/MSAI/ComputerVision/Final_Project/ws/interbotix/install' for CMake module files
[3.631s] Level 1:colcon.colcon_core.environment:checking '/home/derek-dietz/MSAI/ComputerVision/Final_Project/ws/interbotix/install' for CMake config files
[3.633s] DEBUG:colcon.colcon_core.event_handler.log_command:Invoked command in '/home/derek-dietz/MSAI/ComputerVision/Final_Project/ws/interbotix/build/interbotix_xsarm_descriptions' returned '0': CMAKE_PREFIX_PATH=${CMAKE_PREFIX_PATH}:/opt/ros/kilted DEBUGINFOD_URLS=https://debuginfod.ubuntu.com PYTHONPATH=/home/derek-dietz/MSAI/ComputerVision/Final_Project/ws/interbotix/install/lib/python3.12/site-packages:/home/derek-dietz/MSAI/ComputerVision/Final_Project/ros_ws/build/arm:/home/derek-dietz/MSAI/ComputerVision/Final_Project/ros_ws/install/arm/lib/python3.12/site-packages:/opt/ros/kilted/lib/python3.12/site-packages /usr/bin/cmake --install /home/derek-dietz/MSAI/ComputerVision/Final_Project/ws/interbotix/build/interbotix_xsarm_descriptions
[3.634s] Level 1:colcon.colcon_core.shell:create_environment_hook('interbotix_xsarm_descriptions', 'cmake_prefix_path')
[3.634s] INFO:colcon.colcon_core.shell:Creating environment hook '/home/derek-dietz/MSAI/ComputerVision/Final_Project/ws/interbotix/install/share/interbotix_xsarm_descriptions/hook/cmake_prefix_path.ps1'
[3.635s] INFO:colcon.colcon_core.shell:Creating environment descriptor '/home/derek-dietz/MSAI/ComputerVision/Final_Project/ws/interbotix/install/share/interbotix_xsarm_descriptions/hook/cmake_prefix_path.dsv'
[3.635s] INFO:colcon.colcon_core.shell:Creating environment hook '/home/derek-dietz/MSAI/ComputerVision/Final_Project/ws/interbotix/install/share/interbotix_xsarm_descriptions/hook/cmake_prefix_path.sh'
[3.636s] Level 1:colcon.colcon_core.environment:checking '/home/derek-dietz/MSAI/ComputerVision/Final_Project/ws/interbotix/install/lib'
[3.636s] Level 1:colcon.colcon_core.shell:create_environment_hook('interbotix_xsarm_descriptions', 'ld_library_path_lib')
[3.636s] INFO:colcon.colcon_core.shell:Creating environment hook '/home/derek-dietz/MSAI/ComputerVision/Final_Project/ws/interbotix/install/share/interbotix_xsarm_descriptions/hook/ld_library_path_lib.ps1'
[3.636s] INFO:colcon.colcon_core.shell:Creating environment descriptor '/home/derek-dietz/MSAI/ComputerVision/Final_Project/ws/interbotix/install/share/interbotix_xsarm_descriptions/hook/ld_library_path_lib.dsv'
[3.637s] INFO:colcon.colcon_core.shell:Creating environment hook '/home/derek-dietz/MSAI/ComputerVision/Final_Project/ws/interbotix/install/share/interbotix_xsarm_descriptions/hook/ld_library_path_lib.sh'
[3.637s] Level 1:colcon.colcon_core.environment:checking '/home/derek-dietz/MSAI/ComputerVision/Final_Project/ws/interbotix/install/bin'
[3.637s] Level 1:colcon.colcon_core.environment:checking '/home/derek-dietz/MSAI/ComputerVision/Final_Project/ws/interbotix/install/lib/pkgconfig/interbotix_xsarm_descriptions.pc'
[3.638s] Level 1:colcon.colcon_core.environment:checking '/home/derek-dietz/MSAI/ComputerVision/Final_Project/ws/interbotix/install/lib/python3.12/site-packages'
[3.638s] Level 1:colcon.colcon_core.shell:create_environment_hook('interbotix_xsarm_descriptions', 'pythonpath')
[3.638s] INFO:colcon.colcon_core.shell:Creating environment hook '/home/derek-dietz/MSAI/ComputerVision/Final_Project/ws/interbotix/install/share/interbotix_xsarm_descriptions/hook/pythonpath.ps1'
[3.638s] INFO:colcon.colcon_core.shell:Creating environment descriptor '/home/derek-dietz/MSAI/ComputerVision/Final_Project/ws/interbotix/install/share/interbotix_xsarm_descriptions/hook/pythonpath.dsv'
[3.639s] INFO:colcon.colcon_core.shell:Creating environment hook '/home/derek-dietz/MSAI/ComputerVision/Final_Project/ws/interbotix/install/share/interbotix_xsarm_descriptions/hook/pythonpath.sh'
[3.640s] Level 1:colcon.colcon_core.environment:checking '/home/derek-dietz/MSAI/ComputerVision/Final_Project/ws/interbotix/install/bin'
[3.640s] INFO:colcon.colcon_core.shell:Creating package script '/home/derek-dietz/MSAI/ComputerVision/Final_Project/ws/interbotix/install/share/interbotix_xsarm_descriptions/package.ps1'
[3.641s] INFO:colcon.colcon_core.shell:Creating package descriptor '/home/derek-dietz/MSAI/ComputerVision/Final_Project/ws/interbotix/install/share/interbotix_xsarm_descriptions/package.dsv'
[3.641s] INFO:colcon.colcon_core.shell:Creating package script '/home/derek-dietz/MSAI/ComputerVision/Final_Project/ws/interbotix/install/share/interbotix_xsarm_descriptions/package.sh'
[3.642s] INFO:colcon.colcon_core.shell:Creating package script '/home/derek-dietz/MSAI/ComputerVision/Final_Project/ws/interbotix/install/share/interbotix_xsarm_descriptions/package.bash'
[3.642s] INFO:colcon.colcon_core.shell:Creating package script '/home/derek-dietz/MSAI/ComputerVision/Final_Project/ws/interbotix/install/share/interbotix_xsarm_descriptions/package.zsh'
[3.642s] Level 1:colcon.colcon_core.environment:create_file_with_runtime_dependencies(/home/derek-dietz/MSAI/ComputerVision/Final_Project/ws/interbotix/install/share/colcon-core/packages/interbotix_xsarm_descriptions)
[3.643s] Level 1:colcon.colcon_core.environment:create_environment_scripts_only(interbotix_xsarm_descriptions)
[3.643s] Level 1:colcon.colcon_core.environment:checking '/home/derek-dietz/MSAI/ComputerVision/Final_Project/ws/interbotix/install' for CMake module files
[3.644s] Level 1:colcon.colcon_core.environment:checking '/home/derek-dietz/MSAI/ComputerVision/Final_Project/ws/interbotix/install' for CMake config files
[3.645s] Level 1:colcon.colcon_core.shell:create_environment_hook('interbotix_xsarm_descriptions', 'cmake_prefix_path')
[3.645s] INFO:colcon.colcon_core.shell:Creating environment hook '/home/derek-dietz/MSAI/ComputerVision/Final_Project/ws/interbotix/install/share/interbotix_xsarm_descriptions/hook/cmake_prefix_path.ps1'
[3.645s] INFO:colcon.colcon_core.shell:Creating environment descriptor '/home/derek-dietz/MSAI/ComputerVision/Final_Project/ws/interbotix/install/share/interbotix_xsarm_descriptions/hook/cmake_prefix_path.dsv'
[3.646s] INFO:colcon.colcon_core.shell:Creating environment hook '/home/derek-dietz/MSAI/ComputerVision/Final_Project/ws/interbotix/install/share/interbotix_xsarm_descriptions/hook/cmake_prefix_path.sh'
[3.647s] Level 1:colcon.colcon_core.environment:checking '/home/derek-dietz/MSAI/ComputerVision/Final_Project/ws/interbotix/install/lib'
[3.647s] Level 1:colcon.colcon_core.shell:create_environment_hook('interbotix_xsarm_descriptions', 'ld_library_path_lib')
[3.647s] INFO:colcon.colcon_core.shell:Creating environment hook '/home/derek-dietz/MSAI/ComputerVision/Final_Project/ws/interbotix/install/share/interbotix_xsarm_descriptions/hook/ld_library_path_lib.ps1'
[3.647s] INFO:colcon.colcon_core.shell:Creating environment descriptor '/home/derek-dietz/MSAI/ComputerVision/Final_Project/ws/interbotix/install/share/interbotix_xsarm_descriptions/hook/ld_library_path_lib.dsv'
[3.648s] INFO:colcon.colcon_core.shell:Creating environment hook '/home/derek-dietz/MSAI/ComputerVision/Final_Project/ws/interbotix/install/share/interbotix_xsarm_descriptions/hook/ld_library_path_lib.sh'
[3.648s] Level 1:colcon.colcon_core.environment:checking '/home/derek-dietz/MSAI/ComputerVision/Final_Project/ws/interbotix/install/bin'
[3.648s] Level 1:colcon.colcon_core.environment:checking '/home/derek-dietz/MSAI/ComputerVision/Final_Project/ws/interbotix/install/lib/pkgconfig/interbotix_xsarm_descriptions.pc'
[3.649s] Level 1:colcon.colcon_core.environment:checking '/home/derek-dietz/MSAI/ComputerVision/Final_Project/ws/interbotix/install/lib/python3.12/site-packages'
[3.649s] Level 1:colcon.colcon_core.shell:create_environment_hook('interbotix_xsarm_descriptions', 'pythonpath')
[3.649s] INFO:colcon.colcon_core.shell:Creating environment hook '/home/derek-dietz/MSAI/ComputerVision/Final_Project/ws/interbotix/install/share/interbotix_xsarm_descriptions/hook/pythonpath.ps1'
[3.649s] INFO:colcon.colcon_core.shell:Creating environment descriptor '/home/derek-dietz/MSAI/ComputerVision/Final_Project/ws/interbotix/install/share/interbotix_xsarm_descriptions/hook/pythonpath.dsv'
[3.650s] INFO:colcon.colcon_core.shell:Creating environment hook '/home/derek-dietz/MSAI/ComputerVision/Final_Project/ws/interbotix/install/share/interbotix_xsarm_descriptions/hook/pythonpath.sh'
[3.651s] Level 1:colcon.colcon_core.environment:checking '/home/derek-dietz/MSAI/ComputerVision/Final_Project/ws/interbotix/install/bin'
[3.651s] INFO:colcon.colcon_core.shell:Creating package script '/home/derek-dietz/MSAI/ComputerVision/Final_Project/ws/interbotix/install/share/interbotix_xsarm_descriptions/package.ps1'
[3.651s] INFO:colcon.colcon_core.shell:Creating package descriptor '/home/derek-dietz/MSAI/ComputerVision/Final_Project/ws/interbotix/install/share/interbotix_xsarm_descriptions/package.dsv'
[3.652s] INFO:colcon.colcon_core.shell:Creating package script '/home/derek-dietz/MSAI/ComputerVision/Final_Project/ws/interbotix/install/share/interbotix_xsarm_descriptions/package.sh'
[3.652s] INFO:colcon.colcon_core.shell:Creating package script '/home/derek-dietz/MSAI/ComputerVision/Final_Project/ws/interbotix/install/share/interbotix_xsarm_descriptions/package.bash'
[3.653s] INFO:colcon.colcon_core.shell:Creating package script '/home/derek-dietz/MSAI/ComputerVision/Final_Project/ws/interbotix/install/share/interbotix_xsarm_descriptions/package.zsh'
[3.653s] Level 1:colcon.colcon_core.environment:create_file_with_runtime_dependencies(/home/derek-dietz/MSAI/ComputerVision/Final_Project/ws/interbotix/install/share/colcon-core/packages/interbotix_xsarm_descriptions)
[3.653s] INFO:colcon.colcon_ros.task.ament_cmake.build:Building ROS package in '/home/derek-dietz/MSAI/ComputerVision/Final_Project/ws/interbotix/src/interbotix_ros_manipulators/interbotix_ros_xsarms/interbotix_xsarm_control' with build type 'ament_cmake'
[3.654s] INFO:colcon.colcon_cmake.task.cmake.build:Building CMake package in '/home/derek-dietz/MSAI/ComputerVision/Final_Project/ws/interbotix/src/interbotix_ros_manipulators/interbotix_ros_xsarms/interbotix_xsarm_control'
[3.654s] INFO:colcon.colcon_core.shell:Skip shell extension 'powershell' for command environment: Not usable outside of PowerShell
[3.654s] DEBUG:colcon.colcon_core.shell:Skip shell extension 'dsv' for command environment
[3.658s] INFO:colcon.colcon_ros.task.ament_cmake.build:Building ROS package in '/home/derek-dietz/MSAI/ComputerVision/Final_Project/ws/interbotix/src/interbotix_ros_manipulators/interbotix_ros_xsarms/interbotix_xsarm_sim' with build type 'ament_cmake'
[3.658s] INFO:colcon.colcon_cmake.task.cmake.build:Building CMake package in '/home/derek-dietz/MSAI/ComputerVision/Final_Project/ws/interbotix/src/interbotix_ros_manipulators/interbotix_ros_xsarms/interbotix_xsarm_sim'
[3.658s] INFO:colcon.colcon_core.shell:Skip shell extension 'powershell' for command environment: Not usable outside of PowerShell
[3.658s] DEBUG:colcon.colcon_core.shell:Skip shell extension 'dsv' for command environment
[3.661s] Level 1:colcon.colcon_core.environment:create_environment_scripts_only(interbotix_xs_toolbox)
[3.661s] Level 1:colcon.colcon_core.environment:checking '/home/derek-dietz/MSAI/ComputerVision/Final_Project/ws/interbotix/install' for CMake module files
[3.661s] DEBUG:colcon.colcon_core.event_handler.log_command:Invoked command in '/home/derek-dietz/MSAI/ComputerVision/Final_Project/ws/interbotix/build/interbotix_xs_toolbox' returned '0': CMAKE_PREFIX_PATH=${CMAKE_PREFIX_PATH}:/opt/ros/kilted DEBUGINFOD_URLS=https://debuginfod.ubuntu.com PYTHONPATH=/home/derek-dietz/MSAI/ComputerVision/Final_Project/ws/interbotix/install/lib/python3.12/site-packages:/home/derek-dietz/MSAI/ComputerVision/Final_Project/ros_ws/build/arm:/home/derek-dietz/MSAI/ComputerVision/Final_Project/ros_ws/install/arm/lib/python3.12/site-packages:/opt/ros/kilted/lib/python3.12/site-packages /usr/bin/cmake --install /home/derek-dietz/MSAI/ComputerVision/Final_Project/ws/interbotix/build/interbotix_xs_toolbox
[3.662s] Level 1:colcon.colcon_core.environment:checking '/home/derek-dietz/MSAI/ComputerVision/Final_Project/ws/interbotix/install' for CMake config files
[3.663s] Level 1:colcon.colcon_core.shell:create_environment_hook('interbotix_xs_toolbox', 'cmake_prefix_path')
[3.663s] INFO:colcon.colcon_core.shell:Creating environment hook '/home/derek-dietz/MSAI/ComputerVision/Final_Project/ws/interbotix/install/share/interbotix_xs_toolbox/hook/cmake_prefix_path.ps1'
[3.663s] INFO:colcon.colcon_core.shell:Creating environment descriptor '/home/derek-dietz/MSAI/ComputerVision/Final_Project/ws/interbotix/install/share/interbotix_xs_toolbox/hook/cmake_prefix_path.dsv'
[3.663s] INFO:colcon.colcon_core.shell:Creating environment hook '/home/derek-dietz/MSAI/ComputerVision/Final_Project/ws/interbotix/install/share/interbotix_xs_toolbox/hook/cmake_prefix_path.sh'
[3.664s] Level 1:colcon.colcon_core.environment:checking '/home/derek-dietz/MSAI/ComputerVision/Final_Project/ws/interbotix/install/lib'
[3.664s] Level 1:colcon.colcon_core.shell:create_environment_hook('interbotix_xs_toolbox', 'ld_library_path_lib')
[3.664s] INFO:colcon.colcon_core.shell:Creating environment hook '/home/derek-dietz/MSAI/ComputerVision/Final_Project/ws/interbotix/install/share/interbotix_xs_toolbox/hook/ld_library_path_lib.ps1'
[3.664s] INFO:colcon.colcon_core.shell:Creating environment descriptor '/home/derek-dietz/MSAI/ComputerVision/Final_Project/ws/interbotix/install/share/interbotix_xs_toolbox/hook/ld_library_path_lib.dsv'
[3.664s] INFO:colcon.colcon_core.shell:Creating environment hook '/home/derek-dietz/MSAI/ComputerVision/Final_Project/ws/interbotix/install/share/interbotix_xs_toolbox/hook/ld_library_path_lib.sh'
[3.665s] Level 1:colcon.colcon_core.environment:checking '/home/derek-dietz/MSAI/ComputerVision/Final_Project/ws/interbotix/install/bin'
[3.665s] Level 1:colcon.colcon_core.environment:checking '/home/derek-dietz/MSAI/ComputerVision/Final_Project/ws/interbotix/install/lib/pkgconfig/interbotix_xs_toolbox.pc'
[3.665s] Level 1:colcon.colcon_core.environment:checking '/home/derek-dietz/MSAI/ComputerVision/Final_Project/ws/interbotix/install/lib/python3.12/site-packages'
[3.665s] Level 1:colcon.colcon_core.shell:create_environment_hook('interbotix_xs_toolbox', 'pythonpath')
[3.665s] INFO:colcon.colcon_core.shell:Creating environment hook '/home/derek-dietz/MSAI/ComputerVision/Final_Project/ws/interbotix/install/share/interbotix_xs_toolbox/hook/pythonpath.ps1'
[3.665s] INFO:colcon.colcon_core.shell:Creating environment descriptor '/home/derek-dietz/MSAI/ComputerVision/Final_Project/ws/interbotix/install/share/interbotix_xs_toolbox/hook/pythonpath.dsv'
[3.665s] INFO:colcon.colcon_core.shell:Creating environment hook '/home/derek-dietz/MSAI/ComputerVision/Final_Project/ws/interbotix/install/share/interbotix_xs_toolbox/hook/pythonpath.sh'
[3.666s] Level 1:colcon.colcon_core.environment:checking '/home/derek-dietz/MSAI/ComputerVision/Final_Project/ws/interbotix/install/bin'
[3.666s] INFO:colcon.colcon_core.shell:Creating package script '/home/derek-dietz/MSAI/ComputerVision/Final_Project/ws/interbotix/install/share/interbotix_xs_toolbox/package.ps1'
[3.666s] INFO:colcon.colcon_core.shell:Creating package descriptor '/home/derek-dietz/MSAI/ComputerVision/Final_Project/ws/interbotix/install/share/interbotix_xs_toolbox/package.dsv'
[3.666s] INFO:colcon.colcon_core.shell:Creating package script '/home/derek-dietz/MSAI/ComputerVision/Final_Project/ws/interbotix/install/share/interbotix_xs_toolbox/package.sh'
[3.666s] INFO:colcon.colcon_core.shell:Creating package script '/home/derek-dietz/MSAI/ComputerVision/Final_Project/ws/interbotix/install/share/interbotix_xs_toolbox/package.bash'
[3.667s] INFO:colcon.colcon_core.shell:Creating package script '/home/derek-dietz/MSAI/ComputerVision/Final_Project/ws/interbotix/install/share/interbotix_xs_toolbox/package.zsh'
[3.667s] Level 1:colcon.colcon_core.environment:create_file_with_runtime_dependencies(/home/derek-dietz/MSAI/ComputerVision/Final_Project/ws/interbotix/install/share/colcon-core/packages/interbotix_xs_toolbox)
[3.667s] Level 1:colcon.colcon_core.environment:create_environment_scripts_only(interbotix_xs_toolbox)
[3.667s] Level 1:colcon.colcon_core.environment:checking '/home/derek-dietz/MSAI/ComputerVision/Final_Project/ws/interbotix/install' for CMake module files
[3.667s] Level 1:colcon.colcon_core.environment:checking '/home/derek-dietz/MSAI/ComputerVision/Final_Project/ws/interbotix/install' for CMake config files
[3.668s] Level 1:colcon.colcon_core.shell:create_environment_hook('interbotix_xs_toolbox', 'cmake_prefix_path')
[3.668s] INFO:colcon.colcon_core.shell:Creating environment hook '/home/derek-dietz/MSAI/ComputerVision/Final_Project/ws/interbotix/install/share/interbotix_xs_toolbox/hook/cmake_prefix_path.ps1'
[3.668s] INFO:colcon.colcon_core.shell:Creating environment descriptor '/home/derek-dietz/MSAI/ComputerVision/Final_Project/ws/interbotix/install/share/interbotix_xs_toolbox/hook/cmake_prefix_path.dsv'
[3.668s] INFO:colcon.colcon_core.shell:Creating environment hook '/home/derek-dietz/MSAI/ComputerVision/Final_Project/ws/interbotix/install/share/interbotix_xs_toolbox/hook/cmake_prefix_path.sh'
[3.668s] Level 1:colcon.colcon_core.environment:checking '/home/derek-dietz/MSAI/ComputerVision/Final_Project/ws/interbotix/install/lib'
[3.669s] Level 1:colcon.colcon_core.shell:create_environment_hook('interbotix_xs_toolbox', 'ld_library_path_lib')
[3.669s] INFO:colcon.colcon_core.shell:Creating environment hook '/home/derek-dietz/MSAI/ComputerVision/Final_Project/ws/interbotix/install/share/interbotix_xs_toolbox/hook/ld_library_path_lib.ps1'
[3.669s] INFO:colcon.colcon_core.shell:Creating environment descriptor '/home/derek-dietz/MSAI/ComputerVision/Final_Project/ws/interbotix/install/share/interbotix_xs_toolbox/hook/ld_library_path_lib.dsv'
[3.669s] INFO:colcon.colcon_core.shell:Creating environment hook '/home/derek-dietz/MSAI/ComputerVision/Final_Project/ws/interbotix/install/share/interbotix_xs_toolbox/hook/ld_library_path_lib.sh'
[3.669s] Level 1:colcon.colcon_core.environment:checking '/home/derek-dietz/MSAI/ComputerVision/Final_Project/ws/interbotix/install/bin'
[3.669s] Level 1:colcon.colcon_core.environment:checking '/home/derek-dietz/MSAI/ComputerVision/Final_Project/ws/interbotix/install/lib/pkgconfig/interbotix_xs_toolbox.pc'
[3.669s] Level 1:colcon.colcon_core.environment:checking '/home/derek-dietz/MSAI/ComputerVision/Final_Project/ws/interbotix/install/lib/python3.12/site-packages'
[3.669s] Level 1:colcon.colcon_core.shell:create_environment_hook('interbotix_xs_toolbox', 'pythonpath')
[3.669s] INFO:colcon.colcon_core.shell:Creating environment hook '/home/derek-dietz/MSAI/ComputerVision/Final_Project/ws/interbotix/install/share/interbotix_xs_toolbox/hook/pythonpath.ps1'
[3.670s] INFO:colcon.colcon_core.shell:Creating environment descriptor '/home/derek-dietz/MSAI/ComputerVision/Final_Project/ws/interbotix/install/share/interbotix_xs_toolbox/hook/pythonpath.dsv'
[3.670s] INFO:colcon.colcon_core.shell:Creating environment hook '/home/derek-dietz/MSAI/ComputerVision/Final_Project/ws/interbotix/install/share/interbotix_xs_toolbox/hook/pythonpath.sh'
[3.670s] Level 1:colcon.colcon_core.environment:checking '/home/derek-dietz/MSAI/ComputerVision/Final_Project/ws/interbotix/install/bin'
[3.670s] INFO:colcon.colcon_core.shell:Creating package script '/home/derek-dietz/MSAI/ComputerVision/Final_Project/ws/interbotix/install/share/interbotix_xs_toolbox/package.ps1'
[3.671s] INFO:colcon.colcon_core.shell:Creating package descriptor '/home/derek-dietz/MSAI/ComputerVision/Final_Project/ws/interbotix/install/share/interbotix_xs_toolbox/package.dsv'
[3.671s] INFO:colcon.colcon_core.shell:Creating package script '/home/derek-dietz/MSAI/ComputerVision/Final_Project/ws/interbotix/install/share/interbotix_xs_toolbox/package.sh'
[3.671s] INFO:colcon.colcon_core.shell:Creating package script '/home/derek-dietz/MSAI/ComputerVision/Final_Project/ws/interbotix/install/share/interbotix_xs_toolbox/package.bash'
[3.671s] INFO:colcon.colcon_core.shell:Creating package script '/home/derek-dietz/MSAI/ComputerVision/Final_Project/ws/interbotix/install/share/interbotix_xs_toolbox/package.zsh'
[3.672s] Level 1:colcon.colcon_core.environment:create_file_with_runtime_dependencies(/home/derek-dietz/MSAI/ComputerVision/Final_Project/ws/interbotix/install/share/colcon-core/packages/interbotix_xs_toolbox)
[3.674s] DEBUG:colcon.colcon_core.event_handler.log_command:Invoking command in '/home/derek-dietz/MSAI/ComputerVision/Final_Project/ws/interbotix/build/interbotix_xsarm_control': CMAKE_PREFIX_PATH=${CMAKE_PREFIX_PATH}:/opt/ros/kilted DEBUGINFOD_URLS=https://debuginfod.ubuntu.com PYTHONPATH=/home/derek-dietz/MSAI/ComputerVision/Final_Project/ws/interbotix/install/lib/python3.12/site-packages:/home/derek-dietz/MSAI/ComputerVision/Final_Project/ros_ws/build/arm:/home/derek-dietz/MSAI/ComputerVision/Final_Project/ros_ws/install/arm/lib/python3.12/site-packages:/opt/ros/kilted/lib/python3.12/site-packages /usr/bin/cmake --build /home/derek-dietz/MSAI/ComputerVision/Final_Project/ws/interbotix/build/interbotix_xsarm_control -- -j22 -l22
[3.680s] DEBUG:colcon.colcon_core.event_handler.log_command:Invoking command in '/home/derek-dietz/MSAI/ComputerVision/Final_Project/ws/interbotix/build/interbotix_xsarm_sim': CMAKE_PREFIX_PATH=${CMAKE_PREFIX_PATH}:/opt/ros/kilted DEBUGINFOD_URLS=https://debuginfod.ubuntu.com PYTHONPATH=/home/derek-dietz/MSAI/ComputerVision/Final_Project/ws/interbotix/install/lib/python3.12/site-packages:/home/derek-dietz/MSAI/ComputerVision/Final_Project/ros_ws/build/arm:/home/derek-dietz/MSAI/ComputerVision/Final_Project/ros_ws/install/arm/lib/python3.12/site-packages:/opt/ros/kilted/lib/python3.12/site-packages /usr/bin/cmake --build /home/derek-dietz/MSAI/ComputerVision/Final_Project/ws/interbotix/build/interbotix_xsarm_sim -- -j22 -l22
[3.718s] DEBUG:colcon.colcon_core.event_handler.log_command:Invoked command in '/home/derek-dietz/MSAI/ComputerVision/Final_Project/ws/interbotix/build/interbotix_xsarm_control' returned '0': CMAKE_PREFIX_PATH=${CMAKE_PREFIX_PATH}:/opt/ros/kilted DEBUGINFOD_URLS=https://debuginfod.ubuntu.com PYTHONPATH=/home/derek-dietz/MSAI/ComputerVision/Final_Project/ws/interbotix/install/lib/python3.12/site-packages:/home/derek-dietz/MSAI/ComputerVision/Final_Project/ros_ws/build/arm:/home/derek-dietz/MSAI/ComputerVision/Final_Project/ros_ws/install/arm/lib/python3.12/site-packages:/opt/ros/kilted/lib/python3.12/site-packages /usr/bin/cmake --build /home/derek-dietz/MSAI/ComputerVision/Final_Project/ws/interbotix/build/interbotix_xsarm_control -- -j22 -l22
[3.720s] DEBUG:colcon.colcon_core.event_handler.log_command:Invoking command in '/home/derek-dietz/MSAI/ComputerVision/Final_Project/ws/interbotix/build/interbotix_xsarm_control': CMAKE_PREFIX_PATH=${CMAKE_PREFIX_PATH}:/opt/ros/kilted DEBUGINFOD_URLS=https://debuginfod.ubuntu.com PYTHONPATH=/home/derek-dietz/MSAI/ComputerVision/Final_Project/ws/interbotix/install/lib/python3.12/site-packages:/home/derek-dietz/MSAI/ComputerVision/Final_Project/ros_ws/build/arm:/home/derek-dietz/MSAI/ComputerVision/Final_Project/ros_ws/install/arm/lib/python3.12/site-packages:/opt/ros/kilted/lib/python3.12/site-packages /usr/bin/cmake --install /home/derek-dietz/MSAI/ComputerVision/Final_Project/ws/interbotix/build/interbotix_xsarm_control
[3.725s] DEBUG:colcon.colcon_core.event_handler.log_command:Invoked command in '/home/derek-dietz/MSAI/ComputerVision/Final_Project/ws/interbotix/build/interbotix_xsarm_sim' returned '0': CMAKE_PREFIX_PATH=${CMAKE_PREFIX_PATH}:/opt/ros/kilted DEBUGINFOD_URLS=https://debuginfod.ubuntu.com PYTHONPATH=/home/derek-dietz/MSAI/ComputerVision/Final_Project/ws/interbotix/install/lib/python3.12/site-packages:/home/derek-dietz/MSAI/ComputerVision/Final_Project/ros_ws/build/arm:/home/derek-dietz/MSAI/ComputerVision/Final_Project/ros_ws/install/arm/lib/python3.12/site-packages:/opt/ros/kilted/lib/python3.12/site-packages /usr/bin/cmake --build /home/derek-dietz/MSAI/ComputerVision/Final_Project/ws/interbotix/build/interbotix_xsarm_sim -- -j22 -l22
[3.726s] DEBUG:colcon.colcon_core.event_handler.log_command:Invoking command in '/home/derek-dietz/MSAI/ComputerVision/Final_Project/ws/interbotix/build/interbotix_xsarm_sim': CMAKE_PREFIX_PATH=${CMAKE_PREFIX_PATH}:/opt/ros/kilted DEBUGINFOD_URLS=https://debuginfod.ubuntu.com PYTHONPATH=/home/derek-dietz/MSAI/ComputerVision/Final_Project/ws/interbotix/install/lib/python3.12/site-packages:/home/derek-dietz/MSAI/ComputerVision/Final_Project/ros_ws/build/arm:/home/derek-dietz/MSAI/ComputerVision/Final_Project/ros_ws/install/arm/lib/python3.12/site-packages:/opt/ros/kilted/lib/python3.12/site-packages /usr/bin/cmake --install /home/derek-dietz/MSAI/ComputerVision/Final_Project/ws/interbotix/build/interbotix_xsarm_sim
[3.732s] Level 1:colcon.colcon_core.environment:create_environment_scripts_only(interbotix_xsarm_control)
[3.732s] Level 1:colcon.colcon_core.environment:checking '/home/derek-dietz/MSAI/ComputerVision/Final_Project/ws/interbotix/install' for CMake module files
[3.733s] DEBUG:colcon.colcon_core.event_handler.log_command:Invoked command in '/home/derek-dietz/MSAI/ComputerVision/Final_Project/ws/interbotix/build/interbotix_xsarm_control' returned '0': CMAKE_PREFIX_PATH=${CMAKE_PREFIX_PATH}:/opt/ros/kilted DEBUGINFOD_URLS=https://debuginfod.ubuntu.com PYTHONPATH=/home/derek-dietz/MSAI/ComputerVision/Final_Project/ws/interbotix/install/lib/python3.12/site-packages:/home/derek-dietz/MSAI/ComputerVision/Final_Project/ros_ws/build/arm:/home/derek-dietz/MSAI/ComputerVision/Final_Project/ros_ws/install/arm/lib/python3.12/site-packages:/opt/ros/kilted/lib/python3.12/site-packages /usr/bin/cmake --install /home/derek-dietz/MSAI/ComputerVision/Final_Project/ws/interbotix/build/interbotix_xsarm_control
[3.734s] Level 1:colcon.colcon_core.environment:checking '/home/derek-dietz/MSAI/ComputerVision/Final_Project/ws/interbotix/install' for CMake config files
[3.738s] Level 1:colcon.colcon_core.shell:create_environment_hook('interbotix_xsarm_control', 'cmake_prefix_path')
[3.738s] INFO:colcon.colcon_core.shell:Creating environment hook '/home/derek-dietz/MSAI/ComputerVision/Final_Project/ws/interbotix/install/share/interbotix_xsarm_control/hook/cmake_prefix_path.ps1'
[3.739s] INFO:colcon.colcon_core.shell:Creating environment descriptor '/home/derek-dietz/MSAI/ComputerVision/Final_Project/ws/interbotix/install/share/interbotix_xsarm_control/hook/cmake_prefix_path.dsv'
[3.739s] INFO:colcon.colcon_core.shell:Creating environment hook '/home/derek-dietz/MSAI/ComputerVision/Final_Project/ws/interbotix/install/share/interbotix_xsarm_control/hook/cmake_prefix_path.sh'
[3.740s] Level 1:colcon.colcon_core.environment:checking '/home/derek-dietz/MSAI/ComputerVision/Final_Project/ws/interbotix/install/lib'
[3.740s] Level 1:colcon.colcon_core.shell:create_environment_hook('interbotix_xsarm_control', 'ld_library_path_lib')
[3.740s] INFO:colcon.colcon_core.shell:Creating environment hook '/home/derek-dietz/MSAI/ComputerVision/Final_Project/ws/interbotix/install/share/interbotix_xsarm_control/hook/ld_library_path_lib.ps1'
[3.741s] INFO:colcon.colcon_core.shell:Creating environment descriptor '/home/derek-dietz/MSAI/ComputerVision/Final_Project/ws/interbotix/install/share/interbotix_xsarm_control/hook/ld_library_path_lib.dsv'
[3.741s] INFO:colcon.colcon_core.shell:Creating environment hook '/home/derek-dietz/MSAI/ComputerVision/Final_Project/ws/interbotix/install/share/interbotix_xsarm_control/hook/ld_library_path_lib.sh'
[3.742s] Level 1:colcon.colcon_core.environment:checking '/home/derek-dietz/MSAI/ComputerVision/Final_Project/ws/interbotix/install/bin'
[3.742s] Level 1:colcon.colcon_core.environment:checking '/home/derek-dietz/MSAI/ComputerVision/Final_Project/ws/interbotix/install/lib/pkgconfig/interbotix_xsarm_control.pc'
[3.742s] Level 1:colcon.colcon_core.environment:checking '/home/derek-dietz/MSAI/ComputerVision/Final_Project/ws/interbotix/install/lib/python3.12/site-packages'
[3.742s] Level 1:colcon.colcon_core.shell:create_environment_hook('interbotix_xsarm_control', 'pythonpath')
[3.742s] INFO:colcon.colcon_core.shell:Creating environment hook '/home/derek-dietz/MSAI/ComputerVision/Final_Project/ws/interbotix/install/share/interbotix_xsarm_control/hook/pythonpath.ps1'
[3.743s] INFO:colcon.colcon_core.shell:Creating environment descriptor '/home/derek-dietz/MSAI/ComputerVision/Final_Project/ws/interbotix/install/share/interbotix_xsarm_control/hook/pythonpath.dsv'
[3.743s] INFO:colcon.colcon_core.shell:Creating environment hook '/home/derek-dietz/MSAI/ComputerVision/Final_Project/ws/interbotix/install/share/interbotix_xsarm_control/hook/pythonpath.sh'
[3.744s] Level 1:colcon.colcon_core.environment:checking '/home/derek-dietz/MSAI/ComputerVision/Final_Project/ws/interbotix/install/bin'
[3.744s] INFO:colcon.colcon_core.shell:Creating package script '/home/derek-dietz/MSAI/ComputerVision/Final_Project/ws/interbotix/install/share/interbotix_xsarm_control/package.ps1'
[3.745s] INFO:colcon.colcon_core.shell:Creating package descriptor '/home/derek-dietz/MSAI/ComputerVision/Final_Project/ws/interbotix/install/share/interbotix_xsarm_control/package.dsv'
[3.745s] INFO:colcon.colcon_core.shell:Creating package script '/home/derek-dietz/MSAI/ComputerVision/Final_Project/ws/interbotix/install/share/interbotix_xsarm_control/package.sh'
[3.746s] INFO:colcon.colcon_core.shell:Creating package script '/home/derek-dietz/MSAI/ComputerVision/Final_Project/ws/interbotix/install/share/interbotix_xsarm_control/package.bash'
[3.746s] INFO:colcon.colcon_core.shell:Creating package script '/home/derek-dietz/MSAI/ComputerVision/Final_Project/ws/interbotix/install/share/interbotix_xsarm_control/package.zsh'
[3.746s] Level 1:colcon.colcon_core.environment:create_file_with_runtime_dependencies(/home/derek-dietz/MSAI/ComputerVision/Final_Project/ws/interbotix/install/share/colcon-core/packages/interbotix_xsarm_control)
[3.747s] Level 1:colcon.colcon_core.environment:create_environment_scripts_only(interbotix_xsarm_control)
[3.747s] Level 1:colcon.colcon_core.environment:checking '/home/derek-dietz/MSAI/ComputerVision/Final_Project/ws/interbotix/install' for CMake module files
[3.747s] Level 1:colcon.colcon_core.environment:checking '/home/derek-dietz/MSAI/ComputerVision/Final_Project/ws/interbotix/install' for CMake config files
[3.748s] Level 1:colcon.colcon_core.shell:create_environment_hook('interbotix_xsarm_control', 'cmake_prefix_path')
[3.748s] INFO:colcon.colcon_core.shell:Creating environment hook '/home/derek-dietz/MSAI/ComputerVision/Final_Project/ws/interbotix/install/share/interbotix_xsarm_control/hook/cmake_prefix_path.ps1'
[3.748s] INFO:colcon.colcon_core.shell:Creating environment descriptor '/home/derek-dietz/MSAI/ComputerVision/Final_Project/ws/interbotix/install/share/interbotix_xsarm_control/hook/cmake_prefix_path.dsv'
[3.748s] INFO:colcon.colcon_core.shell:Creating environment hook '/home/derek-dietz/MSAI/ComputerVision/Final_Project/ws/interbotix/install/share/interbotix_xsarm_control/hook/cmake_prefix_path.sh'
[3.749s] Level 1:colcon.colcon_core.environment:checking '/home/derek-dietz/MSAI/ComputerVision/Final_Project/ws/interbotix/install/lib'
[3.749s] Level 1:colcon.colcon_core.shell:create_environment_hook('interbotix_xsarm_control', 'ld_library_path_lib')
[3.749s] INFO:colcon.colcon_core.shell:Creating environment hook '/home/derek-dietz/MSAI/ComputerVision/Final_Project/ws/interbotix/install/share/interbotix_xsarm_control/hook/ld_library_path_lib.ps1'
[3.749s] INFO:colcon.colcon_core.shell:Creating environment descriptor '/home/derek-dietz/MSAI/ComputerVision/Final_Project/ws/interbotix/install/share/interbotix_xsarm_control/hook/ld_library_path_lib.dsv'
[3.749s] INFO:colcon.colcon_core.shell:Creating environment hook '/home/derek-dietz/MSAI/ComputerVision/Final_Project/ws/interbotix/install/share/interbotix_xsarm_control/hook/ld_library_path_lib.sh'
[3.750s] Level 1:colcon.colcon_core.environment:checking '/home/derek-dietz/MSAI/ComputerVision/Final_Project/ws/interbotix/install/bin'
[3.750s] Level 1:colcon.colcon_core.environment:checking '/home/derek-dietz/MSAI/ComputerVision/Final_Project/ws/interbotix/install/lib/pkgconfig/interbotix_xsarm_control.pc'
[3.750s] Level 1:colcon.colcon_core.environment:checking '/home/derek-dietz/MSAI/ComputerVision/Final_Project/ws/interbotix/install/lib/python3.12/site-packages'
[3.750s] Level 1:colcon.colcon_core.shell:create_environment_hook('interbotix_xsarm_control', 'pythonpath')
[3.750s] INFO:colcon.colcon_core.shell:Creating environment hook '/home/derek-dietz/MSAI/ComputerVision/Final_Project/ws/interbotix/install/share/interbotix_xsarm_control/hook/pythonpath.ps1'
[3.750s] INFO:colcon.colcon_core.shell:Creating environment descriptor '/home/derek-dietz/MSAI/ComputerVision/Final_Project/ws/interbotix/install/share/interbotix_xsarm_control/hook/pythonpath.dsv'
[3.750s] INFO:colcon.colcon_core.shell:Creating environment hook '/home/derek-dietz/MSAI/ComputerVision/Final_Project/ws/interbotix/install/share/interbotix_xsarm_control/hook/pythonpath.sh'
[3.751s] Level 1:colcon.colcon_core.environment:checking '/home/derek-dietz/MSAI/ComputerVision/Final_Project/ws/interbotix/install/bin'
[3.751s] INFO:colcon.colcon_core.shell:Creating package script '/home/derek-dietz/MSAI/ComputerVision/Final_Project/ws/interbotix/install/share/interbotix_xsarm_control/package.ps1'
[3.751s] INFO:colcon.colcon_core.shell:Creating package descriptor '/home/derek-dietz/MSAI/ComputerVision/Final_Project/ws/interbotix/install/share/interbotix_xsarm_control/package.dsv'
[3.752s] INFO:colcon.colcon_core.shell:Creating package script '/home/derek-dietz/MSAI/ComputerVision/Final_Project/ws/interbotix/install/share/interbotix_xsarm_control/package.sh'
[3.752s] INFO:colcon.colcon_core.shell:Creating package script '/home/derek-dietz/MSAI/ComputerVision/Final_Project/ws/interbotix/install/share/interbotix_xsarm_control/package.bash'
[3.752s] INFO:colcon.colcon_core.shell:Creating package script '/home/derek-dietz/MSAI/ComputerVision/Final_Project/ws/interbotix/install/share/interbotix_xsarm_control/package.zsh'
[3.752s] Level 1:colcon.colcon_core.environment:create_file_with_runtime_dependencies(/home/derek-dietz/MSAI/ComputerVision/Final_Project/ws/interbotix/install/share/colcon-core/packages/interbotix_xsarm_control)
[3.753s] INFO:colcon.colcon_ros.task.ament_cmake.build:Building ROS package in '/home/derek-dietz/MSAI/ComputerVision/Final_Project/ws/interbotix/src/interbotix_ros_manipulators/interbotix_ros_xsarms/interbotix_xsarm_ros_control' with build type 'ament_cmake'
[3.753s] INFO:colcon.colcon_cmake.task.cmake.build:Building CMake package in '/home/derek-dietz/MSAI/ComputerVision/Final_Project/ws/interbotix/src/interbotix_ros_manipulators/interbotix_ros_xsarms/interbotix_xsarm_ros_control'
[3.753s] INFO:colcon.colcon_core.shell:Skip shell extension 'powershell' for command environment: Not usable outside of PowerShell
[3.753s] DEBUG:colcon.colcon_core.shell:Skip shell extension 'dsv' for command environment
[3.756s] INFO:colcon.colcon_ros.task.ament_cmake.build:Building ROS package in '/home/derek-dietz/MSAI/ComputerVision/Final_Project/ws/interbotix/src/interbotix_ros_manipulators/interbotix_ros_xsarms/examples/interbotix_xsarm_joy' with build type 'ament_cmake'
[3.756s] INFO:colcon.colcon_cmake.task.cmake.build:Building CMake package in '/home/derek-dietz/MSAI/ComputerVision/Final_Project/ws/interbotix/src/interbotix_ros_manipulators/interbotix_ros_xsarms/examples/interbotix_xsarm_joy'
[3.756s] INFO:colcon.colcon_core.shell:Skip shell extension 'powershell' for command environment: Not usable outside of PowerShell
[3.756s] DEBUG:colcon.colcon_core.shell:Skip shell extension 'dsv' for command environment
[3.758s] INFO:colcon.colcon_ros.task.ament_cmake.build:Building ROS package in '/home/derek-dietz/MSAI/ComputerVision/Final_Project/ws/interbotix/src/interbotix_ros_manipulators/interbotix_ros_xsarms/examples/interbotix_xsarm_dual' with build type 'ament_cmake'
[3.758s] INFO:colcon.colcon_cmake.task.cmake.build:Building CMake package in '/home/derek-dietz/MSAI/ComputerVision/Final_Project/ws/interbotix/src/interbotix_ros_manipulators/interbotix_ros_xsarms/examples/interbotix_xsarm_dual'
[3.758s] INFO:colcon.colcon_core.shell:Skip shell extension 'powershell' for command environment: Not usable outside of PowerShell
[3.758s] DEBUG:colcon.colcon_core.shell:Skip shell extension 'dsv' for command environment
[3.761s] INFO:colcon.colcon_ros.task.ament_cmake.build:Building ROS package in '/home/derek-dietz/MSAI/ComputerVision/Final_Project/ws/interbotix/src/interbotix_ros_manipulators/interbotix_ros_xsarms/examples/interbotix_xsarm_puppet' with build type 'ament_cmake'
[3.761s] INFO:colcon.colcon_cmake.task.cmake.build:Building CMake package in '/home/derek-dietz/MSAI/ComputerVision/Final_Project/ws/interbotix/src/interbotix_ros_manipulators/interbotix_ros_xsarms/examples/interbotix_xsarm_puppet'
[3.761s] INFO:colcon.colcon_core.shell:Skip shell extension 'powershell' for command environment: Not usable outside of PowerShell
[3.761s] DEBUG:colcon.colcon_core.shell:Skip shell extension 'dsv' for command environment
[3.764s] Level 1:colcon.colcon_core.environment:create_environment_scripts_only(interbotix_xsarm_sim)
[3.764s] Level 1:colcon.colcon_core.environment:checking '/home/derek-dietz/MSAI/ComputerVision/Final_Project/ws/interbotix/install' for CMake module files
[3.765s] DEBUG:colcon.colcon_core.event_handler.log_command:Invoked command in '/home/derek-dietz/MSAI/ComputerVision/Final_Project/ws/interbotix/build/interbotix_xsarm_sim' returned '0': CMAKE_PREFIX_PATH=${CMAKE_PREFIX_PATH}:/opt/ros/kilted DEBUGINFOD_URLS=https://debuginfod.ubuntu.com PYTHONPATH=/home/derek-dietz/MSAI/ComputerVision/Final_Project/ws/interbotix/install/lib/python3.12/site-packages:/home/derek-dietz/MSAI/ComputerVision/Final_Project/ros_ws/build/arm:/home/derek-dietz/MSAI/ComputerVision/Final_Project/ros_ws/install/arm/lib/python3.12/site-packages:/opt/ros/kilted/lib/python3.12/site-packages /usr/bin/cmake --install /home/derek-dietz/MSAI/ComputerVision/Final_Project/ws/interbotix/build/interbotix_xsarm_sim
[3.765s] Level 1:colcon.colcon_core.environment:checking '/home/derek-dietz/MSAI/ComputerVision/Final_Project/ws/interbotix/install' for CMake config files
[3.766s] Level 1:colcon.colcon_core.shell:create_environment_hook('interbotix_xsarm_sim', 'cmake_prefix_path')
[3.766s] INFO:colcon.colcon_core.shell:Creating environment hook '/home/derek-dietz/MSAI/ComputerVision/Final_Project/ws/interbotix/install/share/interbotix_xsarm_sim/hook/cmake_prefix_path.ps1'
[3.767s] INFO:colcon.colcon_core.shell:Creating environment descriptor '/home/derek-dietz/MSAI/ComputerVision/Final_Project/ws/interbotix/install/share/interbotix_xsarm_sim/hook/cmake_prefix_path.dsv'
[3.767s] INFO:colcon.colcon_core.shell:Creating environment hook '/home/derek-dietz/MSAI/ComputerVision/Final_Project/ws/interbotix/install/share/interbotix_xsarm_sim/hook/cmake_prefix_path.sh'
[3.768s] Level 1:colcon.colcon_core.environment:checking '/home/derek-dietz/MSAI/ComputerVision/Final_Project/ws/interbotix/install/lib'
[3.768s] Level 1:colcon.colcon_core.shell:create_environment_hook('interbotix_xsarm_sim', 'ld_library_path_lib')
[3.768s] INFO:colcon.colcon_core.shell:Creating environment hook '/home/derek-dietz/MSAI/ComputerVision/Final_Project/ws/interbotix/install/share/interbotix_xsarm_sim/hook/ld_library_path_lib.ps1'
[3.768s] INFO:colcon.colcon_core.shell:Creating environment descriptor '/home/derek-dietz/MSAI/ComputerVision/Final_Project/ws/interbotix/install/share/interbotix_xsarm_sim/hook/ld_library_path_lib.dsv'
[3.769s] INFO:colcon.colcon_core.shell:Creating environment hook '/home/derek-dietz/MSAI/ComputerVision/Final_Project/ws/interbotix/install/share/interbotix_xsarm_sim/hook/ld_library_path_lib.sh'
[3.769s] Level 1:colcon.colcon_core.environment:checking '/home/derek-dietz/MSAI/ComputerVision/Final_Project/ws/interbotix/install/bin'
[3.769s] Level 1:colcon.colcon_core.environment:checking '/home/derek-dietz/MSAI/ComputerVision/Final_Project/ws/interbotix/install/lib/pkgconfig/interbotix_xsarm_sim.pc'
[3.770s] Level 1:colcon.colcon_core.environment:checking '/home/derek-dietz/MSAI/ComputerVision/Final_Project/ws/interbotix/install/lib/python3.12/site-packages'
[3.770s] Level 1:colcon.colcon_core.shell:create_environment_hook('interbotix_xsarm_sim', 'pythonpath')
[3.770s] INFO:colcon.colcon_core.shell:Creating environment hook '/home/derek-dietz/MSAI/ComputerVision/Final_Project/ws/interbotix/install/share/interbotix_xsarm_sim/hook/pythonpath.ps1'
[3.770s] INFO:colcon.colcon_core.shell:Creating environment descriptor '/home/derek-dietz/MSAI/ComputerVision/Final_Project/ws/interbotix/install/share/interbotix_xsarm_sim/hook/pythonpath.dsv'
[3.771s] INFO:colcon.colcon_core.shell:Creating environment hook '/home/derek-dietz/MSAI/ComputerVision/Final_Project/ws/interbotix/install/share/interbotix_xsarm_sim/hook/pythonpath.sh'
[3.772s] Level 1:colcon.colcon_core.environment:checking '/home/derek-dietz/MSAI/ComputerVision/Final_Project/ws/interbotix/install/bin'
[3.772s] INFO:colcon.colcon_core.shell:Creating package script '/home/derek-dietz/MSAI/ComputerVision/Final_Project/ws/interbotix/install/share/interbotix_xsarm_sim/package.ps1'
[3.772s] INFO:colcon.colcon_core.shell:Creating package descriptor '/home/derek-dietz/MSAI/ComputerVision/Final_Project/ws/interbotix/install/share/interbotix_xsarm_sim/package.dsv'
[3.773s] INFO:colcon.colcon_core.shell:Creating package script '/home/derek-dietz/MSAI/ComputerVision/Final_Project/ws/interbotix/install/share/interbotix_xsarm_sim/package.sh'
[3.774s] INFO:colcon.colcon_core.shell:Creating package script '/home/derek-dietz/MSAI/ComputerVision/Final_Project/ws/interbotix/install/share/interbotix_xsarm_sim/package.bash'
[3.774s] INFO:colcon.colcon_core.shell:Creating package script '/home/derek-dietz/MSAI/ComputerVision/Final_Project/ws/interbotix/install/share/interbotix_xsarm_sim/package.zsh'
[3.774s] Level 1:colcon.colcon_core.environment:create_file_with_runtime_dependencies(/home/derek-dietz/MSAI/ComputerVision/Final_Project/ws/interbotix/install/share/colcon-core/packages/interbotix_xsarm_sim)
[3.775s] Level 1:colcon.colcon_core.environment:create_environment_scripts_only(interbotix_xsarm_sim)
[3.775s] Level 1:colcon.colcon_core.environment:checking '/home/derek-dietz/MSAI/ComputerVision/Final_Project/ws/interbotix/install' for CMake module files
[3.775s] Level 1:colcon.colcon_core.environment:checking '/home/derek-dietz/MSAI/ComputerVision/Final_Project/ws/interbotix/install' for CMake config files
[3.776s] Level 1:colcon.colcon_core.shell:create_environment_hook('interbotix_xsarm_sim', 'cmake_prefix_path')
[3.776s] INFO:colcon.colcon_core.shell:Creating environment hook '/home/derek-dietz/MSAI/ComputerVision/Final_Project/ws/interbotix/install/share/interbotix_xsarm_sim/hook/cmake_prefix_path.ps1'
[3.777s] INFO:colcon.colcon_core.shell:Creating environment descriptor '/home/derek-dietz/MSAI/ComputerVision/Final_Project/ws/interbotix/install/share/interbotix_xsarm_sim/hook/cmake_prefix_path.dsv'
[3.777s] INFO:colcon.colcon_core.shell:Creating environment hook '/home/derek-dietz/MSAI/ComputerVision/Final_Project/ws/interbotix/install/share/interbotix_xsarm_sim/hook/cmake_prefix_path.sh'
[3.778s] Level 1:colcon.colcon_core.environment:checking '/home/derek-dietz/MSAI/ComputerVision/Final_Project/ws/interbotix/install/lib'
[3.778s] Level 1:colcon.colcon_core.shell:create_environment_hook('interbotix_xsarm_sim', 'ld_library_path_lib')
[3.778s] INFO:colcon.colcon_core.shell:Creating environment hook '/home/derek-dietz/MSAI/ComputerVision/Final_Project/ws/interbotix/install/share/interbotix_xsarm_sim/hook/ld_library_path_lib.ps1'
[3.779s] INFO:colcon.colcon_core.shell:Creating environment descriptor '/home/derek-dietz/MSAI/ComputerVision/Final_Project/ws/interbotix/install/share/interbotix_xsarm_sim/hook/ld_library_path_lib.dsv'
[3.779s] INFO:colcon.colcon_core.shell:Creating environment hook '/home/derek-dietz/MSAI/ComputerVision/Final_Project/ws/interbotix/install/share/interbotix_xsarm_sim/hook/ld_library_path_lib.sh'
[3.780s] Level 1:colcon.colcon_core.environment:checking '/home/derek-dietz/MSAI/ComputerVision/Final_Project/ws/interbotix/install/bin'
[3.780s] Level 1:colcon.colcon_core.environment:checking '/home/derek-dietz/MSAI/ComputerVision/Final_Project/ws/interbotix/install/lib/pkgconfig/interbotix_xsarm_sim.pc'
[3.780s] Level 1:colcon.colcon_core.environment:checking '/home/derek-dietz/MSAI/ComputerVision/Final_Project/ws/interbotix/install/lib/python3.12/site-packages'
[3.780s] Level 1:colcon.colcon_core.shell:create_environment_hook('interbotix_xsarm_sim', 'pythonpath')
[3.780s] INFO:colcon.colcon_core.shell:Creating environment hook '/home/derek-dietz/MSAI/ComputerVision/Final_Project/ws/interbotix/install/share/interbotix_xsarm_sim/hook/pythonpath.ps1'
[3.781s] INFO:colcon.colcon_core.shell:Creating environment descriptor '/home/derek-dietz/MSAI/ComputerVision/Final_Project/ws/interbotix/install/share/interbotix_xsarm_sim/hook/pythonpath.dsv'
[3.781s] INFO:colcon.colcon_core.shell:Creating environment hook '/home/derek-dietz/MSAI/ComputerVision/Final_Project/ws/interbotix/install/share/interbotix_xsarm_sim/hook/pythonpath.sh'
[3.782s] Level 1:colcon.colcon_core.environment:checking '/home/derek-dietz/MSAI/ComputerVision/Final_Project/ws/interbotix/install/bin'
[3.782s] INFO:colcon.colcon_core.shell:Creating package script '/home/derek-dietz/MSAI/ComputerVision/Final_Project/ws/interbotix/install/share/interbotix_xsarm_sim/package.ps1'
[3.783s] INFO:colcon.colcon_core.shell:Creating package descriptor '/home/derek-dietz/MSAI/ComputerVision/Final_Project/ws/interbotix/install/share/interbotix_xsarm_sim/package.dsv'
[3.783s] INFO:colcon.colcon_core.shell:Creating package script '/home/derek-dietz/MSAI/ComputerVision/Final_Project/ws/interbotix/install/share/interbotix_xsarm_sim/package.sh'
[3.784s] INFO:colcon.colcon_core.shell:Creating package script '/home/derek-dietz/MSAI/ComputerVision/Final_Project/ws/interbotix/install/share/interbotix_xsarm_sim/package.bash'
[3.784s] INFO:colcon.colcon_core.shell:Creating package script '/home/derek-dietz/MSAI/ComputerVision/Final_Project/ws/interbotix/install/share/interbotix_xsarm_sim/package.zsh'
[3.784s] Level 1:colcon.colcon_core.environment:create_file_with_runtime_dependencies(/home/derek-dietz/MSAI/ComputerVision/Final_Project/ws/interbotix/install/share/colcon-core/packages/interbotix_xsarm_sim)
[3.787s] DEBUG:colcon.colcon_core.event_handler.log_command:Invoking command in '/home/derek-dietz/MSAI/ComputerVision/Final_Project/ws/interbotix/build/interbotix_xsarm_joy': CMAKE_PREFIX_PATH=${CMAKE_PREFIX_PATH}:/opt/ros/kilted DEBUGINFOD_URLS=https://debuginfod.ubuntu.com PYTHONPATH=/home/derek-dietz/MSAI/ComputerVision/Final_Project/ws/interbotix/install/lib/python3.12/site-packages:/home/derek-dietz/MSAI/ComputerVision/Final_Project/ros_ws/build/arm:/home/derek-dietz/MSAI/ComputerVision/Final_Project/ros_ws/install/arm/lib/python3.12/site-packages:/opt/ros/kilted/lib/python3.12/site-packages /usr/bin/cmake --build /home/derek-dietz/MSAI/ComputerVision/Final_Project/ws/interbotix/build/interbotix_xsarm_joy -- -j22 -l22
[3.789s] DEBUG:colcon.colcon_core.event_handler.log_command:Invoking command in '/home/derek-dietz/MSAI/ComputerVision/Final_Project/ws/interbotix/build/interbotix_xsarm_ros_control': CMAKE_PREFIX_PATH=${CMAKE_PREFIX_PATH}:/opt/ros/kilted DEBUGINFOD_URLS=https://debuginfod.ubuntu.com PYTHONPATH=/home/derek-dietz/MSAI/ComputerVision/Final_Project/ws/interbotix/install/lib/python3.12/site-packages:/home/derek-dietz/MSAI/ComputerVision/Final_Project/ros_ws/build/arm:/home/derek-dietz/MSAI/ComputerVision/Final_Project/ros_ws/install/arm/lib/python3.12/site-packages:/opt/ros/kilted/lib/python3.12/site-packages /usr/bin/cmake --build /home/derek-dietz/MSAI/ComputerVision/Final_Project/ws/interbotix/build/interbotix_xsarm_ros_control -- -j22 -l22
[3.790s] DEBUG:colcon.colcon_core.event_handler.log_command:Invoking command in '/home/derek-dietz/MSAI/ComputerVision/Final_Project/ws/interbotix/build/interbotix_xsarm_dual': CMAKE_PREFIX_PATH=${CMAKE_PREFIX_PATH}:/opt/ros/kilted DEBUGINFOD_URLS=https://debuginfod.ubuntu.com PYTHONPATH=/home/derek-dietz/MSAI/ComputerVision/Final_Project/ws/interbotix/install/lib/python3.12/site-packages:/home/derek-dietz/MSAI/ComputerVision/Final_Project/ros_ws/build/arm:/home/derek-dietz/MSAI/ComputerVision/Final_Project/ros_ws/install/arm/lib/python3.12/site-packages:/opt/ros/kilted/lib/python3.12/site-packages /usr/bin/cmake --build /home/derek-dietz/MSAI/ComputerVision/Final_Project/ws/interbotix/build/interbotix_xsarm_dual -- -j22 -l22
[3.792s] DEBUG:colcon.colcon_core.event_handler.log_command:Invoking command in '/home/derek-dietz/MSAI/ComputerVision/Final_Project/ws/interbotix/build/interbotix_xsarm_puppet': CMAKE_PREFIX_PATH=${CMAKE_PREFIX_PATH}:/opt/ros/kilted DEBUGINFOD_URLS=https://debuginfod.ubuntu.com PYTHONPATH=/home/derek-dietz/MSAI/ComputerVision/Final_Project/ws/interbotix/install/lib/python3.12/site-packages:/home/derek-dietz/MSAI/ComputerVision/Final_Project/ros_ws/build/arm:/home/derek-dietz/MSAI/ComputerVision/Final_Project/ros_ws/install/arm/lib/python3.12/site-packages:/opt/ros/kilted/lib/python3.12/site-packages /usr/bin/cmake --build /home/derek-dietz/MSAI/ComputerVision/Final_Project/ws/interbotix/build/interbotix_xsarm_puppet -- -j22 -l22
[3.833s] DEBUG:colcon.colcon_core.event_handler.log_command:Invoked command in '/home/derek-dietz/MSAI/ComputerVision/Final_Project/ws/interbotix/build/interbotix_xsarm_ros_control' returned '0': CMAKE_PREFIX_PATH=${CMAKE_PREFIX_PATH}:/opt/ros/kilted DEBUGINFOD_URLS=https://debuginfod.ubuntu.com PYTHONPATH=/home/derek-dietz/MSAI/ComputerVision/Final_Project/ws/interbotix/install/lib/python3.12/site-packages:/home/derek-dietz/MSAI/ComputerVision/Final_Project/ros_ws/build/arm:/home/derek-dietz/MSAI/ComputerVision/Final_Project/ros_ws/install/arm/lib/python3.12/site-packages:/opt/ros/kilted/lib/python3.12/site-packages /usr/bin/cmake --build /home/derek-dietz/MSAI/ComputerVision/Final_Project/ws/interbotix/build/interbotix_xsarm_ros_control -- -j22 -l22
[3.834s] DEBUG:colcon.colcon_core.event_handler.log_command:Invoking command in '/home/derek-dietz/MSAI/ComputerVision/Final_Project/ws/interbotix/build/interbotix_xsarm_ros_control': CMAKE_PREFIX_PATH=${CMAKE_PREFIX_PATH}:/opt/ros/kilted DEBUGINFOD_URLS=https://debuginfod.ubuntu.com PYTHONPATH=/home/derek-dietz/MSAI/ComputerVision/Final_Project/ws/interbotix/install/lib/python3.12/site-packages:/home/derek-dietz/MSAI/ComputerVision/Final_Project/ros_ws/build/arm:/home/derek-dietz/MSAI/ComputerVision/Final_Project/ros_ws/install/arm/lib/python3.12/site-packages:/opt/ros/kilted/lib/python3.12/site-packages /usr/bin/cmake --install /home/derek-dietz/MSAI/ComputerVision/Final_Project/ws/interbotix/build/interbotix_xsarm_ros_control
[3.835s] DEBUG:colcon.colcon_core.event_handler.log_command:Invoked command in '/home/derek-dietz/MSAI/ComputerVision/Final_Project/ws/interbotix/build/interbotix_xsarm_dual' returned '0': CMAKE_PREFIX_PATH=${CMAKE_PREFIX_PATH}:/opt/ros/kilted DEBUGINFOD_URLS=https://debuginfod.ubuntu.com PYTHONPATH=/home/derek-dietz/MSAI/ComputerVision/Final_Project/ws/interbotix/install/lib/python3.12/site-packages:/home/derek-dietz/MSAI/ComputerVision/Final_Project/ros_ws/build/arm:/home/derek-dietz/MSAI/ComputerVision/Final_Project/ros_ws/install/arm/lib/python3.12/site-packages:/opt/ros/kilted/lib/python3.12/site-packages /usr/bin/cmake --build /home/derek-dietz/MSAI/ComputerVision/Final_Project/ws/interbotix/build/interbotix_xsarm_dual -- -j22 -l22
[3.836s] DEBUG:colcon.colcon_core.event_handler.log_command:Invoking command in '/home/derek-dietz/MSAI/ComputerVision/Final_Project/ws/interbotix/build/interbotix_xsarm_dual': CMAKE_PREFIX_PATH=${CMAKE_PREFIX_PATH}:/opt/ros/kilted DEBUGINFOD_URLS=https://debuginfod.ubuntu.com PYTHONPATH=/home/derek-dietz/MSAI/ComputerVision/Final_Project/ws/interbotix/install/lib/python3.12/site-packages:/home/derek-dietz/MSAI/ComputerVision/Final_Project/ros_ws/build/arm:/home/derek-dietz/MSAI/ComputerVision/Final_Project/ros_ws/install/arm/lib/python3.12/site-packages:/opt/ros/kilted/lib/python3.12/site-packages /usr/bin/cmake --install /home/derek-dietz/MSAI/ComputerVision/Final_Project/ws/interbotix/build/interbotix_xsarm_dual
[3.848s] Level 1:colcon.colcon_core.environment:create_environment_scripts_only(interbotix_xsarm_ros_control)
[3.848s] Level 1:colcon.colcon_core.environment:checking '/home/derek-dietz/MSAI/ComputerVision/Final_Project/ws/interbotix/install' for CMake module files
[3.848s] DEBUG:colcon.colcon_core.event_handler.log_command:Invoked command in '/home/derek-dietz/MSAI/ComputerVision/Final_Project/ws/interbotix/build/interbotix_xsarm_ros_control' returned '0': CMAKE_PREFIX_PATH=${CMAKE_PREFIX_PATH}:/opt/ros/kilted DEBUGINFOD_URLS=https://debuginfod.ubuntu.com PYTHONPATH=/home/derek-dietz/MSAI/ComputerVision/Final_Project/ws/interbotix/install/lib/python3.12/site-packages:/home/derek-dietz/MSAI/ComputerVision/Final_Project/ros_ws/build/arm:/home/derek-dietz/MSAI/ComputerVision/Final_Project/ros_ws/install/arm/lib/python3.12/site-packages:/opt/ros/kilted/lib/python3.12/site-packages /usr/bin/cmake --install /home/derek-dietz/MSAI/ComputerVision/Final_Project/ws/interbotix/build/interbotix_xsarm_ros_control
[3.849s] Level 1:colcon.colcon_core.environment:checking '/home/derek-dietz/MSAI/ComputerVision/Final_Project/ws/interbotix/install' for CMake config files
[3.850s] Level 1:colcon.colcon_core.shell:create_environment_hook('interbotix_xsarm_ros_control', 'cmake_prefix_path')
[3.850s] INFO:colcon.colcon_core.shell:Creating environment hook '/home/derek-dietz/MSAI/ComputerVision/Final_Project/ws/interbotix/install/share/interbotix_xsarm_ros_control/hook/cmake_prefix_path.ps1'
[3.850s] INFO:colcon.colcon_core.shell:Creating environment descriptor '/home/derek-dietz/MSAI/ComputerVision/Final_Project/ws/interbotix/install/share/interbotix_xsarm_ros_control/hook/cmake_prefix_path.dsv'
[3.851s] INFO:colcon.colcon_core.shell:Creating environment hook '/home/derek-dietz/MSAI/ComputerVision/Final_Project/ws/interbotix/install/share/interbotix_xsarm_ros_control/hook/cmake_prefix_path.sh'
[3.852s] Level 1:colcon.colcon_core.environment:checking '/home/derek-dietz/MSAI/ComputerVision/Final_Project/ws/interbotix/install/lib'
[3.852s] Level 1:colcon.colcon_core.shell:create_environment_hook('interbotix_xsarm_ros_control', 'ld_library_path_lib')
[3.852s] INFO:colcon.colcon_core.shell:Creating environment hook '/home/derek-dietz/MSAI/ComputerVision/Final_Project/ws/interbotix/install/share/interbotix_xsarm_ros_control/hook/ld_library_path_lib.ps1'
[3.853s] INFO:colcon.colcon_core.shell:Creating environment descriptor '/home/derek-dietz/MSAI/ComputerVision/Final_Project/ws/interbotix/install/share/interbotix_xsarm_ros_control/hook/ld_library_path_lib.dsv'
[3.853s] INFO:colcon.colcon_core.shell:Creating environment hook '/home/derek-dietz/MSAI/ComputerVision/Final_Project/ws/interbotix/install/share/interbotix_xsarm_ros_control/hook/ld_library_path_lib.sh'
[3.854s] Level 1:colcon.colcon_core.environment:checking '/home/derek-dietz/MSAI/ComputerVision/Final_Project/ws/interbotix/install/bin'
[3.854s] Level 1:colcon.colcon_core.environment:checking '/home/derek-dietz/MSAI/ComputerVision/Final_Project/ws/interbotix/install/lib/pkgconfig/interbotix_xsarm_ros_control.pc'
[3.854s] Level 1:colcon.colcon_core.environment:checking '/home/derek-dietz/MSAI/ComputerVision/Final_Project/ws/interbotix/install/lib/python3.12/site-packages'
[3.854s] Level 1:colcon.colcon_core.shell:create_environment_hook('interbotix_xsarm_ros_control', 'pythonpath')
[3.854s] INFO:colcon.colcon_core.shell:Creating environment hook '/home/derek-dietz/MSAI/ComputerVision/Final_Project/ws/interbotix/install/share/interbotix_xsarm_ros_control/hook/pythonpath.ps1'
[3.855s] INFO:colcon.colcon_core.shell:Creating environment descriptor '/home/derek-dietz/MSAI/ComputerVision/Final_Project/ws/interbotix/install/share/interbotix_xsarm_ros_control/hook/pythonpath.dsv'
[3.855s] INFO:colcon.colcon_core.shell:Creating environment hook '/home/derek-dietz/MSAI/ComputerVision/Final_Project/ws/interbotix/install/share/interbotix_xsarm_ros_control/hook/pythonpath.sh'
[3.856s] Level 1:colcon.colcon_core.environment:checking '/home/derek-dietz/MSAI/ComputerVision/Final_Project/ws/interbotix/install/bin'
[3.856s] INFO:colcon.colcon_core.shell:Creating package script '/home/derek-dietz/MSAI/ComputerVision/Final_Project/ws/interbotix/install/share/interbotix_xsarm_ros_control/package.ps1'
[3.857s] INFO:colcon.colcon_core.shell:Creating package descriptor '/home/derek-dietz/MSAI/ComputerVision/Final_Project/ws/interbotix/install/share/interbotix_xsarm_ros_control/package.dsv'
[3.857s] INFO:colcon.colcon_core.shell:Creating package script '/home/derek-dietz/MSAI/ComputerVision/Final_Project/ws/interbotix/install/share/interbotix_xsarm_ros_control/package.sh'
[3.858s] INFO:colcon.colcon_core.shell:Creating package script '/home/derek-dietz/MSAI/ComputerVision/Final_Project/ws/interbotix/install/share/interbotix_xsarm_ros_control/package.bash'
[3.858s] INFO:colcon.colcon_core.shell:Creating package script '/home/derek-dietz/MSAI/ComputerVision/Final_Project/ws/interbotix/install/share/interbotix_xsarm_ros_control/package.zsh'
[3.858s] Level 1:colcon.colcon_core.environment:create_file_with_runtime_dependencies(/home/derek-dietz/MSAI/ComputerVision/Final_Project/ws/interbotix/install/share/colcon-core/packages/interbotix_xsarm_ros_control)
[3.859s] Level 1:colcon.colcon_core.environment:create_environment_scripts_only(interbotix_xsarm_ros_control)
[3.859s] Level 1:colcon.colcon_core.environment:checking '/home/derek-dietz/MSAI/ComputerVision/Final_Project/ws/interbotix/install' for CMake module files
[3.859s] Level 1:colcon.colcon_core.environment:checking '/home/derek-dietz/MSAI/ComputerVision/Final_Project/ws/interbotix/install' for CMake config files
[3.860s] Level 1:colcon.colcon_core.shell:create_environment_hook('interbotix_xsarm_ros_control', 'cmake_prefix_path')
[3.860s] INFO:colcon.colcon_core.shell:Creating environment hook '/home/derek-dietz/MSAI/ComputerVision/Final_Project/ws/interbotix/install/share/interbotix_xsarm_ros_control/hook/cmake_prefix_path.ps1'
[3.860s] INFO:colcon.colcon_core.shell:Creating environment descriptor '/home/derek-dietz/MSAI/ComputerVision/Final_Project/ws/interbotix/install/share/interbotix_xsarm_ros_control/hook/cmake_prefix_path.dsv'
[3.860s] INFO:colcon.colcon_core.shell:Creating environment hook '/home/derek-dietz/MSAI/ComputerVision/Final_Project/ws/interbotix/install/share/interbotix_xsarm_ros_control/hook/cmake_prefix_path.sh'
[3.861s] Level 1:colcon.colcon_core.environment:checking '/home/derek-dietz/MSAI/ComputerVision/Final_Project/ws/interbotix/install/lib'
[3.861s] Level 1:colcon.colcon_core.shell:create_environment_hook('interbotix_xsarm_ros_control', 'ld_library_path_lib')
[3.861s] INFO:colcon.colcon_core.shell:Creating environment hook '/home/derek-dietz/MSAI/ComputerVision/Final_Project/ws/interbotix/install/share/interbotix_xsarm_ros_control/hook/ld_library_path_lib.ps1'
[3.861s] INFO:colcon.colcon_core.shell:Creating environment descriptor '/home/derek-dietz/MSAI/ComputerVision/Final_Project/ws/interbotix/install/share/interbotix_xsarm_ros_control/hook/ld_library_path_lib.dsv'
[3.861s] INFO:colcon.colcon_core.shell:Creating environment hook '/home/derek-dietz/MSAI/ComputerVision/Final_Project/ws/interbotix/install/share/interbotix_xsarm_ros_control/hook/ld_library_path_lib.sh'
[3.862s] Level 1:colcon.colcon_core.environment:checking '/home/derek-dietz/MSAI/ComputerVision/Final_Project/ws/interbotix/install/bin'
[3.862s] Level 1:colcon.colcon_core.environment:checking '/home/derek-dietz/MSAI/ComputerVision/Final_Project/ws/interbotix/install/lib/pkgconfig/interbotix_xsarm_ros_control.pc'
[3.862s] Level 1:colcon.colcon_core.environment:checking '/home/derek-dietz/MSAI/ComputerVision/Final_Project/ws/interbotix/install/lib/python3.12/site-packages'
[3.862s] Level 1:colcon.colcon_core.shell:create_environment_hook('interbotix_xsarm_ros_control', 'pythonpath')
[3.862s] INFO:colcon.colcon_core.shell:Creating environment hook '/home/derek-dietz/MSAI/ComputerVision/Final_Project/ws/interbotix/install/share/interbotix_xsarm_ros_control/hook/pythonpath.ps1'
[3.862s] INFO:colcon.colcon_core.shell:Creating environment descriptor '/home/derek-dietz/MSAI/ComputerVision/Final_Project/ws/interbotix/install/share/interbotix_xsarm_ros_control/hook/pythonpath.dsv'
[3.863s] INFO:colcon.colcon_core.shell:Creating environment hook '/home/derek-dietz/MSAI/ComputerVision/Final_Project/ws/interbotix/install/share/interbotix_xsarm_ros_control/hook/pythonpath.sh'
[3.864s] Level 1:colcon.colcon_core.environment:checking '/home/derek-dietz/MSAI/ComputerVision/Final_Project/ws/interbotix/install/bin'
[3.864s] INFO:colcon.colcon_core.shell:Creating package script '/home/derek-dietz/MSAI/ComputerVision/Final_Project/ws/interbotix/install/share/interbotix_xsarm_ros_control/package.ps1'
[3.865s] INFO:colcon.colcon_core.shell:Creating package descriptor '/home/derek-dietz/MSAI/ComputerVision/Final_Project/ws/interbotix/install/share/interbotix_xsarm_ros_control/package.dsv'
[3.865s] INFO:colcon.colcon_core.shell:Creating package script '/home/derek-dietz/MSAI/ComputerVision/Final_Project/ws/interbotix/install/share/interbotix_xsarm_ros_control/package.sh'
[3.866s] INFO:colcon.colcon_core.shell:Creating package script '/home/derek-dietz/MSAI/ComputerVision/Final_Project/ws/interbotix/install/share/interbotix_xsarm_ros_control/package.bash'
[3.867s] INFO:colcon.colcon_core.shell:Creating package script '/home/derek-dietz/MSAI/ComputerVision/Final_Project/ws/interbotix/install/share/interbotix_xsarm_ros_control/package.zsh'
[3.867s] Level 1:colcon.colcon_core.environment:create_file_with_runtime_dependencies(/home/derek-dietz/MSAI/ComputerVision/Final_Project/ws/interbotix/install/share/colcon-core/packages/interbotix_xsarm_ros_control)
[3.868s] INFO:colcon.colcon_ros.task.ament_cmake.build:Building ROS package in '/home/derek-dietz/MSAI/ComputerVision/Final_Project/ws/interbotix/src/interbotix_ros_manipulators/interbotix_ros_xsarms/interbotix_xsarm_moveit' with build type 'ament_cmake'
[3.868s] INFO:colcon.colcon_cmake.task.cmake.build:Building CMake package in '/home/derek-dietz/MSAI/ComputerVision/Final_Project/ws/interbotix/src/interbotix_ros_manipulators/interbotix_ros_xsarms/interbotix_xsarm_moveit'
[3.868s] INFO:colcon.colcon_core.shell:Skip shell extension 'powershell' for command environment: Not usable outside of PowerShell
[3.868s] DEBUG:colcon.colcon_core.shell:Skip shell extension 'dsv' for command environment
[3.874s] Level 1:colcon.colcon_core.environment:create_environment_scripts_only(interbotix_xsarm_dual)
[3.875s] Level 1:colcon.colcon_core.environment:checking '/home/derek-dietz/MSAI/ComputerVision/Final_Project/ws/interbotix/install' for CMake module files
[3.875s] Level 1:colcon.colcon_core.environment:checking '/home/derek-dietz/MSAI/ComputerVision/Final_Project/ws/interbotix/install' for CMake config files
[3.875s] DEBUG:colcon.colcon_core.event_handler.log_command:Invoked command in '/home/derek-dietz/MSAI/ComputerVision/Final_Project/ws/interbotix/build/interbotix_xsarm_dual' returned '0': CMAKE_PREFIX_PATH=${CMAKE_PREFIX_PATH}:/opt/ros/kilted DEBUGINFOD_URLS=https://debuginfod.ubuntu.com PYTHONPATH=/home/derek-dietz/MSAI/ComputerVision/Final_Project/ws/interbotix/install/lib/python3.12/site-packages:/home/derek-dietz/MSAI/ComputerVision/Final_Project/ros_ws/build/arm:/home/derek-dietz/MSAI/ComputerVision/Final_Project/ros_ws/install/arm/lib/python3.12/site-packages:/opt/ros/kilted/lib/python3.12/site-packages /usr/bin/cmake --install /home/derek-dietz/MSAI/ComputerVision/Final_Project/ws/interbotix/build/interbotix_xsarm_dual
[3.876s] Level 1:colcon.colcon_core.shell:create_environment_hook('interbotix_xsarm_dual', 'cmake_prefix_path')
[3.876s] INFO:colcon.colcon_core.shell:Creating environment hook '/home/derek-dietz/MSAI/ComputerVision/Final_Project/ws/interbotix/install/share/interbotix_xsarm_dual/hook/cmake_prefix_path.ps1'
[3.877s] INFO:colcon.colcon_core.shell:Creating environment descriptor '/home/derek-dietz/MSAI/ComputerVision/Final_Project/ws/interbotix/install/share/interbotix_xsarm_dual/hook/cmake_prefix_path.dsv'
[3.877s] INFO:colcon.colcon_core.shell:Creating environment hook '/home/derek-dietz/MSAI/ComputerVision/Final_Project/ws/interbotix/install/share/interbotix_xsarm_dual/hook/cmake_prefix_path.sh'
[3.877s] Level 1:colcon.colcon_core.environment:checking '/home/derek-dietz/MSAI/ComputerVision/Final_Project/ws/interbotix/install/lib'
[3.877s] Level 1:colcon.colcon_core.shell:create_environment_hook('interbotix_xsarm_dual', 'ld_library_path_lib')
[3.877s] INFO:colcon.colcon_core.shell:Creating environment hook '/home/derek-dietz/MSAI/ComputerVision/Final_Project/ws/interbotix/install/share/interbotix_xsarm_dual/hook/ld_library_path_lib.ps1'
[3.878s] INFO:colcon.colcon_core.shell:Creating environment descriptor '/home/derek-dietz/MSAI/ComputerVision/Final_Project/ws/interbotix/install/share/interbotix_xsarm_dual/hook/ld_library_path_lib.dsv'
[3.878s] INFO:colcon.colcon_core.shell:Creating environment hook '/home/derek-dietz/MSAI/ComputerVision/Final_Project/ws/interbotix/install/share/interbotix_xsarm_dual/hook/ld_library_path_lib.sh'
[3.878s] Level 1:colcon.colcon_core.environment:checking '/home/derek-dietz/MSAI/ComputerVision/Final_Project/ws/interbotix/install/bin'
[3.878s] Level 1:colcon.colcon_core.environment:checking '/home/derek-dietz/MSAI/ComputerVision/Final_Project/ws/interbotix/install/lib/pkgconfig/interbotix_xsarm_dual.pc'
[3.878s] Level 1:colcon.colcon_core.environment:checking '/home/derek-dietz/MSAI/ComputerVision/Final_Project/ws/interbotix/install/lib/python3.12/site-packages'
[3.879s] Level 1:colcon.colcon_core.shell:create_environment_hook('interbotix_xsarm_dual', 'pythonpath')
[3.879s] INFO:colcon.colcon_core.shell:Creating environment hook '/home/derek-dietz/MSAI/ComputerVision/Final_Project/ws/interbotix/install/share/interbotix_xsarm_dual/hook/pythonpath.ps1'
[3.879s] INFO:colcon.colcon_core.shell:Creating environment descriptor '/home/derek-dietz/MSAI/ComputerVision/Final_Project/ws/interbotix/install/share/interbotix_xsarm_dual/hook/pythonpath.dsv'
[3.879s] INFO:colcon.colcon_core.shell:Creating environment hook '/home/derek-dietz/MSAI/ComputerVision/Final_Project/ws/interbotix/install/share/interbotix_xsarm_dual/hook/pythonpath.sh'
[3.880s] Level 1:colcon.colcon_core.environment:checking '/home/derek-dietz/MSAI/ComputerVision/Final_Project/ws/interbotix/install/bin'
[3.880s] INFO:colcon.colcon_core.shell:Creating package script '/home/derek-dietz/MSAI/ComputerVision/Final_Project/ws/interbotix/install/share/interbotix_xsarm_dual/package.ps1'
[3.880s] INFO:colcon.colcon_core.shell:Creating package descriptor '/home/derek-dietz/MSAI/ComputerVision/Final_Project/ws/interbotix/install/share/interbotix_xsarm_dual/package.dsv'
[3.880s] INFO:colcon.colcon_core.shell:Creating package script '/home/derek-dietz/MSAI/ComputerVision/Final_Project/ws/interbotix/install/share/interbotix_xsarm_dual/package.sh'
[3.881s] INFO:colcon.colcon_core.shell:Creating package script '/home/derek-dietz/MSAI/ComputerVision/Final_Project/ws/interbotix/install/share/interbotix_xsarm_dual/package.bash'
[3.881s] INFO:colcon.colcon_core.shell:Creating package script '/home/derek-dietz/MSAI/ComputerVision/Final_Project/ws/interbotix/install/share/interbotix_xsarm_dual/package.zsh'
[3.881s] Level 1:colcon.colcon_core.environment:create_file_with_runtime_dependencies(/home/derek-dietz/MSAI/ComputerVision/Final_Project/ws/interbotix/install/share/colcon-core/packages/interbotix_xsarm_dual)
[3.881s] Level 1:colcon.colcon_core.environment:create_environment_scripts_only(interbotix_xsarm_dual)
[3.881s] Level 1:colcon.colcon_core.environment:checking '/home/derek-dietz/MSAI/ComputerVision/Final_Project/ws/interbotix/install' for CMake module files
[3.881s] Level 1:colcon.colcon_core.environment:checking '/home/derek-dietz/MSAI/ComputerVision/Final_Project/ws/interbotix/install' for CMake config files
[3.882s] Level 1:colcon.colcon_core.shell:create_environment_hook('interbotix_xsarm_dual', 'cmake_prefix_path')
[3.882s] INFO:colcon.colcon_core.shell:Creating environment hook '/home/derek-dietz/MSAI/ComputerVision/Final_Project/ws/interbotix/install/share/interbotix_xsarm_dual/hook/cmake_prefix_path.ps1'
[3.882s] INFO:colcon.colcon_core.shell:Creating environment descriptor '/home/derek-dietz/MSAI/ComputerVision/Final_Project/ws/interbotix/install/share/interbotix_xsarm_dual/hook/cmake_prefix_path.dsv'
[3.882s] INFO:colcon.colcon_core.shell:Creating environment hook '/home/derek-dietz/MSAI/ComputerVision/Final_Project/ws/interbotix/install/share/interbotix_xsarm_dual/hook/cmake_prefix_path.sh'
[3.883s] Level 1:colcon.colcon_core.environment:checking '/home/derek-dietz/MSAI/ComputerVision/Final_Project/ws/interbotix/install/lib'
[3.883s] Level 1:colcon.colcon_core.shell:create_environment_hook('interbotix_xsarm_dual', 'ld_library_path_lib')
[3.883s] INFO:colcon.colcon_core.shell:Creating environment hook '/home/derek-dietz/MSAI/ComputerVision/Final_Project/ws/interbotix/install/share/interbotix_xsarm_dual/hook/ld_library_path_lib.ps1'
[3.883s] INFO:colcon.colcon_core.shell:Creating environment descriptor '/home/derek-dietz/MSAI/ComputerVision/Final_Project/ws/interbotix/install/share/interbotix_xsarm_dual/hook/ld_library_path_lib.dsv'
[3.883s] INFO:colcon.colcon_core.shell:Creating environment hook '/home/derek-dietz/MSAI/ComputerVision/Final_Project/ws/interbotix/install/share/interbotix_xsarm_dual/hook/ld_library_path_lib.sh'
[3.883s] Level 1:colcon.colcon_core.environment:checking '/home/derek-dietz/MSAI/ComputerVision/Final_Project/ws/interbotix/install/bin'
[3.883s] Level 1:colcon.colcon_core.environment:checking '/home/derek-dietz/MSAI/ComputerVision/Final_Project/ws/interbotix/install/lib/pkgconfig/interbotix_xsarm_dual.pc'
[3.883s] Level 1:colcon.colcon_core.environment:checking '/home/derek-dietz/MSAI/ComputerVision/Final_Project/ws/interbotix/install/lib/python3.12/site-packages'
[3.884s] Level 1:colcon.colcon_core.shell:create_environment_hook('interbotix_xsarm_dual', 'pythonpath')
[3.884s] INFO:colcon.colcon_core.shell:Creating environment hook '/home/derek-dietz/MSAI/ComputerVision/Final_Project/ws/interbotix/install/share/interbotix_xsarm_dual/hook/pythonpath.ps1'
[3.884s] INFO:colcon.colcon_core.shell:Creating environment descriptor '/home/derek-dietz/MSAI/ComputerVision/Final_Project/ws/interbotix/install/share/interbotix_xsarm_dual/hook/pythonpath.dsv'
[3.884s] INFO:colcon.colcon_core.shell:Creating environment hook '/home/derek-dietz/MSAI/ComputerVision/Final_Project/ws/interbotix/install/share/interbotix_xsarm_dual/hook/pythonpath.sh'
[3.884s] Level 1:colcon.colcon_core.environment:checking '/home/derek-dietz/MSAI/ComputerVision/Final_Project/ws/interbotix/install/bin'
[3.884s] INFO:colcon.colcon_core.shell:Creating package script '/home/derek-dietz/MSAI/ComputerVision/Final_Project/ws/interbotix/install/share/interbotix_xsarm_dual/package.ps1'
[3.885s] INFO:colcon.colcon_core.shell:Creating package descriptor '/home/derek-dietz/MSAI/ComputerVision/Final_Project/ws/interbotix/install/share/interbotix_xsarm_dual/package.dsv'
[3.885s] INFO:colcon.colcon_core.shell:Creating package script '/home/derek-dietz/MSAI/ComputerVision/Final_Project/ws/interbotix/install/share/interbotix_xsarm_dual/package.sh'
[3.885s] INFO:colcon.colcon_core.shell:Creating package script '/home/derek-dietz/MSAI/ComputerVision/Final_Project/ws/interbotix/install/share/interbotix_xsarm_dual/package.bash'
[3.885s] INFO:colcon.colcon_core.shell:Creating package script '/home/derek-dietz/MSAI/ComputerVision/Final_Project/ws/interbotix/install/share/interbotix_xsarm_dual/package.zsh'
[3.886s] Level 1:colcon.colcon_core.environment:create_file_with_runtime_dependencies(/home/derek-dietz/MSAI/ComputerVision/Final_Project/ws/interbotix/install/share/colcon-core/packages/interbotix_xsarm_dual)
[3.887s] DEBUG:colcon.colcon_core.event_handler.log_command:Invoked command in '/home/derek-dietz/MSAI/ComputerVision/Final_Project/ws/interbotix/build/interbotix_xsarm_puppet' returned '0': CMAKE_PREFIX_PATH=${CMAKE_PREFIX_PATH}:/opt/ros/kilted DEBUGINFOD_URLS=https://debuginfod.ubuntu.com PYTHONPATH=/home/derek-dietz/MSAI/ComputerVision/Final_Project/ws/interbotix/install/lib/python3.12/site-packages:/home/derek-dietz/MSAI/ComputerVision/Final_Project/ros_ws/build/arm:/home/derek-dietz/MSAI/ComputerVision/Final_Project/ros_ws/install/arm/lib/python3.12/site-packages:/opt/ros/kilted/lib/python3.12/site-packages /usr/bin/cmake --build /home/derek-dietz/MSAI/ComputerVision/Final_Project/ws/interbotix/build/interbotix_xsarm_puppet -- -j22 -l22
[3.888s] DEBUG:colcon.colcon_core.event_handler.log_command:Invoking command in '/home/derek-dietz/MSAI/ComputerVision/Final_Project/ws/interbotix/build/interbotix_xsarm_puppet': CMAKE_PREFIX_PATH=${CMAKE_PREFIX_PATH}:/opt/ros/kilted DEBUGINFOD_URLS=https://debuginfod.ubuntu.com PYTHONPATH=/home/derek-dietz/MSAI/ComputerVision/Final_Project/ws/interbotix/install/lib/python3.12/site-packages:/home/derek-dietz/MSAI/ComputerVision/Final_Project/ros_ws/build/arm:/home/derek-dietz/MSAI/ComputerVision/Final_Project/ros_ws/install/arm/lib/python3.12/site-packages:/opt/ros/kilted/lib/python3.12/site-packages /usr/bin/cmake --install /home/derek-dietz/MSAI/ComputerVision/Final_Project/ws/interbotix/build/interbotix_xsarm_puppet
[3.888s] DEBUG:colcon.colcon_core.event_handler.log_command:Invoked command in '/home/derek-dietz/MSAI/ComputerVision/Final_Project/ws/interbotix/build/interbotix_xsarm_joy' returned '0': CMAKE_PREFIX_PATH=${CMAKE_PREFIX_PATH}:/opt/ros/kilted DEBUGINFOD_URLS=https://debuginfod.ubuntu.com PYTHONPATH=/home/derek-dietz/MSAI/ComputerVision/Final_Project/ws/interbotix/install/lib/python3.12/site-packages:/home/derek-dietz/MSAI/ComputerVision/Final_Project/ros_ws/build/arm:/home/derek-dietz/MSAI/ComputerVision/Final_Project/ros_ws/install/arm/lib/python3.12/site-packages:/opt/ros/kilted/lib/python3.12/site-packages /usr/bin/cmake --build /home/derek-dietz/MSAI/ComputerVision/Final_Project/ws/interbotix/build/interbotix_xsarm_joy -- -j22 -l22
[3.889s] DEBUG:colcon.colcon_core.event_handler.log_command:Invoking command in '/home/derek-dietz/MSAI/ComputerVision/Final_Project/ws/interbotix/build/interbotix_xsarm_joy': CMAKE_PREFIX_PATH=${CMAKE_PREFIX_PATH}:/opt/ros/kilted DEBUGINFOD_URLS=https://debuginfod.ubuntu.com PYTHONPATH=/home/derek-dietz/MSAI/ComputerVision/Final_Project/ws/interbotix/install/lib/python3.12/site-packages:/home/derek-dietz/MSAI/ComputerVision/Final_Project/ros_ws/build/arm:/home/derek-dietz/MSAI/ComputerVision/Final_Project/ros_ws/install/arm/lib/python3.12/site-packages:/opt/ros/kilted/lib/python3.12/site-packages /usr/bin/cmake --install /home/derek-dietz/MSAI/ComputerVision/Final_Project/ws/interbotix/build/interbotix_xsarm_joy
[3.898s] DEBUG:colcon.colcon_core.event_handler.log_command:Invoking command in '/home/derek-dietz/MSAI/ComputerVision/Final_Project/ws/interbotix/build/interbotix_xsarm_moveit': CMAKE_PREFIX_PATH=${CMAKE_PREFIX_PATH}:/opt/ros/kilted DEBUGINFOD_URLS=https://debuginfod.ubuntu.com PYTHONPATH=/home/derek-dietz/MSAI/ComputerVision/Final_Project/ws/interbotix/install/lib/python3.12/site-packages:/home/derek-dietz/MSAI/ComputerVision/Final_Project/ros_ws/build/arm:/home/derek-dietz/MSAI/ComputerVision/Final_Project/ros_ws/install/arm/lib/python3.12/site-packages:/opt/ros/kilted/lib/python3.12/site-packages /usr/bin/cmake --build /home/derek-dietz/MSAI/ComputerVision/Final_Project/ws/interbotix/build/interbotix_xsarm_moveit -- -j22 -l22
[3.898s] DEBUG:colcon.colcon_core.event_handler.log_command:Invoked command in '/home/derek-dietz/MSAI/ComputerVision/Final_Project/ws/interbotix/build/interbotix_xsarm_puppet' returned '0': CMAKE_PREFIX_PATH=${CMAKE_PREFIX_PATH}:/opt/ros/kilted DEBUGINFOD_URLS=https://debuginfod.ubuntu.com PYTHONPATH=/home/derek-dietz/MSAI/ComputerVision/Final_Project/ws/interbotix/install/lib/python3.12/site-packages:/home/derek-dietz/MSAI/ComputerVision/Final_Project/ros_ws/build/arm:/home/derek-dietz/MSAI/ComputerVision/Final_Project/ros_ws/install/arm/lib/python3.12/site-packages:/opt/ros/kilted/lib/python3.12/site-packages /usr/bin/cmake --install /home/derek-dietz/MSAI/ComputerVision/Final_Project/ws/interbotix/build/interbotix_xsarm_puppet
[3.898s] Level 1:colcon.colcon_core.environment:create_environment_scripts_only(interbotix_xsarm_puppet)
[3.899s] Level 1:colcon.colcon_core.environment:checking '/home/derek-dietz/MSAI/ComputerVision/Final_Project/ws/interbotix/install' for CMake module files
[3.902s] Level 1:colcon.colcon_core.environment:checking '/home/derek-dietz/MSAI/ComputerVision/Final_Project/ws/interbotix/install' for CMake config files
[3.903s] Level 1:colcon.colcon_core.shell:create_environment_hook('interbotix_xsarm_puppet', 'cmake_prefix_path')
[3.903s] INFO:colcon.colcon_core.shell:Creating environment hook '/home/derek-dietz/MSAI/ComputerVision/Final_Project/ws/interbotix/install/share/interbotix_xsarm_puppet/hook/cmake_prefix_path.ps1'
[3.903s] INFO:colcon.colcon_core.shell:Creating environment descriptor '/home/derek-dietz/MSAI/ComputerVision/Final_Project/ws/interbotix/install/share/interbotix_xsarm_puppet/hook/cmake_prefix_path.dsv'
[3.904s] INFO:colcon.colcon_core.shell:Creating environment hook '/home/derek-dietz/MSAI/ComputerVision/Final_Project/ws/interbotix/install/share/interbotix_xsarm_puppet/hook/cmake_prefix_path.sh'
[3.904s] Level 1:colcon.colcon_core.environment:checking '/home/derek-dietz/MSAI/ComputerVision/Final_Project/ws/interbotix/install/lib'
[3.905s] Level 1:colcon.colcon_core.shell:create_environment_hook('interbotix_xsarm_puppet', 'ld_library_path_lib')
[3.905s] INFO:colcon.colcon_core.shell:Creating environment hook '/home/derek-dietz/MSAI/ComputerVision/Final_Project/ws/interbotix/install/share/interbotix_xsarm_puppet/hook/ld_library_path_lib.ps1'
[3.905s] INFO:colcon.colcon_core.shell:Creating environment descriptor '/home/derek-dietz/MSAI/ComputerVision/Final_Project/ws/interbotix/install/share/interbotix_xsarm_puppet/hook/ld_library_path_lib.dsv'
[3.906s] INFO:colcon.colcon_core.shell:Creating environment hook '/home/derek-dietz/MSAI/ComputerVision/Final_Project/ws/interbotix/install/share/interbotix_xsarm_puppet/hook/ld_library_path_lib.sh'
[3.906s] Level 1:colcon.colcon_core.environment:checking '/home/derek-dietz/MSAI/ComputerVision/Final_Project/ws/interbotix/install/bin'
[3.906s] Level 1:colcon.colcon_core.environment:checking '/home/derek-dietz/MSAI/ComputerVision/Final_Project/ws/interbotix/install/lib/pkgconfig/interbotix_xsarm_puppet.pc'
[3.906s] Level 1:colcon.colcon_core.environment:checking '/home/derek-dietz/MSAI/ComputerVision/Final_Project/ws/interbotix/install/lib/python3.12/site-packages'
[3.906s] Level 1:colcon.colcon_core.shell:create_environment_hook('interbotix_xsarm_puppet', 'pythonpath')
[3.907s] INFO:colcon.colcon_core.shell:Creating environment hook '/home/derek-dietz/MSAI/ComputerVision/Final_Project/ws/interbotix/install/share/interbotix_xsarm_puppet/hook/pythonpath.ps1'
[3.907s] INFO:colcon.colcon_core.shell:Creating environment descriptor '/home/derek-dietz/MSAI/ComputerVision/Final_Project/ws/interbotix/install/share/interbotix_xsarm_puppet/hook/pythonpath.dsv'
[3.907s] INFO:colcon.colcon_core.shell:Creating environment hook '/home/derek-dietz/MSAI/ComputerVision/Final_Project/ws/interbotix/install/share/interbotix_xsarm_puppet/hook/pythonpath.sh'
[3.908s] Level 1:colcon.colcon_core.environment:checking '/home/derek-dietz/MSAI/ComputerVision/Final_Project/ws/interbotix/install/bin'
[3.909s] INFO:colcon.colcon_core.shell:Creating package script '/home/derek-dietz/MSAI/ComputerVision/Final_Project/ws/interbotix/install/share/interbotix_xsarm_puppet/package.ps1'
[3.909s] INFO:colcon.colcon_core.shell:Creating package descriptor '/home/derek-dietz/MSAI/ComputerVision/Final_Project/ws/interbotix/install/share/interbotix_xsarm_puppet/package.dsv'
[3.910s] INFO:colcon.colcon_core.shell:Creating package script '/home/derek-dietz/MSAI/ComputerVision/Final_Project/ws/interbotix/install/share/interbotix_xsarm_puppet/package.sh'
[3.910s] INFO:colcon.colcon_core.shell:Creating package script '/home/derek-dietz/MSAI/ComputerVision/Final_Project/ws/interbotix/install/share/interbotix_xsarm_puppet/package.bash'
[3.911s] INFO:colcon.colcon_core.shell:Creating package script '/home/derek-dietz/MSAI/ComputerVision/Final_Project/ws/interbotix/install/share/interbotix_xsarm_puppet/package.zsh'
[3.911s] Level 1:colcon.colcon_core.environment:create_file_with_runtime_dependencies(/home/derek-dietz/MSAI/ComputerVision/Final_Project/ws/interbotix/install/share/colcon-core/packages/interbotix_xsarm_puppet)
[3.912s] Level 1:colcon.colcon_core.environment:create_environment_scripts_only(interbotix_xsarm_puppet)
[3.912s] Level 1:colcon.colcon_core.environment:checking '/home/derek-dietz/MSAI/ComputerVision/Final_Project/ws/interbotix/install' for CMake module files
[3.912s] Level 1:colcon.colcon_core.environment:checking '/home/derek-dietz/MSAI/ComputerVision/Final_Project/ws/interbotix/install' for CMake config files
[3.913s] Level 1:colcon.colcon_core.shell:create_environment_hook('interbotix_xsarm_puppet', 'cmake_prefix_path')
[3.913s] INFO:colcon.colcon_core.shell:Creating environment hook '/home/derek-dietz/MSAI/ComputerVision/Final_Project/ws/interbotix/install/share/interbotix_xsarm_puppet/hook/cmake_prefix_path.ps1'
[3.914s] INFO:colcon.colcon_core.shell:Creating environment descriptor '/home/derek-dietz/MSAI/ComputerVision/Final_Project/ws/interbotix/install/share/interbotix_xsarm_puppet/hook/cmake_prefix_path.dsv'
[3.914s] INFO:colcon.colcon_core.shell:Creating environment hook '/home/derek-dietz/MSAI/ComputerVision/Final_Project/ws/interbotix/install/share/interbotix_xsarm_puppet/hook/cmake_prefix_path.sh'
[3.915s] Level 1:colcon.colcon_core.environment:checking '/home/derek-dietz/MSAI/ComputerVision/Final_Project/ws/interbotix/install/lib'
[3.915s] Level 1:colcon.colcon_core.shell:create_environment_hook('interbotix_xsarm_puppet', 'ld_library_path_lib')
[3.915s] INFO:colcon.colcon_core.shell:Creating environment hook '/home/derek-dietz/MSAI/ComputerVision/Final_Project/ws/interbotix/install/share/interbotix_xsarm_puppet/hook/ld_library_path_lib.ps1'
[3.915s] INFO:colcon.colcon_core.shell:Creating environment descriptor '/home/derek-dietz/MSAI/ComputerVision/Final_Project/ws/interbotix/install/share/interbotix_xsarm_puppet/hook/ld_library_path_lib.dsv'
[3.915s] INFO:colcon.colcon_core.shell:Creating environment hook '/home/derek-dietz/MSAI/ComputerVision/Final_Project/ws/interbotix/install/share/interbotix_xsarm_puppet/hook/ld_library_path_lib.sh'
[3.916s] Level 1:colcon.colcon_core.environment:checking '/home/derek-dietz/MSAI/ComputerVision/Final_Project/ws/interbotix/install/bin'
[3.916s] Level 1:colcon.colcon_core.environment:checking '/home/derek-dietz/MSAI/ComputerVision/Final_Project/ws/interbotix/install/lib/pkgconfig/interbotix_xsarm_puppet.pc'
[3.916s] Level 1:colcon.colcon_core.environment:checking '/home/derek-dietz/MSAI/ComputerVision/Final_Project/ws/interbotix/install/lib/python3.12/site-packages'
[3.916s] Level 1:colcon.colcon_core.shell:create_environment_hook('interbotix_xsarm_puppet', 'pythonpath')
[3.916s] INFO:colcon.colcon_core.shell:Creating environment hook '/home/derek-dietz/MSAI/ComputerVision/Final_Project/ws/interbotix/install/share/interbotix_xsarm_puppet/hook/pythonpath.ps1'
[3.916s] INFO:colcon.colcon_core.shell:Creating environment descriptor '/home/derek-dietz/MSAI/ComputerVision/Final_Project/ws/interbotix/install/share/interbotix_xsarm_puppet/hook/pythonpath.dsv'
[3.917s] INFO:colcon.colcon_core.shell:Creating environment hook '/home/derek-dietz/MSAI/ComputerVision/Final_Project/ws/interbotix/install/share/interbotix_xsarm_puppet/hook/pythonpath.sh'
[3.917s] Level 1:colcon.colcon_core.environment:checking '/home/derek-dietz/MSAI/ComputerVision/Final_Project/ws/interbotix/install/bin'
[3.917s] INFO:colcon.colcon_core.shell:Creating package script '/home/derek-dietz/MSAI/ComputerVision/Final_Project/ws/interbotix/install/share/interbotix_xsarm_puppet/package.ps1'
[3.918s] INFO:colcon.colcon_core.shell:Creating package descriptor '/home/derek-dietz/MSAI/ComputerVision/Final_Project/ws/interbotix/install/share/interbotix_xsarm_puppet/package.dsv'
[3.918s] INFO:colcon.colcon_core.shell:Creating package script '/home/derek-dietz/MSAI/ComputerVision/Final_Project/ws/interbotix/install/share/interbotix_xsarm_puppet/package.sh'
[3.919s] INFO:colcon.colcon_core.shell:Creating package script '/home/derek-dietz/MSAI/ComputerVision/Final_Project/ws/interbotix/install/share/interbotix_xsarm_puppet/package.bash'
[3.919s] INFO:colcon.colcon_core.shell:Creating package script '/home/derek-dietz/MSAI/ComputerVision/Final_Project/ws/interbotix/install/share/interbotix_xsarm_puppet/package.zsh'
[3.919s] Level 1:colcon.colcon_core.environment:create_file_with_runtime_dependencies(/home/derek-dietz/MSAI/ComputerVision/Final_Project/ws/interbotix/install/share/colcon-core/packages/interbotix_xsarm_puppet)
[3.920s] Level 1:colcon.colcon_core.environment:create_environment_scripts_only(interbotix_xsarm_joy)
[3.920s] Level 1:colcon.colcon_core.environment:checking '/home/derek-dietz/MSAI/ComputerVision/Final_Project/ws/interbotix/install' for CMake module files
[3.920s] DEBUG:colcon.colcon_core.event_handler.log_command:Invoked command in '/home/derek-dietz/MSAI/ComputerVision/Final_Project/ws/interbotix/build/interbotix_xsarm_joy' returned '0': CMAKE_PREFIX_PATH=${CMAKE_PREFIX_PATH}:/opt/ros/kilted DEBUGINFOD_URLS=https://debuginfod.ubuntu.com PYTHONPATH=/home/derek-dietz/MSAI/ComputerVision/Final_Project/ws/interbotix/install/lib/python3.12/site-packages:/home/derek-dietz/MSAI/ComputerVision/Final_Project/ros_ws/build/arm:/home/derek-dietz/MSAI/ComputerVision/Final_Project/ros_ws/install/arm/lib/python3.12/site-packages:/opt/ros/kilted/lib/python3.12/site-packages /usr/bin/cmake --install /home/derek-dietz/MSAI/ComputerVision/Final_Project/ws/interbotix/build/interbotix_xsarm_joy
[3.921s] Level 1:colcon.colcon_core.environment:checking '/home/derek-dietz/MSAI/ComputerVision/Final_Project/ws/interbotix/install' for CMake config files
[3.921s] Level 1:colcon.colcon_core.shell:create_environment_hook('interbotix_xsarm_joy', 'cmake_prefix_path')
[3.921s] INFO:colcon.colcon_core.shell:Creating environment hook '/home/derek-dietz/MSAI/ComputerVision/Final_Project/ws/interbotix/install/share/interbotix_xsarm_joy/hook/cmake_prefix_path.ps1'
[3.921s] INFO:colcon.colcon_core.shell:Creating environment descriptor '/home/derek-dietz/MSAI/ComputerVision/Final_Project/ws/interbotix/install/share/interbotix_xsarm_joy/hook/cmake_prefix_path.dsv'
[3.921s] INFO:colcon.colcon_core.shell:Creating environment hook '/home/derek-dietz/MSAI/ComputerVision/Final_Project/ws/interbotix/install/share/interbotix_xsarm_joy/hook/cmake_prefix_path.sh'
[3.922s] Level 1:colcon.colcon_core.environment:checking '/home/derek-dietz/MSAI/ComputerVision/Final_Project/ws/interbotix/install/lib'
[3.922s] Level 1:colcon.colcon_core.shell:create_environment_hook('interbotix_xsarm_joy', 'ld_library_path_lib')
[3.922s] INFO:colcon.colcon_core.shell:Creating environment hook '/home/derek-dietz/MSAI/ComputerVision/Final_Project/ws/interbotix/install/share/interbotix_xsarm_joy/hook/ld_library_path_lib.ps1'
[3.922s] INFO:colcon.colcon_core.shell:Creating environment descriptor '/home/derek-dietz/MSAI/ComputerVision/Final_Project/ws/interbotix/install/share/interbotix_xsarm_joy/hook/ld_library_path_lib.dsv'
[3.922s] INFO:colcon.colcon_core.shell:Creating environment hook '/home/derek-dietz/MSAI/ComputerVision/Final_Project/ws/interbotix/install/share/interbotix_xsarm_joy/hook/ld_library_path_lib.sh'
[3.922s] Level 1:colcon.colcon_core.environment:checking '/home/derek-dietz/MSAI/ComputerVision/Final_Project/ws/interbotix/install/bin'
[3.922s] Level 1:colcon.colcon_core.environment:checking '/home/derek-dietz/MSAI/ComputerVision/Final_Project/ws/interbotix/install/lib/pkgconfig/interbotix_xsarm_joy.pc'
[3.923s] Level 1:colcon.colcon_core.environment:checking '/home/derek-dietz/MSAI/ComputerVision/Final_Project/ws/interbotix/install/lib/python3.12/site-packages'
[3.923s] Level 1:colcon.colcon_core.shell:create_environment_hook('interbotix_xsarm_joy', 'pythonpath')
[3.923s] INFO:colcon.colcon_core.shell:Creating environment hook '/home/derek-dietz/MSAI/ComputerVision/Final_Project/ws/interbotix/install/share/interbotix_xsarm_joy/hook/pythonpath.ps1'
[3.923s] INFO:colcon.colcon_core.shell:Creating environment descriptor '/home/derek-dietz/MSAI/ComputerVision/Final_Project/ws/interbotix/install/share/interbotix_xsarm_joy/hook/pythonpath.dsv'
[3.923s] INFO:colcon.colcon_core.shell:Creating environment hook '/home/derek-dietz/MSAI/ComputerVision/Final_Project/ws/interbotix/install/share/interbotix_xsarm_joy/hook/pythonpath.sh'
[3.923s] Level 1:colcon.colcon_core.environment:checking '/home/derek-dietz/MSAI/ComputerVision/Final_Project/ws/interbotix/install/bin'
[3.924s] INFO:colcon.colcon_core.shell:Creating package script '/home/derek-dietz/MSAI/ComputerVision/Final_Project/ws/interbotix/install/share/interbotix_xsarm_joy/package.ps1'
[3.924s] INFO:colcon.colcon_core.shell:Creating package descriptor '/home/derek-dietz/MSAI/ComputerVision/Final_Project/ws/interbotix/install/share/interbotix_xsarm_joy/package.dsv'
[3.924s] INFO:colcon.colcon_core.shell:Creating package script '/home/derek-dietz/MSAI/ComputerVision/Final_Project/ws/interbotix/install/share/interbotix_xsarm_joy/package.sh'
[3.924s] INFO:colcon.colcon_core.shell:Creating package script '/home/derek-dietz/MSAI/ComputerVision/Final_Project/ws/interbotix/install/share/interbotix_xsarm_joy/package.bash'
[3.924s] INFO:colcon.colcon_core.shell:Creating package script '/home/derek-dietz/MSAI/ComputerVision/Final_Project/ws/interbotix/install/share/interbotix_xsarm_joy/package.zsh'
[3.925s] Level 1:colcon.colcon_core.environment:create_file_with_runtime_dependencies(/home/derek-dietz/MSAI/ComputerVision/Final_Project/ws/interbotix/install/share/colcon-core/packages/interbotix_xsarm_joy)
[3.925s] Level 1:colcon.colcon_core.environment:create_environment_scripts_only(interbotix_xsarm_joy)
[3.925s] Level 1:colcon.colcon_core.environment:checking '/home/derek-dietz/MSAI/ComputerVision/Final_Project/ws/interbotix/install' for CMake module files
[3.925s] Level 1:colcon.colcon_core.environment:checking '/home/derek-dietz/MSAI/ComputerVision/Final_Project/ws/interbotix/install' for CMake config files
[3.926s] Level 1:colcon.colcon_core.shell:create_environment_hook('interbotix_xsarm_joy', 'cmake_prefix_path')
[3.926s] INFO:colcon.colcon_core.shell:Creating environment hook '/home/derek-dietz/MSAI/ComputerVision/Final_Project/ws/interbotix/install/share/interbotix_xsarm_joy/hook/cmake_prefix_path.ps1'
[3.926s] INFO:colcon.colcon_core.shell:Creating environment descriptor '/home/derek-dietz/MSAI/ComputerVision/Final_Project/ws/interbotix/install/share/interbotix_xsarm_joy/hook/cmake_prefix_path.dsv'
[3.926s] INFO:colcon.colcon_core.shell:Creating environment hook '/home/derek-dietz/MSAI/ComputerVision/Final_Project/ws/interbotix/install/share/interbotix_xsarm_joy/hook/cmake_prefix_path.sh'
[3.926s] Level 1:colcon.colcon_core.environment:checking '/home/derek-dietz/MSAI/ComputerVision/Final_Project/ws/interbotix/install/lib'
[3.926s] Level 1:colcon.colcon_core.shell:create_environment_hook('interbotix_xsarm_joy', 'ld_library_path_lib')
[3.926s] INFO:colcon.colcon_core.shell:Creating environment hook '/home/derek-dietz/MSAI/ComputerVision/Final_Project/ws/interbotix/install/share/interbotix_xsarm_joy/hook/ld_library_path_lib.ps1'
[3.927s] INFO:colcon.colcon_core.shell:Creating environment descriptor '/home/derek-dietz/MSAI/ComputerVision/Final_Project/ws/interbotix/install/share/interbotix_xsarm_joy/hook/ld_library_path_lib.dsv'
[3.927s] INFO:colcon.colcon_core.shell:Creating environment hook '/home/derek-dietz/MSAI/ComputerVision/Final_Project/ws/interbotix/install/share/interbotix_xsarm_joy/hook/ld_library_path_lib.sh'
[3.927s] Level 1:colcon.colcon_core.environment:checking '/home/derek-dietz/MSAI/ComputerVision/Final_Project/ws/interbotix/install/bin'
[3.927s] Level 1:colcon.colcon_core.environment:checking '/home/derek-dietz/MSAI/ComputerVision/Final_Project/ws/interbotix/install/lib/pkgconfig/interbotix_xsarm_joy.pc'
[3.927s] Level 1:colcon.colcon_core.environment:checking '/home/derek-dietz/MSAI/ComputerVision/Final_Project/ws/interbotix/install/lib/python3.12/site-packages'
[3.927s] Level 1:colcon.colcon_core.shell:create_environment_hook('interbotix_xsarm_joy', 'pythonpath')
[3.927s] INFO:colcon.colcon_core.shell:Creating environment hook '/home/derek-dietz/MSAI/ComputerVision/Final_Project/ws/interbotix/install/share/interbotix_xsarm_joy/hook/pythonpath.ps1'
[3.927s] INFO:colcon.colcon_core.shell:Creating environment descriptor '/home/derek-dietz/MSAI/ComputerVision/Final_Project/ws/interbotix/install/share/interbotix_xsarm_joy/hook/pythonpath.dsv'
[3.928s] INFO:colcon.colcon_core.shell:Creating environment hook '/home/derek-dietz/MSAI/ComputerVision/Final_Project/ws/interbotix/install/share/interbotix_xsarm_joy/hook/pythonpath.sh'
[3.928s] Level 1:colcon.colcon_core.environment:checking '/home/derek-dietz/MSAI/ComputerVision/Final_Project/ws/interbotix/install/bin'
[3.928s] INFO:colcon.colcon_core.shell:Creating package script '/home/derek-dietz/MSAI/ComputerVision/Final_Project/ws/interbotix/install/share/interbotix_xsarm_joy/package.ps1'
[3.928s] INFO:colcon.colcon_core.shell:Creating package descriptor '/home/derek-dietz/MSAI/ComputerVision/Final_Project/ws/interbotix/install/share/interbotix_xsarm_joy/package.dsv'
[3.929s] INFO:colcon.colcon_core.shell:Creating package script '/home/derek-dietz/MSAI/ComputerVision/Final_Project/ws/interbotix/install/share/interbotix_xsarm_joy/package.sh'
[3.929s] INFO:colcon.colcon_core.shell:Creating package script '/home/derek-dietz/MSAI/ComputerVision/Final_Project/ws/interbotix/install/share/interbotix_xsarm_joy/package.bash'
[3.929s] INFO:colcon.colcon_core.shell:Creating package script '/home/derek-dietz/MSAI/ComputerVision/Final_Project/ws/interbotix/install/share/interbotix_xsarm_joy/package.zsh'
[3.929s] Level 1:colcon.colcon_core.environment:create_file_with_runtime_dependencies(/home/derek-dietz/MSAI/ComputerVision/Final_Project/ws/interbotix/install/share/colcon-core/packages/interbotix_xsarm_joy)
[3.935s] DEBUG:colcon.colcon_core.event_handler.log_command:Invoked command in '/home/derek-dietz/MSAI/ComputerVision/Final_Project/ws/interbotix/build/interbotix_xsarm_moveit' returned '0': CMAKE_PREFIX_PATH=${CMAKE_PREFIX_PATH}:/opt/ros/kilted DEBUGINFOD_URLS=https://debuginfod.ubuntu.com PYTHONPATH=/home/derek-dietz/MSAI/ComputerVision/Final_Project/ws/interbotix/install/lib/python3.12/site-packages:/home/derek-dietz/MSAI/ComputerVision/Final_Project/ros_ws/build/arm:/home/derek-dietz/MSAI/ComputerVision/Final_Project/ros_ws/install/arm/lib/python3.12/site-packages:/opt/ros/kilted/lib/python3.12/site-packages /usr/bin/cmake --build /home/derek-dietz/MSAI/ComputerVision/Final_Project/ws/interbotix/build/interbotix_xsarm_moveit -- -j22 -l22
[3.936s] DEBUG:colcon.colcon_core.event_handler.log_command:Invoking command in '/home/derek-dietz/MSAI/ComputerVision/Final_Project/ws/interbotix/build/interbotix_xsarm_moveit': CMAKE_PREFIX_PATH=${CMAKE_PREFIX_PATH}:/opt/ros/kilted DEBUGINFOD_URLS=https://debuginfod.ubuntu.com PYTHONPATH=/home/derek-dietz/MSAI/ComputerVision/Final_Project/ws/interbotix/install/lib/python3.12/site-packages:/home/derek-dietz/MSAI/ComputerVision/Final_Project/ros_ws/build/arm:/home/derek-dietz/MSAI/ComputerVision/Final_Project/ros_ws/install/arm/lib/python3.12/site-packages:/opt/ros/kilted/lib/python3.12/site-packages /usr/bin/cmake --install /home/derek-dietz/MSAI/ComputerVision/Final_Project/ws/interbotix/build/interbotix_xsarm_moveit
[3.950s] Level 1:colcon.colcon_core.environment:create_environment_scripts_only(interbotix_xsarm_moveit)
[3.950s] Level 1:colcon.colcon_core.environment:checking '/home/derek-dietz/MSAI/ComputerVision/Final_Project/ws/interbotix/install' for CMake module files
[3.952s] Level 1:colcon.colcon_core.environment:checking '/home/derek-dietz/MSAI/ComputerVision/Final_Project/ws/interbotix/install' for CMake config files
[3.952s] DEBUG:colcon.colcon_core.event_handler.log_command:Invoked command in '/home/derek-dietz/MSAI/ComputerVision/Final_Project/ws/interbotix/build/interbotix_xsarm_moveit' returned '0': CMAKE_PREFIX_PATH=${CMAKE_PREFIX_PATH}:/opt/ros/kilted DEBUGINFOD_URLS=https://debuginfod.ubuntu.com PYTHONPATH=/home/derek-dietz/MSAI/ComputerVision/Final_Project/ws/interbotix/install/lib/python3.12/site-packages:/home/derek-dietz/MSAI/ComputerVision/Final_Project/ros_ws/build/arm:/home/derek-dietz/MSAI/ComputerVision/Final_Project/ros_ws/install/arm/lib/python3.12/site-packages:/opt/ros/kilted/lib/python3.12/site-packages /usr/bin/cmake --install /home/derek-dietz/MSAI/ComputerVision/Final_Project/ws/interbotix/build/interbotix_xsarm_moveit
[3.953s] Level 1:colcon.colcon_core.shell:create_environment_hook('interbotix_xsarm_moveit', 'cmake_prefix_path')
[3.953s] INFO:colcon.colcon_core.shell:Creating environment hook '/home/derek-dietz/MSAI/ComputerVision/Final_Project/ws/interbotix/install/share/interbotix_xsarm_moveit/hook/cmake_prefix_path.ps1'
[3.953s] INFO:colcon.colcon_core.shell:Creating environment descriptor '/home/derek-dietz/MSAI/ComputerVision/Final_Project/ws/interbotix/install/share/interbotix_xsarm_moveit/hook/cmake_prefix_path.dsv'
[3.954s] INFO:colcon.colcon_core.shell:Creating environment hook '/home/derek-dietz/MSAI/ComputerVision/Final_Project/ws/interbotix/install/share/interbotix_xsarm_moveit/hook/cmake_prefix_path.sh'
[3.954s] Level 1:colcon.colcon_core.environment:checking '/home/derek-dietz/MSAI/ComputerVision/Final_Project/ws/interbotix/install/lib'
[3.954s] Level 1:colcon.colcon_core.shell:create_environment_hook('interbotix_xsarm_moveit', 'ld_library_path_lib')
[3.954s] INFO:colcon.colcon_core.shell:Creating environment hook '/home/derek-dietz/MSAI/ComputerVision/Final_Project/ws/interbotix/install/share/interbotix_xsarm_moveit/hook/ld_library_path_lib.ps1'
[3.955s] INFO:colcon.colcon_core.shell:Creating environment descriptor '/home/derek-dietz/MSAI/ComputerVision/Final_Project/ws/interbotix/install/share/interbotix_xsarm_moveit/hook/ld_library_path_lib.dsv'
[3.955s] INFO:colcon.colcon_core.shell:Creating environment hook '/home/derek-dietz/MSAI/ComputerVision/Final_Project/ws/interbotix/install/share/interbotix_xsarm_moveit/hook/ld_library_path_lib.sh'
[3.955s] Level 1:colcon.colcon_core.environment:checking '/home/derek-dietz/MSAI/ComputerVision/Final_Project/ws/interbotix/install/bin'
[3.955s] Level 1:colcon.colcon_core.environment:checking '/home/derek-dietz/MSAI/ComputerVision/Final_Project/ws/interbotix/install/lib/pkgconfig/interbotix_xsarm_moveit.pc'
[3.955s] Level 1:colcon.colcon_core.environment:checking '/home/derek-dietz/MSAI/ComputerVision/Final_Project/ws/interbotix/install/lib/python3.12/site-packages'
[3.955s] Level 1:colcon.colcon_core.shell:create_environment_hook('interbotix_xsarm_moveit', 'pythonpath')
[3.956s] INFO:colcon.colcon_core.shell:Creating environment hook '/home/derek-dietz/MSAI/ComputerVision/Final_Project/ws/interbotix/install/share/interbotix_xsarm_moveit/hook/pythonpath.ps1'
[3.956s] INFO:colcon.colcon_core.shell:Creating environment descriptor '/home/derek-dietz/MSAI/ComputerVision/Final_Project/ws/interbotix/install/share/interbotix_xsarm_moveit/hook/pythonpath.dsv'
[3.956s] INFO:colcon.colcon_core.shell:Creating environment hook '/home/derek-dietz/MSAI/ComputerVision/Final_Project/ws/interbotix/install/share/interbotix_xsarm_moveit/hook/pythonpath.sh'
[3.957s] Level 1:colcon.colcon_core.environment:checking '/home/derek-dietz/MSAI/ComputerVision/Final_Project/ws/interbotix/install/bin'
[3.957s] INFO:colcon.colcon_core.shell:Creating package script '/home/derek-dietz/MSAI/ComputerVision/Final_Project/ws/interbotix/install/share/interbotix_xsarm_moveit/package.ps1'
[3.957s] INFO:colcon.colcon_core.shell:Creating package descriptor '/home/derek-dietz/MSAI/ComputerVision/Final_Project/ws/interbotix/install/share/interbotix_xsarm_moveit/package.dsv'
[3.958s] INFO:colcon.colcon_core.shell:Creating package script '/home/derek-dietz/MSAI/ComputerVision/Final_Project/ws/interbotix/install/share/interbotix_xsarm_moveit/package.sh'
[3.958s] INFO:colcon.colcon_core.shell:Creating package script '/home/derek-dietz/MSAI/ComputerVision/Final_Project/ws/interbotix/install/share/interbotix_xsarm_moveit/package.bash'
[3.958s] INFO:colcon.colcon_core.shell:Creating package script '/home/derek-dietz/MSAI/ComputerVision/Final_Project/ws/interbotix/install/share/interbotix_xsarm_moveit/package.zsh'
[3.958s] Level 1:colcon.colcon_core.environment:create_file_with_runtime_dependencies(/home/derek-dietz/MSAI/ComputerVision/Final_Project/ws/interbotix/install/share/colcon-core/packages/interbotix_xsarm_moveit)
[3.958s] Level 1:colcon.colcon_core.environment:create_environment_scripts_only(interbotix_xsarm_moveit)
[3.959s] Level 1:colcon.colcon_core.environment:checking '/home/derek-dietz/MSAI/ComputerVision/Final_Project/ws/interbotix/install' for CMake module files
[3.959s] Level 1:colcon.colcon_core.environment:checking '/home/derek-dietz/MSAI/ComputerVision/Final_Project/ws/interbotix/install' for CMake config files
[3.959s] Level 1:colcon.colcon_core.shell:create_environment_hook('interbotix_xsarm_moveit', 'cmake_prefix_path')
[3.959s] INFO:colcon.colcon_core.shell:Creating environment hook '/home/derek-dietz/MSAI/ComputerVision/Final_Project/ws/interbotix/install/share/interbotix_xsarm_moveit/hook/cmake_prefix_path.ps1'
[3.960s] INFO:colcon.colcon_core.shell:Creating environment descriptor '/home/derek-dietz/MSAI/ComputerVision/Final_Project/ws/interbotix/install/share/interbotix_xsarm_moveit/hook/cmake_prefix_path.dsv'
[3.960s] INFO:colcon.colcon_core.shell:Creating environment hook '/home/derek-dietz/MSAI/ComputerVision/Final_Project/ws/interbotix/install/share/interbotix_xsarm_moveit/hook/cmake_prefix_path.sh'
[3.960s] Level 1:colcon.colcon_core.environment:checking '/home/derek-dietz/MSAI/ComputerVision/Final_Project/ws/interbotix/install/lib'
[3.960s] Level 1:colcon.colcon_core.shell:create_environment_hook('interbotix_xsarm_moveit', 'ld_library_path_lib')
[3.960s] INFO:colcon.colcon_core.shell:Creating environment hook '/home/derek-dietz/MSAI/ComputerVision/Final_Project/ws/interbotix/install/share/interbotix_xsarm_moveit/hook/ld_library_path_lib.ps1'
[3.960s] INFO:colcon.colcon_core.shell:Creating environment descriptor '/home/derek-dietz/MSAI/ComputerVision/Final_Project/ws/interbotix/install/share/interbotix_xsarm_moveit/hook/ld_library_path_lib.dsv'
[3.960s] INFO:colcon.colcon_core.shell:Creating environment hook '/home/derek-dietz/MSAI/ComputerVision/Final_Project/ws/interbotix/install/share/interbotix_xsarm_moveit/hook/ld_library_path_lib.sh'
[3.961s] Level 1:colcon.colcon_core.environment:checking '/home/derek-dietz/MSAI/ComputerVision/Final_Project/ws/interbotix/install/bin'
[3.961s] Level 1:colcon.colcon_core.environment:checking '/home/derek-dietz/MSAI/ComputerVision/Final_Project/ws/interbotix/install/lib/pkgconfig/interbotix_xsarm_moveit.pc'
[3.961s] Level 1:colcon.colcon_core.environment:checking '/home/derek-dietz/MSAI/ComputerVision/Final_Project/ws/interbotix/install/lib/python3.12/site-packages'
[3.961s] Level 1:colcon.colcon_core.shell:create_environment_hook('interbotix_xsarm_moveit', 'pythonpath')
[3.961s] INFO:colcon.colcon_core.shell:Creating environment hook '/home/derek-dietz/MSAI/ComputerVision/Final_Project/ws/interbotix/install/share/interbotix_xsarm_moveit/hook/pythonpath.ps1'
[3.961s] INFO:colcon.colcon_core.shell:Creating environment descriptor '/home/derek-dietz/MSAI/ComputerVision/Final_Project/ws/interbotix/install/share/interbotix_xsarm_moveit/hook/pythonpath.dsv'
[3.961s] INFO:colcon.colcon_core.shell:Creating environment hook '/home/derek-dietz/MSAI/ComputerVision/Final_Project/ws/interbotix/install/share/interbotix_xsarm_moveit/hook/pythonpath.sh'
[3.962s] Level 1:colcon.colcon_core.environment:checking '/home/derek-dietz/MSAI/ComputerVision/Final_Project/ws/interbotix/install/bin'
[3.962s] INFO:colcon.colcon_core.shell:Creating package script '/home/derek-dietz/MSAI/ComputerVision/Final_Project/ws/interbotix/install/share/interbotix_xsarm_moveit/package.ps1'
[3.962s] INFO:colcon.colcon_core.shell:Creating package descriptor '/home/derek-dietz/MSAI/ComputerVision/Final_Project/ws/interbotix/install/share/interbotix_xsarm_moveit/package.dsv'
[3.962s] INFO:colcon.colcon_core.shell:Creating package script '/home/derek-dietz/MSAI/ComputerVision/Final_Project/ws/interbotix/install/share/interbotix_xsarm_moveit/package.sh'
[3.963s] INFO:colcon.colcon_core.shell:Creating package script '/home/derek-dietz/MSAI/ComputerVision/Final_Project/ws/interbotix/install/share/interbotix_xsarm_moveit/package.bash'
[3.963s] INFO:colcon.colcon_core.shell:Creating package script '/home/derek-dietz/MSAI/ComputerVision/Final_Project/ws/interbotix/install/share/interbotix_xsarm_moveit/package.zsh'
[3.963s] Level 1:colcon.colcon_core.environment:create_file_with_runtime_dependencies(/home/derek-dietz/MSAI/ComputerVision/Final_Project/ws/interbotix/install/share/colcon-core/packages/interbotix_xsarm_moveit)
[3.963s] INFO:colcon.colcon_ros.task.ament_cmake.build:Building ROS package in '/home/derek-dietz/MSAI/ComputerVision/Final_Project/ws/interbotix/src/interbotix_ros_manipulators/interbotix_ros_xsarms/interbotix_ros_xsarms' with build type 'ament_cmake'
[3.963s] INFO:colcon.colcon_cmake.task.cmake.build:Building CMake package in '/home/derek-dietz/MSAI/ComputerVision/Final_Project/ws/interbotix/src/interbotix_ros_manipulators/interbotix_ros_xsarms/interbotix_ros_xsarms'
[3.963s] INFO:colcon.colcon_core.shell:Skip shell extension 'powershell' for command environment: Not usable outside of PowerShell
[3.963s] DEBUG:colcon.colcon_core.shell:Skip shell extension 'dsv' for command environment
[3.967s] INFO:colcon.colcon_ros.task.ament_cmake.build:Building ROS package in '/home/derek-dietz/MSAI/ComputerVision/Final_Project/ws/interbotix/src/interbotix_ros_manipulators/interbotix_ros_xsarms/examples/interbotix_xsarm_moveit_interface' with build type 'ament_cmake'
[3.967s] INFO:colcon.colcon_cmake.task.cmake.build:Building CMake package in '/home/derek-dietz/MSAI/ComputerVision/Final_Project/ws/interbotix/src/interbotix_ros_manipulators/interbotix_ros_xsarms/examples/interbotix_xsarm_moveit_interface'
[3.967s] INFO:colcon.colcon_core.shell:Skip shell extension 'powershell' for command environment: Not usable outside of PowerShell
[3.967s] DEBUG:colcon.colcon_core.shell:Skip shell extension 'dsv' for command environment
[3.992s] DEBUG:colcon.colcon_core.event_handler.log_command:Invoking command in '/home/derek-dietz/MSAI/ComputerVision/Final_Project/ws/interbotix/build/interbotix_ros_xsarms': CMAKE_PREFIX_PATH=${CMAKE_PREFIX_PATH}:/opt/ros/kilted DEBUGINFOD_URLS=https://debuginfod.ubuntu.com PYTHONPATH=/home/derek-dietz/MSAI/ComputerVision/Final_Project/ws/interbotix/install/lib/python3.12/site-packages:/home/derek-dietz/MSAI/ComputerVision/Final_Project/ros_ws/build/arm:/home/derek-dietz/MSAI/ComputerVision/Final_Project/ros_ws/install/arm/lib/python3.12/site-packages:/opt/ros/kilted/lib/python3.12/site-packages /usr/bin/cmake --build /home/derek-dietz/MSAI/ComputerVision/Final_Project/ws/interbotix/build/interbotix_ros_xsarms -- -j22 -l22
[3.999s] DEBUG:colcon.colcon_core.event_handler.log_command:Invoking command in '/home/derek-dietz/MSAI/ComputerVision/Final_Project/ws/interbotix/build/interbotix_xsarm_moveit_interface': CMAKE_PREFIX_PATH=${CMAKE_PREFIX_PATH}:/opt/ros/kilted DEBUGINFOD_URLS=https://debuginfod.ubuntu.com PYTHONPATH=/home/derek-dietz/MSAI/ComputerVision/Final_Project/ws/interbotix/install/lib/python3.12/site-packages:/home/derek-dietz/MSAI/ComputerVision/Final_Project/ros_ws/build/arm:/home/derek-dietz/MSAI/ComputerVision/Final_Project/ros_ws/install/arm/lib/python3.12/site-packages:/opt/ros/kilted/lib/python3.12/site-packages /usr/bin/cmake --build /home/derek-dietz/MSAI/ComputerVision/Final_Project/ws/interbotix/build/interbotix_xsarm_moveit_interface -- -j22 -l22
[4.036s] DEBUG:colcon.colcon_core.event_handler.log_command:Invoked command in '/home/derek-dietz/MSAI/ComputerVision/Final_Project/ws/interbotix/build/interbotix_ros_xsarms' returned '0': CMAKE_PREFIX_PATH=${CMAKE_PREFIX_PATH}:/opt/ros/kilted DEBUGINFOD_URLS=https://debuginfod.ubuntu.com PYTHONPATH=/home/derek-dietz/MSAI/ComputerVision/Final_Project/ws/interbotix/install/lib/python3.12/site-packages:/home/derek-dietz/MSAI/ComputerVision/Final_Project/ros_ws/build/arm:/home/derek-dietz/MSAI/ComputerVision/Final_Project/ros_ws/install/arm/lib/python3.12/site-packages:/opt/ros/kilted/lib/python3.12/site-packages /usr/bin/cmake --build /home/derek-dietz/MSAI/ComputerVision/Final_Project/ws/interbotix/build/interbotix_ros_xsarms -- -j22 -l22
[4.037s] DEBUG:colcon.colcon_core.event_handler.log_command:Invoking command in '/home/derek-dietz/MSAI/ComputerVision/Final_Project/ws/interbotix/build/interbotix_ros_xsarms': CMAKE_PREFIX_PATH=${CMAKE_PREFIX_PATH}:/opt/ros/kilted DEBUGINFOD_URLS=https://debuginfod.ubuntu.com PYTHONPATH=/home/derek-dietz/MSAI/ComputerVision/Final_Project/ws/interbotix/install/lib/python3.12/site-packages:/home/derek-dietz/MSAI/ComputerVision/Final_Project/ros_ws/build/arm:/home/derek-dietz/MSAI/ComputerVision/Final_Project/ros_ws/install/arm/lib/python3.12/site-packages:/opt/ros/kilted/lib/python3.12/site-packages /usr/bin/cmake --install /home/derek-dietz/MSAI/ComputerVision/Final_Project/ws/interbotix/build/interbotix_ros_xsarms
[4.041s] DEBUG:colcon.colcon_core.event_handler.log_command:Invoked command in '/home/derek-dietz/MSAI/ComputerVision/Final_Project/ws/interbotix/build/interbotix_xsarm_moveit_interface' returned '0': CMAKE_PREFIX_PATH=${CMAKE_PREFIX_PATH}:/opt/ros/kilted DEBUGINFOD_URLS=https://debuginfod.ubuntu.com PYTHONPATH=/home/derek-dietz/MSAI/ComputerVision/Final_Project/ws/interbotix/install/lib/python3.12/site-packages:/home/derek-dietz/MSAI/ComputerVision/Final_Project/ros_ws/build/arm:/home/derek-dietz/MSAI/ComputerVision/Final_Project/ros_ws/install/arm/lib/python3.12/site-packages:/opt/ros/kilted/lib/python3.12/site-packages /usr/bin/cmake --build /home/derek-dietz/MSAI/ComputerVision/Final_Project/ws/interbotix/build/interbotix_xsarm_moveit_interface -- -j22 -l22
[4.042s] DEBUG:colcon.colcon_core.event_handler.log_command:Invoking command in '/home/derek-dietz/MSAI/ComputerVision/Final_Project/ws/interbotix/build/interbotix_xsarm_moveit_interface': CMAKE_PREFIX_PATH=${CMAKE_PREFIX_PATH}:/opt/ros/kilted DEBUGINFOD_URLS=https://debuginfod.ubuntu.com PYTHONPATH=/home/derek-dietz/MSAI/ComputerVision/Final_Project/ws/interbotix/install/lib/python3.12/site-packages:/home/derek-dietz/MSAI/ComputerVision/Final_Project/ros_ws/build/arm:/home/derek-dietz/MSAI/ComputerVision/Final_Project/ros_ws/install/arm/lib/python3.12/site-packages:/opt/ros/kilted/lib/python3.12/site-packages /usr/bin/cmake --install /home/derek-dietz/MSAI/ComputerVision/Final_Project/ws/interbotix/build/interbotix_xsarm_moveit_interface
[4.048s] Level 1:colcon.colcon_core.environment:create_environment_scripts_only(interbotix_ros_xsarms)
[4.049s] DEBUG:colcon.colcon_core.event_handler.log_command:Invoked command in '/home/derek-dietz/MSAI/ComputerVision/Final_Project/ws/interbotix/build/interbotix_ros_xsarms' returned '0': CMAKE_PREFIX_PATH=${CMAKE_PREFIX_PATH}:/opt/ros/kilted DEBUGINFOD_URLS=https://debuginfod.ubuntu.com PYTHONPATH=/home/derek-dietz/MSAI/ComputerVision/Final_Project/ws/interbotix/install/lib/python3.12/site-packages:/home/derek-dietz/MSAI/ComputerVision/Final_Project/ros_ws/build/arm:/home/derek-dietz/MSAI/ComputerVision/Final_Project/ros_ws/install/arm/lib/python3.12/site-packages:/opt/ros/kilted/lib/python3.12/site-packages /usr/bin/cmake --install /home/derek-dietz/MSAI/ComputerVision/Final_Project/ws/interbotix/build/interbotix_ros_xsarms
[4.049s] Level 1:colcon.colcon_core.environment:checking '/home/derek-dietz/MSAI/ComputerVision/Final_Project/ws/interbotix/install' for CMake module files
[4.050s] Level 1:colcon.colcon_core.environment:checking '/home/derek-dietz/MSAI/ComputerVision/Final_Project/ws/interbotix/install' for CMake config files
[4.050s] Level 1:colcon.colcon_core.shell:create_environment_hook('interbotix_ros_xsarms', 'cmake_prefix_path')
[4.051s] INFO:colcon.colcon_core.shell:Creating environment hook '/home/derek-dietz/MSAI/ComputerVision/Final_Project/ws/interbotix/install/share/interbotix_ros_xsarms/hook/cmake_prefix_path.ps1'
[4.054s] INFO:colcon.colcon_core.shell:Creating environment descriptor '/home/derek-dietz/MSAI/ComputerVision/Final_Project/ws/interbotix/install/share/interbotix_ros_xsarms/hook/cmake_prefix_path.dsv'
[4.055s] INFO:colcon.colcon_core.shell:Creating environment hook '/home/derek-dietz/MSAI/ComputerVision/Final_Project/ws/interbotix/install/share/interbotix_ros_xsarms/hook/cmake_prefix_path.sh'
[4.055s] Level 1:colcon.colcon_core.environment:checking '/home/derek-dietz/MSAI/ComputerVision/Final_Project/ws/interbotix/install/lib'
[4.055s] Level 1:colcon.colcon_core.shell:create_environment_hook('interbotix_ros_xsarms', 'ld_library_path_lib')
[4.056s] INFO:colcon.colcon_core.shell:Creating environment hook '/home/derek-dietz/MSAI/ComputerVision/Final_Project/ws/interbotix/install/share/interbotix_ros_xsarms/hook/ld_library_path_lib.ps1'
[4.056s] INFO:colcon.colcon_core.shell:Creating environment descriptor '/home/derek-dietz/MSAI/ComputerVision/Final_Project/ws/interbotix/install/share/interbotix_ros_xsarms/hook/ld_library_path_lib.dsv'
[4.056s] INFO:colcon.colcon_core.shell:Creating environment hook '/home/derek-dietz/MSAI/ComputerVision/Final_Project/ws/interbotix/install/share/interbotix_ros_xsarms/hook/ld_library_path_lib.sh'
[4.057s] Level 1:colcon.colcon_core.environment:checking '/home/derek-dietz/MSAI/ComputerVision/Final_Project/ws/interbotix/install/bin'
[4.057s] Level 1:colcon.colcon_core.environment:checking '/home/derek-dietz/MSAI/ComputerVision/Final_Project/ws/interbotix/install/lib/pkgconfig/interbotix_ros_xsarms.pc'
[4.057s] Level 1:colcon.colcon_core.environment:checking '/home/derek-dietz/MSAI/ComputerVision/Final_Project/ws/interbotix/install/lib/python3.12/site-packages'
[4.057s] Level 1:colcon.colcon_core.shell:create_environment_hook('interbotix_ros_xsarms', 'pythonpath')
[4.058s] INFO:colcon.colcon_core.shell:Creating environment hook '/home/derek-dietz/MSAI/ComputerVision/Final_Project/ws/interbotix/install/share/interbotix_ros_xsarms/hook/pythonpath.ps1'
[4.058s] INFO:colcon.colcon_core.shell:Creating environment descriptor '/home/derek-dietz/MSAI/ComputerVision/Final_Project/ws/interbotix/install/share/interbotix_ros_xsarms/hook/pythonpath.dsv'
[4.058s] INFO:colcon.colcon_core.shell:Creating environment hook '/home/derek-dietz/MSAI/ComputerVision/Final_Project/ws/interbotix/install/share/interbotix_ros_xsarms/hook/pythonpath.sh'
[4.059s] Level 1:colcon.colcon_core.environment:checking '/home/derek-dietz/MSAI/ComputerVision/Final_Project/ws/interbotix/install/bin'
[4.060s] INFO:colcon.colcon_core.shell:Creating package script '/home/derek-dietz/MSAI/ComputerVision/Final_Project/ws/interbotix/install/share/interbotix_ros_xsarms/package.ps1'
[4.060s] INFO:colcon.colcon_core.shell:Creating package descriptor '/home/derek-dietz/MSAI/ComputerVision/Final_Project/ws/interbotix/install/share/interbotix_ros_xsarms/package.dsv'
[4.061s] INFO:colcon.colcon_core.shell:Creating package script '/home/derek-dietz/MSAI/ComputerVision/Final_Project/ws/interbotix/install/share/interbotix_ros_xsarms/package.sh'
[4.061s] INFO:colcon.colcon_core.shell:Creating package script '/home/derek-dietz/MSAI/ComputerVision/Final_Project/ws/interbotix/install/share/interbotix_ros_xsarms/package.bash'
[4.061s] INFO:colcon.colcon_core.shell:Creating package script '/home/derek-dietz/MSAI/ComputerVision/Final_Project/ws/interbotix/install/share/interbotix_ros_xsarms/package.zsh'
[4.062s] Level 1:colcon.colcon_core.environment:create_file_with_runtime_dependencies(/home/derek-dietz/MSAI/ComputerVision/Final_Project/ws/interbotix/install/share/colcon-core/packages/interbotix_ros_xsarms)
[4.062s] Level 1:colcon.colcon_core.environment:create_environment_scripts_only(interbotix_ros_xsarms)
[4.062s] Level 1:colcon.colcon_core.environment:checking '/home/derek-dietz/MSAI/ComputerVision/Final_Project/ws/interbotix/install' for CMake module files
[4.063s] Level 1:colcon.colcon_core.environment:checking '/home/derek-dietz/MSAI/ComputerVision/Final_Project/ws/interbotix/install' for CMake config files
[4.064s] Level 1:colcon.colcon_core.shell:create_environment_hook('interbotix_ros_xsarms', 'cmake_prefix_path')
[4.064s] INFO:colcon.colcon_core.shell:Creating environment hook '/home/derek-dietz/MSAI/ComputerVision/Final_Project/ws/interbotix/install/share/interbotix_ros_xsarms/hook/cmake_prefix_path.ps1'
[4.064s] INFO:colcon.colcon_core.shell:Creating environment descriptor '/home/derek-dietz/MSAI/ComputerVision/Final_Project/ws/interbotix/install/share/interbotix_ros_xsarms/hook/cmake_prefix_path.dsv'
[4.064s] INFO:colcon.colcon_core.shell:Creating environment hook '/home/derek-dietz/MSAI/ComputerVision/Final_Project/ws/interbotix/install/share/interbotix_ros_xsarms/hook/cmake_prefix_path.sh'
[4.065s] Level 1:colcon.colcon_core.environment:checking '/home/derek-dietz/MSAI/ComputerVision/Final_Project/ws/interbotix/install/lib'
[4.065s] Level 1:colcon.colcon_core.shell:create_environment_hook('interbotix_ros_xsarms', 'ld_library_path_lib')
[4.065s] INFO:colcon.colcon_core.shell:Creating environment hook '/home/derek-dietz/MSAI/ComputerVision/Final_Project/ws/interbotix/install/share/interbotix_ros_xsarms/hook/ld_library_path_lib.ps1'
[4.065s] INFO:colcon.colcon_core.shell:Creating environment descriptor '/home/derek-dietz/MSAI/ComputerVision/Final_Project/ws/interbotix/install/share/interbotix_ros_xsarms/hook/ld_library_path_lib.dsv'
[4.065s] INFO:colcon.colcon_core.shell:Creating environment hook '/home/derek-dietz/MSAI/ComputerVision/Final_Project/ws/interbotix/install/share/interbotix_ros_xsarms/hook/ld_library_path_lib.sh'
[4.066s] Level 1:colcon.colcon_core.environment:checking '/home/derek-dietz/MSAI/ComputerVision/Final_Project/ws/interbotix/install/bin'
[4.066s] Level 1:colcon.colcon_core.environment:checking '/home/derek-dietz/MSAI/ComputerVision/Final_Project/ws/interbotix/install/lib/pkgconfig/interbotix_ros_xsarms.pc'
[4.066s] Level 1:colcon.colcon_core.environment:checking '/home/derek-dietz/MSAI/ComputerVision/Final_Project/ws/interbotix/install/lib/python3.12/site-packages'
[4.066s] Level 1:colcon.colcon_core.shell:create_environment_hook('interbotix_ros_xsarms', 'pythonpath')
[4.066s] INFO:colcon.colcon_core.shell:Creating environment hook '/home/derek-dietz/MSAI/ComputerVision/Final_Project/ws/interbotix/install/share/interbotix_ros_xsarms/hook/pythonpath.ps1'
[4.066s] INFO:colcon.colcon_core.shell:Creating environment descriptor '/home/derek-dietz/MSAI/ComputerVision/Final_Project/ws/interbotix/install/share/interbotix_ros_xsarms/hook/pythonpath.dsv'
[4.067s] INFO:colcon.colcon_core.shell:Creating environment hook '/home/derek-dietz/MSAI/ComputerVision/Final_Project/ws/interbotix/install/share/interbotix_ros_xsarms/hook/pythonpath.sh'
[4.067s] Level 1:colcon.colcon_core.environment:checking '/home/derek-dietz/MSAI/ComputerVision/Final_Project/ws/interbotix/install/bin'
[4.067s] INFO:colcon.colcon_core.shell:Creating package script '/home/derek-dietz/MSAI/ComputerVision/Final_Project/ws/interbotix/install/share/interbotix_ros_xsarms/package.ps1'
[4.067s] INFO:colcon.colcon_core.shell:Creating package descriptor '/home/derek-dietz/MSAI/ComputerVision/Final_Project/ws/interbotix/install/share/interbotix_ros_xsarms/package.dsv'
[4.068s] INFO:colcon.colcon_core.shell:Creating package script '/home/derek-dietz/MSAI/ComputerVision/Final_Project/ws/interbotix/install/share/interbotix_ros_xsarms/package.sh'
[4.068s] INFO:colcon.colcon_core.shell:Creating package script '/home/derek-dietz/MSAI/ComputerVision/Final_Project/ws/interbotix/install/share/interbotix_ros_xsarms/package.bash'
[4.068s] INFO:colcon.colcon_core.shell:Creating package script '/home/derek-dietz/MSAI/ComputerVision/Final_Project/ws/interbotix/install/share/interbotix_ros_xsarms/package.zsh'
[4.068s] Level 1:colcon.colcon_core.environment:create_file_with_runtime_dependencies(/home/derek-dietz/MSAI/ComputerVision/Final_Project/ws/interbotix/install/share/colcon-core/packages/interbotix_ros_xsarms)
[4.069s] Level 1:colcon.colcon_core.environment:create_environment_scripts_only(interbotix_xsarm_moveit_interface)
[4.069s] Level 1:colcon.colcon_core.environment:checking '/home/derek-dietz/MSAI/ComputerVision/Final_Project/ws/interbotix/install' for CMake module files
[4.070s] DEBUG:colcon.colcon_core.event_handler.log_command:Invoked command in '/home/derek-dietz/MSAI/ComputerVision/Final_Project/ws/interbotix/build/interbotix_xsarm_moveit_interface' returned '0': CMAKE_PREFIX_PATH=${CMAKE_PREFIX_PATH}:/opt/ros/kilted DEBUGINFOD_URLS=https://debuginfod.ubuntu.com PYTHONPATH=/home/derek-dietz/MSAI/ComputerVision/Final_Project/ws/interbotix/install/lib/python3.12/site-packages:/home/derek-dietz/MSAI/ComputerVision/Final_Project/ros_ws/build/arm:/home/derek-dietz/MSAI/ComputerVision/Final_Project/ros_ws/install/arm/lib/python3.12/site-packages:/opt/ros/kilted/lib/python3.12/site-packages /usr/bin/cmake --install /home/derek-dietz/MSAI/ComputerVision/Final_Project/ws/interbotix/build/interbotix_xsarm_moveit_interface
[4.070s] Level 1:colcon.colcon_core.environment:checking '/home/derek-dietz/MSAI/ComputerVision/Final_Project/ws/interbotix/install' for CMake config files
[4.070s] Level 1:colcon.colcon_core.shell:create_environment_hook('interbotix_xsarm_moveit_interface', 'cmake_prefix_path')
[4.070s] INFO:colcon.colcon_core.shell:Creating environment hook '/home/derek-dietz/MSAI/ComputerVision/Final_Project/ws/interbotix/install/share/interbotix_xsarm_moveit_interface/hook/cmake_prefix_path.ps1'
[4.071s] INFO:colcon.colcon_core.shell:Creating environment descriptor '/home/derek-dietz/MSAI/ComputerVision/Final_Project/ws/interbotix/install/share/interbotix_xsarm_moveit_interface/hook/cmake_prefix_path.dsv'
[4.071s] INFO:colcon.colcon_core.shell:Creating environment hook '/home/derek-dietz/MSAI/ComputerVision/Final_Project/ws/interbotix/install/share/interbotix_xsarm_moveit_interface/hook/cmake_prefix_path.sh'
[4.071s] Level 1:colcon.colcon_core.environment:checking '/home/derek-dietz/MSAI/ComputerVision/Final_Project/ws/interbotix/install/lib'
[4.071s] Level 1:colcon.colcon_core.shell:create_environment_hook('interbotix_xsarm_moveit_interface', 'ld_library_path_lib')
[4.071s] INFO:colcon.colcon_core.shell:Creating environment hook '/home/derek-dietz/MSAI/ComputerVision/Final_Project/ws/interbotix/install/share/interbotix_xsarm_moveit_interface/hook/ld_library_path_lib.ps1'
[4.071s] INFO:colcon.colcon_core.shell:Creating environment descriptor '/home/derek-dietz/MSAI/ComputerVision/Final_Project/ws/interbotix/install/share/interbotix_xsarm_moveit_interface/hook/ld_library_path_lib.dsv'
[4.071s] INFO:colcon.colcon_core.shell:Creating environment hook '/home/derek-dietz/MSAI/ComputerVision/Final_Project/ws/interbotix/install/share/interbotix_xsarm_moveit_interface/hook/ld_library_path_lib.sh'
[4.072s] Level 1:colcon.colcon_core.environment:checking '/home/derek-dietz/MSAI/ComputerVision/Final_Project/ws/interbotix/install/bin'
[4.072s] Level 1:colcon.colcon_core.environment:checking '/home/derek-dietz/MSAI/ComputerVision/Final_Project/ws/interbotix/install/lib/pkgconfig/interbotix_xsarm_moveit_interface.pc'
[4.072s] Level 1:colcon.colcon_core.environment:checking '/home/derek-dietz/MSAI/ComputerVision/Final_Project/ws/interbotix/install/lib/python3.12/site-packages'
[4.072s] Level 1:colcon.colcon_core.shell:create_environment_hook('interbotix_xsarm_moveit_interface', 'pythonpath')
[4.072s] INFO:colcon.colcon_core.shell:Creating environment hook '/home/derek-dietz/MSAI/ComputerVision/Final_Project/ws/interbotix/install/share/interbotix_xsarm_moveit_interface/hook/pythonpath.ps1'
[4.072s] INFO:colcon.colcon_core.shell:Creating environment descriptor '/home/derek-dietz/MSAI/ComputerVision/Final_Project/ws/interbotix/install/share/interbotix_xsarm_moveit_interface/hook/pythonpath.dsv'
[4.072s] INFO:colcon.colcon_core.shell:Creating environment hook '/home/derek-dietz/MSAI/ComputerVision/Final_Project/ws/interbotix/install/share/interbotix_xsarm_moveit_interface/hook/pythonpath.sh'
[4.073s] Level 1:colcon.colcon_core.environment:checking '/home/derek-dietz/MSAI/ComputerVision/Final_Project/ws/interbotix/install/bin'
[4.073s] INFO:colcon.colcon_core.shell:Creating package script '/home/derek-dietz/MSAI/ComputerVision/Final_Project/ws/interbotix/install/share/interbotix_xsarm_moveit_interface/package.ps1'
[4.073s] INFO:colcon.colcon_core.shell:Creating package descriptor '/home/derek-dietz/MSAI/ComputerVision/Final_Project/ws/interbotix/install/share/interbotix_xsarm_moveit_interface/package.dsv'
[4.073s] INFO:colcon.colcon_core.shell:Creating package script '/home/derek-dietz/MSAI/ComputerVision/Final_Project/ws/interbotix/install/share/interbotix_xsarm_moveit_interface/package.sh'
[4.073s] INFO:colcon.colcon_core.shell:Creating package script '/home/derek-dietz/MSAI/ComputerVision/Final_Project/ws/interbotix/install/share/interbotix_xsarm_moveit_interface/package.bash'
[4.074s] INFO:colcon.colcon_core.shell:Creating package script '/home/derek-dietz/MSAI/ComputerVision/Final_Project/ws/interbotix/install/share/interbotix_xsarm_moveit_interface/package.zsh'
[4.074s] Level 1:colcon.colcon_core.environment:create_file_with_runtime_dependencies(/home/derek-dietz/MSAI/ComputerVision/Final_Project/ws/interbotix/install/share/colcon-core/packages/interbotix_xsarm_moveit_interface)
[4.074s] Level 1:colcon.colcon_core.environment:create_environment_scripts_only(interbotix_xsarm_moveit_interface)
[4.074s] Level 1:colcon.colcon_core.environment:checking '/home/derek-dietz/MSAI/ComputerVision/Final_Project/ws/interbotix/install' for CMake module files
[4.075s] Level 1:colcon.colcon_core.environment:checking '/home/derek-dietz/MSAI/ComputerVision/Final_Project/ws/interbotix/install' for CMake config files
[4.075s] Level 1:colcon.colcon_core.shell:create_environment_hook('interbotix_xsarm_moveit_interface', 'cmake_prefix_path')
[4.075s] INFO:colcon.colcon_core.shell:Creating environment hook '/home/derek-dietz/MSAI/ComputerVision/Final_Project/ws/interbotix/install/share/interbotix_xsarm_moveit_interface/hook/cmake_prefix_path.ps1'
[4.075s] INFO:colcon.colcon_core.shell:Creating environment descriptor '/home/derek-dietz/MSAI/ComputerVision/Final_Project/ws/interbotix/install/share/interbotix_xsarm_moveit_interface/hook/cmake_prefix_path.dsv'
[4.075s] INFO:colcon.colcon_core.shell:Creating environment hook '/home/derek-dietz/MSAI/ComputerVision/Final_Project/ws/interbotix/install/share/interbotix_xsarm_moveit_interface/hook/cmake_prefix_path.sh'
[4.076s] Level 1:colcon.colcon_core.environment:checking '/home/derek-dietz/MSAI/ComputerVision/Final_Project/ws/interbotix/install/lib'
[4.076s] Level 1:colcon.colcon_core.shell:create_environment_hook('interbotix_xsarm_moveit_interface', 'ld_library_path_lib')
[4.076s] INFO:colcon.colcon_core.shell:Creating environment hook '/home/derek-dietz/MSAI/ComputerVision/Final_Project/ws/interbotix/install/share/interbotix_xsarm_moveit_interface/hook/ld_library_path_lib.ps1'
[4.076s] INFO:colcon.colcon_core.shell:Creating environment descriptor '/home/derek-dietz/MSAI/ComputerVision/Final_Project/ws/interbotix/install/share/interbotix_xsarm_moveit_interface/hook/ld_library_path_lib.dsv'
[4.076s] INFO:colcon.colcon_core.shell:Creating environment hook '/home/derek-dietz/MSAI/ComputerVision/Final_Project/ws/interbotix/install/share/interbotix_xsarm_moveit_interface/hook/ld_library_path_lib.sh'
[4.076s] Level 1:colcon.colcon_core.environment:checking '/home/derek-dietz/MSAI/ComputerVision/Final_Project/ws/interbotix/install/bin'
[4.076s] Level 1:colcon.colcon_core.environment:checking '/home/derek-dietz/MSAI/ComputerVision/Final_Project/ws/interbotix/install/lib/pkgconfig/interbotix_xsarm_moveit_interface.pc'
[4.077s] Level 1:colcon.colcon_core.environment:checking '/home/derek-dietz/MSAI/ComputerVision/Final_Project/ws/interbotix/install/lib/python3.12/site-packages'
[4.077s] Level 1:colcon.colcon_core.shell:create_environment_hook('interbotix_xsarm_moveit_interface', 'pythonpath')
[4.077s] INFO:colcon.colcon_core.shell:Creating environment hook '/home/derek-dietz/MSAI/ComputerVision/Final_Project/ws/interbotix/install/share/interbotix_xsarm_moveit_interface/hook/pythonpath.ps1'
[4.077s] INFO:colcon.colcon_core.shell:Creating environment descriptor '/home/derek-dietz/MSAI/ComputerVision/Final_Project/ws/interbotix/install/share/interbotix_xsarm_moveit_interface/hook/pythonpath.dsv'
[4.077s] INFO:colcon.colcon_core.shell:Creating environment hook '/home/derek-dietz/MSAI/ComputerVision/Final_Project/ws/interbotix/install/share/interbotix_xsarm_moveit_interface/hook/pythonpath.sh'
[4.077s] Level 1:colcon.colcon_core.environment:checking '/home/derek-dietz/MSAI/ComputerVision/Final_Project/ws/interbotix/install/bin'
[4.078s] INFO:colcon.colcon_core.shell:Creating package script '/home/derek-dietz/MSAI/ComputerVision/Final_Project/ws/interbotix/install/share/interbotix_xsarm_moveit_interface/package.ps1'
[4.078s] INFO:colcon.colcon_core.shell:Creating package descriptor '/home/derek-dietz/MSAI/ComputerVision/Final_Project/ws/interbotix/install/share/interbotix_xsarm_moveit_interface/package.dsv'
[4.078s] INFO:colcon.colcon_core.shell:Creating package script '/home/derek-dietz/MSAI/ComputerVision/Final_Project/ws/interbotix/install/share/interbotix_xsarm_moveit_interface/package.sh'
[4.078s] INFO:colcon.colcon_core.shell:Creating package script '/home/derek-dietz/MSAI/ComputerVision/Final_Project/ws/interbotix/install/share/interbotix_xsarm_moveit_interface/package.bash'
[4.079s] INFO:colcon.colcon_core.shell:Creating package script '/home/derek-dietz/MSAI/ComputerVision/Final_Project/ws/interbotix/install/share/interbotix_xsarm_moveit_interface/package.zsh'
[4.079s] Level 1:colcon.colcon_core.environment:create_file_with_runtime_dependencies(/home/derek-dietz/MSAI/ComputerVision/Final_Project/ws/interbotix/install/share/colcon-core/packages/interbotix_xsarm_moveit_interface)
[4.079s] INFO:colcon.colcon_ros.task.ament_cmake.build:Building ROS package in '/home/derek-dietz/MSAI/ComputerVision/Final_Project/ws/interbotix/src/interbotix_ros_manipulators/interbotix_ros_xsarms/examples/interbotix_ros_xsarms_examples' with build type 'ament_cmake'
[4.079s] INFO:colcon.colcon_cmake.task.cmake.build:Building CMake package in '/home/derek-dietz/MSAI/ComputerVision/Final_Project/ws/interbotix/src/interbotix_ros_manipulators/interbotix_ros_xsarms/examples/interbotix_ros_xsarms_examples'
[4.079s] INFO:colcon.colcon_core.shell:Skip shell extension 'powershell' for command environment: Not usable outside of PowerShell
[4.079s] DEBUG:colcon.colcon_core.shell:Skip shell extension 'dsv' for command environment
[4.117s] DEBUG:colcon.colcon_core.event_handler.log_command:Invoking command in '/home/derek-dietz/MSAI/ComputerVision/Final_Project/ws/interbotix/build/interbotix_ros_xsarms_examples': CMAKE_PREFIX_PATH=${CMAKE_PREFIX_PATH}:/opt/ros/kilted DEBUGINFOD_URLS=https://debuginfod.ubuntu.com PYTHONPATH=/home/derek-dietz/MSAI/ComputerVision/Final_Project/ws/interbotix/install/lib/python3.12/site-packages:/home/derek-dietz/MSAI/ComputerVision/Final_Project/ros_ws/build/arm:/home/derek-dietz/MSAI/ComputerVision/Final_Project/ros_ws/install/arm/lib/python3.12/site-packages:/opt/ros/kilted/lib/python3.12/site-packages /usr/bin/cmake --build /home/derek-dietz/MSAI/ComputerVision/Final_Project/ws/interbotix/build/interbotix_ros_xsarms_examples -- -j22 -l22
[4.165s] DEBUG:colcon.colcon_core.event_handler.log_command:Invoked command in '/home/derek-dietz/MSAI/ComputerVision/Final_Project/ws/interbotix/build/interbotix_ros_xsarms_examples' returned '0': CMAKE_PREFIX_PATH=${CMAKE_PREFIX_PATH}:/opt/ros/kilted DEBUGINFOD_URLS=https://debuginfod.ubuntu.com PYTHONPATH=/home/derek-dietz/MSAI/ComputerVision/Final_Project/ws/interbotix/install/lib/python3.12/site-packages:/home/derek-dietz/MSAI/ComputerVision/Final_Project/ros_ws/build/arm:/home/derek-dietz/MSAI/ComputerVision/Final_Project/ros_ws/install/arm/lib/python3.12/site-packages:/opt/ros/kilted/lib/python3.12/site-packages /usr/bin/cmake --build /home/derek-dietz/MSAI/ComputerVision/Final_Project/ws/interbotix/build/interbotix_ros_xsarms_examples -- -j22 -l22
[4.166s] DEBUG:colcon.colcon_core.event_handler.log_command:Invoking command in '/home/derek-dietz/MSAI/ComputerVision/Final_Project/ws/interbotix/build/interbotix_ros_xsarms_examples': CMAKE_PREFIX_PATH=${CMAKE_PREFIX_PATH}:/opt/ros/kilted DEBUGINFOD_URLS=https://debuginfod.ubuntu.com PYTHONPATH=/home/derek-dietz/MSAI/ComputerVision/Final_Project/ws/interbotix/install/lib/python3.12/site-packages:/home/derek-dietz/MSAI/ComputerVision/Final_Project/ros_ws/build/arm:/home/derek-dietz/MSAI/ComputerVision/Final_Project/ros_ws/install/arm/lib/python3.12/site-packages:/opt/ros/kilted/lib/python3.12/site-packages /usr/bin/cmake --install /home/derek-dietz/MSAI/ComputerVision/Final_Project/ws/interbotix/build/interbotix_ros_xsarms_examples
[4.178s] Level 1:colcon.colcon_core.environment:create_environment_scripts_only(interbotix_ros_xsarms_examples)
[4.178s] DEBUG:colcon.colcon_core.event_handler.log_command:Invoked command in '/home/derek-dietz/MSAI/ComputerVision/Final_Project/ws/interbotix/build/interbotix_ros_xsarms_examples' returned '0': CMAKE_PREFIX_PATH=${CMAKE_PREFIX_PATH}:/opt/ros/kilted DEBUGINFOD_URLS=https://debuginfod.ubuntu.com PYTHONPATH=/home/derek-dietz/MSAI/ComputerVision/Final_Project/ws/interbotix/install/lib/python3.12/site-packages:/home/derek-dietz/MSAI/ComputerVision/Final_Project/ros_ws/build/arm:/home/derek-dietz/MSAI/ComputerVision/Final_Project/ros_ws/install/arm/lib/python3.12/site-packages:/opt/ros/kilted/lib/python3.12/site-packages /usr/bin/cmake --install /home/derek-dietz/MSAI/ComputerVision/Final_Project/ws/interbotix/build/interbotix_ros_xsarms_examples
[4.179s] Level 1:colcon.colcon_core.environment:checking '/home/derek-dietz/MSAI/ComputerVision/Final_Project/ws/interbotix/install' for CMake module files
[4.179s] Level 1:colcon.colcon_core.environment:checking '/home/derek-dietz/MSAI/ComputerVision/Final_Project/ws/interbotix/install' for CMake config files
[4.180s] Level 1:colcon.colcon_core.shell:create_environment_hook('interbotix_ros_xsarms_examples', 'cmake_prefix_path')
[4.180s] INFO:colcon.colcon_core.shell:Creating environment hook '/home/derek-dietz/MSAI/ComputerVision/Final_Project/ws/interbotix/install/share/interbotix_ros_xsarms_examples/hook/cmake_prefix_path.ps1'
[4.181s] INFO:colcon.colcon_core.shell:Creating environment descriptor '/home/derek-dietz/MSAI/ComputerVision/Final_Project/ws/interbotix/install/share/interbotix_ros_xsarms_examples/hook/cmake_prefix_path.dsv'
[4.181s] INFO:colcon.colcon_core.shell:Creating environment hook '/home/derek-dietz/MSAI/ComputerVision/Final_Project/ws/interbotix/install/share/interbotix_ros_xsarms_examples/hook/cmake_prefix_path.sh'
[4.182s] Level 1:colcon.colcon_core.environment:checking '/home/derek-dietz/MSAI/ComputerVision/Final_Project/ws/interbotix/install/lib'
[4.182s] Level 1:colcon.colcon_core.shell:create_environment_hook('interbotix_ros_xsarms_examples', 'ld_library_path_lib')
[4.182s] INFO:colcon.colcon_core.shell:Creating environment hook '/home/derek-dietz/MSAI/ComputerVision/Final_Project/ws/interbotix/install/share/interbotix_ros_xsarms_examples/hook/ld_library_path_lib.ps1'
[4.183s] INFO:colcon.colcon_core.shell:Creating environment descriptor '/home/derek-dietz/MSAI/ComputerVision/Final_Project/ws/interbotix/install/share/interbotix_ros_xsarms_examples/hook/ld_library_path_lib.dsv'
[4.183s] INFO:colcon.colcon_core.shell:Creating environment hook '/home/derek-dietz/MSAI/ComputerVision/Final_Project/ws/interbotix/install/share/interbotix_ros_xsarms_examples/hook/ld_library_path_lib.sh'
[4.184s] Level 1:colcon.colcon_core.environment:checking '/home/derek-dietz/MSAI/ComputerVision/Final_Project/ws/interbotix/install/bin'
[4.184s] Level 1:colcon.colcon_core.environment:checking '/home/derek-dietz/MSAI/ComputerVision/Final_Project/ws/interbotix/install/lib/pkgconfig/interbotix_ros_xsarms_examples.pc'
[4.184s] Level 1:colcon.colcon_core.environment:checking '/home/derek-dietz/MSAI/ComputerVision/Final_Project/ws/interbotix/install/lib/python3.12/site-packages'
[4.184s] Level 1:colcon.colcon_core.shell:create_environment_hook('interbotix_ros_xsarms_examples', 'pythonpath')
[4.184s] INFO:colcon.colcon_core.shell:Creating environment hook '/home/derek-dietz/MSAI/ComputerVision/Final_Project/ws/interbotix/install/share/interbotix_ros_xsarms_examples/hook/pythonpath.ps1'
[4.185s] INFO:colcon.colcon_core.shell:Creating environment descriptor '/home/derek-dietz/MSAI/ComputerVision/Final_Project/ws/interbotix/install/share/interbotix_ros_xsarms_examples/hook/pythonpath.dsv'
[4.185s] INFO:colcon.colcon_core.shell:Creating environment hook '/home/derek-dietz/MSAI/ComputerVision/Final_Project/ws/interbotix/install/share/interbotix_ros_xsarms_examples/hook/pythonpath.sh'
[4.186s] Level 1:colcon.colcon_core.environment:checking '/home/derek-dietz/MSAI/ComputerVision/Final_Project/ws/interbotix/install/bin'
[4.186s] INFO:colcon.colcon_core.shell:Creating package script '/home/derek-dietz/MSAI/ComputerVision/Final_Project/ws/interbotix/install/share/interbotix_ros_xsarms_examples/package.ps1'
[4.187s] INFO:colcon.colcon_core.shell:Creating package descriptor '/home/derek-dietz/MSAI/ComputerVision/Final_Project/ws/interbotix/install/share/interbotix_ros_xsarms_examples/package.dsv'
[4.187s] INFO:colcon.colcon_core.shell:Creating package script '/home/derek-dietz/MSAI/ComputerVision/Final_Project/ws/interbotix/install/share/interbotix_ros_xsarms_examples/package.sh'
[4.188s] INFO:colcon.colcon_core.shell:Creating package script '/home/derek-dietz/MSAI/ComputerVision/Final_Project/ws/interbotix/install/share/interbotix_ros_xsarms_examples/package.bash'
[4.188s] INFO:colcon.colcon_core.shell:Creating package script '/home/derek-dietz/MSAI/ComputerVision/Final_Project/ws/interbotix/install/share/interbotix_ros_xsarms_examples/package.zsh'
[4.188s] Level 1:colcon.colcon_core.environment:create_file_with_runtime_dependencies(/home/derek-dietz/MSAI/ComputerVision/Final_Project/ws/interbotix/install/share/colcon-core/packages/interbotix_ros_xsarms_examples)
[4.188s] Level 1:colcon.colcon_core.environment:create_environment_scripts_only(interbotix_ros_xsarms_examples)
[4.189s] Level 1:colcon.colcon_core.environment:checking '/home/derek-dietz/MSAI/ComputerVision/Final_Project/ws/interbotix/install' for CMake module files
[4.189s] Level 1:colcon.colcon_core.environment:checking '/home/derek-dietz/MSAI/ComputerVision/Final_Project/ws/interbotix/install' for CMake config files
[4.190s] Level 1:colcon.colcon_core.shell:create_environment_hook('interbotix_ros_xsarms_examples', 'cmake_prefix_path')
[4.190s] INFO:colcon.colcon_core.shell:Creating environment hook '/home/derek-dietz/MSAI/ComputerVision/Final_Project/ws/interbotix/install/share/interbotix_ros_xsarms_examples/hook/cmake_prefix_path.ps1'
[4.190s] INFO:colcon.colcon_core.shell:Creating environment descriptor '/home/derek-dietz/MSAI/ComputerVision/Final_Project/ws/interbotix/install/share/interbotix_ros_xsarms_examples/hook/cmake_prefix_path.dsv'
[4.190s] INFO:colcon.colcon_core.shell:Creating environment hook '/home/derek-dietz/MSAI/ComputerVision/Final_Project/ws/interbotix/install/share/interbotix_ros_xsarms_examples/hook/cmake_prefix_path.sh'
[4.191s] Level 1:colcon.colcon_core.environment:checking '/home/derek-dietz/MSAI/ComputerVision/Final_Project/ws/interbotix/install/lib'
[4.191s] Level 1:colcon.colcon_core.shell:create_environment_hook('interbotix_ros_xsarms_examples', 'ld_library_path_lib')
[4.191s] INFO:colcon.colcon_core.shell:Creating environment hook '/home/derek-dietz/MSAI/ComputerVision/Final_Project/ws/interbotix/install/share/interbotix_ros_xsarms_examples/hook/ld_library_path_lib.ps1'
[4.191s] INFO:colcon.colcon_core.shell:Creating environment descriptor '/home/derek-dietz/MSAI/ComputerVision/Final_Project/ws/interbotix/install/share/interbotix_ros_xsarms_examples/hook/ld_library_path_lib.dsv'
[4.191s] INFO:colcon.colcon_core.shell:Creating environment hook '/home/derek-dietz/MSAI/ComputerVision/Final_Project/ws/interbotix/install/share/interbotix_ros_xsarms_examples/hook/ld_library_path_lib.sh'
[4.192s] Level 1:colcon.colcon_core.environment:checking '/home/derek-dietz/MSAI/ComputerVision/Final_Project/ws/interbotix/install/bin'
[4.192s] Level 1:colcon.colcon_core.environment:checking '/home/derek-dietz/MSAI/ComputerVision/Final_Project/ws/interbotix/install/lib/pkgconfig/interbotix_ros_xsarms_examples.pc'
[4.192s] Level 1:colcon.colcon_core.environment:checking '/home/derek-dietz/MSAI/ComputerVision/Final_Project/ws/interbotix/install/lib/python3.12/site-packages'
[4.192s] Level 1:colcon.colcon_core.shell:create_environment_hook('interbotix_ros_xsarms_examples', 'pythonpath')
[4.192s] INFO:colcon.colcon_core.shell:Creating environment hook '/home/derek-dietz/MSAI/ComputerVision/Final_Project/ws/interbotix/install/share/interbotix_ros_xsarms_examples/hook/pythonpath.ps1'
[4.192s] INFO:colcon.colcon_core.shell:Creating environment descriptor '/home/derek-dietz/MSAI/ComputerVision/Final_Project/ws/interbotix/install/share/interbotix_ros_xsarms_examples/hook/pythonpath.dsv'
[4.193s] INFO:colcon.colcon_core.shell:Creating environment hook '/home/derek-dietz/MSAI/ComputerVision/Final_Project/ws/interbotix/install/share/interbotix_ros_xsarms_examples/hook/pythonpath.sh'
[4.193s] Level 1:colcon.colcon_core.environment:checking '/home/derek-dietz/MSAI/ComputerVision/Final_Project/ws/interbotix/install/bin'
[4.193s] INFO:colcon.colcon_core.shell:Creating package script '/home/derek-dietz/MSAI/ComputerVision/Final_Project/ws/interbotix/install/share/interbotix_ros_xsarms_examples/package.ps1'
[4.194s] INFO:colcon.colcon_core.shell:Creating package descriptor '/home/derek-dietz/MSAI/ComputerVision/Final_Project/ws/interbotix/install/share/interbotix_ros_xsarms_examples/package.dsv'
[4.194s] INFO:colcon.colcon_core.shell:Creating package script '/home/derek-dietz/MSAI/ComputerVision/Final_Project/ws/interbotix/install/share/interbotix_ros_xsarms_examples/package.sh'
[4.194s] INFO:colcon.colcon_core.shell:Creating package script '/home/derek-dietz/MSAI/ComputerVision/Final_Project/ws/interbotix/install/share/interbotix_ros_xsarms_examples/package.bash'
[4.194s] INFO:colcon.colcon_core.shell:Creating package script '/home/derek-dietz/MSAI/ComputerVision/Final_Project/ws/interbotix/install/share/interbotix_ros_xsarms_examples/package.zsh'
[4.194s] Level 1:colcon.colcon_core.environment:create_file_with_runtime_dependencies(/home/derek-dietz/MSAI/ComputerVision/Final_Project/ws/interbotix/install/share/colcon-core/packages/interbotix_ros_xsarms_examples)
[4.195s] DEBUG:colcon.colcon_parallel_executor.executor.parallel:closing loop
[4.195s] DEBUG:colcon.colcon_parallel_executor.executor.parallel:loop closed
[4.195s] DEBUG:colcon.colcon_parallel_executor.executor.parallel:run_until_complete finished with '0'
[4.196s] DEBUG:colcon.colcon_core.event_reactor:joining thread
[4.202s] INFO:colcon.colcon_core.plugin_system:Skipping extension 'colcon_notification.desktop_notification.terminal_notifier': Not used on non-Darwin systems
[4.203s] INFO:colcon.colcon_core.plugin_system:Skipping extension 'colcon_notification.desktop_notification.win32': Not used on non-Windows systems
[4.203s] INFO:colcon.colcon_notification.desktop_notification:Sending desktop notification using 'notify2'
[4.218s] DEBUG:colcon.colcon_core.event_reactor:joined thread
[4.218s] INFO:colcon.colcon_core.shell:Creating prefix script '/home/derek-dietz/MSAI/ComputerVision/Final_Project/ws/interbotix/install/local_setup.ps1'
[4.219s] INFO:colcon.colcon_core.shell:Creating prefix util module '/home/derek-dietz/MSAI/ComputerVision/Final_Project/ws/interbotix/install/_local_setup_util_ps1.py'
[4.221s] INFO:colcon.colcon_core.shell:Creating prefix chain script '/home/derek-dietz/MSAI/ComputerVision/Final_Project/ws/interbotix/install/setup.ps1'
[4.222s] INFO:colcon.colcon_core.shell:Creating prefix script '/home/derek-dietz/MSAI/ComputerVision/Final_Project/ws/interbotix/install/local_setup.sh'
[4.223s] INFO:colcon.colcon_core.shell:Creating prefix util module '/home/derek-dietz/MSAI/ComputerVision/Final_Project/ws/interbotix/install/_local_setup_util_sh.py'
[4.223s] INFO:colcon.colcon_core.shell:Creating prefix chain script '/home/derek-dietz/MSAI/ComputerVision/Final_Project/ws/interbotix/install/setup.sh'
[4.225s] INFO:colcon.colcon_core.shell:Creating prefix script '/home/derek-dietz/MSAI/ComputerVision/Final_Project/ws/interbotix/install/local_setup.bash'
[4.225s] INFO:colcon.colcon_core.shell:Creating prefix chain script '/home/derek-dietz/MSAI/ComputerVision/Final_Project/ws/interbotix/install/setup.bash'
[4.226s] INFO:colcon.colcon_core.shell:Creating prefix script '/home/derek-dietz/MSAI/ComputerVision/Final_Project/ws/interbotix/install/local_setup.zsh'
[4.227s] INFO:colcon.colcon_core.shell:Creating prefix chain script '/home/derek-dietz/MSAI/ComputerVision/Final_Project/ws/interbotix/install/setup.zsh'
