-- The C compiler identification is GNU 14.0.1
-- The CXX compiler identification is GNU 14.0.1
-- Detecting C compiler ABI info
-- Detecting C compiler ABI info - done
-- Check for working C compiler: /usr/bin/cc - skipped
-- Detecting C compile features
-- Detecting C compile features - done
-- Detecting CXX compiler ABI info
-- Detecting CXX compiler ABI info - done
-- Check for working CXX compiler: /usr/bin/c++ - skipped
-- Detecting CXX compile features
-- Detecting CXX compile features - done
-- Found rosidl_default_generators: 1.7.1 (/opt/ros/kilted/share/rosidl_default_generators/cmake)
-- Found Python3: /usr/bin/python3 (found version "3.12.3") found components: Interpreter 
-- Using all available rosidl_typesupport_c: rosidl_typesupport_fastrtps_c;rosidl_typesupport_introspection_c
-- Using all available rosidl_typesupport_cpp: rosidl_typesupport_fastrtps_cpp;rosidl_typesupport_introspection_cpp
-- Found rosidl_adapter: 4.9.6 (/opt/ros/kilted/share/rosidl_adapter/cmake)
-- Found std_msgs: 5.5.1 (/opt/ros/kilted/share/std_msgs/cmake)
-- Found trajectory_msgs: 5.5.1 (/opt/ros/kilted/share/trajectory_msgs/cmake)
-- Found ament_cmake_ros_core: 0.14.7 (/opt/ros/kilted/share/ament_cmake_ros_core/cmake)
-- Using all available rosidl_typesupport_c: rosidl_typesupport_fastrtps_c;rosidl_typesupport_introspection_c
-- Using all available rosidl_typesupport_cpp: rosidl_typesupport_fastrtps_cpp;rosidl_typesupport_introspection_cpp
-- Found Python3: /usr/bin/python3 (found version "3.12.3") found components: Interpreter Development NumPy Development.Module Development.Embed 
-- Configuring done (3.1s)
-- Generating done (0.0s)
-- Build files have been written to: /home/derek-dietz/MSAI/ComputerVision/Final_Project/ws/interbotix/build/interbotix_xs_msgs
[  0%] [34m[1mGenerating type hashes for ROS interfaces[0m
[  0%] Built target ament_cmake_python_copy_interbotix_xs_msgs
running egg_info
creating interbotix_xs_msgs.egg-info
writing interbotix_xs_msgs.egg-info/PKG-INFO
writing dependency_links to interbotix_xs_msgs.egg-info/dependency_links.txt
writing top-level names to interbotix_xs_msgs.egg-info/top_level.txt
writing manifest file 'interbotix_xs_msgs.egg-info/SOURCES.txt'
reading manifest file 'interbotix_xs_msgs.egg-info/SOURCES.txt'
writing manifest file 'interbotix_xs_msgs.egg-info/SOURCES.txt'
[  0%] Built target ament_cmake_python_build_interbotix_xs_msgs_egg
[  0%] Built target interbotix_xs_msgs__rosidl_generator_type_description
[  0%] [34m[1mGenerating C code for ROS interfaces[0m
[  0%] [34m[1mGenerating C++ code for ROS interfaces[0m
[  0%] Built target interbotix_xs_msgs__cpp
[  1%] [32mBuilding C object CMakeFiles/interbotix_xs_msgs__rosidl_generator_c.dir/rosidl_generator_c/interbotix_xs_msgs/msg/detail/arm_joy__functions.c.o[0m
[  1%] [32mBuilding C object CMakeFiles/interbotix_xs_msgs__rosidl_generator_c.dir/rosidl_generator_c/interbotix_xs_msgs/msg/detail/joint_group_command__functions.c.o[0m
[  1%] [32mBuilding C object CMakeFiles/interbotix_xs_msgs__rosidl_generator_c.dir/rosidl_generator_c/interbotix_xs_msgs/msg/detail/arm_joy__type_support.c.o[0m
[  4%] [32mBuilding C object CMakeFiles/interbotix_xs_msgs__rosidl_generator_c.dir/rosidl_generator_c/interbotix_xs_msgs/msg/detail/hex_joy__description.c.o[0m
[  5%] [32mBuilding C object CMakeFiles/interbotix_xs_msgs__rosidl_generator_c.dir/rosidl_generator_c/interbotix_xs_msgs/msg/detail/hex_joy__functions.c.o[0m
[  5%] [32mBuilding C object CMakeFiles/interbotix_xs_msgs__rosidl_generator_c.dir/rosidl_generator_c/interbotix_xs_msgs/msg/detail/joint_single_command__functions.c.o[0m
[  6%] [32mBuilding C object CMakeFiles/interbotix_xs_msgs__rosidl_generator_c.dir/rosidl_generator_c/interbotix_xs_msgs/msg/detail/joint_group_command__description.c.o[0m
[  3%] [32mBuilding C object CMakeFiles/interbotix_xs_msgs__rosidl_generator_c.dir/rosidl_generator_c/interbotix_xs_msgs/msg/detail/arm_joy__description.c.o[0m
[  3%] [32mBuilding C object CMakeFiles/interbotix_xs_msgs__rosidl_generator_c.dir/rosidl_generator_c/interbotix_xs_msgs/msg/detail/hex_joy__type_support.c.o[0m
[  7%] [32mBuilding C object CMakeFiles/interbotix_xs_msgs__rosidl_generator_c.dir/rosidl_generator_c/interbotix_xs_msgs/msg/detail/joint_temps__functions.c.o[0m
[  7%] [32mBuilding C object CMakeFiles/interbotix_xs_msgs__rosidl_generator_c.dir/rosidl_generator_c/interbotix_xs_msgs/msg/detail/joint_single_command__description.c.o[0m
[  8%] [32mBuilding C object CMakeFiles/interbotix_xs_msgs__rosidl_generator_c.dir/rosidl_generator_c/interbotix_xs_msgs/msg/detail/joint_group_command__type_support.c.o[0m
[  7%] [32mBuilding C object CMakeFiles/interbotix_xs_msgs__rosidl_generator_c.dir/rosidl_generator_c/interbotix_xs_msgs/msg/detail/joint_temps__type_support.c.o[0m
[  9%] [32mBuilding C object CMakeFiles/interbotix_xs_msgs__rosidl_generator_c.dir/rosidl_generator_c/interbotix_xs_msgs/msg/detail/joint_single_command__type_support.c.o[0m
[  9%] [32mBuilding C object CMakeFiles/interbotix_xs_msgs__rosidl_generator_c.dir/rosidl_generator_c/interbotix_xs_msgs/msg/detail/joint_temps__description.c.o[0m
[ 10%] [32mBuilding C object CMakeFiles/interbotix_xs_msgs__rosidl_generator_c.dir/rosidl_generator_c/interbotix_xs_msgs/msg/detail/joint_trajectory_command__functions.c.o[0m
[ 11%] [32mBuilding C object CMakeFiles/interbotix_xs_msgs__rosidl_generator_c.dir/rosidl_generator_c/interbotix_xs_msgs/msg/detail/locobot_joy__description.c.o[0m
[ 11%] [32mBuilding C object CMakeFiles/interbotix_xs_msgs__rosidl_generator_c.dir/rosidl_generator_c/interbotix_xs_msgs/msg/detail/joint_trajectory_command__type_support.c.o[0m
[ 12%] [32mBuilding C object CMakeFiles/interbotix_xs_msgs__rosidl_generator_c.dir/rosidl_generator_c/interbotix_xs_msgs/msg/detail/locobot_joy__functions.c.o[0m
[ 13%] [32mBuilding C object CMakeFiles/interbotix_xs_msgs__rosidl_generator_c.dir/rosidl_generator_c/interbotix_xs_msgs/msg/detail/joint_trajectory_command__description.c.o[0m
[ 13%] [32mBuilding C object CMakeFiles/interbotix_xs_msgs__rosidl_generator_c.dir/rosidl_generator_c/interbotix_xs_msgs/msg/detail/locobot_joy__type_support.c.o[0m
[ 14%] [32mBuilding C object CMakeFiles/interbotix_xs_msgs__rosidl_generator_c.dir/rosidl_generator_c/interbotix_xs_msgs/msg/detail/turret_joy__description.c.o[0m
[ 15%] [32mBuilding C object CMakeFiles/interbotix_xs_msgs__rosidl_generator_c.dir/rosidl_generator_c/interbotix_xs_msgs/msg/detail/turret_joy__type_support.c.o[0m
[ 15%] [32mBuilding C object CMakeFiles/interbotix_xs_msgs__rosidl_generator_c.dir/rosidl_generator_c/interbotix_xs_msgs/msg/detail/turret_joy__functions.c.o[0m
[ 16%] [32mBuilding C object CMakeFiles/interbotix_xs_msgs__rosidl_generator_c.dir/rosidl_generator_c/interbotix_xs_msgs/srv/detail/motor_gains__description.c.o[0m
[ 16%] [32mBuilding C object CMakeFiles/interbotix_xs_msgs__rosidl_generator_c.dir/rosidl_generator_c/interbotix_xs_msgs/srv/detail/motor_gains__functions.c.o[0m
[ 17%] [32mBuilding C object CMakeFiles/interbotix_xs_msgs__rosidl_generator_c.dir/rosidl_generator_c/interbotix_xs_msgs/srv/detail/motor_gains__type_support.c.o[0m
[ 18%] [32mBuilding C object CMakeFiles/interbotix_xs_msgs__rosidl_generator_c.dir/rosidl_generator_c/interbotix_xs_msgs/srv/detail/operating_modes__type_support.c.o[0m
[ 19%] [32mBuilding C object CMakeFiles/interbotix_xs_msgs__rosidl_generator_c.dir/rosidl_generator_c/interbotix_xs_msgs/srv/detail/operating_modes__functions.c.o[0m
[ 19%] [32mBuilding C object CMakeFiles/interbotix_xs_msgs__rosidl_generator_c.dir/rosidl_generator_c/interbotix_xs_msgs/srv/detail/operating_modes__description.c.o[0m
[ 19%] [32mBuilding C object CMakeFiles/interbotix_xs_msgs__rosidl_generator_c.dir/rosidl_generator_c/interbotix_xs_msgs/srv/detail/reboot__description.c.o[0m
[ 20%] [32mBuilding C object CMakeFiles/interbotix_xs_msgs__rosidl_generator_c.dir/rosidl_generator_c/interbotix_xs_msgs/srv/detail/reboot__functions.c.o[0m
[ 21%] [32mBuilding C object CMakeFiles/interbotix_xs_msgs__rosidl_generator_c.dir/rosidl_generator_c/interbotix_xs_msgs/srv/detail/register_values__description.c.o[0m
[ 21%] [32mBuilding C object CMakeFiles/interbotix_xs_msgs__rosidl_generator_c.dir/rosidl_generator_c/interbotix_xs_msgs/srv/detail/reboot__type_support.c.o[0m
[ 21%] [32mBuilding C object CMakeFiles/interbotix_xs_msgs__rosidl_generator_c.dir/rosidl_generator_c/interbotix_xs_msgs/srv/detail/register_values__type_support.c.o[0m
[ 22%] [32mBuilding C object CMakeFiles/interbotix_xs_msgs__rosidl_generator_c.dir/rosidl_generator_c/interbotix_xs_msgs/srv/detail/robot_info__description.c.o[0m
[ 23%] [32mBuilding C object CMakeFiles/interbotix_xs_msgs__rosidl_generator_c.dir/rosidl_generator_c/interbotix_xs_msgs/srv/detail/register_values__functions.c.o[0m
[ 24%] [32mBuilding C object CMakeFiles/interbotix_xs_msgs__rosidl_generator_c.dir/rosidl_generator_c/interbotix_xs_msgs/srv/detail/robot_info__functions.c.o[0m
[ 24%] [32mBuilding C object CMakeFiles/interbotix_xs_msgs__rosidl_generator_c.dir/rosidl_generator_c/interbotix_xs_msgs/srv/detail/robot_info__type_support.c.o[0m
[ 25%] [32mBuilding C object CMakeFiles/interbotix_xs_msgs__rosidl_generator_c.dir/rosidl_generator_c/interbotix_xs_msgs/srv/detail/torque_enable__description.c.o[0m
[ 25%] [32mBuilding C object CMakeFiles/interbotix_xs_msgs__rosidl_generator_c.dir/rosidl_generator_c/interbotix_xs_msgs/srv/detail/torque_enable__functions.c.o[0m
[ 26%] [32mBuilding C object CMakeFiles/interbotix_xs_msgs__rosidl_generator_c.dir/rosidl_generator_c/interbotix_xs_msgs/srv/detail/torque_enable__type_support.c.o[0m
[ 27%] [32m[1mLinking C shared library libinterbotix_xs_msgs__rosidl_generator_c.so[0m
[ 27%] Built target interbotix_xs_msgs__rosidl_generator_c
[ 28%] [34m[1mGenerating C type support for eProsima Fast-RTPS[0m
[ 28%] [34m[1mGenerating C++ introspection for ROS interfaces[0m
[ 29%] [34m[1mGenerating C++ type support dispatch for ROS interfaces[0m
[ 30%] [34m[1mGenerating C introspection for ROS interfaces[0m
[ 31%] [34m[1mGenerating C type support dispatch for ROS interfaces[0m
[ 31%] [34m[1mGenerating C++ type support for eProsima Fast-RTPS[0m
[ 32%] [32mBuilding CXX object CMakeFiles/interbotix_xs_msgs__rosidl_typesupport_fastrtps_cpp.dir/rosidl_typesupport_fastrtps_cpp/interbotix_xs_msgs/msg/detail/dds_fastrtps/arm_joy__type_support.cpp.o[0m
[ 32%] [32mBuilding CXX object CMakeFiles/interbotix_xs_msgs__rosidl_typesupport_fastrtps_cpp.dir/rosidl_typesupport_fastrtps_cpp/interbotix_xs_msgs/msg/detail/dds_fastrtps/joint_temps__type_support.cpp.o[0m
[ 32%] [32mBuilding CXX object CMakeFiles/interbotix_xs_msgs__rosidl_typesupport_fastrtps_cpp.dir/rosidl_typesupport_fastrtps_cpp/interbotix_xs_msgs/msg/detail/dds_fastrtps/hex_joy__type_support.cpp.o[0m
[ 33%] [32mBuilding CXX object CMakeFiles/interbotix_xs_msgs__rosidl_typesupport_fastrtps_cpp.dir/rosidl_typesupport_fastrtps_cpp/interbotix_xs_msgs/msg/detail/dds_fastrtps/joint_trajectory_command__type_support.cpp.o[0m
[ 34%] [32mBuilding CXX object CMakeFiles/interbotix_xs_msgs__rosidl_typesupport_fastrtps_cpp.dir/rosidl_typesupport_fastrtps_cpp/interbotix_xs_msgs/msg/detail/dds_fastrtps/joint_single_command__type_support.cpp.o[0m
[ 35%] [32mBuilding CXX object CMakeFiles/interbotix_xs_msgs__rosidl_typesupport_fastrtps_cpp.dir/rosidl_typesupport_fastrtps_cpp/interbotix_xs_msgs/msg/detail/dds_fastrtps/joint_group_command__type_support.cpp.o[0m
[ 36%] [32mBuilding CXX object CMakeFiles/interbotix_xs_msgs__rosidl_typesupport_fastrtps_cpp.dir/rosidl_typesupport_fastrtps_cpp/interbotix_xs_msgs/msg/detail/dds_fastrtps/turret_joy__type_support.cpp.o[0m
[ 36%] [32mBuilding CXX object CMakeFiles/interbotix_xs_msgs__rosidl_typesupport_fastrtps_cpp.dir/rosidl_typesupport_fastrtps_cpp/interbotix_xs_msgs/msg/detail/dds_fastrtps/locobot_joy__type_support.cpp.o[0m
[ 37%] [32mBuilding CXX object CMakeFiles/interbotix_xs_msgs__rosidl_typesupport_fastrtps_cpp.dir/rosidl_typesupport_fastrtps_cpp/interbotix_xs_msgs/srv/detail/dds_fastrtps/motor_gains__type_support.cpp.o[0m
[ 37%] [32mBuilding CXX object CMakeFiles/interbotix_xs_msgs__rosidl_typesupport_fastrtps_cpp.dir/rosidl_typesupport_fastrtps_cpp/interbotix_xs_msgs/srv/detail/dds_fastrtps/operating_modes__type_support.cpp.o[0m
[ 38%] [32mBuilding CXX object CMakeFiles/interbotix_xs_msgs__rosidl_typesupport_fastrtps_cpp.dir/rosidl_typesupport_fastrtps_cpp/interbotix_xs_msgs/srv/detail/dds_fastrtps/reboot__type_support.cpp.o[0m
[ 40%] [32mBuilding CXX object CMakeFiles/interbotix_xs_msgs__rosidl_typesupport_fastrtps_cpp.dir/rosidl_typesupport_fastrtps_cpp/interbotix_xs_msgs/srv/detail/dds_fastrtps/register_values__type_support.cpp.o[0m
[ 40%] [32mBuilding CXX object CMakeFiles/interbotix_xs_msgs__rosidl_typesupport_fastrtps_cpp.dir/rosidl_typesupport_fastrtps_cpp/interbotix_xs_msgs/srv/detail/dds_fastrtps/robot_info__type_support.cpp.o[0m
[ 40%] [32mBuilding CXX object CMakeFiles/interbotix_xs_msgs__rosidl_typesupport_fastrtps_cpp.dir/rosidl_typesupport_fastrtps_cpp/interbotix_xs_msgs/srv/detail/dds_fastrtps/torque_enable__type_support.cpp.o[0m
[ 41%] [32mBuilding CXX object CMakeFiles/interbotix_xs_msgs__rosidl_typesupport_introspection_cpp.dir/rosidl_typesupport_introspection_cpp/interbotix_xs_msgs/msg/detail/hex_joy__type_support.cpp.o[0m
[ 41%] [32mBuilding CXX object CMakeFiles/interbotix_xs_msgs__rosidl_typesupport_introspection_cpp.dir/rosidl_typesupport_introspection_cpp/interbotix_xs_msgs/msg/detail/arm_joy__type_support.cpp.o[0m
[ 41%] [32mBuilding CXX object CMakeFiles/interbotix_xs_msgs__rosidl_typesupport_introspection_cpp.dir/rosidl_typesupport_introspection_cpp/interbotix_xs_msgs/msg/detail/joint_single_command__type_support.cpp.o[0m
[ 42%] [32mBuilding CXX object CMakeFiles/interbotix_xs_msgs__rosidl_typesupport_introspection_cpp.dir/rosidl_typesupport_introspection_cpp/interbotix_xs_msgs/msg/detail/joint_group_command__type_support.cpp.o[0m
[ 42%] [32mBuilding CXX object CMakeFiles/interbotix_xs_msgs__rosidl_typesupport_cpp.dir/rosidl_typesupport_cpp/interbotix_xs_msgs/msg/arm_joy__type_support.cpp.o[0m
[ 43%] [32mBuilding CXX object CMakeFiles/interbotix_xs_msgs__rosidl_typesupport_c.dir/rosidl_typesupport_c/interbotix_xs_msgs/msg/arm_joy__type_support.cpp.o[0m
[ 43%] [32mBuilding CXX object CMakeFiles/interbotix_xs_msgs__rosidl_typesupport_c.dir/rosidl_typesupport_c/interbotix_xs_msgs/msg/hex_joy__type_support.cpp.o[0m
[ 44%] [32mBuilding CXX object CMakeFiles/interbotix_xs_msgs__rosidl_typesupport_introspection_cpp.dir/rosidl_typesupport_introspection_cpp/interbotix_xs_msgs/msg/detail/joint_temps__type_support.cpp.o[0m
[ 45%] [32mBuilding CXX object CMakeFiles/interbotix_xs_msgs__rosidl_typesupport_cpp.dir/rosidl_typesupport_cpp/interbotix_xs_msgs/msg/hex_joy__type_support.cpp.o[0m
[ 46%] [32mBuilding CXX object CMakeFiles/interbotix_xs_msgs__rosidl_typesupport_cpp.dir/rosidl_typesupport_cpp/interbotix_xs_msgs/msg/joint_group_command__type_support.cpp.o[0m
[ 47%] [32mBuilding CXX object CMakeFiles/interbotix_xs_msgs__rosidl_typesupport_c.dir/rosidl_typesupport_c/interbotix_xs_msgs/msg/joint_group_command__type_support.cpp.o[0m
[ 47%] [32mBuilding CXX object CMakeFiles/interbotix_xs_msgs__rosidl_typesupport_c.dir/rosidl_typesupport_c/interbotix_xs_msgs/msg/joint_single_command__type_support.cpp.o[0m
[ 47%] [32mBuilding CXX object CMakeFiles/interbotix_xs_msgs__rosidl_typesupport_cpp.dir/rosidl_typesupport_cpp/interbotix_xs_msgs/msg/joint_single_command__type_support.cpp.o[0m
[ 48%] [32mBuilding CXX object CMakeFiles/interbotix_xs_msgs__rosidl_typesupport_c.dir/rosidl_typesupport_c/interbotix_xs_msgs/msg/joint_temps__type_support.cpp.o[0m
[ 49%] [32mBuilding CXX object CMakeFiles/interbotix_xs_msgs__rosidl_typesupport_cpp.dir/rosidl_typesupport_cpp/interbotix_xs_msgs/msg/joint_temps__type_support.cpp.o[0m
[ 49%] [32mBuilding CXX object CMakeFiles/interbotix_xs_msgs__rosidl_typesupport_cpp.dir/rosidl_typesupport_cpp/interbotix_xs_msgs/msg/joint_trajectory_command__type_support.cpp.o[0m
[ 50%] [32mBuilding C object CMakeFiles/interbotix_xs_msgs__rosidl_typesupport_introspection_c.dir/rosidl_typesupport_introspection_c/interbotix_xs_msgs/msg/detail/arm_joy__type_support.c.o[0m
[ 51%] [32mBuilding CXX object CMakeFiles/interbotix_xs_msgs__rosidl_typesupport_c.dir/rosidl_typesupport_c/interbotix_xs_msgs/msg/joint_trajectory_command__type_support.cpp.o[0m
[ 52%] [32mBuilding CXX object CMakeFiles/interbotix_xs_msgs__rosidl_typesupport_cpp.dir/rosidl_typesupport_cpp/interbotix_xs_msgs/msg/locobot_joy__type_support.cpp.o[0m
[ 53%] [32mBuilding CXX object CMakeFiles/interbotix_xs_msgs__rosidl_typesupport_cpp.dir/rosidl_typesupport_cpp/interbotix_xs_msgs/msg/turret_joy__type_support.cpp.o[0m
[ 53%] [32mBuilding C object CMakeFiles/interbotix_xs_msgs__rosidl_typesupport_introspection_c.dir/rosidl_typesupport_introspection_c/interbotix_xs_msgs/msg/detail/hex_joy__type_support.c.o[0m
[ 53%] [32mBuilding CXX object CMakeFiles/interbotix_xs_msgs__rosidl_typesupport_introspection_cpp.dir/rosidl_typesupport_introspection_cpp/interbotix_xs_msgs/msg/detail/joint_trajectory_command__type_support.cpp.o[0m
[ 53%] [32mBuilding CXX object CMakeFiles/interbotix_xs_msgs__rosidl_typesupport_c.dir/rosidl_typesupport_c/interbotix_xs_msgs/msg/locobot_joy__type_support.cpp.o[0m
[ 54%] [32mBuilding C object CMakeFiles/interbotix_xs_msgs__rosidl_typesupport_introspection_c.dir/rosidl_typesupport_introspection_c/interbotix_xs_msgs/msg/detail/joint_group_command__type_support.c.o[0m
[ 55%] [32mBuilding CXX object CMakeFiles/interbotix_xs_msgs__rosidl_typesupport_introspection_cpp.dir/rosidl_typesupport_introspection_cpp/interbotix_xs_msgs/msg/detail/locobot_joy__type_support.cpp.o[0m
[ 56%] [32mBuilding CXX object CMakeFiles/interbotix_xs_msgs__rosidl_typesupport_introspection_cpp.dir/rosidl_typesupport_introspection_cpp/interbotix_xs_msgs/msg/detail/turret_joy__type_support.cpp.o[0m
[ 57%] [32mBuilding CXX object CMakeFiles/interbotix_xs_msgs__rosidl_typesupport_c.dir/rosidl_typesupport_c/interbotix_xs_msgs/msg/turret_joy__type_support.cpp.o[0m
[ 58%] [32mBuilding CXX object CMakeFiles/interbotix_xs_msgs__rosidl_typesupport_fastrtps_c.dir/rosidl_typesupport_fastrtps_c/interbotix_xs_msgs/msg/detail/arm_joy__type_support_c.cpp.o[0m
[ 58%] [32mBuilding C object CMakeFiles/interbotix_xs_msgs__rosidl_typesupport_introspection_c.dir/rosidl_typesupport_introspection_c/interbotix_xs_msgs/msg/detail/joint_single_command__type_support.c.o[0m
[ 59%] [32mBuilding CXX object CMakeFiles/interbotix_xs_msgs__rosidl_typesupport_fastrtps_c.dir/rosidl_typesupport_fastrtps_c/interbotix_xs_msgs/msg/detail/hex_joy__type_support_c.cpp.o[0m
[ 60%] [32mBuilding C object CMakeFiles/interbotix_xs_msgs__rosidl_typesupport_introspection_c.dir/rosidl_typesupport_introspection_c/interbotix_xs_msgs/msg/detail/joint_temps__type_support.c.o[0m
[ 60%] [32mBuilding CXX object CMakeFiles/interbotix_xs_msgs__rosidl_typesupport_c.dir/rosidl_typesupport_c/interbotix_xs_msgs/srv/motor_gains__type_support.cpp.o[0m
[ 60%] [32mBuilding CXX object CMakeFiles/interbotix_xs_msgs__rosidl_typesupport_cpp.dir/rosidl_typesupport_cpp/interbotix_xs_msgs/srv/motor_gains__type_support.cpp.o[0m
[ 61%] [32mBuilding CXX object CMakeFiles/interbotix_xs_msgs__rosidl_typesupport_c.dir/rosidl_typesupport_c/interbotix_xs_msgs/srv/operating_modes__type_support.cpp.o[0m
[ 61%] [32mBuilding CXX object CMakeFiles/interbotix_xs_msgs__rosidl_typesupport_introspection_cpp.dir/rosidl_typesupport_introspection_cpp/interbotix_xs_msgs/srv/detail/motor_gains__type_support.cpp.o[0m
[ 62%] [32mBuilding C object CMakeFiles/interbotix_xs_msgs__rosidl_typesupport_introspection_c.dir/rosidl_typesupport_introspection_c/interbotix_xs_msgs/msg/detail/joint_trajectory_command__type_support.c.o[0m
[ 63%] [32mBuilding CXX object CMakeFiles/interbotix_xs_msgs__rosidl_typesupport_cpp.dir/rosidl_typesupport_cpp/interbotix_xs_msgs/srv/operating_modes__type_support.cpp.o[0m
[ 63%] [32mBuilding CXX object CMakeFiles/interbotix_xs_msgs__rosidl_typesupport_fastrtps_c.dir/rosidl_typesupport_fastrtps_c/interbotix_xs_msgs/msg/detail/joint_group_command__type_support_c.cpp.o[0m
[ 64%] [32mBuilding CXX object CMakeFiles/interbotix_xs_msgs__rosidl_typesupport_fastrtps_c.dir/rosidl_typesupport_fastrtps_c/interbotix_xs_msgs/msg/detail/joint_single_command__type_support_c.cpp.o[0m
[ 65%] [32mBuilding CXX object CMakeFiles/interbotix_xs_msgs__rosidl_typesupport_c.dir/rosidl_typesupport_c/interbotix_xs_msgs/srv/reboot__type_support.cpp.o[0m
[ 65%] [32mBuilding C object CMakeFiles/interbotix_xs_msgs__rosidl_typesupport_introspection_c.dir/rosidl_typesupport_introspection_c/interbotix_xs_msgs/msg/detail/locobot_joy__type_support.c.o[0m
[ 65%] [32mBuilding CXX object CMakeFiles/interbotix_xs_msgs__rosidl_typesupport_fastrtps_c.dir/rosidl_typesupport_fastrtps_c/interbotix_xs_msgs/msg/detail/joint_temps__type_support_c.cpp.o[0m
[ 66%] [32mBuilding C object CMakeFiles/interbotix_xs_msgs__rosidl_typesupport_introspection_c.dir/rosidl_typesupport_introspection_c/interbotix_xs_msgs/msg/detail/turret_joy__type_support.c.o[0m
[ 67%] [32mBuilding CXX object CMakeFiles/interbotix_xs_msgs__rosidl_typesupport_fastrtps_c.dir/rosidl_typesupport_fastrtps_c/interbotix_xs_msgs/msg/detail/joint_trajectory_command__type_support_c.cpp.o[0m
[ 67%] [32mBuilding CXX object CMakeFiles/interbotix_xs_msgs__rosidl_typesupport_c.dir/rosidl_typesupport_c/interbotix_xs_msgs/srv/register_values__type_support.cpp.o[0m
[ 67%] [32mBuilding CXX object CMakeFiles/interbotix_xs_msgs__rosidl_typesupport_cpp.dir/rosidl_typesupport_cpp/interbotix_xs_msgs/srv/reboot__type_support.cpp.o[0m
[ 68%] [32mBuilding CXX object CMakeFiles/interbotix_xs_msgs__rosidl_typesupport_cpp.dir/rosidl_typesupport_cpp/interbotix_xs_msgs/srv/register_values__type_support.cpp.o[0m
[ 69%] [32mBuilding CXX object CMakeFiles/interbotix_xs_msgs__rosidl_typesupport_fastrtps_c.dir/rosidl_typesupport_fastrtps_c/interbotix_xs_msgs/msg/detail/locobot_joy__type_support_c.cpp.o[0m
[ 70%] [32mBuilding CXX object CMakeFiles/interbotix_xs_msgs__rosidl_typesupport_introspection_cpp.dir/rosidl_typesupport_introspection_cpp/interbotix_xs_msgs/srv/detail/operating_modes__type_support.cpp.o[0m
[ 71%] [32mBuilding C object CMakeFiles/interbotix_xs_msgs__rosidl_typesupport_introspection_c.dir/rosidl_typesupport_introspection_c/interbotix_xs_msgs/srv/detail/operating_modes__type_support.c.o[0m
[ 71%] [32mBuilding C object CMakeFiles/interbotix_xs_msgs__rosidl_typesupport_introspection_c.dir/rosidl_typesupport_introspection_c/interbotix_xs_msgs/srv/detail/motor_gains__type_support.c.o[0m
[ 72%] [32mBuilding CXX object CMakeFiles/interbotix_xs_msgs__rosidl_typesupport_c.dir/rosidl_typesupport_c/interbotix_xs_msgs/srv/robot_info__type_support.cpp.o[0m
[ 72%] [32mBuilding CXX object CMakeFiles/interbotix_xs_msgs__rosidl_typesupport_c.dir/rosidl_typesupport_c/interbotix_xs_msgs/srv/torque_enable__type_support.cpp.o[0m
[ 73%] [32mBuilding C object CMakeFiles/interbotix_xs_msgs__rosidl_typesupport_introspection_c.dir/rosidl_typesupport_introspection_c/interbotix_xs_msgs/srv/detail/reboot__type_support.c.o[0m
[ 73%] [32mBuilding CXX object CMakeFiles/interbotix_xs_msgs__rosidl_typesupport_introspection_cpp.dir/rosidl_typesupport_introspection_cpp/interbotix_xs_msgs/srv/detail/reboot__type_support.cpp.o[0m
[ 74%] [32mBuilding CXX object CMakeFiles/interbotix_xs_msgs__rosidl_typesupport_introspection_cpp.dir/rosidl_typesupport_introspection_cpp/interbotix_xs_msgs/srv/detail/register_values__type_support.cpp.o[0m
[ 75%] [32mBuilding CXX object CMakeFiles/interbotix_xs_msgs__rosidl_typesupport_cpp.dir/rosidl_typesupport_cpp/interbotix_xs_msgs/srv/robot_info__type_support.cpp.o[0m
[ 75%] [32mBuilding C object CMakeFiles/interbotix_xs_msgs__rosidl_typesupport_introspection_c.dir/rosidl_typesupport_introspection_c/interbotix_xs_msgs/srv/detail/register_values__type_support.c.o[0m
[ 75%] [32mBuilding CXX object CMakeFiles/interbotix_xs_msgs__rosidl_typesupport_cpp.dir/rosidl_typesupport_cpp/interbotix_xs_msgs/srv/torque_enable__type_support.cpp.o[0m
[ 76%] [32m[1mLinking CXX shared library libinterbotix_xs_msgs__rosidl_typesupport_c.so[0m
[ 76%] [32mBuilding CXX object CMakeFiles/interbotix_xs_msgs__rosidl_typesupport_fastrtps_c.dir/rosidl_typesupport_fastrtps_c/interbotix_xs_msgs/msg/detail/turret_joy__type_support_c.cpp.o[0m
[ 77%] [32mBuilding CXX object CMakeFiles/interbotix_xs_msgs__rosidl_typesupport_introspection_cpp.dir/rosidl_typesupport_introspection_cpp/interbotix_xs_msgs/srv/detail/robot_info__type_support.cpp.o[0m
[ 77%] Built target interbotix_xs_msgs__rosidl_typesupport_c
[ 78%] [32mBuilding C object CMakeFiles/interbotix_xs_msgs__rosidl_typesupport_introspection_c.dir/rosidl_typesupport_introspection_c/interbotix_xs_msgs/srv/detail/robot_info__type_support.c.o[0m
[ 79%] [32mBuilding CXX object CMakeFiles/interbotix_xs_msgs__rosidl_typesupport_fastrtps_c.dir/rosidl_typesupport_fastrtps_c/interbotix_xs_msgs/srv/detail/motor_gains__type_support_c.cpp.o[0m
[ 80%] [32mBuilding CXX object CMakeFiles/interbotix_xs_msgs__rosidl_typesupport_fastrtps_c.dir/rosidl_typesupport_fastrtps_c/interbotix_xs_msgs/srv/detail/operating_modes__type_support_c.cpp.o[0m
[ 80%] [32mBuilding CXX object CMakeFiles/interbotix_xs_msgs__rosidl_typesupport_fastrtps_c.dir/rosidl_typesupport_fastrtps_c/interbotix_xs_msgs/srv/detail/reboot__type_support_c.cpp.o[0m
[ 81%] [32mBuilding CXX object CMakeFiles/interbotix_xs_msgs__rosidl_typesupport_fastrtps_c.dir/rosidl_typesupport_fastrtps_c/interbotix_xs_msgs/srv/detail/register_values__type_support_c.cpp.o[0m
[ 81%] [32mBuilding CXX object CMakeFiles/interbotix_xs_msgs__rosidl_typesupport_fastrtps_c.dir/rosidl_typesupport_fastrtps_c/interbotix_xs_msgs/srv/detail/robot_info__type_support_c.cpp.o[0m
[ 81%] [32mBuilding C object CMakeFiles/interbotix_xs_msgs__rosidl_typesupport_introspection_c.dir/rosidl_typesupport_introspection_c/interbotix_xs_msgs/srv/detail/torque_enable__type_support.c.o[0m
[ 82%] [32mBuilding CXX object CMakeFiles/interbotix_xs_msgs__rosidl_typesupport_fastrtps_c.dir/rosidl_typesupport_fastrtps_c/interbotix_xs_msgs/srv/detail/torque_enable__type_support_c.cpp.o[0m
[ 82%] [32mBuilding CXX object CMakeFiles/interbotix_xs_msgs__rosidl_typesupport_introspection_cpp.dir/rosidl_typesupport_introspection_cpp/interbotix_xs_msgs/srv/detail/torque_enable__type_support.cpp.o[0m
[ 83%] [32m[1mLinking C shared library libinterbotix_xs_msgs__rosidl_typesupport_introspection_c.so[0m
[ 83%] Built target interbotix_xs_msgs__rosidl_typesupport_introspection_c
[ 83%] [32m[1mLinking CXX shared library libinterbotix_xs_msgs__rosidl_typesupport_fastrtps_cpp.so[0m
[ 83%] Built target interbotix_xs_msgs__rosidl_typesupport_fastrtps_cpp
[ 84%] [32m[1mLinking CXX shared library libinterbotix_xs_msgs__rosidl_typesupport_cpp.so[0m
[ 84%] Built target interbotix_xs_msgs__rosidl_typesupport_cpp
[ 85%] [32m[1mLinking CXX shared library libinterbotix_xs_msgs__rosidl_typesupport_fastrtps_c.so[0m
[ 85%] Built target interbotix_xs_msgs__rosidl_typesupport_fastrtps_c
[ 86%] [32m[1mLinking CXX shared library libinterbotix_xs_msgs__rosidl_typesupport_introspection_cpp.so[0m
[ 86%] Built target interbotix_xs_msgs__rosidl_typesupport_introspection_cpp
[ 86%] Built target interbotix_xs_msgs
[ 87%] [34m[1mGenerating Python code for ROS interfaces[0m
[ 87%] Built target interbotix_xs_msgs__py
[ 87%] [32mBuilding C object CMakeFiles/interbotix_xs_msgs__rosidl_generator_py.dir/rosidl_generator_py/interbotix_xs_msgs/srv/_robot_info_s.c.o[0m
[ 88%] [32mBuilding C object CMakeFiles/interbotix_xs_msgs__rosidl_generator_py.dir/rosidl_generator_py/interbotix_xs_msgs/msg/_joint_single_command_s.c.o[0m
[ 89%] [32mBuilding C object CMakeFiles/interbotix_xs_msgs__rosidl_generator_py.dir/rosidl_generator_py/interbotix_xs_msgs/msg/_arm_joy_s.c.o[0m
[ 89%] [32mBuilding C object CMakeFiles/interbotix_xs_msgs__rosidl_generator_py.dir/rosidl_generator_py/interbotix_xs_msgs/msg/_hex_joy_s.c.o[0m
[ 88%] [32mBuilding C object CMakeFiles/interbotix_xs_msgs__rosidl_generator_py.dir/rosidl_generator_py/interbotix_xs_msgs/msg/_joint_group_command_s.c.o[0m
[ 90%] [32mBuilding C object CMakeFiles/interbotix_xs_msgs__rosidl_generator_py.dir/rosidl_generator_py/interbotix_xs_msgs/srv/_operating_modes_s.c.o[0m
[ 90%] [32mBuilding C object CMakeFiles/interbotix_xs_msgs__rosidl_generator_py.dir/rosidl_generator_py/interbotix_xs_msgs/msg/_turret_joy_s.c.o[0m
[ 91%] [32mBuilding C object CMakeFiles/interbotix_xs_msgs__rosidl_generator_py.dir/rosidl_generator_py/interbotix_xs_msgs/msg/_locobot_joy_s.c.o[0m
[ 91%] [32mBuilding C object CMakeFiles/interbotix_xs_msgs__rosidl_generator_py.dir/rosidl_generator_py/interbotix_xs_msgs/srv/_reboot_s.c.o[0m
[ 92%] [32mBuilding C object CMakeFiles/interbotix_xs_msgs__rosidl_generator_py.dir/rosidl_generator_py/interbotix_xs_msgs/msg/_joint_trajectory_command_s.c.o[0m
[ 92%] [32mBuilding C object CMakeFiles/interbotix_xs_msgs__rosidl_generator_py.dir/rosidl_generator_py/interbotix_xs_msgs/srv/_register_values_s.c.o[0m
[ 93%] [32mBuilding C object CMakeFiles/interbotix_xs_msgs__rosidl_generator_py.dir/rosidl_generator_py/interbotix_xs_msgs/srv/_motor_gains_s.c.o[0m
[ 94%] [32mBuilding C object CMakeFiles/interbotix_xs_msgs__rosidl_generator_py.dir/rosidl_generator_py/interbotix_xs_msgs/srv/_torque_enable_s.c.o[0m
[ 95%] [32mBuilding C object CMakeFiles/interbotix_xs_msgs__rosidl_generator_py.dir/rosidl_generator_py/interbotix_xs_msgs/msg/_joint_temps_s.c.o[0m
[ 96%] [32m[1mLinking C shared library libinterbotix_xs_msgs__rosidl_generator_py.so[0m
[ 96%] Built target interbotix_xs_msgs__rosidl_generator_py
[ 97%] [32mBuilding C object CMakeFiles/interbotix_xs_msgs_s__rosidl_typesupport_c.dir/rosidl_generator_py/interbotix_xs_msgs/_interbotix_xs_msgs_s.ep.rosidl_typesupport_c.c.o[0m
[ 97%] [32mBuilding C object CMakeFiles/interbotix_xs_msgs_s__rosidl_typesupport_fastrtps_c.dir/rosidl_generator_py/interbotix_xs_msgs/_interbotix_xs_msgs_s.ep.rosidl_typesupport_fastrtps_c.c.o[0m
[ 98%] [32mBuilding C object CMakeFiles/interbotix_xs_msgs_s__rosidl_typesupport_introspection_c.dir/rosidl_generator_py/interbotix_xs_msgs/_interbotix_xs_msgs_s.ep.rosidl_typesupport_introspection_c.c.o[0m
[ 99%] [32m[1mLinking C shared module rosidl_generator_py/interbotix_xs_msgs/interbotix_xs_msgs_s__rosidl_typesupport_c.so[0m
[ 99%] Built target interbotix_xs_msgs_s__rosidl_typesupport_c
[ 99%] [32m[1mLinking C shared module rosidl_generator_py/interbotix_xs_msgs/interbotix_xs_msgs_s__rosidl_typesupport_fastrtps_c.so[0m
[ 99%] Built target interbotix_xs_msgs_s__rosidl_typesupport_fastrtps_c
[100%] [32m[1mLinking C shared module rosidl_generator_py/interbotix_xs_msgs/interbotix_xs_msgs_s__rosidl_typesupport_introspection_c.so[0m
[100%] Built target interbotix_xs_msgs_s__rosidl_typesupport_introspection_c
-- Install configuration: "Release"
-- Installing: /home/derek-dietz/MSAI/ComputerVision/Final_Project/ws/interbotix/install/share/ament_index/resource_index/rosidl_interfaces/interbotix_xs_msgs
-- Installing: /home/derek-dietz/MSAI/ComputerVision/Final_Project/ws/interbotix/install/share/interbotix_xs_msgs/msg/ArmJoy.json
-- Installing: /home/derek-dietz/MSAI/ComputerVision/Final_Project/ws/interbotix/install/share/interbotix_xs_msgs/msg/HexJoy.json
-- Installing: /home/derek-dietz/MSAI/ComputerVision/Final_Project/ws/interbotix/install/share/interbotix_xs_msgs/msg/JointGroupCommand.json
-- Installing: /home/derek-dietz/MSAI/ComputerVision/Final_Project/ws/interbotix/install/share/interbotix_xs_msgs/msg/JointSingleCommand.json
-- Installing: /home/derek-dietz/MSAI/ComputerVision/Final_Project/ws/interbotix/install/share/interbotix_xs_msgs/msg/JointTemps.json
-- Installing: /home/derek-dietz/MSAI/ComputerVision/Final_Project/ws/interbotix/install/share/interbotix_xs_msgs/msg/JointTrajectoryCommand.json
-- Installing: /home/derek-dietz/MSAI/ComputerVision/Final_Project/ws/interbotix/install/share/interbotix_xs_msgs/msg/LocobotJoy.json
-- Installing: /home/derek-dietz/MSAI/ComputerVision/Final_Project/ws/interbotix/install/share/interbotix_xs_msgs/msg/TurretJoy.json
-- Installing: /home/derek-dietz/MSAI/ComputerVision/Final_Project/ws/interbotix/install/share/interbotix_xs_msgs/srv/MotorGains.json
-- Installing: /home/derek-dietz/MSAI/ComputerVision/Final_Project/ws/interbotix/install/share/interbotix_xs_msgs/srv/OperatingModes.json
-- Installing: /home/derek-dietz/MSAI/ComputerVision/Final_Project/ws/interbotix/install/share/interbotix_xs_msgs/srv/Reboot.json
-- Installing: /home/derek-dietz/MSAI/ComputerVision/Final_Project/ws/interbotix/install/share/interbotix_xs_msgs/srv/RegisterValues.json
-- Installing: /home/derek-dietz/MSAI/ComputerVision/Final_Project/ws/interbotix/install/share/interbotix_xs_msgs/srv/RobotInfo.json
-- Installing: /home/derek-dietz/MSAI/ComputerVision/Final_Project/ws/interbotix/install/share/interbotix_xs_msgs/srv/TorqueEnable.json
-- Installing: /home/derek-dietz/MSAI/ComputerVision/Final_Project/ws/interbotix/install/include/interbotix_xs_msgs/interbotix_xs_msgs
-- Installing: /home/derek-dietz/MSAI/ComputerVision/Final_Project/ws/interbotix/install/include/interbotix_xs_msgs/interbotix_xs_msgs/msg
-- Installing: /home/derek-dietz/MSAI/ComputerVision/Final_Project/ws/interbotix/install/include/interbotix_xs_msgs/interbotix_xs_msgs/msg/locobot_joy.h
-- Installing: /home/derek-dietz/MSAI/ComputerVision/Final_Project/ws/interbotix/install/include/interbotix_xs_msgs/interbotix_xs_msgs/msg/joint_group_command.h
-- Installing: /home/derek-dietz/MSAI/ComputerVision/Final_Project/ws/interbotix/install/include/interbotix_xs_msgs/interbotix_xs_msgs/msg/arm_joy.h
-- Installing: /home/derek-dietz/MSAI/ComputerVision/Final_Project/ws/interbotix/install/include/interbotix_xs_msgs/interbotix_xs_msgs/msg/joint_single_command.h
-- Installing: /home/derek-dietz/MSAI/ComputerVision/Final_Project/ws/interbotix/install/include/interbotix_xs_msgs/interbotix_xs_msgs/msg/hex_joy.h
-- Installing: /home/derek-dietz/MSAI/ComputerVision/Final_Project/ws/interbotix/install/include/interbotix_xs_msgs/interbotix_xs_msgs/msg/turret_joy.h
-- Installing: /home/derek-dietz/MSAI/ComputerVision/Final_Project/ws/interbotix/install/include/interbotix_xs_msgs/interbotix_xs_msgs/msg/joint_trajectory_command.h
-- Installing: /home/derek-dietz/MSAI/ComputerVision/Final_Project/ws/interbotix/install/include/interbotix_xs_msgs/interbotix_xs_msgs/msg/detail
-- Installing: /home/derek-dietz/MSAI/ComputerVision/Final_Project/ws/interbotix/install/include/interbotix_xs_msgs/interbotix_xs_msgs/msg/detail/joint_trajectory_command__functions.h
-- Installing: /home/derek-dietz/MSAI/ComputerVision/Final_Project/ws/interbotix/install/include/interbotix_xs_msgs/interbotix_xs_msgs/msg/detail/locobot_joy__functions.h
-- Installing: /home/derek-dietz/MSAI/ComputerVision/Final_Project/ws/interbotix/install/include/interbotix_xs_msgs/interbotix_xs_msgs/msg/detail/hex_joy__functions.c
-- Installing: /home/derek-dietz/MSAI/ComputerVision/Final_Project/ws/interbotix/install/include/interbotix_xs_msgs/interbotix_xs_msgs/msg/detail/joint_single_command__struct.h
-- Installing: /home/derek-dietz/MSAI/ComputerVision/Final_Project/ws/interbotix/install/include/interbotix_xs_msgs/interbotix_xs_msgs/msg/detail/turret_joy__functions.c
-- Installing: /home/derek-dietz/MSAI/ComputerVision/Final_Project/ws/interbotix/install/include/interbotix_xs_msgs/interbotix_xs_msgs/msg/detail/arm_joy__type_support.h
-- Installing: /home/derek-dietz/MSAI/ComputerVision/Final_Project/ws/interbotix/install/include/interbotix_xs_msgs/interbotix_xs_msgs/msg/detail/joint_temps__type_support.c
-- Installing: /home/derek-dietz/MSAI/ComputerVision/Final_Project/ws/interbotix/install/include/interbotix_xs_msgs/interbotix_xs_msgs/msg/detail/joint_single_command__type_support.h
-- Installing: /home/derek-dietz/MSAI/ComputerVision/Final_Project/ws/interbotix/install/include/interbotix_xs_msgs/interbotix_xs_msgs/msg/detail/locobot_joy__functions.c
-- Installing: /home/derek-dietz/MSAI/ComputerVision/Final_Project/ws/interbotix/install/include/interbotix_xs_msgs/interbotix_xs_msgs/msg/detail/joint_temps__functions.h
-- Installing: /home/derek-dietz/MSAI/ComputerVision/Final_Project/ws/interbotix/install/include/interbotix_xs_msgs/interbotix_xs_msgs/msg/detail/joint_temps__functions.c
-- Installing: /home/derek-dietz/MSAI/ComputerVision/Final_Project/ws/interbotix/install/include/interbotix_xs_msgs/interbotix_xs_msgs/msg/detail/joint_temps__struct.h
-- Installing: /home/derek-dietz/MSAI/ComputerVision/Final_Project/ws/interbotix/install/include/interbotix_xs_msgs/interbotix_xs_msgs/msg/detail/joint_single_command__type_support.c
-- Installing: /home/derek-dietz/MSAI/ComputerVision/Final_Project/ws/interbotix/install/include/interbotix_xs_msgs/interbotix_xs_msgs/msg/detail/joint_trajectory_command__description.c
-- Installing: /home/derek-dietz/MSAI/ComputerVision/Final_Project/ws/interbotix/install/include/interbotix_xs_msgs/interbotix_xs_msgs/msg/detail/arm_joy__description.c
-- Installing: /home/derek-dietz/MSAI/ComputerVision/Final_Project/ws/interbotix/install/include/interbotix_xs_msgs/interbotix_xs_msgs/msg/detail/hex_joy__description.c
-- Installing: /home/derek-dietz/MSAI/ComputerVision/Final_Project/ws/interbotix/install/include/interbotix_xs_msgs/interbotix_xs_msgs/msg/detail/turret_joy__type_support.c
-- Installing: /home/derek-dietz/MSAI/ComputerVision/Final_Project/ws/interbotix/install/include/interbotix_xs_msgs/interbotix_xs_msgs/msg/detail/locobot_joy__description.c
-- Installing: /home/derek-dietz/MSAI/ComputerVision/Final_Project/ws/interbotix/install/include/interbotix_xs_msgs/interbotix_xs_msgs/msg/detail/joint_trajectory_command__functions.c
-- Installing: /home/derek-dietz/MSAI/ComputerVision/Final_Project/ws/interbotix/install/include/interbotix_xs_msgs/interbotix_xs_msgs/msg/detail/locobot_joy__type_support.c
-- Installing: /home/derek-dietz/MSAI/ComputerVision/Final_Project/ws/interbotix/install/include/interbotix_xs_msgs/interbotix_xs_msgs/msg/detail/turret_joy__struct.h
-- Installing: /home/derek-dietz/MSAI/ComputerVision/Final_Project/ws/interbotix/install/include/interbotix_xs_msgs/interbotix_xs_msgs/msg/detail/joint_group_command__functions.c
-- Installing: /home/derek-dietz/MSAI/ComputerVision/Final_Project/ws/interbotix/install/include/interbotix_xs_msgs/interbotix_xs_msgs/msg/detail/joint_single_command__description.c
-- Installing: /home/derek-dietz/MSAI/ComputerVision/Final_Project/ws/interbotix/install/include/interbotix_xs_msgs/interbotix_xs_msgs/msg/detail/arm_joy__struct.h
-- Installing: /home/derek-dietz/MSAI/ComputerVision/Final_Project/ws/interbotix/install/include/interbotix_xs_msgs/interbotix_xs_msgs/msg/detail/joint_group_command__struct.h
-- Installing: /home/derek-dietz/MSAI/ComputerVision/Final_Project/ws/interbotix/install/include/interbotix_xs_msgs/interbotix_xs_msgs/msg/detail/joint_group_command__functions.h
-- Installing: /home/derek-dietz/MSAI/ComputerVision/Final_Project/ws/interbotix/install/include/interbotix_xs_msgs/interbotix_xs_msgs/msg/detail/joint_temps__type_support.h
-- Installing: /home/derek-dietz/MSAI/ComputerVision/Final_Project/ws/interbotix/install/include/interbotix_xs_msgs/interbotix_xs_msgs/msg/detail/hex_joy__type_support.h
-- Installing: /home/derek-dietz/MSAI/ComputerVision/Final_Project/ws/interbotix/install/include/interbotix_xs_msgs/interbotix_xs_msgs/msg/detail/hex_joy__type_support.c
-- Installing: /home/derek-dietz/MSAI/ComputerVision/Final_Project/ws/interbotix/install/include/interbotix_xs_msgs/interbotix_xs_msgs/msg/detail/arm_joy__functions.h
-- Installing: /home/derek-dietz/MSAI/ComputerVision/Final_Project/ws/interbotix/install/include/interbotix_xs_msgs/interbotix_xs_msgs/msg/detail/hex_joy__struct.h
-- Installing: /home/derek-dietz/MSAI/ComputerVision/Final_Project/ws/interbotix/install/include/interbotix_xs_msgs/interbotix_xs_msgs/msg/detail/arm_joy__functions.c
-- Installing: /home/derek-dietz/MSAI/ComputerVision/Final_Project/ws/interbotix/install/include/interbotix_xs_msgs/interbotix_xs_msgs/msg/detail/locobot_joy__struct.h
-- Installing: /home/derek-dietz/MSAI/ComputerVision/Final_Project/ws/interbotix/install/include/interbotix_xs_msgs/interbotix_xs_msgs/msg/detail/joint_trajectory_command__struct.h
-- Installing: /home/derek-dietz/MSAI/ComputerVision/Final_Project/ws/interbotix/install/include/interbotix_xs_msgs/interbotix_xs_msgs/msg/detail/turret_joy__type_support.h
-- Installing: /home/derek-dietz/MSAI/ComputerVision/Final_Project/ws/interbotix/install/include/interbotix_xs_msgs/interbotix_xs_msgs/msg/detail/joint_trajectory_command__type_support.c
-- Installing: /home/derek-dietz/MSAI/ComputerVision/Final_Project/ws/interbotix/install/include/interbotix_xs_msgs/interbotix_xs_msgs/msg/detail/turret_joy__description.c
-- Installing: /home/derek-dietz/MSAI/ComputerVision/Final_Project/ws/interbotix/install/include/interbotix_xs_msgs/interbotix_xs_msgs/msg/detail/turret_joy__functions.h
-- Installing: /home/derek-dietz/MSAI/ComputerVision/Final_Project/ws/interbotix/install/include/interbotix_xs_msgs/interbotix_xs_msgs/msg/detail/joint_group_command__description.c
-- Installing: /home/derek-dietz/MSAI/ComputerVision/Final_Project/ws/interbotix/install/include/interbotix_xs_msgs/interbotix_xs_msgs/msg/detail/joint_trajectory_command__type_support.h
-- Installing: /home/derek-dietz/MSAI/ComputerVision/Final_Project/ws/interbotix/install/include/interbotix_xs_msgs/interbotix_xs_msgs/msg/detail/joint_temps__description.c
-- Installing: /home/derek-dietz/MSAI/ComputerVision/Final_Project/ws/interbotix/install/include/interbotix_xs_msgs/interbotix_xs_msgs/msg/detail/joint_group_command__type_support.c
-- Installing: /home/derek-dietz/MSAI/ComputerVision/Final_Project/ws/interbotix/install/include/interbotix_xs_msgs/interbotix_xs_msgs/msg/detail/joint_single_command__functions.c
-- Installing: /home/derek-dietz/MSAI/ComputerVision/Final_Project/ws/interbotix/install/include/interbotix_xs_msgs/interbotix_xs_msgs/msg/detail/arm_joy__type_support.c
-- Installing: /home/derek-dietz/MSAI/ComputerVision/Final_Project/ws/interbotix/install/include/interbotix_xs_msgs/interbotix_xs_msgs/msg/detail/locobot_joy__type_support.h
-- Installing: /home/derek-dietz/MSAI/ComputerVision/Final_Project/ws/interbotix/install/include/interbotix_xs_msgs/interbotix_xs_msgs/msg/detail/hex_joy__functions.h
-- Installing: /home/derek-dietz/MSAI/ComputerVision/Final_Project/ws/interbotix/install/include/interbotix_xs_msgs/interbotix_xs_msgs/msg/detail/joint_group_command__type_support.h
-- Installing: /home/derek-dietz/MSAI/ComputerVision/Final_Project/ws/interbotix/install/include/interbotix_xs_msgs/interbotix_xs_msgs/msg/detail/joint_single_command__functions.h
-- Installing: /home/derek-dietz/MSAI/ComputerVision/Final_Project/ws/interbotix/install/include/interbotix_xs_msgs/interbotix_xs_msgs/msg/rosidl_generator_c__visibility_control.h
-- Installing: /home/derek-dietz/MSAI/ComputerVision/Final_Project/ws/interbotix/install/include/interbotix_xs_msgs/interbotix_xs_msgs/msg/joint_temps.h
-- Installing: /home/derek-dietz/MSAI/ComputerVision/Final_Project/ws/interbotix/install/include/interbotix_xs_msgs/interbotix_xs_msgs/srv
-- Installing: /home/derek-dietz/MSAI/ComputerVision/Final_Project/ws/interbotix/install/include/interbotix_xs_msgs/interbotix_xs_msgs/srv/register_values.h
-- Installing: /home/derek-dietz/MSAI/ComputerVision/Final_Project/ws/interbotix/install/include/interbotix_xs_msgs/interbotix_xs_msgs/srv/operating_modes.h
-- Installing: /home/derek-dietz/MSAI/ComputerVision/Final_Project/ws/interbotix/install/include/interbotix_xs_msgs/interbotix_xs_msgs/srv/detail
-- Installing: /home/derek-dietz/MSAI/ComputerVision/Final_Project/ws/interbotix/install/include/interbotix_xs_msgs/interbotix_xs_msgs/srv/detail/operating_modes__functions.h
-- Installing: /home/derek-dietz/MSAI/ComputerVision/Final_Project/ws/interbotix/install/include/interbotix_xs_msgs/interbotix_xs_msgs/srv/detail/torque_enable__functions.h
-- Installing: /home/derek-dietz/MSAI/ComputerVision/Final_Project/ws/interbotix/install/include/interbotix_xs_msgs/interbotix_xs_msgs/srv/detail/reboot__description.c
-- Installing: /home/derek-dietz/MSAI/ComputerVision/Final_Project/ws/interbotix/install/include/interbotix_xs_msgs/interbotix_xs_msgs/srv/detail/register_values__functions.h
-- Installing: /home/derek-dietz/MSAI/ComputerVision/Final_Project/ws/interbotix/install/include/interbotix_xs_msgs/interbotix_xs_msgs/srv/detail/reboot__struct.h
-- Installing: /home/derek-dietz/MSAI/ComputerVision/Final_Project/ws/interbotix/install/include/interbotix_xs_msgs/interbotix_xs_msgs/srv/detail/motor_gains__functions.h
-- Installing: /home/derek-dietz/MSAI/ComputerVision/Final_Project/ws/interbotix/install/include/interbotix_xs_msgs/interbotix_xs_msgs/srv/detail/register_values__struct.h
-- Installing: /home/derek-dietz/MSAI/ComputerVision/Final_Project/ws/interbotix/install/include/interbotix_xs_msgs/interbotix_xs_msgs/srv/detail/reboot__functions.c
-- Installing: /home/derek-dietz/MSAI/ComputerVision/Final_Project/ws/interbotix/install/include/interbotix_xs_msgs/interbotix_xs_msgs/srv/detail/operating_modes__functions.c
-- Installing: /home/derek-dietz/MSAI/ComputerVision/Final_Project/ws/interbotix/install/include/interbotix_xs_msgs/interbotix_xs_msgs/srv/detail/operating_modes__description.c
-- Installing: /home/derek-dietz/MSAI/ComputerVision/Final_Project/ws/interbotix/install/include/interbotix_xs_msgs/interbotix_xs_msgs/srv/detail/robot_info__type_support.h
-- Installing: /home/derek-dietz/MSAI/ComputerVision/Final_Project/ws/interbotix/install/include/interbotix_xs_msgs/interbotix_xs_msgs/srv/detail/motor_gains__functions.c
-- Installing: /home/derek-dietz/MSAI/ComputerVision/Final_Project/ws/interbotix/install/include/interbotix_xs_msgs/interbotix_xs_msgs/srv/detail/torque_enable__functions.c
-- Installing: /home/derek-dietz/MSAI/ComputerVision/Final_Project/ws/interbotix/install/include/interbotix_xs_msgs/interbotix_xs_msgs/srv/detail/motor_gains__struct.h
-- Installing: /home/derek-dietz/MSAI/ComputerVision/Final_Project/ws/interbotix/install/include/interbotix_xs_msgs/interbotix_xs_msgs/srv/detail/reboot__type_support.c
-- Installing: /home/derek-dietz/MSAI/ComputerVision/Final_Project/ws/interbotix/install/include/interbotix_xs_msgs/interbotix_xs_msgs/srv/detail/register_values__functions.c
-- Installing: /home/derek-dietz/MSAI/ComputerVision/Final_Project/ws/interbotix/install/include/interbotix_xs_msgs/interbotix_xs_msgs/srv/detail/torque_enable__type_support.c
-- Installing: /home/derek-dietz/MSAI/ComputerVision/Final_Project/ws/interbotix/install/include/interbotix_xs_msgs/interbotix_xs_msgs/srv/detail/robot_info__type_support.c
-- Installing: /home/derek-dietz/MSAI/ComputerVision/Final_Project/ws/interbotix/install/include/interbotix_xs_msgs/interbotix_xs_msgs/srv/detail/register_values__type_support.h
-- Installing: /home/derek-dietz/MSAI/ComputerVision/Final_Project/ws/interbotix/install/include/interbotix_xs_msgs/interbotix_xs_msgs/srv/detail/torque_enable__type_support.h
-- Installing: /home/derek-dietz/MSAI/ComputerVision/Final_Project/ws/interbotix/install/include/interbotix_xs_msgs/interbotix_xs_msgs/srv/detail/reboot__functions.h
-- Installing: /home/derek-dietz/MSAI/ComputerVision/Final_Project/ws/interbotix/install/include/interbotix_xs_msgs/interbotix_xs_msgs/srv/detail/motor_gains__type_support.h
-- Installing: /home/derek-dietz/MSAI/ComputerVision/Final_Project/ws/interbotix/install/include/interbotix_xs_msgs/interbotix_xs_msgs/srv/detail/operating_modes__type_support.c
-- Installing: /home/derek-dietz/MSAI/ComputerVision/Final_Project/ws/interbotix/install/include/interbotix_xs_msgs/interbotix_xs_msgs/srv/detail/motor_gains__type_support.c
-- Installing: /home/derek-dietz/MSAI/ComputerVision/Final_Project/ws/interbotix/install/include/interbotix_xs_msgs/interbotix_xs_msgs/srv/detail/torque_enable__description.c
-- Installing: /home/derek-dietz/MSAI/ComputerVision/Final_Project/ws/interbotix/install/include/interbotix_xs_msgs/interbotix_xs_msgs/srv/detail/register_values__type_support.c
-- Installing: /home/derek-dietz/MSAI/ComputerVision/Final_Project/ws/interbotix/install/include/interbotix_xs_msgs/interbotix_xs_msgs/srv/detail/robot_info__functions.h
-- Installing: /home/derek-dietz/MSAI/ComputerVision/Final_Project/ws/interbotix/install/include/interbotix_xs_msgs/interbotix_xs_msgs/srv/detail/robot_info__functions.c
-- Installing: /home/derek-dietz/MSAI/ComputerVision/Final_Project/ws/interbotix/install/include/interbotix_xs_msgs/interbotix_xs_msgs/srv/detail/motor_gains__description.c
-- Installing: /home/derek-dietz/MSAI/ComputerVision/Final_Project/ws/interbotix/install/include/interbotix_xs_msgs/interbotix_xs_msgs/srv/detail/robot_info__description.c
-- Installing: /home/derek-dietz/MSAI/ComputerVision/Final_Project/ws/interbotix/install/include/interbotix_xs_msgs/interbotix_xs_msgs/srv/detail/operating_modes__type_support.h
-- Installing: /home/derek-dietz/MSAI/ComputerVision/Final_Project/ws/interbotix/install/include/interbotix_xs_msgs/interbotix_xs_msgs/srv/detail/register_values__description.c
-- Installing: /home/derek-dietz/MSAI/ComputerVision/Final_Project/ws/interbotix/install/include/interbotix_xs_msgs/interbotix_xs_msgs/srv/detail/reboot__type_support.h
-- Installing: /home/derek-dietz/MSAI/ComputerVision/Final_Project/ws/interbotix/install/include/interbotix_xs_msgs/interbotix_xs_msgs/srv/detail/torque_enable__struct.h
-- Installing: /home/derek-dietz/MSAI/ComputerVision/Final_Project/ws/interbotix/install/include/interbotix_xs_msgs/interbotix_xs_msgs/srv/detail/robot_info__struct.h
-- Installing: /home/derek-dietz/MSAI/ComputerVision/Final_Project/ws/interbotix/install/include/interbotix_xs_msgs/interbotix_xs_msgs/srv/detail/operating_modes__struct.h
-- Installing: /home/derek-dietz/MSAI/ComputerVision/Final_Project/ws/interbotix/install/include/interbotix_xs_msgs/interbotix_xs_msgs/srv/robot_info.h
-- Installing: /home/derek-dietz/MSAI/ComputerVision/Final_Project/ws/interbotix/install/include/interbotix_xs_msgs/interbotix_xs_msgs/srv/motor_gains.h
-- Installing: /home/derek-dietz/MSAI/ComputerVision/Final_Project/ws/interbotix/install/include/interbotix_xs_msgs/interbotix_xs_msgs/srv/torque_enable.h
-- Installing: /home/derek-dietz/MSAI/ComputerVision/Final_Project/ws/interbotix/install/include/interbotix_xs_msgs/interbotix_xs_msgs/srv/reboot.h
-- Installing: /home/derek-dietz/MSAI/ComputerVision/Final_Project/ws/interbotix/install/share/interbotix_xs_msgs/environment/library_path.sh
-- Installing: /home/derek-dietz/MSAI/ComputerVision/Final_Project/ws/interbotix/install/share/interbotix_xs_msgs/environment/library_path.dsv
-- Installing: /home/derek-dietz/MSAI/ComputerVision/Final_Project/ws/interbotix/install/lib/libinterbotix_xs_msgs__rosidl_generator_c.so
-- Set non-toolchain portion of runtime path of "/home/derek-dietz/MSAI/ComputerVision/Final_Project/ws/interbotix/install/lib/libinterbotix_xs_msgs__rosidl_generator_c.so" to ""
-- Up-to-date: /home/derek-dietz/MSAI/ComputerVision/Final_Project/ws/interbotix/install/include/interbotix_xs_msgs/interbotix_xs_msgs
-- Up-to-date: /home/derek-dietz/MSAI/ComputerVision/Final_Project/ws/interbotix/install/include/interbotix_xs_msgs/interbotix_xs_msgs/msg
-- Installing: /home/derek-dietz/MSAI/ComputerVision/Final_Project/ws/interbotix/install/include/interbotix_xs_msgs/interbotix_xs_msgs/msg/rosidl_typesupport_fastrtps_c__visibility_control.h
-- Up-to-date: /home/derek-dietz/MSAI/ComputerVision/Final_Project/ws/interbotix/install/include/interbotix_xs_msgs/interbotix_xs_msgs/msg/detail
-- Installing: /home/derek-dietz/MSAI/ComputerVision/Final_Project/ws/interbotix/install/include/interbotix_xs_msgs/interbotix_xs_msgs/msg/detail/turret_joy__rosidl_typesupport_fastrtps_c.h
-- Installing: /home/derek-dietz/MSAI/ComputerVision/Final_Project/ws/interbotix/install/include/interbotix_xs_msgs/interbotix_xs_msgs/msg/detail/joint_temps__rosidl_typesupport_fastrtps_c.h
-- Installing: /home/derek-dietz/MSAI/ComputerVision/Final_Project/ws/interbotix/install/include/interbotix_xs_msgs/interbotix_xs_msgs/msg/detail/joint_trajectory_command__rosidl_typesupport_fastrtps_c.h
-- Installing: /home/derek-dietz/MSAI/ComputerVision/Final_Project/ws/interbotix/install/include/interbotix_xs_msgs/interbotix_xs_msgs/msg/detail/hex_joy__rosidl_typesupport_fastrtps_c.h
-- Installing: /home/derek-dietz/MSAI/ComputerVision/Final_Project/ws/interbotix/install/include/interbotix_xs_msgs/interbotix_xs_msgs/msg/detail/joint_group_command__rosidl_typesupport_fastrtps_c.h
-- Installing: /home/derek-dietz/MSAI/ComputerVision/Final_Project/ws/interbotix/install/include/interbotix_xs_msgs/interbotix_xs_msgs/msg/detail/locobot_joy__rosidl_typesupport_fastrtps_c.h
-- Installing: /home/derek-dietz/MSAI/ComputerVision/Final_Project/ws/interbotix/install/include/interbotix_xs_msgs/interbotix_xs_msgs/msg/detail/joint_single_command__rosidl_typesupport_fastrtps_c.h
-- Installing: /home/derek-dietz/MSAI/ComputerVision/Final_Project/ws/interbotix/install/include/interbotix_xs_msgs/interbotix_xs_msgs/msg/detail/arm_joy__rosidl_typesupport_fastrtps_c.h
-- Up-to-date: /home/derek-dietz/MSAI/ComputerVision/Final_Project/ws/interbotix/install/include/interbotix_xs_msgs/interbotix_xs_msgs/srv
-- Up-to-date: /home/derek-dietz/MSAI/ComputerVision/Final_Project/ws/interbotix/install/include/interbotix_xs_msgs/interbotix_xs_msgs/srv/detail
-- Installing: /home/derek-dietz/MSAI/ComputerVision/Final_Project/ws/interbotix/install/include/interbotix_xs_msgs/interbotix_xs_msgs/srv/detail/motor_gains__rosidl_typesupport_fastrtps_c.h
-- Installing: /home/derek-dietz/MSAI/ComputerVision/Final_Project/ws/interbotix/install/include/interbotix_xs_msgs/interbotix_xs_msgs/srv/detail/register_values__rosidl_typesupport_fastrtps_c.h
-- Installing: /home/derek-dietz/MSAI/ComputerVision/Final_Project/ws/interbotix/install/include/interbotix_xs_msgs/interbotix_xs_msgs/srv/detail/robot_info__rosidl_typesupport_fastrtps_c.h
-- Installing: /home/derek-dietz/MSAI/ComputerVision/Final_Project/ws/interbotix/install/include/interbotix_xs_msgs/interbotix_xs_msgs/srv/detail/reboot__rosidl_typesupport_fastrtps_c.h
-- Installing: /home/derek-dietz/MSAI/ComputerVision/Final_Project/ws/interbotix/install/include/interbotix_xs_msgs/interbotix_xs_msgs/srv/detail/operating_modes__rosidl_typesupport_fastrtps_c.h
-- Installing: /home/derek-dietz/MSAI/ComputerVision/Final_Project/ws/interbotix/install/include/interbotix_xs_msgs/interbotix_xs_msgs/srv/detail/torque_enable__rosidl_typesupport_fastrtps_c.h
-- Installing: /home/derek-dietz/MSAI/ComputerVision/Final_Project/ws/interbotix/install/lib/libinterbotix_xs_msgs__rosidl_typesupport_fastrtps_c.so
-- Set non-toolchain portion of runtime path of "/home/derek-dietz/MSAI/ComputerVision/Final_Project/ws/interbotix/install/lib/libinterbotix_xs_msgs__rosidl_typesupport_fastrtps_c.so" to ""
-- Up-to-date: /home/derek-dietz/MSAI/ComputerVision/Final_Project/ws/interbotix/install/include/interbotix_xs_msgs/interbotix_xs_msgs
-- Up-to-date: /home/derek-dietz/MSAI/ComputerVision/Final_Project/ws/interbotix/install/include/interbotix_xs_msgs/interbotix_xs_msgs/msg
-- Up-to-date: /home/derek-dietz/MSAI/ComputerVision/Final_Project/ws/interbotix/install/include/interbotix_xs_msgs/interbotix_xs_msgs/msg/detail
-- Installing: /home/derek-dietz/MSAI/ComputerVision/Final_Project/ws/interbotix/install/include/interbotix_xs_msgs/interbotix_xs_msgs/msg/detail/joint_trajectory_command__rosidl_typesupport_introspection_c.h
-- Installing: /home/derek-dietz/MSAI/ComputerVision/Final_Project/ws/interbotix/install/include/interbotix_xs_msgs/interbotix_xs_msgs/msg/detail/joint_temps__type_support.c
-- Installing: /home/derek-dietz/MSAI/ComputerVision/Final_Project/ws/interbotix/install/include/interbotix_xs_msgs/interbotix_xs_msgs/msg/detail/joint_single_command__type_support.c
-- Installing: /home/derek-dietz/MSAI/ComputerVision/Final_Project/ws/interbotix/install/include/interbotix_xs_msgs/interbotix_xs_msgs/msg/detail/locobot_joy__rosidl_typesupport_introspection_c.h
-- Installing: /home/derek-dietz/MSAI/ComputerVision/Final_Project/ws/interbotix/install/include/interbotix_xs_msgs/interbotix_xs_msgs/msg/detail/turret_joy__type_support.c
-- Installing: /home/derek-dietz/MSAI/ComputerVision/Final_Project/ws/interbotix/install/include/interbotix_xs_msgs/interbotix_xs_msgs/msg/detail/locobot_joy__type_support.c
-- Installing: /home/derek-dietz/MSAI/ComputerVision/Final_Project/ws/interbotix/install/include/interbotix_xs_msgs/interbotix_xs_msgs/msg/detail/hex_joy__rosidl_typesupport_introspection_c.h
-- Installing: /home/derek-dietz/MSAI/ComputerVision/Final_Project/ws/interbotix/install/include/interbotix_xs_msgs/interbotix_xs_msgs/msg/detail/hex_joy__type_support.c
-- Installing: /home/derek-dietz/MSAI/ComputerVision/Final_Project/ws/interbotix/install/include/interbotix_xs_msgs/interbotix_xs_msgs/msg/detail/joint_temps__rosidl_typesupport_introspection_c.h
-- Installing: /home/derek-dietz/MSAI/ComputerVision/Final_Project/ws/interbotix/install/include/interbotix_xs_msgs/interbotix_xs_msgs/msg/detail/joint_trajectory_command__type_support.c
-- Installing: /home/derek-dietz/MSAI/ComputerVision/Final_Project/ws/interbotix/install/include/interbotix_xs_msgs/interbotix_xs_msgs/msg/detail/joint_group_command__rosidl_typesupport_introspection_c.h
-- Installing: /home/derek-dietz/MSAI/ComputerVision/Final_Project/ws/interbotix/install/include/interbotix_xs_msgs/interbotix_xs_msgs/msg/detail/arm_joy__rosidl_typesupport_introspection_c.h
-- Installing: /home/derek-dietz/MSAI/ComputerVision/Final_Project/ws/interbotix/install/include/interbotix_xs_msgs/interbotix_xs_msgs/msg/detail/joint_group_command__type_support.c
-- Installing: /home/derek-dietz/MSAI/ComputerVision/Final_Project/ws/interbotix/install/include/interbotix_xs_msgs/interbotix_xs_msgs/msg/detail/joint_single_command__rosidl_typesupport_introspection_c.h
-- Installing: /home/derek-dietz/MSAI/ComputerVision/Final_Project/ws/interbotix/install/include/interbotix_xs_msgs/interbotix_xs_msgs/msg/detail/arm_joy__type_support.c
-- Installing: /home/derek-dietz/MSAI/ComputerVision/Final_Project/ws/interbotix/install/include/interbotix_xs_msgs/interbotix_xs_msgs/msg/detail/turret_joy__rosidl_typesupport_introspection_c.h
-- Installing: /home/derek-dietz/MSAI/ComputerVision/Final_Project/ws/interbotix/install/include/interbotix_xs_msgs/interbotix_xs_msgs/msg/rosidl_typesupport_introspection_c__visibility_control.h
-- Up-to-date: /home/derek-dietz/MSAI/ComputerVision/Final_Project/ws/interbotix/install/include/interbotix_xs_msgs/interbotix_xs_msgs/srv
-- Up-to-date: /home/derek-dietz/MSAI/ComputerVision/Final_Project/ws/interbotix/install/include/interbotix_xs_msgs/interbotix_xs_msgs/srv/detail
-- Installing: /home/derek-dietz/MSAI/ComputerVision/Final_Project/ws/interbotix/install/include/interbotix_xs_msgs/interbotix_xs_msgs/srv/detail/register_values__rosidl_typesupport_introspection_c.h
-- Installing: /home/derek-dietz/MSAI/ComputerVision/Final_Project/ws/interbotix/install/include/interbotix_xs_msgs/interbotix_xs_msgs/srv/detail/reboot__type_support.c
-- Installing: /home/derek-dietz/MSAI/ComputerVision/Final_Project/ws/interbotix/install/include/interbotix_xs_msgs/interbotix_xs_msgs/srv/detail/torque_enable__type_support.c
-- Installing: /home/derek-dietz/MSAI/ComputerVision/Final_Project/ws/interbotix/install/include/interbotix_xs_msgs/interbotix_xs_msgs/srv/detail/robot_info__type_support.c
-- Installing: /home/derek-dietz/MSAI/ComputerVision/Final_Project/ws/interbotix/install/include/interbotix_xs_msgs/interbotix_xs_msgs/srv/detail/robot_info__rosidl_typesupport_introspection_c.h
-- Installing: /home/derek-dietz/MSAI/ComputerVision/Final_Project/ws/interbotix/install/include/interbotix_xs_msgs/interbotix_xs_msgs/srv/detail/operating_modes__rosidl_typesupport_introspection_c.h
-- Installing: /home/derek-dietz/MSAI/ComputerVision/Final_Project/ws/interbotix/install/include/interbotix_xs_msgs/interbotix_xs_msgs/srv/detail/operating_modes__type_support.c
-- Installing: /home/derek-dietz/MSAI/ComputerVision/Final_Project/ws/interbotix/install/include/interbotix_xs_msgs/interbotix_xs_msgs/srv/detail/motor_gains__type_support.c
-- Installing: /home/derek-dietz/MSAI/ComputerVision/Final_Project/ws/interbotix/install/include/interbotix_xs_msgs/interbotix_xs_msgs/srv/detail/motor_gains__rosidl_typesupport_introspection_c.h
-- Installing: /home/derek-dietz/MSAI/ComputerVision/Final_Project/ws/interbotix/install/include/interbotix_xs_msgs/interbotix_xs_msgs/srv/detail/register_values__type_support.c
-- Installing: /home/derek-dietz/MSAI/ComputerVision/Final_Project/ws/interbotix/install/include/interbotix_xs_msgs/interbotix_xs_msgs/srv/detail/torque_enable__rosidl_typesupport_introspection_c.h
-- Installing: /home/derek-dietz/MSAI/ComputerVision/Final_Project/ws/interbotix/install/include/interbotix_xs_msgs/interbotix_xs_msgs/srv/detail/reboot__rosidl_typesupport_introspection_c.h
-- Installing: /home/derek-dietz/MSAI/ComputerVision/Final_Project/ws/interbotix/install/lib/libinterbotix_xs_msgs__rosidl_typesupport_introspection_c.so
-- Set non-toolchain portion of runtime path of "/home/derek-dietz/MSAI/ComputerVision/Final_Project/ws/interbotix/install/lib/libinterbotix_xs_msgs__rosidl_typesupport_introspection_c.so" to ""
-- Installing: /home/derek-dietz/MSAI/ComputerVision/Final_Project/ws/interbotix/install/lib/libinterbotix_xs_msgs__rosidl_typesupport_c.so
-- Set non-toolchain portion of runtime path of "/home/derek-dietz/MSAI/ComputerVision/Final_Project/ws/interbotix/install/lib/libinterbotix_xs_msgs__rosidl_typesupport_c.so" to ""
-- Up-to-date: /home/derek-dietz/MSAI/ComputerVision/Final_Project/ws/interbotix/install/include/interbotix_xs_msgs/interbotix_xs_msgs
-- Up-to-date: /home/derek-dietz/MSAI/ComputerVision/Final_Project/ws/interbotix/install/include/interbotix_xs_msgs/interbotix_xs_msgs/msg
-- Installing: /home/derek-dietz/MSAI/ComputerVision/Final_Project/ws/interbotix/install/include/interbotix_xs_msgs/interbotix_xs_msgs/msg/arm_joy.hpp
-- Installing: /home/derek-dietz/MSAI/ComputerVision/Final_Project/ws/interbotix/install/include/interbotix_xs_msgs/interbotix_xs_msgs/msg/rosidl_generator_cpp__visibility_control.hpp
-- Installing: /home/derek-dietz/MSAI/ComputerVision/Final_Project/ws/interbotix/install/include/interbotix_xs_msgs/interbotix_xs_msgs/msg/joint_group_command.hpp
-- Up-to-date: /home/derek-dietz/MSAI/ComputerVision/Final_Project/ws/interbotix/install/include/interbotix_xs_msgs/interbotix_xs_msgs/msg/detail
-- Installing: /home/derek-dietz/MSAI/ComputerVision/Final_Project/ws/interbotix/install/include/interbotix_xs_msgs/interbotix_xs_msgs/msg/detail/joint_single_command__struct.hpp
-- Installing: /home/derek-dietz/MSAI/ComputerVision/Final_Project/ws/interbotix/install/include/interbotix_xs_msgs/interbotix_xs_msgs/msg/detail/joint_trajectory_command__type_support.hpp
-- Installing: /home/derek-dietz/MSAI/ComputerVision/Final_Project/ws/interbotix/install/include/interbotix_xs_msgs/interbotix_xs_msgs/msg/detail/joint_group_command__type_support.hpp
-- Installing: /home/derek-dietz/MSAI/ComputerVision/Final_Project/ws/interbotix/install/include/interbotix_xs_msgs/interbotix_xs_msgs/msg/detail/locobot_joy__struct.hpp
-- Installing: /home/derek-dietz/MSAI/ComputerVision/Final_Project/ws/interbotix/install/include/interbotix_xs_msgs/interbotix_xs_msgs/msg/detail/joint_temps__traits.hpp
-- Installing: /home/derek-dietz/MSAI/ComputerVision/Final_Project/ws/interbotix/install/include/interbotix_xs_msgs/interbotix_xs_msgs/msg/detail/joint_group_command__struct.hpp
-- Installing: /home/derek-dietz/MSAI/ComputerVision/Final_Project/ws/interbotix/install/include/interbotix_xs_msgs/interbotix_xs_msgs/msg/detail/joint_group_command__traits.hpp
-- Installing: /home/derek-dietz/MSAI/ComputerVision/Final_Project/ws/interbotix/install/include/interbotix_xs_msgs/interbotix_xs_msgs/msg/detail/turret_joy__type_support.hpp
-- Installing: /home/derek-dietz/MSAI/ComputerVision/Final_Project/ws/interbotix/install/include/interbotix_xs_msgs/interbotix_xs_msgs/msg/detail/locobot_joy__traits.hpp
-- Installing: /home/derek-dietz/MSAI/ComputerVision/Final_Project/ws/interbotix/install/include/interbotix_xs_msgs/interbotix_xs_msgs/msg/detail/hex_joy__struct.hpp
-- Installing: /home/derek-dietz/MSAI/ComputerVision/Final_Project/ws/interbotix/install/include/interbotix_xs_msgs/interbotix_xs_msgs/msg/detail/joint_trajectory_command__builder.hpp
-- Installing: /home/derek-dietz/MSAI/ComputerVision/Final_Project/ws/interbotix/install/include/interbotix_xs_msgs/interbotix_xs_msgs/msg/detail/joint_temps__type_support.hpp
-- Installing: /home/derek-dietz/MSAI/ComputerVision/Final_Project/ws/interbotix/install/include/interbotix_xs_msgs/interbotix_xs_msgs/msg/detail/arm_joy__struct.hpp
-- Installing: /home/derek-dietz/MSAI/ComputerVision/Final_Project/ws/interbotix/install/include/interbotix_xs_msgs/interbotix_xs_msgs/msg/detail/locobot_joy__type_support.hpp
-- Installing: /home/derek-dietz/MSAI/ComputerVision/Final_Project/ws/interbotix/install/include/interbotix_xs_msgs/interbotix_xs_msgs/msg/detail/joint_single_command__type_support.hpp
-- Installing: /home/derek-dietz/MSAI/ComputerVision/Final_Project/ws/interbotix/install/include/interbotix_xs_msgs/interbotix_xs_msgs/msg/detail/arm_joy__builder.hpp
-- Installing: /home/derek-dietz/MSAI/ComputerVision/Final_Project/ws/interbotix/install/include/interbotix_xs_msgs/interbotix_xs_msgs/msg/detail/joint_single_command__builder.hpp
-- Installing: /home/derek-dietz/MSAI/ComputerVision/Final_Project/ws/interbotix/install/include/interbotix_xs_msgs/interbotix_xs_msgs/msg/detail/arm_joy__traits.hpp
-- Installing: /home/derek-dietz/MSAI/ComputerVision/Final_Project/ws/interbotix/install/include/interbotix_xs_msgs/interbotix_xs_msgs/msg/detail/arm_joy__type_support.hpp
-- Installing: /home/derek-dietz/MSAI/ComputerVision/Final_Project/ws/interbotix/install/include/interbotix_xs_msgs/interbotix_xs_msgs/msg/detail/turret_joy__builder.hpp
-- Installing: /home/derek-dietz/MSAI/ComputerVision/Final_Project/ws/interbotix/install/include/interbotix_xs_msgs/interbotix_xs_msgs/msg/detail/locobot_joy__builder.hpp
-- Installing: /home/derek-dietz/MSAI/ComputerVision/Final_Project/ws/interbotix/install/include/interbotix_xs_msgs/interbotix_xs_msgs/msg/detail/joint_single_command__traits.hpp
-- Installing: /home/derek-dietz/MSAI/ComputerVision/Final_Project/ws/interbotix/install/include/interbotix_xs_msgs/interbotix_xs_msgs/msg/detail/joint_trajectory_command__traits.hpp
-- Installing: /home/derek-dietz/MSAI/ComputerVision/Final_Project/ws/interbotix/install/include/interbotix_xs_msgs/interbotix_xs_msgs/msg/detail/turret_joy__struct.hpp
-- Installing: /home/derek-dietz/MSAI/ComputerVision/Final_Project/ws/interbotix/install/include/interbotix_xs_msgs/interbotix_xs_msgs/msg/detail/hex_joy__type_support.hpp
-- Installing: /home/derek-dietz/MSAI/ComputerVision/Final_Project/ws/interbotix/install/include/interbotix_xs_msgs/interbotix_xs_msgs/msg/detail/joint_group_command__builder.hpp
-- Installing: /home/derek-dietz/MSAI/ComputerVision/Final_Project/ws/interbotix/install/include/interbotix_xs_msgs/interbotix_xs_msgs/msg/detail/joint_trajectory_command__struct.hpp
-- Installing: /home/derek-dietz/MSAI/ComputerVision/Final_Project/ws/interbotix/install/include/interbotix_xs_msgs/interbotix_xs_msgs/msg/detail/joint_temps__struct.hpp
-- Installing: /home/derek-dietz/MSAI/ComputerVision/Final_Project/ws/interbotix/install/include/interbotix_xs_msgs/interbotix_xs_msgs/msg/detail/joint_temps__builder.hpp
-- Installing: /home/derek-dietz/MSAI/ComputerVision/Final_Project/ws/interbotix/install/include/interbotix_xs_msgs/interbotix_xs_msgs/msg/detail/turret_joy__traits.hpp
-- Installing: /home/derek-dietz/MSAI/ComputerVision/Final_Project/ws/interbotix/install/include/interbotix_xs_msgs/interbotix_xs_msgs/msg/detail/hex_joy__traits.hpp
-- Installing: /home/derek-dietz/MSAI/ComputerVision/Final_Project/ws/interbotix/install/include/interbotix_xs_msgs/interbotix_xs_msgs/msg/detail/hex_joy__builder.hpp
-- Installing: /home/derek-dietz/MSAI/ComputerVision/Final_Project/ws/interbotix/install/include/interbotix_xs_msgs/interbotix_xs_msgs/msg/locobot_joy.hpp
-- Installing: /home/derek-dietz/MSAI/ComputerVision/Final_Project/ws/interbotix/install/include/interbotix_xs_msgs/interbotix_xs_msgs/msg/joint_single_command.hpp
-- Installing: /home/derek-dietz/MSAI/ComputerVision/Final_Project/ws/interbotix/install/include/interbotix_xs_msgs/interbotix_xs_msgs/msg/turret_joy.hpp
-- Installing: /home/derek-dietz/MSAI/ComputerVision/Final_Project/ws/interbotix/install/include/interbotix_xs_msgs/interbotix_xs_msgs/msg/hex_joy.hpp
-- Installing: /home/derek-dietz/MSAI/ComputerVision/Final_Project/ws/interbotix/install/include/interbotix_xs_msgs/interbotix_xs_msgs/msg/joint_trajectory_command.hpp
-- Installing: /home/derek-dietz/MSAI/ComputerVision/Final_Project/ws/interbotix/install/include/interbotix_xs_msgs/interbotix_xs_msgs/msg/joint_temps.hpp
-- Up-to-date: /home/derek-dietz/MSAI/ComputerVision/Final_Project/ws/interbotix/install/include/interbotix_xs_msgs/interbotix_xs_msgs/srv
-- Installing: /home/derek-dietz/MSAI/ComputerVision/Final_Project/ws/interbotix/install/include/interbotix_xs_msgs/interbotix_xs_msgs/srv/reboot.hpp
-- Installing: /home/derek-dietz/MSAI/ComputerVision/Final_Project/ws/interbotix/install/include/interbotix_xs_msgs/interbotix_xs_msgs/srv/robot_info.hpp
-- Installing: /home/derek-dietz/MSAI/ComputerVision/Final_Project/ws/interbotix/install/include/interbotix_xs_msgs/interbotix_xs_msgs/srv/register_values.hpp
-- Up-to-date: /home/derek-dietz/MSAI/ComputerVision/Final_Project/ws/interbotix/install/include/interbotix_xs_msgs/interbotix_xs_msgs/srv/detail
-- Installing: /home/derek-dietz/MSAI/ComputerVision/Final_Project/ws/interbotix/install/include/interbotix_xs_msgs/interbotix_xs_msgs/srv/detail/torque_enable__struct.hpp
-- Installing: /home/derek-dietz/MSAI/ComputerVision/Final_Project/ws/interbotix/install/include/interbotix_xs_msgs/interbotix_xs_msgs/srv/detail/robot_info__struct.hpp
-- Installing: /home/derek-dietz/MSAI/ComputerVision/Final_Project/ws/interbotix/install/include/interbotix_xs_msgs/interbotix_xs_msgs/srv/detail/register_values__traits.hpp
-- Installing: /home/derek-dietz/MSAI/ComputerVision/Final_Project/ws/interbotix/install/include/interbotix_xs_msgs/interbotix_xs_msgs/srv/detail/operating_modes__type_support.hpp
-- Installing: /home/derek-dietz/MSAI/ComputerVision/Final_Project/ws/interbotix/install/include/interbotix_xs_msgs/interbotix_xs_msgs/srv/detail/operating_modes__struct.hpp
-- Installing: /home/derek-dietz/MSAI/ComputerVision/Final_Project/ws/interbotix/install/include/interbotix_xs_msgs/interbotix_xs_msgs/srv/detail/register_values__struct.hpp
-- Installing: /home/derek-dietz/MSAI/ComputerVision/Final_Project/ws/interbotix/install/include/interbotix_xs_msgs/interbotix_xs_msgs/srv/detail/register_values__builder.hpp
-- Installing: /home/derek-dietz/MSAI/ComputerVision/Final_Project/ws/interbotix/install/include/interbotix_xs_msgs/interbotix_xs_msgs/srv/detail/motor_gains__traits.hpp
-- Installing: /home/derek-dietz/MSAI/ComputerVision/Final_Project/ws/interbotix/install/include/interbotix_xs_msgs/interbotix_xs_msgs/srv/detail/robot_info__type_support.hpp
-- Installing: /home/derek-dietz/MSAI/ComputerVision/Final_Project/ws/interbotix/install/include/interbotix_xs_msgs/interbotix_xs_msgs/srv/detail/torque_enable__traits.hpp
-- Installing: /home/derek-dietz/MSAI/ComputerVision/Final_Project/ws/interbotix/install/include/interbotix_xs_msgs/interbotix_xs_msgs/srv/detail/reboot__builder.hpp
-- Installing: /home/derek-dietz/MSAI/ComputerVision/Final_Project/ws/interbotix/install/include/interbotix_xs_msgs/interbotix_xs_msgs/srv/detail/motor_gains__type_support.hpp
-- Installing: /home/derek-dietz/MSAI/ComputerVision/Final_Project/ws/interbotix/install/include/interbotix_xs_msgs/interbotix_xs_msgs/srv/detail/torque_enable__builder.hpp
-- Installing: /home/derek-dietz/MSAI/ComputerVision/Final_Project/ws/interbotix/install/include/interbotix_xs_msgs/interbotix_xs_msgs/srv/detail/robot_info__traits.hpp
-- Installing: /home/derek-dietz/MSAI/ComputerVision/Final_Project/ws/interbotix/install/include/interbotix_xs_msgs/interbotix_xs_msgs/srv/detail/operating_modes__builder.hpp
-- Installing: /home/derek-dietz/MSAI/ComputerVision/Final_Project/ws/interbotix/install/include/interbotix_xs_msgs/interbotix_xs_msgs/srv/detail/robot_info__builder.hpp
-- Installing: /home/derek-dietz/MSAI/ComputerVision/Final_Project/ws/interbotix/install/include/interbotix_xs_msgs/interbotix_xs_msgs/srv/detail/reboot__traits.hpp
-- Installing: /home/derek-dietz/MSAI/ComputerVision/Final_Project/ws/interbotix/install/include/interbotix_xs_msgs/interbotix_xs_msgs/srv/detail/torque_enable__type_support.hpp
-- Installing: /home/derek-dietz/MSAI/ComputerVision/Final_Project/ws/interbotix/install/include/interbotix_xs_msgs/interbotix_xs_msgs/srv/detail/operating_modes__traits.hpp
-- Installing: /home/derek-dietz/MSAI/ComputerVision/Final_Project/ws/interbotix/install/include/interbotix_xs_msgs/interbotix_xs_msgs/srv/detail/reboot__struct.hpp
-- Installing: /home/derek-dietz/MSAI/ComputerVision/Final_Project/ws/interbotix/install/include/interbotix_xs_msgs/interbotix_xs_msgs/srv/detail/motor_gains__builder.hpp
-- Installing: /home/derek-dietz/MSAI/ComputerVision/Final_Project/ws/interbotix/install/include/interbotix_xs_msgs/interbotix_xs_msgs/srv/detail/motor_gains__struct.hpp
-- Installing: /home/derek-dietz/MSAI/ComputerVision/Final_Project/ws/interbotix/install/include/interbotix_xs_msgs/interbotix_xs_msgs/srv/detail/register_values__type_support.hpp
-- Installing: /home/derek-dietz/MSAI/ComputerVision/Final_Project/ws/interbotix/install/include/interbotix_xs_msgs/interbotix_xs_msgs/srv/detail/reboot__type_support.hpp
-- Installing: /home/derek-dietz/MSAI/ComputerVision/Final_Project/ws/interbotix/install/include/interbotix_xs_msgs/interbotix_xs_msgs/srv/motor_gains.hpp
-- Installing: /home/derek-dietz/MSAI/ComputerVision/Final_Project/ws/interbotix/install/include/interbotix_xs_msgs/interbotix_xs_msgs/srv/operating_modes.hpp
-- Installing: /home/derek-dietz/MSAI/ComputerVision/Final_Project/ws/interbotix/install/include/interbotix_xs_msgs/interbotix_xs_msgs/srv/torque_enable.hpp
-- Up-to-date: /home/derek-dietz/MSAI/ComputerVision/Final_Project/ws/interbotix/install/include/interbotix_xs_msgs/interbotix_xs_msgs
-- Up-to-date: /home/derek-dietz/MSAI/ComputerVision/Final_Project/ws/interbotix/install/include/interbotix_xs_msgs/interbotix_xs_msgs/msg
-- Installing: /home/derek-dietz/MSAI/ComputerVision/Final_Project/ws/interbotix/install/include/interbotix_xs_msgs/interbotix_xs_msgs/msg/rosidl_typesupport_fastrtps_cpp__visibility_control.h
-- Up-to-date: /home/derek-dietz/MSAI/ComputerVision/Final_Project/ws/interbotix/install/include/interbotix_xs_msgs/interbotix_xs_msgs/msg/detail
-- Installing: /home/derek-dietz/MSAI/ComputerVision/Final_Project/ws/interbotix/install/include/interbotix_xs_msgs/interbotix_xs_msgs/msg/detail/locobot_joy__rosidl_typesupport_fastrtps_cpp.hpp
-- Installing: /home/derek-dietz/MSAI/ComputerVision/Final_Project/ws/interbotix/install/include/interbotix_xs_msgs/interbotix_xs_msgs/msg/detail/joint_single_command__rosidl_typesupport_fastrtps_cpp.hpp
-- Installing: /home/derek-dietz/MSAI/ComputerVision/Final_Project/ws/interbotix/install/include/interbotix_xs_msgs/interbotix_xs_msgs/msg/detail/arm_joy__rosidl_typesupport_fastrtps_cpp.hpp
-- Installing: /home/derek-dietz/MSAI/ComputerVision/Final_Project/ws/interbotix/install/include/interbotix_xs_msgs/interbotix_xs_msgs/msg/detail/hex_joy__rosidl_typesupport_fastrtps_cpp.hpp
-- Installing: /home/derek-dietz/MSAI/ComputerVision/Final_Project/ws/interbotix/install/include/interbotix_xs_msgs/interbotix_xs_msgs/msg/detail/dds_fastrtps
-- Installing: /home/derek-dietz/MSAI/ComputerVision/Final_Project/ws/interbotix/install/include/interbotix_xs_msgs/interbotix_xs_msgs/msg/detail/joint_trajectory_command__rosidl_typesupport_fastrtps_cpp.hpp
-- Installing: /home/derek-dietz/MSAI/ComputerVision/Final_Project/ws/interbotix/install/include/interbotix_xs_msgs/interbotix_xs_msgs/msg/detail/turret_joy__rosidl_typesupport_fastrtps_cpp.hpp
-- Installing: /home/derek-dietz/MSAI/ComputerVision/Final_Project/ws/interbotix/install/include/interbotix_xs_msgs/interbotix_xs_msgs/msg/detail/joint_group_command__rosidl_typesupport_fastrtps_cpp.hpp
-- Installing: /home/derek-dietz/MSAI/ComputerVision/Final_Project/ws/interbotix/install/include/interbotix_xs_msgs/interbotix_xs_msgs/msg/detail/joint_temps__rosidl_typesupport_fastrtps_cpp.hpp
-- Up-to-date: /home/derek-dietz/MSAI/ComputerVision/Final_Project/ws/interbotix/install/include/interbotix_xs_msgs/interbotix_xs_msgs/srv
-- Up-to-date: /home/derek-dietz/MSAI/ComputerVision/Final_Project/ws/interbotix/install/include/interbotix_xs_msgs/interbotix_xs_msgs/srv/detail
-- Installing: /home/derek-dietz/MSAI/ComputerVision/Final_Project/ws/interbotix/install/include/interbotix_xs_msgs/interbotix_xs_msgs/srv/detail/dds_fastrtps
-- Installing: /home/derek-dietz/MSAI/ComputerVision/Final_Project/ws/interbotix/install/include/interbotix_xs_msgs/interbotix_xs_msgs/srv/detail/torque_enable__rosidl_typesupport_fastrtps_cpp.hpp
-- Installing: /home/derek-dietz/MSAI/ComputerVision/Final_Project/ws/interbotix/install/include/interbotix_xs_msgs/interbotix_xs_msgs/srv/detail/operating_modes__rosidl_typesupport_fastrtps_cpp.hpp
-- Installing: /home/derek-dietz/MSAI/ComputerVision/Final_Project/ws/interbotix/install/include/interbotix_xs_msgs/interbotix_xs_msgs/srv/detail/register_values__rosidl_typesupport_fastrtps_cpp.hpp
-- Installing: /home/derek-dietz/MSAI/ComputerVision/Final_Project/ws/interbotix/install/include/interbotix_xs_msgs/interbotix_xs_msgs/srv/detail/reboot__rosidl_typesupport_fastrtps_cpp.hpp
-- Installing: /home/derek-dietz/MSAI/ComputerVision/Final_Project/ws/interbotix/install/include/interbotix_xs_msgs/interbotix_xs_msgs/srv/detail/robot_info__rosidl_typesupport_fastrtps_cpp.hpp
-- Installing: /home/derek-dietz/MSAI/ComputerVision/Final_Project/ws/interbotix/install/include/interbotix_xs_msgs/interbotix_xs_msgs/srv/detail/motor_gains__rosidl_typesupport_fastrtps_cpp.hpp
-- Installing: /home/derek-dietz/MSAI/ComputerVision/Final_Project/ws/interbotix/install/lib/libinterbotix_xs_msgs__rosidl_typesupport_fastrtps_cpp.so
-- Set non-toolchain portion of runtime path of "/home/derek-dietz/MSAI/ComputerVision/Final_Project/ws/interbotix/install/lib/libinterbotix_xs_msgs__rosidl_typesupport_fastrtps_cpp.so" to ""
-- Up-to-date: /home/derek-dietz/MSAI/ComputerVision/Final_Project/ws/interbotix/install/include/interbotix_xs_msgs/interbotix_xs_msgs
-- Up-to-date: /home/derek-dietz/MSAI/ComputerVision/Final_Project/ws/interbotix/install/include/interbotix_xs_msgs/interbotix_xs_msgs/msg
-- Up-to-date: /home/derek-dietz/MSAI/ComputerVision/Final_Project/ws/interbotix/install/include/interbotix_xs_msgs/interbotix_xs_msgs/msg/detail
-- Installing: /home/derek-dietz/MSAI/ComputerVision/Final_Project/ws/interbotix/install/include/interbotix_xs_msgs/interbotix_xs_msgs/msg/detail/joint_temps__rosidl_typesupport_introspection_cpp.hpp
-- Installing: /home/derek-dietz/MSAI/ComputerVision/Final_Project/ws/interbotix/install/include/interbotix_xs_msgs/interbotix_xs_msgs/msg/detail/turret_joy__type_support.cpp
-- Installing: /home/derek-dietz/MSAI/ComputerVision/Final_Project/ws/interbotix/install/include/interbotix_xs_msgs/interbotix_xs_msgs/msg/detail/hex_joy__type_support.cpp
-- Installing: /home/derek-dietz/MSAI/ComputerVision/Final_Project/ws/interbotix/install/include/interbotix_xs_msgs/interbotix_xs_msgs/msg/detail/joint_trajectory_command__rosidl_typesupport_introspection_cpp.hpp
-- Installing: /home/derek-dietz/MSAI/ComputerVision/Final_Project/ws/interbotix/install/include/interbotix_xs_msgs/interbotix_xs_msgs/msg/detail/turret_joy__rosidl_typesupport_introspection_cpp.hpp
-- Installing: /home/derek-dietz/MSAI/ComputerVision/Final_Project/ws/interbotix/install/include/interbotix_xs_msgs/interbotix_xs_msgs/msg/detail/joint_temps__type_support.cpp
-- Installing: /home/derek-dietz/MSAI/ComputerVision/Final_Project/ws/interbotix/install/include/interbotix_xs_msgs/interbotix_xs_msgs/msg/detail/joint_single_command__rosidl_typesupport_introspection_cpp.hpp
-- Installing: /home/derek-dietz/MSAI/ComputerVision/Final_Project/ws/interbotix/install/include/interbotix_xs_msgs/interbotix_xs_msgs/msg/detail/locobot_joy__rosidl_typesupport_introspection_cpp.hpp
-- Installing: /home/derek-dietz/MSAI/ComputerVision/Final_Project/ws/interbotix/install/include/interbotix_xs_msgs/interbotix_xs_msgs/msg/detail/joint_group_command__rosidl_typesupport_introspection_cpp.hpp
-- Installing: /home/derek-dietz/MSAI/ComputerVision/Final_Project/ws/interbotix/install/include/interbotix_xs_msgs/interbotix_xs_msgs/msg/detail/joint_single_command__type_support.cpp
-- Installing: /home/derek-dietz/MSAI/ComputerVision/Final_Project/ws/interbotix/install/include/interbotix_xs_msgs/interbotix_xs_msgs/msg/detail/locobot_joy__type_support.cpp
-- Installing: /home/derek-dietz/MSAI/ComputerVision/Final_Project/ws/interbotix/install/include/interbotix_xs_msgs/interbotix_xs_msgs/msg/detail/joint_group_command__type_support.cpp
-- Installing: /home/derek-dietz/MSAI/ComputerVision/Final_Project/ws/interbotix/install/include/interbotix_xs_msgs/interbotix_xs_msgs/msg/detail/arm_joy__type_support.cpp
-- Installing: /home/derek-dietz/MSAI/ComputerVision/Final_Project/ws/interbotix/install/include/interbotix_xs_msgs/interbotix_xs_msgs/msg/detail/hex_joy__rosidl_typesupport_introspection_cpp.hpp
-- Installing: /home/derek-dietz/MSAI/ComputerVision/Final_Project/ws/interbotix/install/include/interbotix_xs_msgs/interbotix_xs_msgs/msg/detail/arm_joy__rosidl_typesupport_introspection_cpp.hpp
-- Installing: /home/derek-dietz/MSAI/ComputerVision/Final_Project/ws/interbotix/install/include/interbotix_xs_msgs/interbotix_xs_msgs/msg/detail/joint_trajectory_command__type_support.cpp
-- Up-to-date: /home/derek-dietz/MSAI/ComputerVision/Final_Project/ws/interbotix/install/include/interbotix_xs_msgs/interbotix_xs_msgs/srv
-- Up-to-date: /home/derek-dietz/MSAI/ComputerVision/Final_Project/ws/interbotix/install/include/interbotix_xs_msgs/interbotix_xs_msgs/srv/detail
-- Installing: /home/derek-dietz/MSAI/ComputerVision/Final_Project/ws/interbotix/install/include/interbotix_xs_msgs/interbotix_xs_msgs/srv/detail/operating_modes__type_support.cpp
-- Installing: /home/derek-dietz/MSAI/ComputerVision/Final_Project/ws/interbotix/install/include/interbotix_xs_msgs/interbotix_xs_msgs/srv/detail/reboot__type_support.cpp
-- Installing: /home/derek-dietz/MSAI/ComputerVision/Final_Project/ws/interbotix/install/include/interbotix_xs_msgs/interbotix_xs_msgs/srv/detail/torque_enable__type_support.cpp
-- Installing: /home/derek-dietz/MSAI/ComputerVision/Final_Project/ws/interbotix/install/include/interbotix_xs_msgs/interbotix_xs_msgs/srv/detail/robot_info__type_support.cpp
-- Installing: /home/derek-dietz/MSAI/ComputerVision/Final_Project/ws/interbotix/install/include/interbotix_xs_msgs/interbotix_xs_msgs/srv/detail/motor_gains__rosidl_typesupport_introspection_cpp.hpp
-- Installing: /home/derek-dietz/MSAI/ComputerVision/Final_Project/ws/interbotix/install/include/interbotix_xs_msgs/interbotix_xs_msgs/srv/detail/reboot__rosidl_typesupport_introspection_cpp.hpp
-- Installing: /home/derek-dietz/MSAI/ComputerVision/Final_Project/ws/interbotix/install/include/interbotix_xs_msgs/interbotix_xs_msgs/srv/detail/register_values__type_support.cpp
-- Installing: /home/derek-dietz/MSAI/ComputerVision/Final_Project/ws/interbotix/install/include/interbotix_xs_msgs/interbotix_xs_msgs/srv/detail/torque_enable__rosidl_typesupport_introspection_cpp.hpp
-- Installing: /home/derek-dietz/MSAI/ComputerVision/Final_Project/ws/interbotix/install/include/interbotix_xs_msgs/interbotix_xs_msgs/srv/detail/operating_modes__rosidl_typesupport_introspection_cpp.hpp
-- Installing: /home/derek-dietz/MSAI/ComputerVision/Final_Project/ws/interbotix/install/include/interbotix_xs_msgs/interbotix_xs_msgs/srv/detail/register_values__rosidl_typesupport_introspection_cpp.hpp
-- Installing: /home/derek-dietz/MSAI/ComputerVision/Final_Project/ws/interbotix/install/include/interbotix_xs_msgs/interbotix_xs_msgs/srv/detail/robot_info__rosidl_typesupport_introspection_cpp.hpp
-- Installing: /home/derek-dietz/MSAI/ComputerVision/Final_Project/ws/interbotix/install/include/interbotix_xs_msgs/interbotix_xs_msgs/srv/detail/motor_gains__type_support.cpp
-- Installing: /home/derek-dietz/MSAI/ComputerVision/Final_Project/ws/interbotix/install/lib/libinterbotix_xs_msgs__rosidl_typesupport_introspection_cpp.so
-- Set non-toolchain portion of runtime path of "/home/derek-dietz/MSAI/ComputerVision/Final_Project/ws/interbotix/install/lib/libinterbotix_xs_msgs__rosidl_typesupport_introspection_cpp.so" to ""
-- Installing: /home/derek-dietz/MSAI/ComputerVision/Final_Project/ws/interbotix/install/lib/libinterbotix_xs_msgs__rosidl_typesupport_cpp.so
-- Set non-toolchain portion of runtime path of "/home/derek-dietz/MSAI/ComputerVision/Final_Project/ws/interbotix/install/lib/libinterbotix_xs_msgs__rosidl_typesupport_cpp.so" to ""
-- Installing: /home/derek-dietz/MSAI/ComputerVision/Final_Project/ws/interbotix/install/share/interbotix_xs_msgs/environment/pythonpath.sh
-- Installing: /home/derek-dietz/MSAI/ComputerVision/Final_Project/ws/interbotix/install/share/interbotix_xs_msgs/environment/pythonpath.dsv
-- Installing: /home/derek-dietz/MSAI/ComputerVision/Final_Project/ws/interbotix/install/lib/python3.12/site-packages/interbotix_xs_msgs-0.0.0-py3.12.egg-info
-- Installing: /home/derek-dietz/MSAI/ComputerVision/Final_Project/ws/interbotix/install/lib/python3.12/site-packages/interbotix_xs_msgs-0.0.0-py3.12.egg-info/dependency_links.txt
-- Installing: /home/derek-dietz/MSAI/ComputerVision/Final_Project/ws/interbotix/install/lib/python3.12/site-packages/interbotix_xs_msgs-0.0.0-py3.12.egg-info/PKG-INFO
-- Installing: /home/derek-dietz/MSAI/ComputerVision/Final_Project/ws/interbotix/install/lib/python3.12/site-packages/interbotix_xs_msgs-0.0.0-py3.12.egg-info/top_level.txt
-- Installing: /home/derek-dietz/MSAI/ComputerVision/Final_Project/ws/interbotix/install/lib/python3.12/site-packages/interbotix_xs_msgs-0.0.0-py3.12.egg-info/SOURCES.txt
-- Installing: /home/derek-dietz/MSAI/ComputerVision/Final_Project/ws/interbotix/install/lib/python3.12/site-packages/interbotix_xs_msgs
-- Installing: /home/derek-dietz/MSAI/ComputerVision/Final_Project/ws/interbotix/install/lib/python3.12/site-packages/interbotix_xs_msgs/_interbotix_xs_msgs_s.ep.rosidl_typesupport_introspection_c.c
-- Installing: /home/derek-dietz/MSAI/ComputerVision/Final_Project/ws/interbotix/install/lib/python3.12/site-packages/interbotix_xs_msgs/_interbotix_xs_msgs_s.ep.rosidl_typesupport_fastrtps_c.c
-- Installing: /home/derek-dietz/MSAI/ComputerVision/Final_Project/ws/interbotix/install/lib/python3.12/site-packages/interbotix_xs_msgs/_interbotix_xs_msgs_s.ep.rosidl_typesupport_c.c
-- Installing: /home/derek-dietz/MSAI/ComputerVision/Final_Project/ws/interbotix/install/lib/python3.12/site-packages/interbotix_xs_msgs/msg
-- Installing: /home/derek-dietz/MSAI/ComputerVision/Final_Project/ws/interbotix/install/lib/python3.12/site-packages/interbotix_xs_msgs/msg/_arm_joy.py
-- Installing: /home/derek-dietz/MSAI/ComputerVision/Final_Project/ws/interbotix/install/lib/python3.12/site-packages/interbotix_xs_msgs/msg/_joint_group_command_s.c
-- Installing: /home/derek-dietz/MSAI/ComputerVision/Final_Project/ws/interbotix/install/lib/python3.12/site-packages/interbotix_xs_msgs/msg/_hex_joy_s.c
-- Installing: /home/derek-dietz/MSAI/ComputerVision/Final_Project/ws/interbotix/install/lib/python3.12/site-packages/interbotix_xs_msgs/msg/_joint_single_command_s.c
-- Installing: /home/derek-dietz/MSAI/ComputerVision/Final_Project/ws/interbotix/install/lib/python3.12/site-packages/interbotix_xs_msgs/msg/_hex_joy.py
-- Installing: /home/derek-dietz/MSAI/ComputerVision/Final_Project/ws/interbotix/install/lib/python3.12/site-packages/interbotix_xs_msgs/msg/_locobot_joy_s.c
-- Installing: /home/derek-dietz/MSAI/ComputerVision/Final_Project/ws/interbotix/install/lib/python3.12/site-packages/interbotix_xs_msgs/msg/_joint_trajectory_command.py
-- Installing: /home/derek-dietz/MSAI/ComputerVision/Final_Project/ws/interbotix/install/lib/python3.12/site-packages/interbotix_xs_msgs/msg/_turret_joy.py
-- Installing: /home/derek-dietz/MSAI/ComputerVision/Final_Project/ws/interbotix/install/lib/python3.12/site-packages/interbotix_xs_msgs/msg/_joint_single_command.py
-- Installing: /home/derek-dietz/MSAI/ComputerVision/Final_Project/ws/interbotix/install/lib/python3.12/site-packages/interbotix_xs_msgs/msg/_locobot_joy.py
-- Installing: /home/derek-dietz/MSAI/ComputerVision/Final_Project/ws/interbotix/install/lib/python3.12/site-packages/interbotix_xs_msgs/msg/_joint_temps.py
-- Installing: /home/derek-dietz/MSAI/ComputerVision/Final_Project/ws/interbotix/install/lib/python3.12/site-packages/interbotix_xs_msgs/msg/_joint_group_command.py
-- Installing: /home/derek-dietz/MSAI/ComputerVision/Final_Project/ws/interbotix/install/lib/python3.12/site-packages/interbotix_xs_msgs/msg/_joint_temps_s.c
-- Installing: /home/derek-dietz/MSAI/ComputerVision/Final_Project/ws/interbotix/install/lib/python3.12/site-packages/interbotix_xs_msgs/msg/_turret_joy_s.c
-- Installing: /home/derek-dietz/MSAI/ComputerVision/Final_Project/ws/interbotix/install/lib/python3.12/site-packages/interbotix_xs_msgs/msg/_arm_joy_s.c
-- Installing: /home/derek-dietz/MSAI/ComputerVision/Final_Project/ws/interbotix/install/lib/python3.12/site-packages/interbotix_xs_msgs/msg/__init__.py
-- Installing: /home/derek-dietz/MSAI/ComputerVision/Final_Project/ws/interbotix/install/lib/python3.12/site-packages/interbotix_xs_msgs/msg/_joint_trajectory_command_s.c
-- Installing: /home/derek-dietz/MSAI/ComputerVision/Final_Project/ws/interbotix/install/lib/python3.12/site-packages/interbotix_xs_msgs/interbotix_xs_msgs_s__rosidl_typesupport_introspection_c.so
-- Installing: /home/derek-dietz/MSAI/ComputerVision/Final_Project/ws/interbotix/install/lib/python3.12/site-packages/interbotix_xs_msgs/srv
-- Installing: /home/derek-dietz/MSAI/ComputerVision/Final_Project/ws/interbotix/install/lib/python3.12/site-packages/interbotix_xs_msgs/srv/_robot_info.py
-- Installing: /home/derek-dietz/MSAI/ComputerVision/Final_Project/ws/interbotix/install/lib/python3.12/site-packages/interbotix_xs_msgs/srv/_torque_enable_s.c
-- Installing: /home/derek-dietz/MSAI/ComputerVision/Final_Project/ws/interbotix/install/lib/python3.12/site-packages/interbotix_xs_msgs/srv/_robot_info_s.c
-- Installing: /home/derek-dietz/MSAI/ComputerVision/Final_Project/ws/interbotix/install/lib/python3.12/site-packages/interbotix_xs_msgs/srv/_operating_modes.py
-- Installing: /home/derek-dietz/MSAI/ComputerVision/Final_Project/ws/interbotix/install/lib/python3.12/site-packages/interbotix_xs_msgs/srv/_register_values_s.c
-- Installing: /home/derek-dietz/MSAI/ComputerVision/Final_Project/ws/interbotix/install/lib/python3.12/site-packages/interbotix_xs_msgs/srv/_motor_gains_s.c
-- Installing: /home/derek-dietz/MSAI/ComputerVision/Final_Project/ws/interbotix/install/lib/python3.12/site-packages/interbotix_xs_msgs/srv/_register_values.py
-- Installing: /home/derek-dietz/MSAI/ComputerVision/Final_Project/ws/interbotix/install/lib/python3.12/site-packages/interbotix_xs_msgs/srv/_torque_enable.py
-- Installing: /home/derek-dietz/MSAI/ComputerVision/Final_Project/ws/interbotix/install/lib/python3.12/site-packages/interbotix_xs_msgs/srv/_reboot.py
-- Installing: /home/derek-dietz/MSAI/ComputerVision/Final_Project/ws/interbotix/install/lib/python3.12/site-packages/interbotix_xs_msgs/srv/_operating_modes_s.c
-- Installing: /home/derek-dietz/MSAI/ComputerVision/Final_Project/ws/interbotix/install/lib/python3.12/site-packages/interbotix_xs_msgs/srv/_reboot_s.c
-- Installing: /home/derek-dietz/MSAI/ComputerVision/Final_Project/ws/interbotix/install/lib/python3.12/site-packages/interbotix_xs_msgs/srv/_motor_gains.py
-- Installing: /home/derek-dietz/MSAI/ComputerVision/Final_Project/ws/interbotix/install/lib/python3.12/site-packages/interbotix_xs_msgs/srv/__init__.py
-- Installing: /home/derek-dietz/MSAI/ComputerVision/Final_Project/ws/interbotix/install/lib/python3.12/site-packages/interbotix_xs_msgs/interbotix_xs_msgs_s__rosidl_typesupport_c.so
-- Installing: /home/derek-dietz/MSAI/ComputerVision/Final_Project/ws/interbotix/install/lib/python3.12/site-packages/interbotix_xs_msgs/__init__.py
-- Installing: /home/derek-dietz/MSAI/ComputerVision/Final_Project/ws/interbotix/install/lib/python3.12/site-packages/interbotix_xs_msgs/interbotix_xs_msgs_s__rosidl_typesupport_fastrtps_c.so
Listing '/home/derek-dietz/MSAI/ComputerVision/Final_Project/ws/interbotix/install/lib/python3.12/site-packages/interbotix_xs_msgs'...
Compiling '/home/derek-dietz/MSAI/ComputerVision/Final_Project/ws/interbotix/install/lib/python3.12/site-packages/interbotix_xs_msgs/__init__.py'...
Listing '/home/derek-dietz/MSAI/ComputerVision/Final_Project/ws/interbotix/install/lib/python3.12/site-packages/interbotix_xs_msgs/msg'...
Compiling '/home/derek-dietz/MSAI/ComputerVision/Final_Project/ws/interbotix/install/lib/python3.12/site-packages/interbotix_xs_msgs/msg/__init__.py'...
Compiling '/home/derek-dietz/MSAI/ComputerVision/Final_Project/ws/interbotix/install/lib/python3.12/site-packages/interbotix_xs_msgs/msg/_arm_joy.py'...
Compiling '/home/derek-dietz/MSAI/ComputerVision/Final_Project/ws/interbotix/install/lib/python3.12/site-packages/interbotix_xs_msgs/msg/_hex_joy.py'...
Compiling '/home/derek-dietz/MSAI/ComputerVision/Final_Project/ws/interbotix/install/lib/python3.12/site-packages/interbotix_xs_msgs/msg/_joint_group_command.py'...
Compiling '/home/derek-dietz/MSAI/ComputerVision/Final_Project/ws/interbotix/install/lib/python3.12/site-packages/interbotix_xs_msgs/msg/_joint_single_command.py'...
Compiling '/home/derek-dietz/MSAI/ComputerVision/Final_Project/ws/interbotix/install/lib/python3.12/site-packages/interbotix_xs_msgs/msg/_joint_temps.py'...
Compiling '/home/derek-dietz/MSAI/ComputerVision/Final_Project/ws/interbotix/install/lib/python3.12/site-packages/interbotix_xs_msgs/msg/_joint_trajectory_command.py'...
Compiling '/home/derek-dietz/MSAI/ComputerVision/Final_Project/ws/interbotix/install/lib/python3.12/site-packages/interbotix_xs_msgs/msg/_locobot_joy.py'...
Compiling '/home/derek-dietz/MSAI/ComputerVision/Final_Project/ws/interbotix/install/lib/python3.12/site-packages/interbotix_xs_msgs/msg/_turret_joy.py'...
Listing '/home/derek-dietz/MSAI/ComputerVision/Final_Project/ws/interbotix/install/lib/python3.12/site-packages/interbotix_xs_msgs/srv'...
Compiling '/home/derek-dietz/MSAI/ComputerVision/Final_Project/ws/interbotix/install/lib/python3.12/site-packages/interbotix_xs_msgs/srv/__init__.py'...
Compiling '/home/derek-dietz/MSAI/ComputerVision/Final_Project/ws/interbotix/install/lib/python3.12/site-packages/interbotix_xs_msgs/srv/_motor_gains.py'...
Compiling '/home/derek-dietz/MSAI/ComputerVision/Final_Project/ws/interbotix/install/lib/python3.12/site-packages/interbotix_xs_msgs/srv/_operating_modes.py'...
Compiling '/home/derek-dietz/MSAI/ComputerVision/Final_Project/ws/interbotix/install/lib/python3.12/site-packages/interbotix_xs_msgs/srv/_reboot.py'...
Compiling '/home/derek-dietz/MSAI/ComputerVision/Final_Project/ws/interbotix/install/lib/python3.12/site-packages/interbotix_xs_msgs/srv/_register_values.py'...
Compiling '/home/derek-dietz/MSAI/ComputerVision/Final_Project/ws/interbotix/install/lib/python3.12/site-packages/interbotix_xs_msgs/srv/_robot_info.py'...
Compiling '/home/derek-dietz/MSAI/ComputerVision/Final_Project/ws/interbotix/install/lib/python3.12/site-packages/interbotix_xs_msgs/srv/_torque_enable.py'...
-- Installing: /home/derek-dietz/MSAI/ComputerVision/Final_Project/ws/interbotix/install/lib/python3.12/site-packages/interbotix_xs_msgs/interbotix_xs_msgs_s__rosidl_typesupport_fastrtps_c.so
-- Set non-toolchain portion of runtime path of "/home/derek-dietz/MSAI/ComputerVision/Final_Project/ws/interbotix/install/lib/python3.12/site-packages/interbotix_xs_msgs/interbotix_xs_msgs_s__rosidl_typesupport_fastrtps_c.so" to ""
-- Installing: /home/derek-dietz/MSAI/ComputerVision/Final_Project/ws/interbotix/install/lib/python3.12/site-packages/interbotix_xs_msgs/interbotix_xs_msgs_s__rosidl_typesupport_introspection_c.so
-- Set non-toolchain portion of runtime path of "/home/derek-dietz/MSAI/ComputerVision/Final_Project/ws/interbotix/install/lib/python3.12/site-packages/interbotix_xs_msgs/interbotix_xs_msgs_s__rosidl_typesupport_introspection_c.so" to ""
-- Installing: /home/derek-dietz/MSAI/ComputerVision/Final_Project/ws/interbotix/install/lib/python3.12/site-packages/interbotix_xs_msgs/interbotix_xs_msgs_s__rosidl_typesupport_c.so
-- Set non-toolchain portion of runtime path of "/home/derek-dietz/MSAI/ComputerVision/Final_Project/ws/interbotix/install/lib/python3.12/site-packages/interbotix_xs_msgs/interbotix_xs_msgs_s__rosidl_typesupport_c.so" to ""
-- Installing: /home/derek-dietz/MSAI/ComputerVision/Final_Project/ws/interbotix/install/lib/libinterbotix_xs_msgs__rosidl_generator_py.so
-- Set non-toolchain portion of runtime path of "/home/derek-dietz/MSAI/ComputerVision/Final_Project/ws/interbotix/install/lib/libinterbotix_xs_msgs__rosidl_generator_py.so" to ""
-- Installing: /home/derek-dietz/MSAI/ComputerVision/Final_Project/ws/interbotix/install/share/interbotix_xs_msgs/msg/ArmJoy.idl
-- Installing: /home/derek-dietz/MSAI/ComputerVision/Final_Project/ws/interbotix/install/share/interbotix_xs_msgs/msg/HexJoy.idl
-- Installing: /home/derek-dietz/MSAI/ComputerVision/Final_Project/ws/interbotix/install/share/interbotix_xs_msgs/msg/JointGroupCommand.idl
-- Installing: /home/derek-dietz/MSAI/ComputerVision/Final_Project/ws/interbotix/install/share/interbotix_xs_msgs/msg/JointSingleCommand.idl
-- Installing: /home/derek-dietz/MSAI/ComputerVision/Final_Project/ws/interbotix/install/share/interbotix_xs_msgs/msg/JointTemps.idl
-- Installing: /home/derek-dietz/MSAI/ComputerVision/Final_Project/ws/interbotix/install/share/interbotix_xs_msgs/msg/JointTrajectoryCommand.idl
-- Installing: /home/derek-dietz/MSAI/ComputerVision/Final_Project/ws/interbotix/install/share/interbotix_xs_msgs/msg/LocobotJoy.idl
-- Installing: /home/derek-dietz/MSAI/ComputerVision/Final_Project/ws/interbotix/install/share/interbotix_xs_msgs/msg/TurretJoy.idl
-- Installing: /home/derek-dietz/MSAI/ComputerVision/Final_Project/ws/interbotix/install/share/interbotix_xs_msgs/srv/MotorGains.idl
-- Installing: /home/derek-dietz/MSAI/ComputerVision/Final_Project/ws/interbotix/install/share/interbotix_xs_msgs/srv/OperatingModes.idl
-- Installing: /home/derek-dietz/MSAI/ComputerVision/Final_Project/ws/interbotix/install/share/interbotix_xs_msgs/srv/Reboot.idl
-- Installing: /home/derek-dietz/MSAI/ComputerVision/Final_Project/ws/interbotix/install/share/interbotix_xs_msgs/srv/RegisterValues.idl
-- Installing: /home/derek-dietz/MSAI/ComputerVision/Final_Project/ws/interbotix/install/share/interbotix_xs_msgs/srv/RobotInfo.idl
-- Installing: /home/derek-dietz/MSAI/ComputerVision/Final_Project/ws/interbotix/install/share/interbotix_xs_msgs/srv/TorqueEnable.idl
-- Installing: /home/derek-dietz/MSAI/ComputerVision/Final_Project/ws/interbotix/install/share/interbotix_xs_msgs/msg/ArmJoy.msg
-- Installing: /home/derek-dietz/MSAI/ComputerVision/Final_Project/ws/interbotix/install/share/interbotix_xs_msgs/msg/HexJoy.msg
-- Installing: /home/derek-dietz/MSAI/ComputerVision/Final_Project/ws/interbotix/install/share/interbotix_xs_msgs/msg/JointGroupCommand.msg
-- Installing: /home/derek-dietz/MSAI/ComputerVision/Final_Project/ws/interbotix/install/share/interbotix_xs_msgs/msg/JointSingleCommand.msg
-- Installing: /home/derek-dietz/MSAI/ComputerVision/Final_Project/ws/interbotix/install/share/interbotix_xs_msgs/msg/JointTemps.msg
-- Installing: /home/derek-dietz/MSAI/ComputerVision/Final_Project/ws/interbotix/install/share/interbotix_xs_msgs/msg/JointTrajectoryCommand.msg
-- Installing: /home/derek-dietz/MSAI/ComputerVision/Final_Project/ws/interbotix/install/share/interbotix_xs_msgs/msg/LocobotJoy.msg
-- Installing: /home/derek-dietz/MSAI/ComputerVision/Final_Project/ws/interbotix/install/share/interbotix_xs_msgs/msg/TurretJoy.msg
-- Installing: /home/derek-dietz/MSAI/ComputerVision/Final_Project/ws/interbotix/install/share/interbotix_xs_msgs/srv/MotorGains.srv
-- Installing: /home/derek-dietz/MSAI/ComputerVision/Final_Project/ws/interbotix/install/share/interbotix_xs_msgs/srv/OperatingModes.srv
-- Installing: /home/derek-dietz/MSAI/ComputerVision/Final_Project/ws/interbotix/install/share/interbotix_xs_msgs/srv/Reboot.srv
-- Installing: /home/derek-dietz/MSAI/ComputerVision/Final_Project/ws/interbotix/install/share/interbotix_xs_msgs/srv/RegisterValues.srv
-- Installing: /home/derek-dietz/MSAI/ComputerVision/Final_Project/ws/interbotix/install/share/interbotix_xs_msgs/srv/RobotInfo.srv
-- Installing: /home/derek-dietz/MSAI/ComputerVision/Final_Project/ws/interbotix/install/share/interbotix_xs_msgs/srv/TorqueEnable.srv
-- Installing: /home/derek-dietz/MSAI/ComputerVision/Final_Project/ws/interbotix/install/share/ament_index/resource_index/package_run_dependencies/interbotix_xs_msgs
-- Installing: /home/derek-dietz/MSAI/ComputerVision/Final_Project/ws/interbotix/install/share/ament_index/resource_index/parent_prefix_path/interbotix_xs_msgs
-- Installing: /home/derek-dietz/MSAI/ComputerVision/Final_Project/ws/interbotix/install/share/interbotix_xs_msgs/environment/ament_prefix_path.sh
-- Installing: /home/derek-dietz/MSAI/ComputerVision/Final_Project/ws/interbotix/install/share/interbotix_xs_msgs/environment/ament_prefix_path.dsv
-- Installing: /home/derek-dietz/MSAI/ComputerVision/Final_Project/ws/interbotix/install/share/interbotix_xs_msgs/environment/path.sh
-- Installing: /home/derek-dietz/MSAI/ComputerVision/Final_Project/ws/interbotix/install/share/interbotix_xs_msgs/environment/path.dsv
-- Installing: /home/derek-dietz/MSAI/ComputerVision/Final_Project/ws/interbotix/install/share/interbotix_xs_msgs/local_setup.bash
-- Installing: /home/derek-dietz/MSAI/ComputerVision/Final_Project/ws/interbotix/install/share/interbotix_xs_msgs/local_setup.sh
-- Installing: /home/derek-dietz/MSAI/ComputerVision/Final_Project/ws/interbotix/install/share/interbotix_xs_msgs/local_setup.zsh
-- Installing: /home/derek-dietz/MSAI/ComputerVision/Final_Project/ws/interbotix/install/share/interbotix_xs_msgs/local_setup.dsv
-- Installing: /home/derek-dietz/MSAI/ComputerVision/Final_Project/ws/interbotix/install/share/interbotix_xs_msgs/package.dsv
-- Installing: /home/derek-dietz/MSAI/ComputerVision/Final_Project/ws/interbotix/install/share/ament_index/resource_index/packages/interbotix_xs_msgs
-- Installing: /home/derek-dietz/MSAI/ComputerVision/Final_Project/ws/interbotix/install/share/interbotix_xs_msgs/cmake/export_interbotix_xs_msgs__rosidl_generator_cExport.cmake
-- Installing: /home/derek-dietz/MSAI/ComputerVision/Final_Project/ws/interbotix/install/share/interbotix_xs_msgs/cmake/export_interbotix_xs_msgs__rosidl_generator_cExport-release.cmake
-- Installing: /home/derek-dietz/MSAI/ComputerVision/Final_Project/ws/interbotix/install/share/interbotix_xs_msgs/cmake/export_interbotix_xs_msgs__rosidl_typesupport_fastrtps_cExport.cmake
-- Installing: /home/derek-dietz/MSAI/ComputerVision/Final_Project/ws/interbotix/install/share/interbotix_xs_msgs/cmake/export_interbotix_xs_msgs__rosidl_typesupport_fastrtps_cExport-release.cmake
-- Installing: /home/derek-dietz/MSAI/ComputerVision/Final_Project/ws/interbotix/install/share/interbotix_xs_msgs/cmake/interbotix_xs_msgs__rosidl_typesupport_introspection_cExport.cmake
-- Installing: /home/derek-dietz/MSAI/ComputerVision/Final_Project/ws/interbotix/install/share/interbotix_xs_msgs/cmake/interbotix_xs_msgs__rosidl_typesupport_introspection_cExport-release.cmake
-- Installing: /home/derek-dietz/MSAI/ComputerVision/Final_Project/ws/interbotix/install/share/interbotix_xs_msgs/cmake/interbotix_xs_msgs__rosidl_typesupport_cExport.cmake
-- Installing: /home/derek-dietz/MSAI/ComputerVision/Final_Project/ws/interbotix/install/share/interbotix_xs_msgs/cmake/interbotix_xs_msgs__rosidl_typesupport_cExport-release.cmake
-- Installing: /home/derek-dietz/MSAI/ComputerVision/Final_Project/ws/interbotix/install/share/interbotix_xs_msgs/cmake/export_interbotix_xs_msgs__rosidl_generator_cppExport.cmake
-- Installing: /home/derek-dietz/MSAI/ComputerVision/Final_Project/ws/interbotix/install/share/interbotix_xs_msgs/cmake/export_interbotix_xs_msgs__rosidl_typesupport_fastrtps_cppExport.cmake
-- Installing: /home/derek-dietz/MSAI/ComputerVision/Final_Project/ws/interbotix/install/share/interbotix_xs_msgs/cmake/export_interbotix_xs_msgs__rosidl_typesupport_fastrtps_cppExport-release.cmake
-- Installing: /home/derek-dietz/MSAI/ComputerVision/Final_Project/ws/interbotix/install/share/interbotix_xs_msgs/cmake/interbotix_xs_msgs__rosidl_typesupport_introspection_cppExport.cmake
-- Installing: /home/derek-dietz/MSAI/ComputerVision/Final_Project/ws/interbotix/install/share/interbotix_xs_msgs/cmake/interbotix_xs_msgs__rosidl_typesupport_introspection_cppExport-release.cmake
-- Installing: /home/derek-dietz/MSAI/ComputerVision/Final_Project/ws/interbotix/install/share/interbotix_xs_msgs/cmake/interbotix_xs_msgs__rosidl_typesupport_cppExport.cmake
-- Installing: /home/derek-dietz/MSAI/ComputerVision/Final_Project/ws/interbotix/install/share/interbotix_xs_msgs/cmake/interbotix_xs_msgs__rosidl_typesupport_cppExport-release.cmake
-- Installing: /home/derek-dietz/MSAI/ComputerVision/Final_Project/ws/interbotix/install/share/interbotix_xs_msgs/cmake/export_interbotix_xs_msgs__rosidl_generator_pyExport.cmake
-- Installing: /home/derek-dietz/MSAI/ComputerVision/Final_Project/ws/interbotix/install/share/interbotix_xs_msgs/cmake/export_interbotix_xs_msgs__rosidl_generator_pyExport-release.cmake
-- Installing: /home/derek-dietz/MSAI/ComputerVision/Final_Project/ws/interbotix/install/share/interbotix_xs_msgs/cmake/rosidl_cmake-extras.cmake
-- Installing: /home/derek-dietz/MSAI/ComputerVision/Final_Project/ws/interbotix/install/share/interbotix_xs_msgs/cmake/ament_cmake_export_dependencies-extras.cmake
-- Installing: /home/derek-dietz/MSAI/ComputerVision/Final_Project/ws/interbotix/install/share/interbotix_xs_msgs/cmake/ament_cmake_export_include_directories-extras.cmake
-- Installing: /home/derek-dietz/MSAI/ComputerVision/Final_Project/ws/interbotix/install/share/interbotix_xs_msgs/cmake/ament_cmake_export_libraries-extras.cmake
-- Installing: /home/derek-dietz/MSAI/ComputerVision/Final_Project/ws/interbotix/install/share/interbotix_xs_msgs/cmake/ament_cmake_export_targets-extras.cmake
-- Installing: /home/derek-dietz/MSAI/ComputerVision/Final_Project/ws/interbotix/install/share/interbotix_xs_msgs/cmake/rosidl_cmake_export_typesupport_targets-extras.cmake
-- Installing: /home/derek-dietz/MSAI/ComputerVision/Final_Project/ws/interbotix/install/share/interbotix_xs_msgs/cmake/rosidl_cmake_export_typesupport_libraries-extras.cmake
-- Installing: /home/derek-dietz/MSAI/ComputerVision/Final_Project/ws/interbotix/install/share/interbotix_xs_msgs/cmake/interbotix_xs_msgsConfig.cmake
-- Installing: /home/derek-dietz/MSAI/ComputerVision/Final_Project/ws/interbotix/install/share/interbotix_xs_msgs/cmake/interbotix_xs_msgsConfig-version.cmake
-- Installing: /home/derek-dietz/MSAI/ComputerVision/Final_Project/ws/interbotix/install/share/interbotix_xs_msgs/package.xml
