[0.018s] Invoking command in '/home/derek-dietz/MSAI/ComputerVision/Final_Project/ws/interbotix/build/interbotix_xs_msgs': CMAKE_PREFIX_PATH=${CMAKE_PREFIX_PATH}:/opt/ros/kilted DEBUGINFOD_URLS=https://debuginfod.ubuntu.com /usr/bin/cmake /home/derek-dietz/MSAI/ComputerVision/Final_Project/ws/interbotix/src/interbotix_ros_core/interbotix_ros_xseries/interbotix_xs_msgs -DCMAKE_BUILD_TYPE=Release -DBUILD_TESTING=OFF -DCMAKE_INSTALL_PREFIX=/home/derek-dietz/MSAI/ComputerVision/Final_Project/ws/interbotix/install
[0.216s] -- The C compiler identification is GNU 14.0.1
[0.277s] -- The CXX compiler identification is GNU 14.0.1
[0.295s] -- Detecting C compiler ABI info
[0.392s] -- Detecting C compiler ABI info - done
[0.403s] -- Check for working C compiler: /usr/bin/cc - skipped
[0.404s] -- Detecting C compile features
[0.404s] -- Detecting C compile features - done
[0.412s] -- Detecting CXX compiler ABI info
[0.507s] -- Detecting CXX compiler ABI info - done
[0.518s] -- Check for working CXX compiler: /usr/bin/c++ - skipped
[0.519s] -- Detecting CXX compile features
[0.519s] -- Detecting CXX compile features - done
[0.525s] -- Found rosidl_default_generators: 1.7.1 (/opt/ros/kilted/share/rosidl_default_generators/cmake)
[0.657s] -- Found Python3: /usr/bin/python3 (found version "3.12.3") found components: Interpreter 
[0.727s] -- Using all available rosidl_typesupport_c: rosidl_typesupport_fastrtps_c;rosidl_typesupport_introspection_c
[0.791s] -- Using all available rosidl_typesupport_cpp: rosidl_typesupport_fastrtps_cpp;rosidl_typesupport_introspection_cpp
[0.825s] -- Found rosidl_adapter: 4.9.6 (/opt/ros/kilted/share/rosidl_adapter/cmake)
[0.828s] -- Found std_msgs: 5.5.1 (/opt/ros/kilted/share/std_msgs/cmake)
[0.854s] -- Found trajectory_msgs: 5.5.1 (/opt/ros/kilted/share/trajectory_msgs/cmake)
[1.575s] -- Found ament_cmake_ros_core: 0.14.7 (/opt/ros/kilted/share/ament_cmake_ros_core/cmake)
[2.102s] -- Using all available rosidl_typesupport_c: rosidl_typesupport_fastrtps_c;rosidl_typesupport_introspection_c
[2.710s] -- Using all available rosidl_typesupport_cpp: rosidl_typesupport_fastrtps_cpp;rosidl_typesupport_introspection_cpp
[3.121s] -- Found Python3: /usr/bin/python3 (found version "3.12.3") found components: Interpreter Development NumPy Development.Module Development.Embed 
[3.191s] -- Configuring done (3.1s)
[3.239s] -- Generating done (0.0s)
[3.257s] -- Build files have been written to: /home/derek-dietz/MSAI/ComputerVision/Final_Project/ws/interbotix/build/interbotix_xs_msgs
[3.267s] Invoked command in '/home/derek-dietz/MSAI/ComputerVision/Final_Project/ws/interbotix/build/interbotix_xs_msgs' returned '0': CMAKE_PREFIX_PATH=${CMAKE_PREFIX_PATH}:/opt/ros/kilted DEBUGINFOD_URLS=https://debuginfod.ubuntu.com /usr/bin/cmake /home/derek-dietz/MSAI/ComputerVision/Final_Project/ws/interbotix/src/interbotix_ros_core/interbotix_ros_xseries/interbotix_xs_msgs -DCMAKE_BUILD_TYPE=Release -DBUILD_TESTING=OFF -DCMAKE_INSTALL_PREFIX=/home/derek-dietz/MSAI/ComputerVision/Final_Project/ws/interbotix/install
[3.268s] Invoking command in '/home/derek-dietz/MSAI/ComputerVision/Final_Project/ws/interbotix/build/interbotix_xs_msgs': CMAKE_PREFIX_PATH=${CMAKE_PREFIX_PATH}:/opt/ros/kilted DEBUGINFOD_URLS=https://debuginfod.ubuntu.com /usr/bin/cmake --build /home/derek-dietz/MSAI/ComputerVision/Final_Project/ws/interbotix/build/interbotix_xs_msgs -- -j22 -l22
[3.333s] [  0%] [34m[1mGenerating type hashes for ROS interfaces[0m
[3.343s] [  0%] Built target ament_cmake_python_copy_interbotix_xs_msgs
[3.555s] running egg_info
[3.556s] creating interbotix_xs_msgs.egg-info
[3.577s] writing interbotix_xs_msgs.egg-info/PKG-INFO
[3.578s] writing dependency_links to interbotix_xs_msgs.egg-info/dependency_links.txt
[3.578s] writing top-level names to interbotix_xs_msgs.egg-info/top_level.txt
[3.578s] writing manifest file 'interbotix_xs_msgs.egg-info/SOURCES.txt'
[3.640s] reading manifest file 'interbotix_xs_msgs.egg-info/SOURCES.txt'
[3.640s] writing manifest file 'interbotix_xs_msgs.egg-info/SOURCES.txt'
[3.664s] [  0%] Built target ament_cmake_python_build_interbotix_xs_msgs_egg
[4.495s] [  0%] Built target interbotix_xs_msgs__rosidl_generator_type_description
[4.506s] [  0%] [34m[1mGenerating C code for ROS interfaces[0m
[4.516s] [  0%] [34m[1mGenerating C++ code for ROS interfaces[0m
[6.201s] [  0%] Built target interbotix_xs_msgs__cpp
[6.989s] [  1%] [32mBuilding C object CMakeFiles/interbotix_xs_msgs__rosidl_generator_c.dir/rosidl_generator_c/interbotix_xs_msgs/msg/detail/arm_joy__functions.c.o[0m
[6.989s] [  1%] [32mBuilding C object CMakeFiles/interbotix_xs_msgs__rosidl_generator_c.dir/rosidl_generator_c/interbotix_xs_msgs/msg/detail/joint_group_command__functions.c.o[0m
[6.990s] [  1%] [32mBuilding C object CMakeFiles/interbotix_xs_msgs__rosidl_generator_c.dir/rosidl_generator_c/interbotix_xs_msgs/msg/detail/arm_joy__type_support.c.o[0m
[6.990s] [  4%] [32mBuilding C object CMakeFiles/interbotix_xs_msgs__rosidl_generator_c.dir/rosidl_generator_c/interbotix_xs_msgs/msg/detail/hex_joy__description.c.o[0m
[6.990s] [  5%] [32mBuilding C object CMakeFiles/interbotix_xs_msgs__rosidl_generator_c.dir/rosidl_generator_c/interbotix_xs_msgs/msg/detail/hex_joy__functions.c.o[0m
[6.990s] [  5%] [32mBuilding C object CMakeFiles/interbotix_xs_msgs__rosidl_generator_c.dir/rosidl_generator_c/interbotix_xs_msgs/msg/detail/joint_single_command__functions.c.o[0m
[6.990s] [  6%] [32mBuilding C object CMakeFiles/interbotix_xs_msgs__rosidl_generator_c.dir/rosidl_generator_c/interbotix_xs_msgs/msg/detail/joint_group_command__description.c.o[0m
[6.991s] [  3%] [32mBuilding C object CMakeFiles/interbotix_xs_msgs__rosidl_generator_c.dir/rosidl_generator_c/interbotix_xs_msgs/msg/detail/arm_joy__description.c.o[0m
[6.991s] [  3%] [32mBuilding C object CMakeFiles/interbotix_xs_msgs__rosidl_generator_c.dir/rosidl_generator_c/interbotix_xs_msgs/msg/detail/hex_joy__type_support.c.o[0m
[6.991s] [  7%] [32mBuilding C object CMakeFiles/interbotix_xs_msgs__rosidl_generator_c.dir/rosidl_generator_c/interbotix_xs_msgs/msg/detail/joint_temps__functions.c.o[0m
[6.991s] [  7%] [32mBuilding C object CMakeFiles/interbotix_xs_msgs__rosidl_generator_c.dir/rosidl_generator_c/interbotix_xs_msgs/msg/detail/joint_single_command__description.c.o[0m
[6.992s] [  8%] [32mBuilding C object CMakeFiles/interbotix_xs_msgs__rosidl_generator_c.dir/rosidl_generator_c/interbotix_xs_msgs/msg/detail/joint_group_command__type_support.c.o[0m
[6.992s] [  7%] [32mBuilding C object CMakeFiles/interbotix_xs_msgs__rosidl_generator_c.dir/rosidl_generator_c/interbotix_xs_msgs/msg/detail/joint_temps__type_support.c.o[0m
[6.992s] [  9%] [32mBuilding C object CMakeFiles/interbotix_xs_msgs__rosidl_generator_c.dir/rosidl_generator_c/interbotix_xs_msgs/msg/detail/joint_single_command__type_support.c.o[0m
[6.992s] [  9%] [32mBuilding C object CMakeFiles/interbotix_xs_msgs__rosidl_generator_c.dir/rosidl_generator_c/interbotix_xs_msgs/msg/detail/joint_temps__description.c.o[0m
[6.993s] [ 10%] [32mBuilding C object CMakeFiles/interbotix_xs_msgs__rosidl_generator_c.dir/rosidl_generator_c/interbotix_xs_msgs/msg/detail/joint_trajectory_command__functions.c.o[0m
[6.996s] [ 11%] [32mBuilding C object CMakeFiles/interbotix_xs_msgs__rosidl_generator_c.dir/rosidl_generator_c/interbotix_xs_msgs/msg/detail/locobot_joy__description.c.o[0m
[6.998s] [ 11%] [32mBuilding C object CMakeFiles/interbotix_xs_msgs__rosidl_generator_c.dir/rosidl_generator_c/interbotix_xs_msgs/msg/detail/joint_trajectory_command__type_support.c.o[0m
[6.998s] [ 12%] [32mBuilding C object CMakeFiles/interbotix_xs_msgs__rosidl_generator_c.dir/rosidl_generator_c/interbotix_xs_msgs/msg/detail/locobot_joy__functions.c.o[0m
[6.999s] [ 13%] [32mBuilding C object CMakeFiles/interbotix_xs_msgs__rosidl_generator_c.dir/rosidl_generator_c/interbotix_xs_msgs/msg/detail/joint_trajectory_command__description.c.o[0m
[7.001s] [ 13%] [32mBuilding C object CMakeFiles/interbotix_xs_msgs__rosidl_generator_c.dir/rosidl_generator_c/interbotix_xs_msgs/msg/detail/locobot_joy__type_support.c.o[0m
[7.001s] [ 14%] [32mBuilding C object CMakeFiles/interbotix_xs_msgs__rosidl_generator_c.dir/rosidl_generator_c/interbotix_xs_msgs/msg/detail/turret_joy__description.c.o[0m
[7.040s] [ 15%] [32mBuilding C object CMakeFiles/interbotix_xs_msgs__rosidl_generator_c.dir/rosidl_generator_c/interbotix_xs_msgs/msg/detail/turret_joy__type_support.c.o[0m
[7.040s] [ 15%] [32mBuilding C object CMakeFiles/interbotix_xs_msgs__rosidl_generator_c.dir/rosidl_generator_c/interbotix_xs_msgs/msg/detail/turret_joy__functions.c.o[0m
[7.051s] [ 16%] [32mBuilding C object CMakeFiles/interbotix_xs_msgs__rosidl_generator_c.dir/rosidl_generator_c/interbotix_xs_msgs/srv/detail/motor_gains__description.c.o[0m
[7.055s] [ 16%] [32mBuilding C object CMakeFiles/interbotix_xs_msgs__rosidl_generator_c.dir/rosidl_generator_c/interbotix_xs_msgs/srv/detail/motor_gains__functions.c.o[0m
[7.058s] [ 17%] [32mBuilding C object CMakeFiles/interbotix_xs_msgs__rosidl_generator_c.dir/rosidl_generator_c/interbotix_xs_msgs/srv/detail/motor_gains__type_support.c.o[0m
[7.068s] [ 18%] [32mBuilding C object CMakeFiles/interbotix_xs_msgs__rosidl_generator_c.dir/rosidl_generator_c/interbotix_xs_msgs/srv/detail/operating_modes__type_support.c.o[0m
[7.068s] [ 19%] [32mBuilding C object CMakeFiles/interbotix_xs_msgs__rosidl_generator_c.dir/rosidl_generator_c/interbotix_xs_msgs/srv/detail/operating_modes__functions.c.o[0m
[7.071s] [ 19%] [32mBuilding C object CMakeFiles/interbotix_xs_msgs__rosidl_generator_c.dir/rosidl_generator_c/interbotix_xs_msgs/srv/detail/operating_modes__description.c.o[0m
[7.081s] [ 19%] [32mBuilding C object CMakeFiles/interbotix_xs_msgs__rosidl_generator_c.dir/rosidl_generator_c/interbotix_xs_msgs/srv/detail/reboot__description.c.o[0m
[7.082s] [ 20%] [32mBuilding C object CMakeFiles/interbotix_xs_msgs__rosidl_generator_c.dir/rosidl_generator_c/interbotix_xs_msgs/srv/detail/reboot__functions.c.o[0m
[7.085s] [ 21%] [32mBuilding C object CMakeFiles/interbotix_xs_msgs__rosidl_generator_c.dir/rosidl_generator_c/interbotix_xs_msgs/srv/detail/register_values__description.c.o[0m
[7.091s] [ 21%] [32mBuilding C object CMakeFiles/interbotix_xs_msgs__rosidl_generator_c.dir/rosidl_generator_c/interbotix_xs_msgs/srv/detail/reboot__type_support.c.o[0m
[7.091s] [ 21%] [32mBuilding C object CMakeFiles/interbotix_xs_msgs__rosidl_generator_c.dir/rosidl_generator_c/interbotix_xs_msgs/srv/detail/register_values__type_support.c.o[0m
[7.092s] [ 22%] [32mBuilding C object CMakeFiles/interbotix_xs_msgs__rosidl_generator_c.dir/rosidl_generator_c/interbotix_xs_msgs/srv/detail/robot_info__description.c.o[0m
[7.099s] [ 23%] [32mBuilding C object CMakeFiles/interbotix_xs_msgs__rosidl_generator_c.dir/rosidl_generator_c/interbotix_xs_msgs/srv/detail/register_values__functions.c.o[0m
[7.099s] [ 24%] [32mBuilding C object CMakeFiles/interbotix_xs_msgs__rosidl_generator_c.dir/rosidl_generator_c/interbotix_xs_msgs/srv/detail/robot_info__functions.c.o[0m
[7.153s] [ 24%] [32mBuilding C object CMakeFiles/interbotix_xs_msgs__rosidl_generator_c.dir/rosidl_generator_c/interbotix_xs_msgs/srv/detail/robot_info__type_support.c.o[0m
[7.158s] [ 25%] [32mBuilding C object CMakeFiles/interbotix_xs_msgs__rosidl_generator_c.dir/rosidl_generator_c/interbotix_xs_msgs/srv/detail/torque_enable__description.c.o[0m
[7.188s] [ 25%] [32mBuilding C object CMakeFiles/interbotix_xs_msgs__rosidl_generator_c.dir/rosidl_generator_c/interbotix_xs_msgs/srv/detail/torque_enable__functions.c.o[0m
[7.189s] [ 26%] [32mBuilding C object CMakeFiles/interbotix_xs_msgs__rosidl_generator_c.dir/rosidl_generator_c/interbotix_xs_msgs/srv/detail/torque_enable__type_support.c.o[0m
[7.588s] [ 27%] [32m[1mLinking C shared library libinterbotix_xs_msgs__rosidl_generator_c.so[0m
[7.634s] [ 27%] Built target interbotix_xs_msgs__rosidl_generator_c
[7.644s] [ 28%] [34m[1mGenerating C type support for eProsima Fast-RTPS[0m
[7.644s] [ 28%] [34m[1mGenerating C++ introspection for ROS interfaces[0m
[7.645s] [ 29%] [34m[1mGenerating C++ type support dispatch for ROS interfaces[0m
[7.646s] [ 30%] [34m[1mGenerating C introspection for ROS interfaces[0m
[7.647s] [ 31%] [34m[1mGenerating C type support dispatch for ROS interfaces[0m
[7.650s] [ 31%] [34m[1mGenerating C++ type support for eProsima Fast-RTPS[0m
[9.149s] [ 32%] [32mBuilding CXX object CMakeFiles/interbotix_xs_msgs__rosidl_typesupport_fastrtps_cpp.dir/rosidl_typesupport_fastrtps_cpp/interbotix_xs_msgs/msg/detail/dds_fastrtps/arm_joy__type_support.cpp.o[0m
[9.149s] [ 32%] [32mBuilding CXX object CMakeFiles/interbotix_xs_msgs__rosidl_typesupport_fastrtps_cpp.dir/rosidl_typesupport_fastrtps_cpp/interbotix_xs_msgs/msg/detail/dds_fastrtps/joint_temps__type_support.cpp.o[0m
[9.149s] [ 32%] [32mBuilding CXX object CMakeFiles/interbotix_xs_msgs__rosidl_typesupport_fastrtps_cpp.dir/rosidl_typesupport_fastrtps_cpp/interbotix_xs_msgs/msg/detail/dds_fastrtps/hex_joy__type_support.cpp.o[0m
[9.150s] [ 33%] [32mBuilding CXX object CMakeFiles/interbotix_xs_msgs__rosidl_typesupport_fastrtps_cpp.dir/rosidl_typesupport_fastrtps_cpp/interbotix_xs_msgs/msg/detail/dds_fastrtps/joint_trajectory_command__type_support.cpp.o[0m
[9.150s] [ 34%] [32mBuilding CXX object CMakeFiles/interbotix_xs_msgs__rosidl_typesupport_fastrtps_cpp.dir/rosidl_typesupport_fastrtps_cpp/interbotix_xs_msgs/msg/detail/dds_fastrtps/joint_single_command__type_support.cpp.o[0m
[9.151s] [ 35%] [32mBuilding CXX object CMakeFiles/interbotix_xs_msgs__rosidl_typesupport_fastrtps_cpp.dir/rosidl_typesupport_fastrtps_cpp/interbotix_xs_msgs/msg/detail/dds_fastrtps/joint_group_command__type_support.cpp.o[0m
[9.153s] [ 36%] [32mBuilding CXX object CMakeFiles/interbotix_xs_msgs__rosidl_typesupport_fastrtps_cpp.dir/rosidl_typesupport_fastrtps_cpp/interbotix_xs_msgs/msg/detail/dds_fastrtps/turret_joy__type_support.cpp.o[0m
[9.153s] [ 36%] [32mBuilding CXX object CMakeFiles/interbotix_xs_msgs__rosidl_typesupport_fastrtps_cpp.dir/rosidl_typesupport_fastrtps_cpp/interbotix_xs_msgs/msg/detail/dds_fastrtps/locobot_joy__type_support.cpp.o[0m
[9.154s] [ 37%] [32mBuilding CXX object CMakeFiles/interbotix_xs_msgs__rosidl_typesupport_fastrtps_cpp.dir/rosidl_typesupport_fastrtps_cpp/interbotix_xs_msgs/srv/detail/dds_fastrtps/motor_gains__type_support.cpp.o[0m
[9.160s] [ 37%] [32mBuilding CXX object CMakeFiles/interbotix_xs_msgs__rosidl_typesupport_fastrtps_cpp.dir/rosidl_typesupport_fastrtps_cpp/interbotix_xs_msgs/srv/detail/dds_fastrtps/operating_modes__type_support.cpp.o[0m
[9.160s] [ 38%] [32mBuilding CXX object CMakeFiles/interbotix_xs_msgs__rosidl_typesupport_fastrtps_cpp.dir/rosidl_typesupport_fastrtps_cpp/interbotix_xs_msgs/srv/detail/dds_fastrtps/reboot__type_support.cpp.o[0m
[9.176s] [ 40%] [32mBuilding CXX object CMakeFiles/interbotix_xs_msgs__rosidl_typesupport_fastrtps_cpp.dir/rosidl_typesupport_fastrtps_cpp/interbotix_xs_msgs/srv/detail/dds_fastrtps/register_values__type_support.cpp.o[0m
[9.176s] [ 40%] [32mBuilding CXX object CMakeFiles/interbotix_xs_msgs__rosidl_typesupport_fastrtps_cpp.dir/rosidl_typesupport_fastrtps_cpp/interbotix_xs_msgs/srv/detail/dds_fastrtps/robot_info__type_support.cpp.o[0m
[9.176s] [ 40%] [32mBuilding CXX object CMakeFiles/interbotix_xs_msgs__rosidl_typesupport_fastrtps_cpp.dir/rosidl_typesupport_fastrtps_cpp/interbotix_xs_msgs/srv/detail/dds_fastrtps/torque_enable__type_support.cpp.o[0m
[9.199s] [ 41%] [32mBuilding CXX object CMakeFiles/interbotix_xs_msgs__rosidl_typesupport_introspection_cpp.dir/rosidl_typesupport_introspection_cpp/interbotix_xs_msgs/msg/detail/hex_joy__type_support.cpp.o[0m
[9.199s] [ 41%] [32mBuilding CXX object CMakeFiles/interbotix_xs_msgs__rosidl_typesupport_introspection_cpp.dir/rosidl_typesupport_introspection_cpp/interbotix_xs_msgs/msg/detail/arm_joy__type_support.cpp.o[0m
[9.210s] [ 41%] [32mBuilding CXX object CMakeFiles/interbotix_xs_msgs__rosidl_typesupport_introspection_cpp.dir/rosidl_typesupport_introspection_cpp/interbotix_xs_msgs/msg/detail/joint_single_command__type_support.cpp.o[0m
[9.210s] [ 42%] [32mBuilding CXX object CMakeFiles/interbotix_xs_msgs__rosidl_typesupport_introspection_cpp.dir/rosidl_typesupport_introspection_cpp/interbotix_xs_msgs/msg/detail/joint_group_command__type_support.cpp.o[0m
[9.840s] [ 42%] [32mBuilding CXX object CMakeFiles/interbotix_xs_msgs__rosidl_typesupport_cpp.dir/rosidl_typesupport_cpp/interbotix_xs_msgs/msg/arm_joy__type_support.cpp.o[0m
[9.970s] [ 43%] [32mBuilding CXX object CMakeFiles/interbotix_xs_msgs__rosidl_typesupport_c.dir/rosidl_typesupport_c/interbotix_xs_msgs/msg/arm_joy__type_support.cpp.o[0m
[10.029s] [ 43%] [32mBuilding CXX object CMakeFiles/interbotix_xs_msgs__rosidl_typesupport_c.dir/rosidl_typesupport_c/interbotix_xs_msgs/msg/hex_joy__type_support.cpp.o[0m
[10.040s] [ 44%] [32mBuilding CXX object CMakeFiles/interbotix_xs_msgs__rosidl_typesupport_introspection_cpp.dir/rosidl_typesupport_introspection_cpp/interbotix_xs_msgs/msg/detail/joint_temps__type_support.cpp.o[0m
[10.111s] [ 45%] [32mBuilding CXX object CMakeFiles/interbotix_xs_msgs__rosidl_typesupport_cpp.dir/rosidl_typesupport_cpp/interbotix_xs_msgs/msg/hex_joy__type_support.cpp.o[0m
[10.180s] [ 46%] [32mBuilding CXX object CMakeFiles/interbotix_xs_msgs__rosidl_typesupport_cpp.dir/rosidl_typesupport_cpp/interbotix_xs_msgs/msg/joint_group_command__type_support.cpp.o[0m
[10.262s] [ 47%] [32mBuilding CXX object CMakeFiles/interbotix_xs_msgs__rosidl_typesupport_c.dir/rosidl_typesupport_c/interbotix_xs_msgs/msg/joint_group_command__type_support.cpp.o[0m
[10.284s] [ 47%] [32mBuilding CXX object CMakeFiles/interbotix_xs_msgs__rosidl_typesupport_c.dir/rosidl_typesupport_c/interbotix_xs_msgs/msg/joint_single_command__type_support.cpp.o[0m
[10.373s] [ 47%] [32mBuilding CXX object CMakeFiles/interbotix_xs_msgs__rosidl_typesupport_cpp.dir/rosidl_typesupport_cpp/interbotix_xs_msgs/msg/joint_single_command__type_support.cpp.o[0m
[10.517s] [ 48%] [32mBuilding CXX object CMakeFiles/interbotix_xs_msgs__rosidl_typesupport_c.dir/rosidl_typesupport_c/interbotix_xs_msgs/msg/joint_temps__type_support.cpp.o[0m
[10.567s] [ 49%] [32mBuilding CXX object CMakeFiles/interbotix_xs_msgs__rosidl_typesupport_cpp.dir/rosidl_typesupport_cpp/interbotix_xs_msgs/msg/joint_temps__type_support.cpp.o[0m
[10.593s] [ 49%] [32mBuilding CXX object CMakeFiles/interbotix_xs_msgs__rosidl_typesupport_cpp.dir/rosidl_typesupport_cpp/interbotix_xs_msgs/msg/joint_trajectory_command__type_support.cpp.o[0m
[10.653s] [ 50%] [32mBuilding C object CMakeFiles/interbotix_xs_msgs__rosidl_typesupport_introspection_c.dir/rosidl_typesupport_introspection_c/interbotix_xs_msgs/msg/detail/arm_joy__type_support.c.o[0m
[10.656s] [ 51%] [32mBuilding CXX object CMakeFiles/interbotix_xs_msgs__rosidl_typesupport_c.dir/rosidl_typesupport_c/interbotix_xs_msgs/msg/joint_trajectory_command__type_support.cpp.o[0m
[10.663s] [ 52%] [32mBuilding CXX object CMakeFiles/interbotix_xs_msgs__rosidl_typesupport_cpp.dir/rosidl_typesupport_cpp/interbotix_xs_msgs/msg/locobot_joy__type_support.cpp.o[0m
[10.740s] [ 53%] [32mBuilding CXX object CMakeFiles/interbotix_xs_msgs__rosidl_typesupport_cpp.dir/rosidl_typesupport_cpp/interbotix_xs_msgs/msg/turret_joy__type_support.cpp.o[0m
[10.754s] [ 53%] [32mBuilding C object CMakeFiles/interbotix_xs_msgs__rosidl_typesupport_introspection_c.dir/rosidl_typesupport_introspection_c/interbotix_xs_msgs/msg/detail/hex_joy__type_support.c.o[0m
[10.784s] [ 53%] [32mBuilding CXX object CMakeFiles/interbotix_xs_msgs__rosidl_typesupport_introspection_cpp.dir/rosidl_typesupport_introspection_cpp/interbotix_xs_msgs/msg/detail/joint_trajectory_command__type_support.cpp.o[0m
[10.791s] [ 53%] [32mBuilding CXX object CMakeFiles/interbotix_xs_msgs__rosidl_typesupport_c.dir/rosidl_typesupport_c/interbotix_xs_msgs/msg/locobot_joy__type_support.cpp.o[0m
[10.820s] [ 54%] [32mBuilding C object CMakeFiles/interbotix_xs_msgs__rosidl_typesupport_introspection_c.dir/rosidl_typesupport_introspection_c/interbotix_xs_msgs/msg/detail/joint_group_command__type_support.c.o[0m
[10.834s] [ 55%] [32mBuilding CXX object CMakeFiles/interbotix_xs_msgs__rosidl_typesupport_introspection_cpp.dir/rosidl_typesupport_introspection_cpp/interbotix_xs_msgs/msg/detail/locobot_joy__type_support.cpp.o[0m
[10.891s] [ 56%] [32mBuilding CXX object CMakeFiles/interbotix_xs_msgs__rosidl_typesupport_introspection_cpp.dir/rosidl_typesupport_introspection_cpp/interbotix_xs_msgs/msg/detail/turret_joy__type_support.cpp.o[0m
[10.903s] [ 57%] [32mBuilding CXX object CMakeFiles/interbotix_xs_msgs__rosidl_typesupport_c.dir/rosidl_typesupport_c/interbotix_xs_msgs/msg/turret_joy__type_support.cpp.o[0m
[10.922s] [ 58%] [32mBuilding CXX object CMakeFiles/interbotix_xs_msgs__rosidl_typesupport_fastrtps_c.dir/rosidl_typesupport_fastrtps_c/interbotix_xs_msgs/msg/detail/arm_joy__type_support_c.cpp.o[0m
[10.949s] [ 58%] [32mBuilding C object CMakeFiles/interbotix_xs_msgs__rosidl_typesupport_introspection_c.dir/rosidl_typesupport_introspection_c/interbotix_xs_msgs/msg/detail/joint_single_command__type_support.c.o[0m
[10.977s] [ 59%] [32mBuilding CXX object CMakeFiles/interbotix_xs_msgs__rosidl_typesupport_fastrtps_c.dir/rosidl_typesupport_fastrtps_c/interbotix_xs_msgs/msg/detail/hex_joy__type_support_c.cpp.o[0m
[11.056s] [ 60%] [32mBuilding C object CMakeFiles/interbotix_xs_msgs__rosidl_typesupport_introspection_c.dir/rosidl_typesupport_introspection_c/interbotix_xs_msgs/msg/detail/joint_temps__type_support.c.o[0m
[11.058s] [ 60%] [32mBuilding CXX object CMakeFiles/interbotix_xs_msgs__rosidl_typesupport_c.dir/rosidl_typesupport_c/interbotix_xs_msgs/srv/motor_gains__type_support.cpp.o[0m
[11.073s] [ 60%] [32mBuilding CXX object CMakeFiles/interbotix_xs_msgs__rosidl_typesupport_cpp.dir/rosidl_typesupport_cpp/interbotix_xs_msgs/srv/motor_gains__type_support.cpp.o[0m
[11.181s] [ 61%] [32mBuilding CXX object CMakeFiles/interbotix_xs_msgs__rosidl_typesupport_c.dir/rosidl_typesupport_c/interbotix_xs_msgs/srv/operating_modes__type_support.cpp.o[0m
[11.214s] [ 61%] [32mBuilding CXX object CMakeFiles/interbotix_xs_msgs__rosidl_typesupport_introspection_cpp.dir/rosidl_typesupport_introspection_cpp/interbotix_xs_msgs/srv/detail/motor_gains__type_support.cpp.o[0m
[11.239s] [ 62%] [32mBuilding C object CMakeFiles/interbotix_xs_msgs__rosidl_typesupport_introspection_c.dir/rosidl_typesupport_introspection_c/interbotix_xs_msgs/msg/detail/joint_trajectory_command__type_support.c.o[0m
[11.241s] [ 63%] [32mBuilding CXX object CMakeFiles/interbotix_xs_msgs__rosidl_typesupport_cpp.dir/rosidl_typesupport_cpp/interbotix_xs_msgs/srv/operating_modes__type_support.cpp.o[0m
[11.315s] [ 63%] [32mBuilding CXX object CMakeFiles/interbotix_xs_msgs__rosidl_typesupport_fastrtps_c.dir/rosidl_typesupport_fastrtps_c/interbotix_xs_msgs/msg/detail/joint_group_command__type_support_c.cpp.o[0m
[11.351s] [ 64%] [32mBuilding CXX object CMakeFiles/interbotix_xs_msgs__rosidl_typesupport_fastrtps_c.dir/rosidl_typesupport_fastrtps_c/interbotix_xs_msgs/msg/detail/joint_single_command__type_support_c.cpp.o[0m
[11.359s] [ 65%] [32mBuilding CXX object CMakeFiles/interbotix_xs_msgs__rosidl_typesupport_c.dir/rosidl_typesupport_c/interbotix_xs_msgs/srv/reboot__type_support.cpp.o[0m
[11.368s] [ 65%] [32mBuilding C object CMakeFiles/interbotix_xs_msgs__rosidl_typesupport_introspection_c.dir/rosidl_typesupport_introspection_c/interbotix_xs_msgs/msg/detail/locobot_joy__type_support.c.o[0m
[11.417s] [ 65%] [32mBuilding CXX object CMakeFiles/interbotix_xs_msgs__rosidl_typesupport_fastrtps_c.dir/rosidl_typesupport_fastrtps_c/interbotix_xs_msgs/msg/detail/joint_temps__type_support_c.cpp.o[0m
[11.421s] [ 66%] [32mBuilding C object CMakeFiles/interbotix_xs_msgs__rosidl_typesupport_introspection_c.dir/rosidl_typesupport_introspection_c/interbotix_xs_msgs/msg/detail/turret_joy__type_support.c.o[0m
[11.467s] [ 67%] [32mBuilding CXX object CMakeFiles/interbotix_xs_msgs__rosidl_typesupport_fastrtps_c.dir/rosidl_typesupport_fastrtps_c/interbotix_xs_msgs/msg/detail/joint_trajectory_command__type_support_c.cpp.o[0m
[11.479s] [ 67%] [32mBuilding CXX object CMakeFiles/interbotix_xs_msgs__rosidl_typesupport_c.dir/rosidl_typesupport_c/interbotix_xs_msgs/srv/register_values__type_support.cpp.o[0m
[11.489s] [ 67%] [32mBuilding CXX object CMakeFiles/interbotix_xs_msgs__rosidl_typesupport_cpp.dir/rosidl_typesupport_cpp/interbotix_xs_msgs/srv/reboot__type_support.cpp.o[0m
[11.544s] [ 68%] [32mBuilding CXX object CMakeFiles/interbotix_xs_msgs__rosidl_typesupport_cpp.dir/rosidl_typesupport_cpp/interbotix_xs_msgs/srv/register_values__type_support.cpp.o[0m
[11.570s] [ 69%] [32mBuilding CXX object CMakeFiles/interbotix_xs_msgs__rosidl_typesupport_fastrtps_c.dir/rosidl_typesupport_fastrtps_c/interbotix_xs_msgs/msg/detail/locobot_joy__type_support_c.cpp.o[0m
[11.580s] [ 70%] [32mBuilding CXX object CMakeFiles/interbotix_xs_msgs__rosidl_typesupport_introspection_cpp.dir/rosidl_typesupport_introspection_cpp/interbotix_xs_msgs/srv/detail/operating_modes__type_support.cpp.o[0m
[11.614s] [ 71%] [32mBuilding C object CMakeFiles/interbotix_xs_msgs__rosidl_typesupport_introspection_c.dir/rosidl_typesupport_introspection_c/interbotix_xs_msgs/srv/detail/operating_modes__type_support.c.o[0m
[11.614s] [ 71%] [32mBuilding C object CMakeFiles/interbotix_xs_msgs__rosidl_typesupport_introspection_c.dir/rosidl_typesupport_introspection_c/interbotix_xs_msgs/srv/detail/motor_gains__type_support.c.o[0m
[11.625s] [ 72%] [32mBuilding CXX object CMakeFiles/interbotix_xs_msgs__rosidl_typesupport_c.dir/rosidl_typesupport_c/interbotix_xs_msgs/srv/robot_info__type_support.cpp.o[0m
[11.869s] [ 72%] [32mBuilding CXX object CMakeFiles/interbotix_xs_msgs__rosidl_typesupport_c.dir/rosidl_typesupport_c/interbotix_xs_msgs/srv/torque_enable__type_support.cpp.o[0m
[11.872s] [ 73%] [32mBuilding C object CMakeFiles/interbotix_xs_msgs__rosidl_typesupport_introspection_c.dir/rosidl_typesupport_introspection_c/interbotix_xs_msgs/srv/detail/reboot__type_support.c.o[0m
[11.874s] [ 73%] [32mBuilding CXX object CMakeFiles/interbotix_xs_msgs__rosidl_typesupport_introspection_cpp.dir/rosidl_typesupport_introspection_cpp/interbotix_xs_msgs/srv/detail/reboot__type_support.cpp.o[0m
[12.020s] [ 74%] [32mBuilding CXX object CMakeFiles/interbotix_xs_msgs__rosidl_typesupport_introspection_cpp.dir/rosidl_typesupport_introspection_cpp/interbotix_xs_msgs/srv/detail/register_values__type_support.cpp.o[0m
[12.076s] [ 75%] [32mBuilding CXX object CMakeFiles/interbotix_xs_msgs__rosidl_typesupport_cpp.dir/rosidl_typesupport_cpp/interbotix_xs_msgs/srv/robot_info__type_support.cpp.o[0m
[12.083s] [ 75%] [32mBuilding C object CMakeFiles/interbotix_xs_msgs__rosidl_typesupport_introspection_c.dir/rosidl_typesupport_introspection_c/interbotix_xs_msgs/srv/detail/register_values__type_support.c.o[0m
[12.103s] [ 75%] [32mBuilding CXX object CMakeFiles/interbotix_xs_msgs__rosidl_typesupport_cpp.dir/rosidl_typesupport_cpp/interbotix_xs_msgs/srv/torque_enable__type_support.cpp.o[0m
[12.127s] [ 76%] [32m[1mLinking CXX shared library libinterbotix_xs_msgs__rosidl_typesupport_c.so[0m
[12.127s] [ 76%] [32mBuilding CXX object CMakeFiles/interbotix_xs_msgs__rosidl_typesupport_fastrtps_c.dir/rosidl_typesupport_fastrtps_c/interbotix_xs_msgs/msg/detail/turret_joy__type_support_c.cpp.o[0m
[12.241s] [ 77%] [32mBuilding CXX object CMakeFiles/interbotix_xs_msgs__rosidl_typesupport_introspection_cpp.dir/rosidl_typesupport_introspection_cpp/interbotix_xs_msgs/srv/detail/robot_info__type_support.cpp.o[0m
[12.254s] [ 77%] Built target interbotix_xs_msgs__rosidl_typesupport_c
[12.300s] [ 78%] [32mBuilding C object CMakeFiles/interbotix_xs_msgs__rosidl_typesupport_introspection_c.dir/rosidl_typesupport_introspection_c/interbotix_xs_msgs/srv/detail/robot_info__type_support.c.o[0m
[12.429s] [ 79%] [32mBuilding CXX object CMakeFiles/interbotix_xs_msgs__rosidl_typesupport_fastrtps_c.dir/rosidl_typesupport_fastrtps_c/interbotix_xs_msgs/srv/detail/motor_gains__type_support_c.cpp.o[0m
[12.520s] [ 80%] [32mBuilding CXX object CMakeFiles/interbotix_xs_msgs__rosidl_typesupport_fastrtps_c.dir/rosidl_typesupport_fastrtps_c/interbotix_xs_msgs/srv/detail/operating_modes__type_support_c.cpp.o[0m
[12.564s] [ 80%] [32mBuilding CXX object CMakeFiles/interbotix_xs_msgs__rosidl_typesupport_fastrtps_c.dir/rosidl_typesupport_fastrtps_c/interbotix_xs_msgs/srv/detail/reboot__type_support_c.cpp.o[0m
[12.628s] [ 81%] [32mBuilding CXX object CMakeFiles/interbotix_xs_msgs__rosidl_typesupport_fastrtps_c.dir/rosidl_typesupport_fastrtps_c/interbotix_xs_msgs/srv/detail/register_values__type_support_c.cpp.o[0m
[12.714s] [ 81%] [32mBuilding CXX object CMakeFiles/interbotix_xs_msgs__rosidl_typesupport_fastrtps_c.dir/rosidl_typesupport_fastrtps_c/interbotix_xs_msgs/srv/detail/robot_info__type_support_c.cpp.o[0m
[12.729s] [ 81%] [32mBuilding C object CMakeFiles/interbotix_xs_msgs__rosidl_typesupport_introspection_c.dir/rosidl_typesupport_introspection_c/interbotix_xs_msgs/srv/detail/torque_enable__type_support.c.o[0m
[12.830s] [ 82%] [32mBuilding CXX object CMakeFiles/interbotix_xs_msgs__rosidl_typesupport_fastrtps_c.dir/rosidl_typesupport_fastrtps_c/interbotix_xs_msgs/srv/detail/torque_enable__type_support_c.cpp.o[0m
[12.830s] [ 82%] [32mBuilding CXX object CMakeFiles/interbotix_xs_msgs__rosidl_typesupport_introspection_cpp.dir/rosidl_typesupport_introspection_cpp/interbotix_xs_msgs/srv/detail/torque_enable__type_support.cpp.o[0m
[13.012s] [ 83%] [32m[1mLinking C shared library libinterbotix_xs_msgs__rosidl_typesupport_introspection_c.so[0m
[13.093s] [ 83%] Built target interbotix_xs_msgs__rosidl_typesupport_introspection_c
[13.626s] [ 83%] [32m[1mLinking CXX shared library libinterbotix_xs_msgs__rosidl_typesupport_fastrtps_cpp.so[0m
[13.684s] [ 83%] Built target interbotix_xs_msgs__rosidl_typesupport_fastrtps_cpp
[14.100s] [ 84%] [32m[1mLinking CXX shared library libinterbotix_xs_msgs__rosidl_typesupport_cpp.so[0m
[14.159s] [ 84%] Built target interbotix_xs_msgs__rosidl_typesupport_cpp
[14.432s] [ 85%] [32m[1mLinking CXX shared library libinterbotix_xs_msgs__rosidl_typesupport_fastrtps_c.so[0m
[14.513s] [ 85%] Built target interbotix_xs_msgs__rosidl_typesupport_fastrtps_c
[15.039s] [ 86%] [32m[1mLinking CXX shared library libinterbotix_xs_msgs__rosidl_typesupport_introspection_cpp.so[0m
[15.119s] [ 86%] Built target interbotix_xs_msgs__rosidl_typesupport_introspection_cpp
[15.147s] [ 86%] Built target interbotix_xs_msgs
[15.173s] [ 87%] [34m[1mGenerating Python code for ROS interfaces[0m
[18.371s] [ 87%] Built target interbotix_xs_msgs__py
[18.395s] [ 87%] [32mBuilding C object CMakeFiles/interbotix_xs_msgs__rosidl_generator_py.dir/rosidl_generator_py/interbotix_xs_msgs/srv/_robot_info_s.c.o[0m
[18.395s] [ 88%] [32mBuilding C object CMakeFiles/interbotix_xs_msgs__rosidl_generator_py.dir/rosidl_generator_py/interbotix_xs_msgs/msg/_joint_single_command_s.c.o[0m
[18.395s] [ 89%] [32mBuilding C object CMakeFiles/interbotix_xs_msgs__rosidl_generator_py.dir/rosidl_generator_py/interbotix_xs_msgs/msg/_arm_joy_s.c.o[0m
[18.395s] [ 89%] [32mBuilding C object CMakeFiles/interbotix_xs_msgs__rosidl_generator_py.dir/rosidl_generator_py/interbotix_xs_msgs/msg/_hex_joy_s.c.o[0m
[18.395s] [ 88%] [32mBuilding C object CMakeFiles/interbotix_xs_msgs__rosidl_generator_py.dir/rosidl_generator_py/interbotix_xs_msgs/msg/_joint_group_command_s.c.o[0m
[18.395s] [ 90%] [32mBuilding C object CMakeFiles/interbotix_xs_msgs__rosidl_generator_py.dir/rosidl_generator_py/interbotix_xs_msgs/srv/_operating_modes_s.c.o[0m
[18.396s] [ 90%] [32mBuilding C object CMakeFiles/interbotix_xs_msgs__rosidl_generator_py.dir/rosidl_generator_py/interbotix_xs_msgs/msg/_turret_joy_s.c.o[0m
[18.396s] [ 91%] [32mBuilding C object CMakeFiles/interbotix_xs_msgs__rosidl_generator_py.dir/rosidl_generator_py/interbotix_xs_msgs/msg/_locobot_joy_s.c.o[0m
[18.397s] [ 91%] [32mBuilding C object CMakeFiles/interbotix_xs_msgs__rosidl_generator_py.dir/rosidl_generator_py/interbotix_xs_msgs/srv/_reboot_s.c.o[0m
[18.397s] [ 92%] [32mBuilding C object CMakeFiles/interbotix_xs_msgs__rosidl_generator_py.dir/rosidl_generator_py/interbotix_xs_msgs/msg/_joint_trajectory_command_s.c.o[0m
[18.397s] [ 92%] [32mBuilding C object CMakeFiles/interbotix_xs_msgs__rosidl_generator_py.dir/rosidl_generator_py/interbotix_xs_msgs/srv/_register_values_s.c.o[0m
[18.398s] [ 93%] [32mBuilding C object CMakeFiles/interbotix_xs_msgs__rosidl_generator_py.dir/rosidl_generator_py/interbotix_xs_msgs/srv/_motor_gains_s.c.o[0m
[18.398s] [ 94%] [32mBuilding C object CMakeFiles/interbotix_xs_msgs__rosidl_generator_py.dir/rosidl_generator_py/interbotix_xs_msgs/srv/_torque_enable_s.c.o[0m
[18.401s] [ 95%] [32mBuilding C object CMakeFiles/interbotix_xs_msgs__rosidl_generator_py.dir/rosidl_generator_py/interbotix_xs_msgs/msg/_joint_temps_s.c.o[0m
[19.267s] [ 96%] [32m[1mLinking C shared library libinterbotix_xs_msgs__rosidl_generator_py.so[0m
[19.324s] [ 96%] Built target interbotix_xs_msgs__rosidl_generator_py
[19.351s] [ 97%] [32mBuilding C object CMakeFiles/interbotix_xs_msgs_s__rosidl_typesupport_c.dir/rosidl_generator_py/interbotix_xs_msgs/_interbotix_xs_msgs_s.ep.rosidl_typesupport_c.c.o[0m
[19.351s] [ 97%] [32mBuilding C object CMakeFiles/interbotix_xs_msgs_s__rosidl_typesupport_fastrtps_c.dir/rosidl_generator_py/interbotix_xs_msgs/_interbotix_xs_msgs_s.ep.rosidl_typesupport_fastrtps_c.c.o[0m
[19.355s] [ 98%] [32mBuilding C object CMakeFiles/interbotix_xs_msgs_s__rosidl_typesupport_introspection_c.dir/rosidl_generator_py/interbotix_xs_msgs/_interbotix_xs_msgs_s.ep.rosidl_typesupport_introspection_c.c.o[0m
[20.062s] [ 99%] [32m[1mLinking C shared module rosidl_generator_py/interbotix_xs_msgs/interbotix_xs_msgs_s__rosidl_typesupport_c.so[0m
[20.106s] [ 99%] Built target interbotix_xs_msgs_s__rosidl_typesupport_c
[20.147s] [ 99%] [32m[1mLinking C shared module rosidl_generator_py/interbotix_xs_msgs/interbotix_xs_msgs_s__rosidl_typesupport_fastrtps_c.so[0m
[20.189s] [ 99%] Built target interbotix_xs_msgs_s__rosidl_typesupport_fastrtps_c
[20.287s] [100%] [32m[1mLinking C shared module rosidl_generator_py/interbotix_xs_msgs/interbotix_xs_msgs_s__rosidl_typesupport_introspection_c.so[0m
[20.337s] [100%] Built target interbotix_xs_msgs_s__rosidl_typesupport_introspection_c
[20.353s] Invoked command in '/home/derek-dietz/MSAI/ComputerVision/Final_Project/ws/interbotix/build/interbotix_xs_msgs' returned '0': CMAKE_PREFIX_PATH=${CMAKE_PREFIX_PATH}:/opt/ros/kilted DEBUGINFOD_URLS=https://debuginfod.ubuntu.com /usr/bin/cmake --build /home/derek-dietz/MSAI/ComputerVision/Final_Project/ws/interbotix/build/interbotix_xs_msgs -- -j22 -l22
[20.354s] Invoking command in '/home/derek-dietz/MSAI/ComputerVision/Final_Project/ws/interbotix/build/interbotix_xs_msgs': CMAKE_PREFIX_PATH=${CMAKE_PREFIX_PATH}:/opt/ros/kilted DEBUGINFOD_URLS=https://debuginfod.ubuntu.com /usr/bin/cmake --install /home/derek-dietz/MSAI/ComputerVision/Final_Project/ws/interbotix/build/interbotix_xs_msgs
[20.366s] -- Install configuration: "Release"
[20.366s] -- Installing: /home/derek-dietz/MSAI/ComputerVision/Final_Project/ws/interbotix/install/share/ament_index/resource_index/rosidl_interfaces/interbotix_xs_msgs
[20.366s] -- Installing: /home/derek-dietz/MSAI/ComputerVision/Final_Project/ws/interbotix/install/share/interbotix_xs_msgs/msg/ArmJoy.json
[20.366s] -- Installing: /home/derek-dietz/MSAI/ComputerVision/Final_Project/ws/interbotix/install/share/interbotix_xs_msgs/msg/HexJoy.json
[20.366s] -- Installing: /home/derek-dietz/MSAI/ComputerVision/Final_Project/ws/interbotix/install/share/interbotix_xs_msgs/msg/JointGroupCommand.json
[20.367s] -- Installing: /home/derek-dietz/MSAI/ComputerVision/Final_Project/ws/interbotix/install/share/interbotix_xs_msgs/msg/JointSingleCommand.json
[20.367s] -- Installing: /home/derek-dietz/MSAI/ComputerVision/Final_Project/ws/interbotix/install/share/interbotix_xs_msgs/msg/JointTemps.json
[20.367s] -- Installing: /home/derek-dietz/MSAI/ComputerVision/Final_Project/ws/interbotix/install/share/interbotix_xs_msgs/msg/JointTrajectoryCommand.json
[20.367s] -- Installing: /home/derek-dietz/MSAI/ComputerVision/Final_Project/ws/interbotix/install/share/interbotix_xs_msgs/msg/LocobotJoy.json
[20.367s] -- Installing: /home/derek-dietz/MSAI/ComputerVision/Final_Project/ws/interbotix/install/share/interbotix_xs_msgs/msg/TurretJoy.json
[20.367s] -- Installing: /home/derek-dietz/MSAI/ComputerVision/Final_Project/ws/interbotix/install/share/interbotix_xs_msgs/srv/MotorGains.json
[20.367s] -- Installing: /home/derek-dietz/MSAI/ComputerVision/Final_Project/ws/interbotix/install/share/interbotix_xs_msgs/srv/OperatingModes.json
[20.368s] -- Installing: /home/derek-dietz/MSAI/ComputerVision/Final_Project/ws/interbotix/install/share/interbotix_xs_msgs/srv/Reboot.json
[20.368s] -- Installing: /home/derek-dietz/MSAI/ComputerVision/Final_Project/ws/interbotix/install/share/interbotix_xs_msgs/srv/RegisterValues.json
[20.368s] -- Installing: /home/derek-dietz/MSAI/ComputerVision/Final_Project/ws/interbotix/install/share/interbotix_xs_msgs/srv/RobotInfo.json
[20.368s] -- Installing: /home/derek-dietz/MSAI/ComputerVision/Final_Project/ws/interbotix/install/share/interbotix_xs_msgs/srv/TorqueEnable.json
[20.368s] -- Installing: /home/derek-dietz/MSAI/ComputerVision/Final_Project/ws/interbotix/install/include/interbotix_xs_msgs/interbotix_xs_msgs
[20.368s] -- Installing: /home/derek-dietz/MSAI/ComputerVision/Final_Project/ws/interbotix/install/include/interbotix_xs_msgs/interbotix_xs_msgs/msg
[20.368s] -- Installing: /home/derek-dietz/MSAI/ComputerVision/Final_Project/ws/interbotix/install/include/interbotix_xs_msgs/interbotix_xs_msgs/msg/locobot_joy.h
[20.368s] -- Installing: /home/derek-dietz/MSAI/ComputerVision/Final_Project/ws/interbotix/install/include/interbotix_xs_msgs/interbotix_xs_msgs/msg/joint_group_command.h
[20.369s] -- Installing: /home/derek-dietz/MSAI/ComputerVision/Final_Project/ws/interbotix/install/include/interbotix_xs_msgs/interbotix_xs_msgs/msg/arm_joy.h
[20.369s] -- Installing: /home/derek-dietz/MSAI/ComputerVision/Final_Project/ws/interbotix/install/include/interbotix_xs_msgs/interbotix_xs_msgs/msg/joint_single_command.h
[20.369s] -- Installing: /home/derek-dietz/MSAI/ComputerVision/Final_Project/ws/interbotix/install/include/interbotix_xs_msgs/interbotix_xs_msgs/msg/hex_joy.h
[20.369s] -- Installing: /home/derek-dietz/MSAI/ComputerVision/Final_Project/ws/interbotix/install/include/interbotix_xs_msgs/interbotix_xs_msgs/msg/turret_joy.h
[20.369s] -- Installing: /home/derek-dietz/MSAI/ComputerVision/Final_Project/ws/interbotix/install/include/interbotix_xs_msgs/interbotix_xs_msgs/msg/joint_trajectory_command.h
[20.369s] -- Installing: /home/derek-dietz/MSAI/ComputerVision/Final_Project/ws/interbotix/install/include/interbotix_xs_msgs/interbotix_xs_msgs/msg/detail
[20.369s] -- Installing: /home/derek-dietz/MSAI/ComputerVision/Final_Project/ws/interbotix/install/include/interbotix_xs_msgs/interbotix_xs_msgs/msg/detail/joint_trajectory_command__functions.h
[20.369s] -- Installing: /home/derek-dietz/MSAI/ComputerVision/Final_Project/ws/interbotix/install/include/interbotix_xs_msgs/interbotix_xs_msgs/msg/detail/locobot_joy__functions.h
[20.369s] -- Installing: /home/derek-dietz/MSAI/ComputerVision/Final_Project/ws/interbotix/install/include/interbotix_xs_msgs/interbotix_xs_msgs/msg/detail/hex_joy__functions.c
[20.370s] -- Installing: /home/derek-dietz/MSAI/ComputerVision/Final_Project/ws/interbotix/install/include/interbotix_xs_msgs/interbotix_xs_msgs/msg/detail/joint_single_command__struct.h
[20.370s] -- Installing: /home/derek-dietz/MSAI/ComputerVision/Final_Project/ws/interbotix/install/include/interbotix_xs_msgs/interbotix_xs_msgs/msg/detail/turret_joy__functions.c
[20.370s] -- Installing: /home/derek-dietz/MSAI/ComputerVision/Final_Project/ws/interbotix/install/include/interbotix_xs_msgs/interbotix_xs_msgs/msg/detail/arm_joy__type_support.h
[20.370s] -- Installing: /home/derek-dietz/MSAI/ComputerVision/Final_Project/ws/interbotix/install/include/interbotix_xs_msgs/interbotix_xs_msgs/msg/detail/joint_temps__type_support.c
[20.370s] -- Installing: /home/derek-dietz/MSAI/ComputerVision/Final_Project/ws/interbotix/install/include/interbotix_xs_msgs/interbotix_xs_msgs/msg/detail/joint_single_command__type_support.h
[20.370s] -- Installing: /home/derek-dietz/MSAI/ComputerVision/Final_Project/ws/interbotix/install/include/interbotix_xs_msgs/interbotix_xs_msgs/msg/detail/locobot_joy__functions.c
[20.370s] -- Installing: /home/derek-dietz/MSAI/ComputerVision/Final_Project/ws/interbotix/install/include/interbotix_xs_msgs/interbotix_xs_msgs/msg/detail/joint_temps__functions.h
[20.371s] -- Installing: /home/derek-dietz/MSAI/ComputerVision/Final_Project/ws/interbotix/install/include/interbotix_xs_msgs/interbotix_xs_msgs/msg/detail/joint_temps__functions.c
[20.371s] -- Installing: /home/derek-dietz/MSAI/ComputerVision/Final_Project/ws/interbotix/install/include/interbotix_xs_msgs/interbotix_xs_msgs/msg/detail/joint_temps__struct.h
[20.371s] -- Installing: /home/derek-dietz/MSAI/ComputerVision/Final_Project/ws/interbotix/install/include/interbotix_xs_msgs/interbotix_xs_msgs/msg/detail/joint_single_command__type_support.c
[20.371s] -- Installing: /home/derek-dietz/MSAI/ComputerVision/Final_Project/ws/interbotix/install/include/interbotix_xs_msgs/interbotix_xs_msgs/msg/detail/joint_trajectory_command__description.c
[20.371s] -- Installing: /home/derek-dietz/MSAI/ComputerVision/Final_Project/ws/interbotix/install/include/interbotix_xs_msgs/interbotix_xs_msgs/msg/detail/arm_joy__description.c
[20.371s] -- Installing: /home/derek-dietz/MSAI/ComputerVision/Final_Project/ws/interbotix/install/include/interbotix_xs_msgs/interbotix_xs_msgs/msg/detail/hex_joy__description.c
[20.371s] -- Installing: /home/derek-dietz/MSAI/ComputerVision/Final_Project/ws/interbotix/install/include/interbotix_xs_msgs/interbotix_xs_msgs/msg/detail/turret_joy__type_support.c
[20.371s] -- Installing: /home/derek-dietz/MSAI/ComputerVision/Final_Project/ws/interbotix/install/include/interbotix_xs_msgs/interbotix_xs_msgs/msg/detail/locobot_joy__description.c
[20.372s] -- Installing: /home/derek-dietz/MSAI/ComputerVision/Final_Project/ws/interbotix/install/include/interbotix_xs_msgs/interbotix_xs_msgs/msg/detail/joint_trajectory_command__functions.c
[20.372s] -- Installing: /home/derek-dietz/MSAI/ComputerVision/Final_Project/ws/interbotix/install/include/interbotix_xs_msgs/interbotix_xs_msgs/msg/detail/locobot_joy__type_support.c
[20.372s] -- Installing: /home/derek-dietz/MSAI/ComputerVision/Final_Project/ws/interbotix/install/include/interbotix_xs_msgs/interbotix_xs_msgs/msg/detail/turret_joy__struct.h
[20.372s] -- Installing: /home/derek-dietz/MSAI/ComputerVision/Final_Project/ws/interbotix/install/include/interbotix_xs_msgs/interbotix_xs_msgs/msg/detail/joint_group_command__functions.c
[20.372s] -- Installing: /home/derek-dietz/MSAI/ComputerVision/Final_Project/ws/interbotix/install/include/interbotix_xs_msgs/interbotix_xs_msgs/msg/detail/joint_single_command__description.c
[20.372s] -- Installing: /home/derek-dietz/MSAI/ComputerVision/Final_Project/ws/interbotix/install/include/interbotix_xs_msgs/interbotix_xs_msgs/msg/detail/arm_joy__struct.h
[20.372s] -- Installing: /home/derek-dietz/MSAI/ComputerVision/Final_Project/ws/interbotix/install/include/interbotix_xs_msgs/interbotix_xs_msgs/msg/detail/joint_group_command__struct.h
[20.372s] -- Installing: /home/derek-dietz/MSAI/ComputerVision/Final_Project/ws/interbotix/install/include/interbotix_xs_msgs/interbotix_xs_msgs/msg/detail/joint_group_command__functions.h
[20.372s] -- Installing: /home/derek-dietz/MSAI/ComputerVision/Final_Project/ws/interbotix/install/include/interbotix_xs_msgs/interbotix_xs_msgs/msg/detail/joint_temps__type_support.h
[20.372s] -- Installing: /home/derek-dietz/MSAI/ComputerVision/Final_Project/ws/interbotix/install/include/interbotix_xs_msgs/interbotix_xs_msgs/msg/detail/hex_joy__type_support.h
[20.372s] -- Installing: /home/derek-dietz/MSAI/ComputerVision/Final_Project/ws/interbotix/install/include/interbotix_xs_msgs/interbotix_xs_msgs/msg/detail/hex_joy__type_support.c
[20.373s] -- Installing: /home/derek-dietz/MSAI/ComputerVision/Final_Project/ws/interbotix/install/include/interbotix_xs_msgs/interbotix_xs_msgs/msg/detail/arm_joy__functions.h
[20.373s] -- Installing: /home/derek-dietz/MSAI/ComputerVision/Final_Project/ws/interbotix/install/include/interbotix_xs_msgs/interbotix_xs_msgs/msg/detail/hex_joy__struct.h
[20.373s] -- Installing: /home/derek-dietz/MSAI/ComputerVision/Final_Project/ws/interbotix/install/include/interbotix_xs_msgs/interbotix_xs_msgs/msg/detail/arm_joy__functions.c
[20.373s] -- Installing: /home/derek-dietz/MSAI/ComputerVision/Final_Project/ws/interbotix/install/include/interbotix_xs_msgs/interbotix_xs_msgs/msg/detail/locobot_joy__struct.h
[20.373s] -- Installing: /home/derek-dietz/MSAI/ComputerVision/Final_Project/ws/interbotix/install/include/interbotix_xs_msgs/interbotix_xs_msgs/msg/detail/joint_trajectory_command__struct.h
[20.373s] -- Installing: /home/derek-dietz/MSAI/ComputerVision/Final_Project/ws/interbotix/install/include/interbotix_xs_msgs/interbotix_xs_msgs/msg/detail/turret_joy__type_support.h
[20.373s] -- Installing: /home/derek-dietz/MSAI/ComputerVision/Final_Project/ws/interbotix/install/include/interbotix_xs_msgs/interbotix_xs_msgs/msg/detail/joint_trajectory_command__type_support.c
[20.373s] -- Installing: /home/derek-dietz/MSAI/ComputerVision/Final_Project/ws/interbotix/install/include/interbotix_xs_msgs/interbotix_xs_msgs/msg/detail/turret_joy__description.c
[20.373s] -- Installing: /home/derek-dietz/MSAI/ComputerVision/Final_Project/ws/interbotix/install/include/interbotix_xs_msgs/interbotix_xs_msgs/msg/detail/turret_joy__functions.h
[20.374s] -- Installing: /home/derek-dietz/MSAI/ComputerVision/Final_Project/ws/interbotix/install/include/interbotix_xs_msgs/interbotix_xs_msgs/msg/detail/joint_group_command__description.c
[20.374s] -- Installing: /home/derek-dietz/MSAI/ComputerVision/Final_Project/ws/interbotix/install/include/interbotix_xs_msgs/interbotix_xs_msgs/msg/detail/joint_trajectory_command__type_support.h
[20.374s] -- Installing: /home/derek-dietz/MSAI/ComputerVision/Final_Project/ws/interbotix/install/include/interbotix_xs_msgs/interbotix_xs_msgs/msg/detail/joint_temps__description.c
[20.374s] -- Installing: /home/derek-dietz/MSAI/ComputerVision/Final_Project/ws/interbotix/install/include/interbotix_xs_msgs/interbotix_xs_msgs/msg/detail/joint_group_command__type_support.c
[20.374s] -- Installing: /home/derek-dietz/MSAI/ComputerVision/Final_Project/ws/interbotix/install/include/interbotix_xs_msgs/interbotix_xs_msgs/msg/detail/joint_single_command__functions.c
[20.374s] -- Installing: /home/derek-dietz/MSAI/ComputerVision/Final_Project/ws/interbotix/install/include/interbotix_xs_msgs/interbotix_xs_msgs/msg/detail/arm_joy__type_support.c
[20.374s] -- Installing: /home/derek-dietz/MSAI/ComputerVision/Final_Project/ws/interbotix/install/include/interbotix_xs_msgs/interbotix_xs_msgs/msg/detail/locobot_joy__type_support.h
[20.374s] -- Installing: /home/derek-dietz/MSAI/ComputerVision/Final_Project/ws/interbotix/install/include/interbotix_xs_msgs/interbotix_xs_msgs/msg/detail/hex_joy__functions.h
[20.375s] -- Installing: /home/derek-dietz/MSAI/ComputerVision/Final_Project/ws/interbotix/install/include/interbotix_xs_msgs/interbotix_xs_msgs/msg/detail/joint_group_command__type_support.h
[20.375s] -- Installing: /home/derek-dietz/MSAI/ComputerVision/Final_Project/ws/interbotix/install/include/interbotix_xs_msgs/interbotix_xs_msgs/msg/detail/joint_single_command__functions.h
[20.375s] -- Installing: /home/derek-dietz/MSAI/ComputerVision/Final_Project/ws/interbotix/install/include/interbotix_xs_msgs/interbotix_xs_msgs/msg/rosidl_generator_c__visibility_control.h
[20.375s] -- Installing: /home/derek-dietz/MSAI/ComputerVision/Final_Project/ws/interbotix/install/include/interbotix_xs_msgs/interbotix_xs_msgs/msg/joint_temps.h
[20.375s] -- Installing: /home/derek-dietz/MSAI/ComputerVision/Final_Project/ws/interbotix/install/include/interbotix_xs_msgs/interbotix_xs_msgs/srv
[20.375s] -- Installing: /home/derek-dietz/MSAI/ComputerVision/Final_Project/ws/interbotix/install/include/interbotix_xs_msgs/interbotix_xs_msgs/srv/register_values.h
[20.375s] -- Installing: /home/derek-dietz/MSAI/ComputerVision/Final_Project/ws/interbotix/install/include/interbotix_xs_msgs/interbotix_xs_msgs/srv/operating_modes.h
[20.375s] -- Installing: /home/derek-dietz/MSAI/ComputerVision/Final_Project/ws/interbotix/install/include/interbotix_xs_msgs/interbotix_xs_msgs/srv/detail
[20.376s] -- Installing: /home/derek-dietz/MSAI/ComputerVision/Final_Project/ws/interbotix/install/include/interbotix_xs_msgs/interbotix_xs_msgs/srv/detail/operating_modes__functions.h
[20.376s] -- Installing: /home/derek-dietz/MSAI/ComputerVision/Final_Project/ws/interbotix/install/include/interbotix_xs_msgs/interbotix_xs_msgs/srv/detail/torque_enable__functions.h
[20.376s] -- Installing: /home/derek-dietz/MSAI/ComputerVision/Final_Project/ws/interbotix/install/include/interbotix_xs_msgs/interbotix_xs_msgs/srv/detail/reboot__description.c
[20.376s] -- Installing: /home/derek-dietz/MSAI/ComputerVision/Final_Project/ws/interbotix/install/include/interbotix_xs_msgs/interbotix_xs_msgs/srv/detail/register_values__functions.h
[20.376s] -- Installing: /home/derek-dietz/MSAI/ComputerVision/Final_Project/ws/interbotix/install/include/interbotix_xs_msgs/interbotix_xs_msgs/srv/detail/reboot__struct.h
[20.376s] -- Installing: /home/derek-dietz/MSAI/ComputerVision/Final_Project/ws/interbotix/install/include/interbotix_xs_msgs/interbotix_xs_msgs/srv/detail/motor_gains__functions.h
[20.376s] -- Installing: /home/derek-dietz/MSAI/ComputerVision/Final_Project/ws/interbotix/install/include/interbotix_xs_msgs/interbotix_xs_msgs/srv/detail/register_values__struct.h
[20.377s] -- Installing: /home/derek-dietz/MSAI/ComputerVision/Final_Project/ws/interbotix/install/include/interbotix_xs_msgs/interbotix_xs_msgs/srv/detail/reboot__functions.c
[20.377s] -- Installing: /home/derek-dietz/MSAI/ComputerVision/Final_Project/ws/interbotix/install/include/interbotix_xs_msgs/interbotix_xs_msgs/srv/detail/operating_modes__functions.c
[20.377s] -- Installing: /home/derek-dietz/MSAI/ComputerVision/Final_Project/ws/interbotix/install/include/interbotix_xs_msgs/interbotix_xs_msgs/srv/detail/operating_modes__description.c
[20.377s] -- Installing: /home/derek-dietz/MSAI/ComputerVision/Final_Project/ws/interbotix/install/include/interbotix_xs_msgs/interbotix_xs_msgs/srv/detail/robot_info__type_support.h
[20.377s] -- Installing: /home/derek-dietz/MSAI/ComputerVision/Final_Project/ws/interbotix/install/include/interbotix_xs_msgs/interbotix_xs_msgs/srv/detail/motor_gains__functions.c
[20.377s] -- Installing: /home/derek-dietz/MSAI/ComputerVision/Final_Project/ws/interbotix/install/include/interbotix_xs_msgs/interbotix_xs_msgs/srv/detail/torque_enable__functions.c
[20.377s] -- Installing: /home/derek-dietz/MSAI/ComputerVision/Final_Project/ws/interbotix/install/include/interbotix_xs_msgs/interbotix_xs_msgs/srv/detail/motor_gains__struct.h
[20.377s] -- Installing: /home/derek-dietz/MSAI/ComputerVision/Final_Project/ws/interbotix/install/include/interbotix_xs_msgs/interbotix_xs_msgs/srv/detail/reboot__type_support.c
[20.377s] -- Installing: /home/derek-dietz/MSAI/ComputerVision/Final_Project/ws/interbotix/install/include/interbotix_xs_msgs/interbotix_xs_msgs/srv/detail/register_values__functions.c
[20.378s] -- Installing: /home/derek-dietz/MSAI/ComputerVision/Final_Project/ws/interbotix/install/include/interbotix_xs_msgs/interbotix_xs_msgs/srv/detail/torque_enable__type_support.c
[20.378s] -- Installing: /home/derek-dietz/MSAI/ComputerVision/Final_Project/ws/interbotix/install/include/interbotix_xs_msgs/interbotix_xs_msgs/srv/detail/robot_info__type_support.c
[20.378s] -- Installing: /home/derek-dietz/MSAI/ComputerVision/Final_Project/ws/interbotix/install/include/interbotix_xs_msgs/interbotix_xs_msgs/srv/detail/register_values__type_support.h
[20.378s] -- Installing: /home/derek-dietz/MSAI/ComputerVision/Final_Project/ws/interbotix/install/include/interbotix_xs_msgs/interbotix_xs_msgs/srv/detail/torque_enable__type_support.h
[20.378s] -- Installing: /home/derek-dietz/MSAI/ComputerVision/Final_Project/ws/interbotix/install/include/interbotix_xs_msgs/interbotix_xs_msgs/srv/detail/reboot__functions.h
[20.378s] -- Installing: /home/derek-dietz/MSAI/ComputerVision/Final_Project/ws/interbotix/install/include/interbotix_xs_msgs/interbotix_xs_msgs/srv/detail/motor_gains__type_support.h
[20.378s] -- Installing: /home/derek-dietz/MSAI/ComputerVision/Final_Project/ws/interbotix/install/include/interbotix_xs_msgs/interbotix_xs_msgs/srv/detail/operating_modes__type_support.c
[20.378s] -- Installing: /home/derek-dietz/MSAI/ComputerVision/Final_Project/ws/interbotix/install/include/interbotix_xs_msgs/interbotix_xs_msgs/srv/detail/motor_gains__type_support.c
[20.378s] -- Installing: /home/derek-dietz/MSAI/ComputerVision/Final_Project/ws/interbotix/install/include/interbotix_xs_msgs/interbotix_xs_msgs/srv/detail/torque_enable__description.c
[20.378s] -- Installing: /home/derek-dietz/MSAI/ComputerVision/Final_Project/ws/interbotix/install/include/interbotix_xs_msgs/interbotix_xs_msgs/srv/detail/register_values__type_support.c
[20.379s] -- Installing: /home/derek-dietz/MSAI/ComputerVision/Final_Project/ws/interbotix/install/include/interbotix_xs_msgs/interbotix_xs_msgs/srv/detail/robot_info__functions.h
[20.379s] -- Installing: /home/derek-dietz/MSAI/ComputerVision/Final_Project/ws/interbotix/install/include/interbotix_xs_msgs/interbotix_xs_msgs/srv/detail/robot_info__functions.c
[20.379s] -- Installing: /home/derek-dietz/MSAI/ComputerVision/Final_Project/ws/interbotix/install/include/interbotix_xs_msgs/interbotix_xs_msgs/srv/detail/motor_gains__description.c
[20.379s] -- Installing: /home/derek-dietz/MSAI/ComputerVision/Final_Project/ws/interbotix/install/include/interbotix_xs_msgs/interbotix_xs_msgs/srv/detail/robot_info__description.c
[20.379s] -- Installing: /home/derek-dietz/MSAI/ComputerVision/Final_Project/ws/interbotix/install/include/interbotix_xs_msgs/interbotix_xs_msgs/srv/detail/operating_modes__type_support.h
[20.379s] -- Installing: /home/derek-dietz/MSAI/ComputerVision/Final_Project/ws/interbotix/install/include/interbotix_xs_msgs/interbotix_xs_msgs/srv/detail/register_values__description.c
[20.379s] -- Installing: /home/derek-dietz/MSAI/ComputerVision/Final_Project/ws/interbotix/install/include/interbotix_xs_msgs/interbotix_xs_msgs/srv/detail/reboot__type_support.h
[20.379s] -- Installing: /home/derek-dietz/MSAI/ComputerVision/Final_Project/ws/interbotix/install/include/interbotix_xs_msgs/interbotix_xs_msgs/srv/detail/torque_enable__struct.h
[20.380s] -- Installing: /home/derek-dietz/MSAI/ComputerVision/Final_Project/ws/interbotix/install/include/interbotix_xs_msgs/interbotix_xs_msgs/srv/detail/robot_info__struct.h
[20.380s] -- Installing: /home/derek-dietz/MSAI/ComputerVision/Final_Project/ws/interbotix/install/include/interbotix_xs_msgs/interbotix_xs_msgs/srv/detail/operating_modes__struct.h
[20.380s] -- Installing: /home/derek-dietz/MSAI/ComputerVision/Final_Project/ws/interbotix/install/include/interbotix_xs_msgs/interbotix_xs_msgs/srv/robot_info.h
[20.380s] -- Installing: /home/derek-dietz/MSAI/ComputerVision/Final_Project/ws/interbotix/install/include/interbotix_xs_msgs/interbotix_xs_msgs/srv/motor_gains.h
[20.380s] -- Installing: /home/derek-dietz/MSAI/ComputerVision/Final_Project/ws/interbotix/install/include/interbotix_xs_msgs/interbotix_xs_msgs/srv/torque_enable.h
[20.380s] -- Installing: /home/derek-dietz/MSAI/ComputerVision/Final_Project/ws/interbotix/install/include/interbotix_xs_msgs/interbotix_xs_msgs/srv/reboot.h
[20.381s] -- Installing: /home/derek-dietz/MSAI/ComputerVision/Final_Project/ws/interbotix/install/share/interbotix_xs_msgs/environment/library_path.sh
[20.381s] -- Installing: /home/derek-dietz/MSAI/ComputerVision/Final_Project/ws/interbotix/install/share/interbotix_xs_msgs/environment/library_path.dsv
[20.381s] -- Installing: /home/derek-dietz/MSAI/ComputerVision/Final_Project/ws/interbotix/install/lib/libinterbotix_xs_msgs__rosidl_generator_c.so
[20.382s] -- Set non-toolchain portion of runtime path of "/home/derek-dietz/MSAI/ComputerVision/Final_Project/ws/interbotix/install/lib/libinterbotix_xs_msgs__rosidl_generator_c.so" to ""
[20.382s] -- Up-to-date: /home/derek-dietz/MSAI/ComputerVision/Final_Project/ws/interbotix/install/include/interbotix_xs_msgs/interbotix_xs_msgs
[20.382s] -- Up-to-date: /home/derek-dietz/MSAI/ComputerVision/Final_Project/ws/interbotix/install/include/interbotix_xs_msgs/interbotix_xs_msgs/msg
[20.382s] -- Installing: /home/derek-dietz/MSAI/ComputerVision/Final_Project/ws/interbotix/install/include/interbotix_xs_msgs/interbotix_xs_msgs/msg/rosidl_typesupport_fastrtps_c__visibility_control.h
[20.382s] -- Up-to-date: /home/derek-dietz/MSAI/ComputerVision/Final_Project/ws/interbotix/install/include/interbotix_xs_msgs/interbotix_xs_msgs/msg/detail
[20.382s] -- Installing: /home/derek-dietz/MSAI/ComputerVision/Final_Project/ws/interbotix/install/include/interbotix_xs_msgs/interbotix_xs_msgs/msg/detail/turret_joy__rosidl_typesupport_fastrtps_c.h
[20.382s] -- Installing: /home/derek-dietz/MSAI/ComputerVision/Final_Project/ws/interbotix/install/include/interbotix_xs_msgs/interbotix_xs_msgs/msg/detail/joint_temps__rosidl_typesupport_fastrtps_c.h
[20.382s] -- Installing: /home/derek-dietz/MSAI/ComputerVision/Final_Project/ws/interbotix/install/include/interbotix_xs_msgs/interbotix_xs_msgs/msg/detail/joint_trajectory_command__rosidl_typesupport_fastrtps_c.h
[20.383s] -- Installing: /home/derek-dietz/MSAI/ComputerVision/Final_Project/ws/interbotix/install/include/interbotix_xs_msgs/interbotix_xs_msgs/msg/detail/hex_joy__rosidl_typesupport_fastrtps_c.h
[20.383s] -- Installing: /home/derek-dietz/MSAI/ComputerVision/Final_Project/ws/interbotix/install/include/interbotix_xs_msgs/interbotix_xs_msgs/msg/detail/joint_group_command__rosidl_typesupport_fastrtps_c.h
[20.383s] -- Installing: /home/derek-dietz/MSAI/ComputerVision/Final_Project/ws/interbotix/install/include/interbotix_xs_msgs/interbotix_xs_msgs/msg/detail/locobot_joy__rosidl_typesupport_fastrtps_c.h
[20.383s] -- Installing: /home/derek-dietz/MSAI/ComputerVision/Final_Project/ws/interbotix/install/include/interbotix_xs_msgs/interbotix_xs_msgs/msg/detail/joint_single_command__rosidl_typesupport_fastrtps_c.h
[20.383s] -- Installing: /home/derek-dietz/MSAI/ComputerVision/Final_Project/ws/interbotix/install/include/interbotix_xs_msgs/interbotix_xs_msgs/msg/detail/arm_joy__rosidl_typesupport_fastrtps_c.h
[20.383s] -- Up-to-date: /home/derek-dietz/MSAI/ComputerVision/Final_Project/ws/interbotix/install/include/interbotix_xs_msgs/interbotix_xs_msgs/srv
[20.383s] -- Up-to-date: /home/derek-dietz/MSAI/ComputerVision/Final_Project/ws/interbotix/install/include/interbotix_xs_msgs/interbotix_xs_msgs/srv/detail
[20.383s] -- Installing: /home/derek-dietz/MSAI/ComputerVision/Final_Project/ws/interbotix/install/include/interbotix_xs_msgs/interbotix_xs_msgs/srv/detail/motor_gains__rosidl_typesupport_fastrtps_c.h
[20.383s] -- Installing: /home/derek-dietz/MSAI/ComputerVision/Final_Project/ws/interbotix/install/include/interbotix_xs_msgs/interbotix_xs_msgs/srv/detail/register_values__rosidl_typesupport_fastrtps_c.h
[20.384s] -- Installing: /home/derek-dietz/MSAI/ComputerVision/Final_Project/ws/interbotix/install/include/interbotix_xs_msgs/interbotix_xs_msgs/srv/detail/robot_info__rosidl_typesupport_fastrtps_c.h
[20.384s] -- Installing: /home/derek-dietz/MSAI/ComputerVision/Final_Project/ws/interbotix/install/include/interbotix_xs_msgs/interbotix_xs_msgs/srv/detail/reboot__rosidl_typesupport_fastrtps_c.h
[20.384s] -- Installing: /home/derek-dietz/MSAI/ComputerVision/Final_Project/ws/interbotix/install/include/interbotix_xs_msgs/interbotix_xs_msgs/srv/detail/operating_modes__rosidl_typesupport_fastrtps_c.h
[20.384s] -- Installing: /home/derek-dietz/MSAI/ComputerVision/Final_Project/ws/interbotix/install/include/interbotix_xs_msgs/interbotix_xs_msgs/srv/detail/torque_enable__rosidl_typesupport_fastrtps_c.h
[20.384s] -- Installing: /home/derek-dietz/MSAI/ComputerVision/Final_Project/ws/interbotix/install/lib/libinterbotix_xs_msgs__rosidl_typesupport_fastrtps_c.so
[20.385s] -- Set non-toolchain portion of runtime path of "/home/derek-dietz/MSAI/ComputerVision/Final_Project/ws/interbotix/install/lib/libinterbotix_xs_msgs__rosidl_typesupport_fastrtps_c.so" to ""
[20.385s] -- Up-to-date: /home/derek-dietz/MSAI/ComputerVision/Final_Project/ws/interbotix/install/include/interbotix_xs_msgs/interbotix_xs_msgs
[20.385s] -- Up-to-date: /home/derek-dietz/MSAI/ComputerVision/Final_Project/ws/interbotix/install/include/interbotix_xs_msgs/interbotix_xs_msgs/msg
[20.385s] -- Up-to-date: /home/derek-dietz/MSAI/ComputerVision/Final_Project/ws/interbotix/install/include/interbotix_xs_msgs/interbotix_xs_msgs/msg/detail
[20.385s] -- Installing: /home/derek-dietz/MSAI/ComputerVision/Final_Project/ws/interbotix/install/include/interbotix_xs_msgs/interbotix_xs_msgs/msg/detail/joint_trajectory_command__rosidl_typesupport_introspection_c.h
[20.385s] -- Installing: /home/derek-dietz/MSAI/ComputerVision/Final_Project/ws/interbotix/install/include/interbotix_xs_msgs/interbotix_xs_msgs/msg/detail/joint_temps__type_support.c
[20.385s] -- Installing: /home/derek-dietz/MSAI/ComputerVision/Final_Project/ws/interbotix/install/include/interbotix_xs_msgs/interbotix_xs_msgs/msg/detail/joint_single_command__type_support.c
[20.385s] -- Installing: /home/derek-dietz/MSAI/ComputerVision/Final_Project/ws/interbotix/install/include/interbotix_xs_msgs/interbotix_xs_msgs/msg/detail/locobot_joy__rosidl_typesupport_introspection_c.h
[20.386s] -- Installing: /home/derek-dietz/MSAI/ComputerVision/Final_Project/ws/interbotix/install/include/interbotix_xs_msgs/interbotix_xs_msgs/msg/detail/turret_joy__type_support.c
[20.386s] -- Installing: /home/derek-dietz/MSAI/ComputerVision/Final_Project/ws/interbotix/install/include/interbotix_xs_msgs/interbotix_xs_msgs/msg/detail/locobot_joy__type_support.c
[20.386s] -- Installing: /home/derek-dietz/MSAI/ComputerVision/Final_Project/ws/interbotix/install/include/interbotix_xs_msgs/interbotix_xs_msgs/msg/detail/hex_joy__rosidl_typesupport_introspection_c.h
[20.386s] -- Installing: /home/derek-dietz/MSAI/ComputerVision/Final_Project/ws/interbotix/install/include/interbotix_xs_msgs/interbotix_xs_msgs/msg/detail/hex_joy__type_support.c
[20.386s] -- Installing: /home/derek-dietz/MSAI/ComputerVision/Final_Project/ws/interbotix/install/include/interbotix_xs_msgs/interbotix_xs_msgs/msg/detail/joint_temps__rosidl_typesupport_introspection_c.h
[20.386s] -- Installing: /home/derek-dietz/MSAI/ComputerVision/Final_Project/ws/interbotix/install/include/interbotix_xs_msgs/interbotix_xs_msgs/msg/detail/joint_trajectory_command__type_support.c
[20.386s] -- Installing: /home/derek-dietz/MSAI/ComputerVision/Final_Project/ws/interbotix/install/include/interbotix_xs_msgs/interbotix_xs_msgs/msg/detail/joint_group_command__rosidl_typesupport_introspection_c.h
[20.387s] -- Installing: /home/derek-dietz/MSAI/ComputerVision/Final_Project/ws/interbotix/install/include/interbotix_xs_msgs/interbotix_xs_msgs/msg/detail/arm_joy__rosidl_typesupport_introspection_c.h
[20.387s] -- Installing: /home/derek-dietz/MSAI/ComputerVision/Final_Project/ws/interbotix/install/include/interbotix_xs_msgs/interbotix_xs_msgs/msg/detail/joint_group_command__type_support.c
[20.387s] -- Installing: /home/derek-dietz/MSAI/ComputerVision/Final_Project/ws/interbotix/install/include/interbotix_xs_msgs/interbotix_xs_msgs/msg/detail/joint_single_command__rosidl_typesupport_introspection_c.h
[20.387s] -- Installing: /home/derek-dietz/MSAI/ComputerVision/Final_Project/ws/interbotix/install/include/interbotix_xs_msgs/interbotix_xs_msgs/msg/detail/arm_joy__type_support.c
[20.387s] -- Installing: /home/derek-dietz/MSAI/ComputerVision/Final_Project/ws/interbotix/install/include/interbotix_xs_msgs/interbotix_xs_msgs/msg/detail/turret_joy__rosidl_typesupport_introspection_c.h
[20.387s] -- Installing: /home/derek-dietz/MSAI/ComputerVision/Final_Project/ws/interbotix/install/include/interbotix_xs_msgs/interbotix_xs_msgs/msg/rosidl_typesupport_introspection_c__visibility_control.h
[20.387s] -- Up-to-date: /home/derek-dietz/MSAI/ComputerVision/Final_Project/ws/interbotix/install/include/interbotix_xs_msgs/interbotix_xs_msgs/srv
[20.387s] -- Up-to-date: /home/derek-dietz/MSAI/ComputerVision/Final_Project/ws/interbotix/install/include/interbotix_xs_msgs/interbotix_xs_msgs/srv/detail
[20.387s] -- Installing: /home/derek-dietz/MSAI/ComputerVision/Final_Project/ws/interbotix/install/include/interbotix_xs_msgs/interbotix_xs_msgs/srv/detail/register_values__rosidl_typesupport_introspection_c.h
[20.388s] -- Installing: /home/derek-dietz/MSAI/ComputerVision/Final_Project/ws/interbotix/install/include/interbotix_xs_msgs/interbotix_xs_msgs/srv/detail/reboot__type_support.c
[20.388s] -- Installing: /home/derek-dietz/MSAI/ComputerVision/Final_Project/ws/interbotix/install/include/interbotix_xs_msgs/interbotix_xs_msgs/srv/detail/torque_enable__type_support.c
[20.388s] -- Installing: /home/derek-dietz/MSAI/ComputerVision/Final_Project/ws/interbotix/install/include/interbotix_xs_msgs/interbotix_xs_msgs/srv/detail/robot_info__type_support.c
[20.388s] -- Installing: /home/derek-dietz/MSAI/ComputerVision/Final_Project/ws/interbotix/install/include/interbotix_xs_msgs/interbotix_xs_msgs/srv/detail/robot_info__rosidl_typesupport_introspection_c.h
[20.388s] -- Installing: /home/derek-dietz/MSAI/ComputerVision/Final_Project/ws/interbotix/install/include/interbotix_xs_msgs/interbotix_xs_msgs/srv/detail/operating_modes__rosidl_typesupport_introspection_c.h
[20.388s] -- Installing: /home/derek-dietz/MSAI/ComputerVision/Final_Project/ws/interbotix/install/include/interbotix_xs_msgs/interbotix_xs_msgs/srv/detail/operating_modes__type_support.c
[20.389s] -- Installing: /home/derek-dietz/MSAI/ComputerVision/Final_Project/ws/interbotix/install/include/interbotix_xs_msgs/interbotix_xs_msgs/srv/detail/motor_gains__type_support.c
[20.389s] -- Installing: /home/derek-dietz/MSAI/ComputerVision/Final_Project/ws/interbotix/install/include/interbotix_xs_msgs/interbotix_xs_msgs/srv/detail/motor_gains__rosidl_typesupport_introspection_c.h
[20.389s] -- Installing: /home/derek-dietz/MSAI/ComputerVision/Final_Project/ws/interbotix/install/include/interbotix_xs_msgs/interbotix_xs_msgs/srv/detail/register_values__type_support.c
[20.389s] -- Installing: /home/derek-dietz/MSAI/ComputerVision/Final_Project/ws/interbotix/install/include/interbotix_xs_msgs/interbotix_xs_msgs/srv/detail/torque_enable__rosidl_typesupport_introspection_c.h
[20.389s] -- Installing: /home/derek-dietz/MSAI/ComputerVision/Final_Project/ws/interbotix/install/include/interbotix_xs_msgs/interbotix_xs_msgs/srv/detail/reboot__rosidl_typesupport_introspection_c.h
[20.389s] -- Installing: /home/derek-dietz/MSAI/ComputerVision/Final_Project/ws/interbotix/install/lib/libinterbotix_xs_msgs__rosidl_typesupport_introspection_c.so
[20.390s] -- Set non-toolchain portion of runtime path of "/home/derek-dietz/MSAI/ComputerVision/Final_Project/ws/interbotix/install/lib/libinterbotix_xs_msgs__rosidl_typesupport_introspection_c.so" to ""
[20.390s] -- Installing: /home/derek-dietz/MSAI/ComputerVision/Final_Project/ws/interbotix/install/lib/libinterbotix_xs_msgs__rosidl_typesupport_c.so
[20.390s] -- Set non-toolchain portion of runtime path of "/home/derek-dietz/MSAI/ComputerVision/Final_Project/ws/interbotix/install/lib/libinterbotix_xs_msgs__rosidl_typesupport_c.so" to ""
[20.390s] -- Up-to-date: /home/derek-dietz/MSAI/ComputerVision/Final_Project/ws/interbotix/install/include/interbotix_xs_msgs/interbotix_xs_msgs
[20.390s] -- Up-to-date: /home/derek-dietz/MSAI/ComputerVision/Final_Project/ws/interbotix/install/include/interbotix_xs_msgs/interbotix_xs_msgs/msg
[20.390s] -- Installing: /home/derek-dietz/MSAI/ComputerVision/Final_Project/ws/interbotix/install/include/interbotix_xs_msgs/interbotix_xs_msgs/msg/arm_joy.hpp
[20.390s] -- Installing: /home/derek-dietz/MSAI/ComputerVision/Final_Project/ws/interbotix/install/include/interbotix_xs_msgs/interbotix_xs_msgs/msg/rosidl_generator_cpp__visibility_control.hpp
[20.390s] -- Installing: /home/derek-dietz/MSAI/ComputerVision/Final_Project/ws/interbotix/install/include/interbotix_xs_msgs/interbotix_xs_msgs/msg/joint_group_command.hpp
[20.391s] -- Up-to-date: /home/derek-dietz/MSAI/ComputerVision/Final_Project/ws/interbotix/install/include/interbotix_xs_msgs/interbotix_xs_msgs/msg/detail
[20.391s] -- Installing: /home/derek-dietz/MSAI/ComputerVision/Final_Project/ws/interbotix/install/include/interbotix_xs_msgs/interbotix_xs_msgs/msg/detail/joint_single_command__struct.hpp
[20.391s] -- Installing: /home/derek-dietz/MSAI/ComputerVision/Final_Project/ws/interbotix/install/include/interbotix_xs_msgs/interbotix_xs_msgs/msg/detail/joint_trajectory_command__type_support.hpp
[20.391s] -- Installing: /home/derek-dietz/MSAI/ComputerVision/Final_Project/ws/interbotix/install/include/interbotix_xs_msgs/interbotix_xs_msgs/msg/detail/joint_group_command__type_support.hpp
[20.391s] -- Installing: /home/derek-dietz/MSAI/ComputerVision/Final_Project/ws/interbotix/install/include/interbotix_xs_msgs/interbotix_xs_msgs/msg/detail/locobot_joy__struct.hpp
[20.391s] -- Installing: /home/derek-dietz/MSAI/ComputerVision/Final_Project/ws/interbotix/install/include/interbotix_xs_msgs/interbotix_xs_msgs/msg/detail/joint_temps__traits.hpp
[20.391s] -- Installing: /home/derek-dietz/MSAI/ComputerVision/Final_Project/ws/interbotix/install/include/interbotix_xs_msgs/interbotix_xs_msgs/msg/detail/joint_group_command__struct.hpp
[20.391s] -- Installing: /home/derek-dietz/MSAI/ComputerVision/Final_Project/ws/interbotix/install/include/interbotix_xs_msgs/interbotix_xs_msgs/msg/detail/joint_group_command__traits.hpp
[20.391s] -- Installing: /home/derek-dietz/MSAI/ComputerVision/Final_Project/ws/interbotix/install/include/interbotix_xs_msgs/interbotix_xs_msgs/msg/detail/turret_joy__type_support.hpp
[20.391s] -- Installing: /home/derek-dietz/MSAI/ComputerVision/Final_Project/ws/interbotix/install/include/interbotix_xs_msgs/interbotix_xs_msgs/msg/detail/locobot_joy__traits.hpp
[20.391s] -- Installing: /home/derek-dietz/MSAI/ComputerVision/Final_Project/ws/interbotix/install/include/interbotix_xs_msgs/interbotix_xs_msgs/msg/detail/hex_joy__struct.hpp
[20.392s] -- Installing: /home/derek-dietz/MSAI/ComputerVision/Final_Project/ws/interbotix/install/include/interbotix_xs_msgs/interbotix_xs_msgs/msg/detail/joint_trajectory_command__builder.hpp
[20.392s] -- Installing: /home/derek-dietz/MSAI/ComputerVision/Final_Project/ws/interbotix/install/include/interbotix_xs_msgs/interbotix_xs_msgs/msg/detail/joint_temps__type_support.hpp
[20.392s] -- Installing: /home/derek-dietz/MSAI/ComputerVision/Final_Project/ws/interbotix/install/include/interbotix_xs_msgs/interbotix_xs_msgs/msg/detail/arm_joy__struct.hpp
[20.392s] -- Installing: /home/derek-dietz/MSAI/ComputerVision/Final_Project/ws/interbotix/install/include/interbotix_xs_msgs/interbotix_xs_msgs/msg/detail/locobot_joy__type_support.hpp
[20.392s] -- Installing: /home/derek-dietz/MSAI/ComputerVision/Final_Project/ws/interbotix/install/include/interbotix_xs_msgs/interbotix_xs_msgs/msg/detail/joint_single_command__type_support.hpp
[20.392s] -- Installing: /home/derek-dietz/MSAI/ComputerVision/Final_Project/ws/interbotix/install/include/interbotix_xs_msgs/interbotix_xs_msgs/msg/detail/arm_joy__builder.hpp
[20.392s] -- Installing: /home/derek-dietz/MSAI/ComputerVision/Final_Project/ws/interbotix/install/include/interbotix_xs_msgs/interbotix_xs_msgs/msg/detail/joint_single_command__builder.hpp
[20.392s] -- Installing: /home/derek-dietz/MSAI/ComputerVision/Final_Project/ws/interbotix/install/include/interbotix_xs_msgs/interbotix_xs_msgs/msg/detail/arm_joy__traits.hpp
[20.392s] -- Installing: /home/derek-dietz/MSAI/ComputerVision/Final_Project/ws/interbotix/install/include/interbotix_xs_msgs/interbotix_xs_msgs/msg/detail/arm_joy__type_support.hpp
[20.392s] -- Installing: /home/derek-dietz/MSAI/ComputerVision/Final_Project/ws/interbotix/install/include/interbotix_xs_msgs/interbotix_xs_msgs/msg/detail/turret_joy__builder.hpp
[20.392s] -- Installing: /home/derek-dietz/MSAI/ComputerVision/Final_Project/ws/interbotix/install/include/interbotix_xs_msgs/interbotix_xs_msgs/msg/detail/locobot_joy__builder.hpp
[20.393s] -- Installing: /home/derek-dietz/MSAI/ComputerVision/Final_Project/ws/interbotix/install/include/interbotix_xs_msgs/interbotix_xs_msgs/msg/detail/joint_single_command__traits.hpp
[20.393s] -- Installing: /home/derek-dietz/MSAI/ComputerVision/Final_Project/ws/interbotix/install/include/interbotix_xs_msgs/interbotix_xs_msgs/msg/detail/joint_trajectory_command__traits.hpp
[20.393s] -- Installing: /home/derek-dietz/MSAI/ComputerVision/Final_Project/ws/interbotix/install/include/interbotix_xs_msgs/interbotix_xs_msgs/msg/detail/turret_joy__struct.hpp
[20.393s] -- Installing: /home/derek-dietz/MSAI/ComputerVision/Final_Project/ws/interbotix/install/include/interbotix_xs_msgs/interbotix_xs_msgs/msg/detail/hex_joy__type_support.hpp
[20.393s] -- Installing: /home/derek-dietz/MSAI/ComputerVision/Final_Project/ws/interbotix/install/include/interbotix_xs_msgs/interbotix_xs_msgs/msg/detail/joint_group_command__builder.hpp
[20.393s] -- Installing: /home/derek-dietz/MSAI/ComputerVision/Final_Project/ws/interbotix/install/include/interbotix_xs_msgs/interbotix_xs_msgs/msg/detail/joint_trajectory_command__struct.hpp
[20.393s] -- Installing: /home/derek-dietz/MSAI/ComputerVision/Final_Project/ws/interbotix/install/include/interbotix_xs_msgs/interbotix_xs_msgs/msg/detail/joint_temps__struct.hpp
[20.393s] -- Installing: /home/derek-dietz/MSAI/ComputerVision/Final_Project/ws/interbotix/install/include/interbotix_xs_msgs/interbotix_xs_msgs/msg/detail/joint_temps__builder.hpp
[20.393s] -- Installing: /home/derek-dietz/MSAI/ComputerVision/Final_Project/ws/interbotix/install/include/interbotix_xs_msgs/interbotix_xs_msgs/msg/detail/turret_joy__traits.hpp
[20.393s] -- Installing: /home/derek-dietz/MSAI/ComputerVision/Final_Project/ws/interbotix/install/include/interbotix_xs_msgs/interbotix_xs_msgs/msg/detail/hex_joy__traits.hpp
[20.393s] -- Installing: /home/derek-dietz/MSAI/ComputerVision/Final_Project/ws/interbotix/install/include/interbotix_xs_msgs/interbotix_xs_msgs/msg/detail/hex_joy__builder.hpp
[20.394s] -- Installing: /home/derek-dietz/MSAI/ComputerVision/Final_Project/ws/interbotix/install/include/interbotix_xs_msgs/interbotix_xs_msgs/msg/locobot_joy.hpp
[20.394s] -- Installing: /home/derek-dietz/MSAI/ComputerVision/Final_Project/ws/interbotix/install/include/interbotix_xs_msgs/interbotix_xs_msgs/msg/joint_single_command.hpp
[20.394s] -- Installing: /home/derek-dietz/MSAI/ComputerVision/Final_Project/ws/interbotix/install/include/interbotix_xs_msgs/interbotix_xs_msgs/msg/turret_joy.hpp
[20.394s] -- Installing: /home/derek-dietz/MSAI/ComputerVision/Final_Project/ws/interbotix/install/include/interbotix_xs_msgs/interbotix_xs_msgs/msg/hex_joy.hpp
[20.394s] -- Installing: /home/derek-dietz/MSAI/ComputerVision/Final_Project/ws/interbotix/install/include/interbotix_xs_msgs/interbotix_xs_msgs/msg/joint_trajectory_command.hpp
[20.394s] -- Installing: /home/derek-dietz/MSAI/ComputerVision/Final_Project/ws/interbotix/install/include/interbotix_xs_msgs/interbotix_xs_msgs/msg/joint_temps.hpp
[20.394s] -- Up-to-date: /home/derek-dietz/MSAI/ComputerVision/Final_Project/ws/interbotix/install/include/interbotix_xs_msgs/interbotix_xs_msgs/srv
[20.394s] -- Installing: /home/derek-dietz/MSAI/ComputerVision/Final_Project/ws/interbotix/install/include/interbotix_xs_msgs/interbotix_xs_msgs/srv/reboot.hpp
[20.394s] -- Installing: /home/derek-dietz/MSAI/ComputerVision/Final_Project/ws/interbotix/install/include/interbotix_xs_msgs/interbotix_xs_msgs/srv/robot_info.hpp
[20.394s] -- Installing: /home/derek-dietz/MSAI/ComputerVision/Final_Project/ws/interbotix/install/include/interbotix_xs_msgs/interbotix_xs_msgs/srv/register_values.hpp
[20.394s] -- Up-to-date: /home/derek-dietz/MSAI/ComputerVision/Final_Project/ws/interbotix/install/include/interbotix_xs_msgs/interbotix_xs_msgs/srv/detail
[20.394s] -- Installing: /home/derek-dietz/MSAI/ComputerVision/Final_Project/ws/interbotix/install/include/interbotix_xs_msgs/interbotix_xs_msgs/srv/detail/torque_enable__struct.hpp
[20.395s] -- Installing: /home/derek-dietz/MSAI/ComputerVision/Final_Project/ws/interbotix/install/include/interbotix_xs_msgs/interbotix_xs_msgs/srv/detail/robot_info__struct.hpp
[20.395s] -- Installing: /home/derek-dietz/MSAI/ComputerVision/Final_Project/ws/interbotix/install/include/interbotix_xs_msgs/interbotix_xs_msgs/srv/detail/register_values__traits.hpp
[20.395s] -- Installing: /home/derek-dietz/MSAI/ComputerVision/Final_Project/ws/interbotix/install/include/interbotix_xs_msgs/interbotix_xs_msgs/srv/detail/operating_modes__type_support.hpp
[20.395s] -- Installing: /home/derek-dietz/MSAI/ComputerVision/Final_Project/ws/interbotix/install/include/interbotix_xs_msgs/interbotix_xs_msgs/srv/detail/operating_modes__struct.hpp
[20.395s] -- Installing: /home/derek-dietz/MSAI/ComputerVision/Final_Project/ws/interbotix/install/include/interbotix_xs_msgs/interbotix_xs_msgs/srv/detail/register_values__struct.hpp
[20.395s] -- Installing: /home/derek-dietz/MSAI/ComputerVision/Final_Project/ws/interbotix/install/include/interbotix_xs_msgs/interbotix_xs_msgs/srv/detail/register_values__builder.hpp
[20.395s] -- Installing: /home/derek-dietz/MSAI/ComputerVision/Final_Project/ws/interbotix/install/include/interbotix_xs_msgs/interbotix_xs_msgs/srv/detail/motor_gains__traits.hpp
[20.395s] -- Installing: /home/derek-dietz/MSAI/ComputerVision/Final_Project/ws/interbotix/install/include/interbotix_xs_msgs/interbotix_xs_msgs/srv/detail/robot_info__type_support.hpp
[20.395s] -- Installing: /home/derek-dietz/MSAI/ComputerVision/Final_Project/ws/interbotix/install/include/interbotix_xs_msgs/interbotix_xs_msgs/srv/detail/torque_enable__traits.hpp
[20.395s] -- Installing: /home/derek-dietz/MSAI/ComputerVision/Final_Project/ws/interbotix/install/include/interbotix_xs_msgs/interbotix_xs_msgs/srv/detail/reboot__builder.hpp
[20.395s] -- Installing: /home/derek-dietz/MSAI/ComputerVision/Final_Project/ws/interbotix/install/include/interbotix_xs_msgs/interbotix_xs_msgs/srv/detail/motor_gains__type_support.hpp
[20.395s] -- Installing: /home/derek-dietz/MSAI/ComputerVision/Final_Project/ws/interbotix/install/include/interbotix_xs_msgs/interbotix_xs_msgs/srv/detail/torque_enable__builder.hpp
[20.396s] -- Installing: /home/derek-dietz/MSAI/ComputerVision/Final_Project/ws/interbotix/install/include/interbotix_xs_msgs/interbotix_xs_msgs/srv/detail/robot_info__traits.hpp
[20.396s] -- Installing: /home/derek-dietz/MSAI/ComputerVision/Final_Project/ws/interbotix/install/include/interbotix_xs_msgs/interbotix_xs_msgs/srv/detail/operating_modes__builder.hpp
[20.396s] -- Installing: /home/derek-dietz/MSAI/ComputerVision/Final_Project/ws/interbotix/install/include/interbotix_xs_msgs/interbotix_xs_msgs/srv/detail/robot_info__builder.hpp
[20.396s] -- Installing: /home/derek-dietz/MSAI/ComputerVision/Final_Project/ws/interbotix/install/include/interbotix_xs_msgs/interbotix_xs_msgs/srv/detail/reboot__traits.hpp
[20.396s] -- Installing: /home/derek-dietz/MSAI/ComputerVision/Final_Project/ws/interbotix/install/include/interbotix_xs_msgs/interbotix_xs_msgs/srv/detail/torque_enable__type_support.hpp
[20.396s] -- Installing: /home/derek-dietz/MSAI/ComputerVision/Final_Project/ws/interbotix/install/include/interbotix_xs_msgs/interbotix_xs_msgs/srv/detail/operating_modes__traits.hpp
[20.396s] -- Installing: /home/derek-dietz/MSAI/ComputerVision/Final_Project/ws/interbotix/install/include/interbotix_xs_msgs/interbotix_xs_msgs/srv/detail/reboot__struct.hpp
[20.396s] -- Installing: /home/derek-dietz/MSAI/ComputerVision/Final_Project/ws/interbotix/install/include/interbotix_xs_msgs/interbotix_xs_msgs/srv/detail/motor_gains__builder.hpp
[20.396s] -- Installing: /home/derek-dietz/MSAI/ComputerVision/Final_Project/ws/interbotix/install/include/interbotix_xs_msgs/interbotix_xs_msgs/srv/detail/motor_gains__struct.hpp
[20.396s] -- Installing: /home/derek-dietz/MSAI/ComputerVision/Final_Project/ws/interbotix/install/include/interbotix_xs_msgs/interbotix_xs_msgs/srv/detail/register_values__type_support.hpp
[20.397s] -- Installing: /home/derek-dietz/MSAI/ComputerVision/Final_Project/ws/interbotix/install/include/interbotix_xs_msgs/interbotix_xs_msgs/srv/detail/reboot__type_support.hpp
[20.397s] -- Installing: /home/derek-dietz/MSAI/ComputerVision/Final_Project/ws/interbotix/install/include/interbotix_xs_msgs/interbotix_xs_msgs/srv/motor_gains.hpp
[20.397s] -- Installing: /home/derek-dietz/MSAI/ComputerVision/Final_Project/ws/interbotix/install/include/interbotix_xs_msgs/interbotix_xs_msgs/srv/operating_modes.hpp
[20.397s] -- Installing: /home/derek-dietz/MSAI/ComputerVision/Final_Project/ws/interbotix/install/include/interbotix_xs_msgs/interbotix_xs_msgs/srv/torque_enable.hpp
[20.397s] -- Up-to-date: /home/derek-dietz/MSAI/ComputerVision/Final_Project/ws/interbotix/install/include/interbotix_xs_msgs/interbotix_xs_msgs
[20.397s] -- Up-to-date: /home/derek-dietz/MSAI/ComputerVision/Final_Project/ws/interbotix/install/include/interbotix_xs_msgs/interbotix_xs_msgs/msg
[20.397s] -- Installing: /home/derek-dietz/MSAI/ComputerVision/Final_Project/ws/interbotix/install/include/interbotix_xs_msgs/interbotix_xs_msgs/msg/rosidl_typesupport_fastrtps_cpp__visibility_control.h
[20.397s] -- Up-to-date: /home/derek-dietz/MSAI/ComputerVision/Final_Project/ws/interbotix/install/include/interbotix_xs_msgs/interbotix_xs_msgs/msg/detail
[20.397s] -- Installing: /home/derek-dietz/MSAI/ComputerVision/Final_Project/ws/interbotix/install/include/interbotix_xs_msgs/interbotix_xs_msgs/msg/detail/locobot_joy__rosidl_typesupport_fastrtps_cpp.hpp
[20.397s] -- Installing: /home/derek-dietz/MSAI/ComputerVision/Final_Project/ws/interbotix/install/include/interbotix_xs_msgs/interbotix_xs_msgs/msg/detail/joint_single_command__rosidl_typesupport_fastrtps_cpp.hpp
[20.397s] -- Installing: /home/derek-dietz/MSAI/ComputerVision/Final_Project/ws/interbotix/install/include/interbotix_xs_msgs/interbotix_xs_msgs/msg/detail/arm_joy__rosidl_typesupport_fastrtps_cpp.hpp
[20.397s] -- Installing: /home/derek-dietz/MSAI/ComputerVision/Final_Project/ws/interbotix/install/include/interbotix_xs_msgs/interbotix_xs_msgs/msg/detail/hex_joy__rosidl_typesupport_fastrtps_cpp.hpp
[20.397s] -- Installing: /home/derek-dietz/MSAI/ComputerVision/Final_Project/ws/interbotix/install/include/interbotix_xs_msgs/interbotix_xs_msgs/msg/detail/dds_fastrtps
[20.398s] -- Installing: /home/derek-dietz/MSAI/ComputerVision/Final_Project/ws/interbotix/install/include/interbotix_xs_msgs/interbotix_xs_msgs/msg/detail/joint_trajectory_command__rosidl_typesupport_fastrtps_cpp.hpp
[20.398s] -- Installing: /home/derek-dietz/MSAI/ComputerVision/Final_Project/ws/interbotix/install/include/interbotix_xs_msgs/interbotix_xs_msgs/msg/detail/turret_joy__rosidl_typesupport_fastrtps_cpp.hpp
[20.398s] -- Installing: /home/derek-dietz/MSAI/ComputerVision/Final_Project/ws/interbotix/install/include/interbotix_xs_msgs/interbotix_xs_msgs/msg/detail/joint_group_command__rosidl_typesupport_fastrtps_cpp.hpp
[20.398s] -- Installing: /home/derek-dietz/MSAI/ComputerVision/Final_Project/ws/interbotix/install/include/interbotix_xs_msgs/interbotix_xs_msgs/msg/detail/joint_temps__rosidl_typesupport_fastrtps_cpp.hpp
[20.398s] -- Up-to-date: /home/derek-dietz/MSAI/ComputerVision/Final_Project/ws/interbotix/install/include/interbotix_xs_msgs/interbotix_xs_msgs/srv
[20.398s] -- Up-to-date: /home/derek-dietz/MSAI/ComputerVision/Final_Project/ws/interbotix/install/include/interbotix_xs_msgs/interbotix_xs_msgs/srv/detail
[20.398s] -- Installing: /home/derek-dietz/MSAI/ComputerVision/Final_Project/ws/interbotix/install/include/interbotix_xs_msgs/interbotix_xs_msgs/srv/detail/dds_fastrtps
[20.398s] -- Installing: /home/derek-dietz/MSAI/ComputerVision/Final_Project/ws/interbotix/install/include/interbotix_xs_msgs/interbotix_xs_msgs/srv/detail/torque_enable__rosidl_typesupport_fastrtps_cpp.hpp
[20.398s] -- Installing: /home/derek-dietz/MSAI/ComputerVision/Final_Project/ws/interbotix/install/include/interbotix_xs_msgs/interbotix_xs_msgs/srv/detail/operating_modes__rosidl_typesupport_fastrtps_cpp.hpp
[20.398s] -- Installing: /home/derek-dietz/MSAI/ComputerVision/Final_Project/ws/interbotix/install/include/interbotix_xs_msgs/interbotix_xs_msgs/srv/detail/register_values__rosidl_typesupport_fastrtps_cpp.hpp
[20.398s] -- Installing: /home/derek-dietz/MSAI/ComputerVision/Final_Project/ws/interbotix/install/include/interbotix_xs_msgs/interbotix_xs_msgs/srv/detail/reboot__rosidl_typesupport_fastrtps_cpp.hpp
[20.398s] -- Installing: /home/derek-dietz/MSAI/ComputerVision/Final_Project/ws/interbotix/install/include/interbotix_xs_msgs/interbotix_xs_msgs/srv/detail/robot_info__rosidl_typesupport_fastrtps_cpp.hpp
[20.398s] -- Installing: /home/derek-dietz/MSAI/ComputerVision/Final_Project/ws/interbotix/install/include/interbotix_xs_msgs/interbotix_xs_msgs/srv/detail/motor_gains__rosidl_typesupport_fastrtps_cpp.hpp
[20.399s] -- Installing: /home/derek-dietz/MSAI/ComputerVision/Final_Project/ws/interbotix/install/lib/libinterbotix_xs_msgs__rosidl_typesupport_fastrtps_cpp.so
[20.399s] -- Set non-toolchain portion of runtime path of "/home/derek-dietz/MSAI/ComputerVision/Final_Project/ws/interbotix/install/lib/libinterbotix_xs_msgs__rosidl_typesupport_fastrtps_cpp.so" to ""
[20.399s] -- Up-to-date: /home/derek-dietz/MSAI/ComputerVision/Final_Project/ws/interbotix/install/include/interbotix_xs_msgs/interbotix_xs_msgs
[20.399s] -- Up-to-date: /home/derek-dietz/MSAI/ComputerVision/Final_Project/ws/interbotix/install/include/interbotix_xs_msgs/interbotix_xs_msgs/msg
[20.399s] -- Up-to-date: /home/derek-dietz/MSAI/ComputerVision/Final_Project/ws/interbotix/install/include/interbotix_xs_msgs/interbotix_xs_msgs/msg/detail
[20.399s] -- Installing: /home/derek-dietz/MSAI/ComputerVision/Final_Project/ws/interbotix/install/include/interbotix_xs_msgs/interbotix_xs_msgs/msg/detail/joint_temps__rosidl_typesupport_introspection_cpp.hpp
[20.399s] -- Installing: /home/derek-dietz/MSAI/ComputerVision/Final_Project/ws/interbotix/install/include/interbotix_xs_msgs/interbotix_xs_msgs/msg/detail/turret_joy__type_support.cpp
[20.399s] -- Installing: /home/derek-dietz/MSAI/ComputerVision/Final_Project/ws/interbotix/install/include/interbotix_xs_msgs/interbotix_xs_msgs/msg/detail/hex_joy__type_support.cpp
[20.400s] -- Installing: /home/derek-dietz/MSAI/ComputerVision/Final_Project/ws/interbotix/install/include/interbotix_xs_msgs/interbotix_xs_msgs/msg/detail/joint_trajectory_command__rosidl_typesupport_introspection_cpp.hpp
[20.400s] -- Installing: /home/derek-dietz/MSAI/ComputerVision/Final_Project/ws/interbotix/install/include/interbotix_xs_msgs/interbotix_xs_msgs/msg/detail/turret_joy__rosidl_typesupport_introspection_cpp.hpp
[20.400s] -- Installing: /home/derek-dietz/MSAI/ComputerVision/Final_Project/ws/interbotix/install/include/interbotix_xs_msgs/interbotix_xs_msgs/msg/detail/joint_temps__type_support.cpp
[20.400s] -- Installing: /home/derek-dietz/MSAI/ComputerVision/Final_Project/ws/interbotix/install/include/interbotix_xs_msgs/interbotix_xs_msgs/msg/detail/joint_single_command__rosidl_typesupport_introspection_cpp.hpp
[20.400s] -- Installing: /home/derek-dietz/MSAI/ComputerVision/Final_Project/ws/interbotix/install/include/interbotix_xs_msgs/interbotix_xs_msgs/msg/detail/locobot_joy__rosidl_typesupport_introspection_cpp.hpp
[20.400s] -- Installing: /home/derek-dietz/MSAI/ComputerVision/Final_Project/ws/interbotix/install/include/interbotix_xs_msgs/interbotix_xs_msgs/msg/detail/joint_group_command__rosidl_typesupport_introspection_cpp.hpp
[20.400s] -- Installing: /home/derek-dietz/MSAI/ComputerVision/Final_Project/ws/interbotix/install/include/interbotix_xs_msgs/interbotix_xs_msgs/msg/detail/joint_single_command__type_support.cpp
[20.400s] -- Installing: /home/derek-dietz/MSAI/ComputerVision/Final_Project/ws/interbotix/install/include/interbotix_xs_msgs/interbotix_xs_msgs/msg/detail/locobot_joy__type_support.cpp
[20.400s] -- Installing: /home/derek-dietz/MSAI/ComputerVision/Final_Project/ws/interbotix/install/include/interbotix_xs_msgs/interbotix_xs_msgs/msg/detail/joint_group_command__type_support.cpp
[20.400s] -- Installing: /home/derek-dietz/MSAI/ComputerVision/Final_Project/ws/interbotix/install/include/interbotix_xs_msgs/interbotix_xs_msgs/msg/detail/arm_joy__type_support.cpp
[20.400s] -- Installing: /home/derek-dietz/MSAI/ComputerVision/Final_Project/ws/interbotix/install/include/interbotix_xs_msgs/interbotix_xs_msgs/msg/detail/hex_joy__rosidl_typesupport_introspection_cpp.hpp
[20.400s] -- Installing: /home/derek-dietz/MSAI/ComputerVision/Final_Project/ws/interbotix/install/include/interbotix_xs_msgs/interbotix_xs_msgs/msg/detail/arm_joy__rosidl_typesupport_introspection_cpp.hpp
[20.400s] -- Installing: /home/derek-dietz/MSAI/ComputerVision/Final_Project/ws/interbotix/install/include/interbotix_xs_msgs/interbotix_xs_msgs/msg/detail/joint_trajectory_command__type_support.cpp
[20.400s] -- Up-to-date: /home/derek-dietz/MSAI/ComputerVision/Final_Project/ws/interbotix/install/include/interbotix_xs_msgs/interbotix_xs_msgs/srv
[20.400s] -- Up-to-date: /home/derek-dietz/MSAI/ComputerVision/Final_Project/ws/interbotix/install/include/interbotix_xs_msgs/interbotix_xs_msgs/srv/detail
[20.400s] -- Installing: /home/derek-dietz/MSAI/ComputerVision/Final_Project/ws/interbotix/install/include/interbotix_xs_msgs/interbotix_xs_msgs/srv/detail/operating_modes__type_support.cpp
[20.401s] -- Installing: /home/derek-dietz/MSAI/ComputerVision/Final_Project/ws/interbotix/install/include/interbotix_xs_msgs/interbotix_xs_msgs/srv/detail/reboot__type_support.cpp
[20.401s] -- Installing: /home/derek-dietz/MSAI/ComputerVision/Final_Project/ws/interbotix/install/include/interbotix_xs_msgs/interbotix_xs_msgs/srv/detail/torque_enable__type_support.cpp
[20.401s] -- Installing: /home/derek-dietz/MSAI/ComputerVision/Final_Project/ws/interbotix/install/include/interbotix_xs_msgs/interbotix_xs_msgs/srv/detail/robot_info__type_support.cpp
[20.401s] -- Installing: /home/derek-dietz/MSAI/ComputerVision/Final_Project/ws/interbotix/install/include/interbotix_xs_msgs/interbotix_xs_msgs/srv/detail/motor_gains__rosidl_typesupport_introspection_cpp.hpp
[20.401s] -- Installing: /home/derek-dietz/MSAI/ComputerVision/Final_Project/ws/interbotix/install/include/interbotix_xs_msgs/interbotix_xs_msgs/srv/detail/reboot__rosidl_typesupport_introspection_cpp.hpp
[20.401s] -- Installing: /home/derek-dietz/MSAI/ComputerVision/Final_Project/ws/interbotix/install/include/interbotix_xs_msgs/interbotix_xs_msgs/srv/detail/register_values__type_support.cpp
[20.401s] -- Installing: /home/derek-dietz/MSAI/ComputerVision/Final_Project/ws/interbotix/install/include/interbotix_xs_msgs/interbotix_xs_msgs/srv/detail/torque_enable__rosidl_typesupport_introspection_cpp.hpp
[20.401s] -- Installing: /home/derek-dietz/MSAI/ComputerVision/Final_Project/ws/interbotix/install/include/interbotix_xs_msgs/interbotix_xs_msgs/srv/detail/operating_modes__rosidl_typesupport_introspection_cpp.hpp
[20.401s] -- Installing: /home/derek-dietz/MSAI/ComputerVision/Final_Project/ws/interbotix/install/include/interbotix_xs_msgs/interbotix_xs_msgs/srv/detail/register_values__rosidl_typesupport_introspection_cpp.hpp
[20.401s] -- Installing: /home/derek-dietz/MSAI/ComputerVision/Final_Project/ws/interbotix/install/include/interbotix_xs_msgs/interbotix_xs_msgs/srv/detail/robot_info__rosidl_typesupport_introspection_cpp.hpp
[20.401s] -- Installing: /home/derek-dietz/MSAI/ComputerVision/Final_Project/ws/interbotix/install/include/interbotix_xs_msgs/interbotix_xs_msgs/srv/detail/motor_gains__type_support.cpp
[20.401s] -- Installing: /home/derek-dietz/MSAI/ComputerVision/Final_Project/ws/interbotix/install/lib/libinterbotix_xs_msgs__rosidl_typesupport_introspection_cpp.so
[20.402s] -- Set non-toolchain portion of runtime path of "/home/derek-dietz/MSAI/ComputerVision/Final_Project/ws/interbotix/install/lib/libinterbotix_xs_msgs__rosidl_typesupport_introspection_cpp.so" to ""
[20.402s] -- Installing: /home/derek-dietz/MSAI/ComputerVision/Final_Project/ws/interbotix/install/lib/libinterbotix_xs_msgs__rosidl_typesupport_cpp.so
[20.402s] -- Set non-toolchain portion of runtime path of "/home/derek-dietz/MSAI/ComputerVision/Final_Project/ws/interbotix/install/lib/libinterbotix_xs_msgs__rosidl_typesupport_cpp.so" to ""
[20.402s] -- Installing: /home/derek-dietz/MSAI/ComputerVision/Final_Project/ws/interbotix/install/share/interbotix_xs_msgs/environment/pythonpath.sh
[20.402s] -- Installing: /home/derek-dietz/MSAI/ComputerVision/Final_Project/ws/interbotix/install/share/interbotix_xs_msgs/environment/pythonpath.dsv
[20.402s] -- Installing: /home/derek-dietz/MSAI/ComputerVision/Final_Project/ws/interbotix/install/lib/python3.12/site-packages/interbotix_xs_msgs-0.0.0-py3.12.egg-info
[20.402s] -- Installing: /home/derek-dietz/MSAI/ComputerVision/Final_Project/ws/interbotix/install/lib/python3.12/site-packages/interbotix_xs_msgs-0.0.0-py3.12.egg-info/dependency_links.txt
[20.402s] -- Installing: /home/derek-dietz/MSAI/ComputerVision/Final_Project/ws/interbotix/install/lib/python3.12/site-packages/interbotix_xs_msgs-0.0.0-py3.12.egg-info/PKG-INFO
[20.402s] -- Installing: /home/derek-dietz/MSAI/ComputerVision/Final_Project/ws/interbotix/install/lib/python3.12/site-packages/interbotix_xs_msgs-0.0.0-py3.12.egg-info/top_level.txt
[20.402s] -- Installing: /home/derek-dietz/MSAI/ComputerVision/Final_Project/ws/interbotix/install/lib/python3.12/site-packages/interbotix_xs_msgs-0.0.0-py3.12.egg-info/SOURCES.txt
[20.403s] -- Installing: /home/derek-dietz/MSAI/ComputerVision/Final_Project/ws/interbotix/install/lib/python3.12/site-packages/interbotix_xs_msgs
[20.403s] -- Installing: /home/derek-dietz/MSAI/ComputerVision/Final_Project/ws/interbotix/install/lib/python3.12/site-packages/interbotix_xs_msgs/_interbotix_xs_msgs_s.ep.rosidl_typesupport_introspection_c.c
[20.403s] -- Installing: /home/derek-dietz/MSAI/ComputerVision/Final_Project/ws/interbotix/install/lib/python3.12/site-packages/interbotix_xs_msgs/_interbotix_xs_msgs_s.ep.rosidl_typesupport_fastrtps_c.c
[20.403s] -- Installing: /home/derek-dietz/MSAI/ComputerVision/Final_Project/ws/interbotix/install/lib/python3.12/site-packages/interbotix_xs_msgs/_interbotix_xs_msgs_s.ep.rosidl_typesupport_c.c
[20.403s] -- Installing: /home/derek-dietz/MSAI/ComputerVision/Final_Project/ws/interbotix/install/lib/python3.12/site-packages/interbotix_xs_msgs/msg
[20.403s] -- Installing: /home/derek-dietz/MSAI/ComputerVision/Final_Project/ws/interbotix/install/lib/python3.12/site-packages/interbotix_xs_msgs/msg/_arm_joy.py
[20.403s] -- Installing: /home/derek-dietz/MSAI/ComputerVision/Final_Project/ws/interbotix/install/lib/python3.12/site-packages/interbotix_xs_msgs/msg/_joint_group_command_s.c
[20.403s] -- Installing: /home/derek-dietz/MSAI/ComputerVision/Final_Project/ws/interbotix/install/lib/python3.12/site-packages/interbotix_xs_msgs/msg/_hex_joy_s.c
[20.403s] -- Installing: /home/derek-dietz/MSAI/ComputerVision/Final_Project/ws/interbotix/install/lib/python3.12/site-packages/interbotix_xs_msgs/msg/_joint_single_command_s.c
[20.403s] -- Installing: /home/derek-dietz/MSAI/ComputerVision/Final_Project/ws/interbotix/install/lib/python3.12/site-packages/interbotix_xs_msgs/msg/_hex_joy.py
[20.403s] -- Installing: /home/derek-dietz/MSAI/ComputerVision/Final_Project/ws/interbotix/install/lib/python3.12/site-packages/interbotix_xs_msgs/msg/_locobot_joy_s.c
[20.404s] -- Installing: /home/derek-dietz/MSAI/ComputerVision/Final_Project/ws/interbotix/install/lib/python3.12/site-packages/interbotix_xs_msgs/msg/_joint_trajectory_command.py
[20.404s] -- Installing: /home/derek-dietz/MSAI/ComputerVision/Final_Project/ws/interbotix/install/lib/python3.12/site-packages/interbotix_xs_msgs/msg/_turret_joy.py
[20.404s] -- Installing: /home/derek-dietz/MSAI/ComputerVision/Final_Project/ws/interbotix/install/lib/python3.12/site-packages/interbotix_xs_msgs/msg/_joint_single_command.py
[20.404s] -- Installing: /home/derek-dietz/MSAI/ComputerVision/Final_Project/ws/interbotix/install/lib/python3.12/site-packages/interbotix_xs_msgs/msg/_locobot_joy.py
[20.404s] -- Installing: /home/derek-dietz/MSAI/ComputerVision/Final_Project/ws/interbotix/install/lib/python3.12/site-packages/interbotix_xs_msgs/msg/_joint_temps.py
[20.404s] -- Installing: /home/derek-dietz/MSAI/ComputerVision/Final_Project/ws/interbotix/install/lib/python3.12/site-packages/interbotix_xs_msgs/msg/_joint_group_command.py
[20.404s] -- Installing: /home/derek-dietz/MSAI/ComputerVision/Final_Project/ws/interbotix/install/lib/python3.12/site-packages/interbotix_xs_msgs/msg/_joint_temps_s.c
[20.405s] -- Installing: /home/derek-dietz/MSAI/ComputerVision/Final_Project/ws/interbotix/install/lib/python3.12/site-packages/interbotix_xs_msgs/msg/_turret_joy_s.c
[20.405s] -- Installing: /home/derek-dietz/MSAI/ComputerVision/Final_Project/ws/interbotix/install/lib/python3.12/site-packages/interbotix_xs_msgs/msg/_arm_joy_s.c
[20.405s] -- Installing: /home/derek-dietz/MSAI/ComputerVision/Final_Project/ws/interbotix/install/lib/python3.12/site-packages/interbotix_xs_msgs/msg/__init__.py
[20.405s] -- Installing: /home/derek-dietz/MSAI/ComputerVision/Final_Project/ws/interbotix/install/lib/python3.12/site-packages/interbotix_xs_msgs/msg/_joint_trajectory_command_s.c
[20.405s] -- Installing: /home/derek-dietz/MSAI/ComputerVision/Final_Project/ws/interbotix/install/lib/python3.12/site-packages/interbotix_xs_msgs/interbotix_xs_msgs_s__rosidl_typesupport_introspection_c.so
[20.405s] -- Installing: /home/derek-dietz/MSAI/ComputerVision/Final_Project/ws/interbotix/install/lib/python3.12/site-packages/interbotix_xs_msgs/srv
[20.405s] -- Installing: /home/derek-dietz/MSAI/ComputerVision/Final_Project/ws/interbotix/install/lib/python3.12/site-packages/interbotix_xs_msgs/srv/_robot_info.py
[20.405s] -- Installing: /home/derek-dietz/MSAI/ComputerVision/Final_Project/ws/interbotix/install/lib/python3.12/site-packages/interbotix_xs_msgs/srv/_torque_enable_s.c
[20.405s] -- Installing: /home/derek-dietz/MSAI/ComputerVision/Final_Project/ws/interbotix/install/lib/python3.12/site-packages/interbotix_xs_msgs/srv/_robot_info_s.c
[20.406s] -- Installing: /home/derek-dietz/MSAI/ComputerVision/Final_Project/ws/interbotix/install/lib/python3.12/site-packages/interbotix_xs_msgs/srv/_operating_modes.py
[20.406s] -- Installing: /home/derek-dietz/MSAI/ComputerVision/Final_Project/ws/interbotix/install/lib/python3.12/site-packages/interbotix_xs_msgs/srv/_register_values_s.c
[20.406s] -- Installing: /home/derek-dietz/MSAI/ComputerVision/Final_Project/ws/interbotix/install/lib/python3.12/site-packages/interbotix_xs_msgs/srv/_motor_gains_s.c
[20.406s] -- Installing: /home/derek-dietz/MSAI/ComputerVision/Final_Project/ws/interbotix/install/lib/python3.12/site-packages/interbotix_xs_msgs/srv/_register_values.py
[20.406s] -- Installing: /home/derek-dietz/MSAI/ComputerVision/Final_Project/ws/interbotix/install/lib/python3.12/site-packages/interbotix_xs_msgs/srv/_torque_enable.py
[20.406s] -- Installing: /home/derek-dietz/MSAI/ComputerVision/Final_Project/ws/interbotix/install/lib/python3.12/site-packages/interbotix_xs_msgs/srv/_reboot.py
[20.406s] -- Installing: /home/derek-dietz/MSAI/ComputerVision/Final_Project/ws/interbotix/install/lib/python3.12/site-packages/interbotix_xs_msgs/srv/_operating_modes_s.c
[20.406s] -- Installing: /home/derek-dietz/MSAI/ComputerVision/Final_Project/ws/interbotix/install/lib/python3.12/site-packages/interbotix_xs_msgs/srv/_reboot_s.c
[20.406s] -- Installing: /home/derek-dietz/MSAI/ComputerVision/Final_Project/ws/interbotix/install/lib/python3.12/site-packages/interbotix_xs_msgs/srv/_motor_gains.py
[20.406s] -- Installing: /home/derek-dietz/MSAI/ComputerVision/Final_Project/ws/interbotix/install/lib/python3.12/site-packages/interbotix_xs_msgs/srv/__init__.py
[20.406s] -- Installing: /home/derek-dietz/MSAI/ComputerVision/Final_Project/ws/interbotix/install/lib/python3.12/site-packages/interbotix_xs_msgs/interbotix_xs_msgs_s__rosidl_typesupport_c.so
[20.406s] -- Installing: /home/derek-dietz/MSAI/ComputerVision/Final_Project/ws/interbotix/install/lib/python3.12/site-packages/interbotix_xs_msgs/__init__.py
[20.406s] -- Installing: /home/derek-dietz/MSAI/ComputerVision/Final_Project/ws/interbotix/install/lib/python3.12/site-packages/interbotix_xs_msgs/interbotix_xs_msgs_s__rosidl_typesupport_fastrtps_c.so
[20.475s] Listing '/home/derek-dietz/MSAI/ComputerVision/Final_Project/ws/interbotix/install/lib/python3.12/site-packages/interbotix_xs_msgs'...
[20.475s] Compiling '/home/derek-dietz/MSAI/ComputerVision/Final_Project/ws/interbotix/install/lib/python3.12/site-packages/interbotix_xs_msgs/__init__.py'...
[20.476s] Listing '/home/derek-dietz/MSAI/ComputerVision/Final_Project/ws/interbotix/install/lib/python3.12/site-packages/interbotix_xs_msgs/msg'...
[20.476s] Compiling '/home/derek-dietz/MSAI/ComputerVision/Final_Project/ws/interbotix/install/lib/python3.12/site-packages/interbotix_xs_msgs/msg/__init__.py'...
[20.476s] Compiling '/home/derek-dietz/MSAI/ComputerVision/Final_Project/ws/interbotix/install/lib/python3.12/site-packages/interbotix_xs_msgs/msg/_arm_joy.py'...
[20.476s] Compiling '/home/derek-dietz/MSAI/ComputerVision/Final_Project/ws/interbotix/install/lib/python3.12/site-packages/interbotix_xs_msgs/msg/_hex_joy.py'...
[20.476s] Compiling '/home/derek-dietz/MSAI/ComputerVision/Final_Project/ws/interbotix/install/lib/python3.12/site-packages/interbotix_xs_msgs/msg/_joint_group_command.py'...
[20.476s] Compiling '/home/derek-dietz/MSAI/ComputerVision/Final_Project/ws/interbotix/install/lib/python3.12/site-packages/interbotix_xs_msgs/msg/_joint_single_command.py'...
[20.476s] Compiling '/home/derek-dietz/MSAI/ComputerVision/Final_Project/ws/interbotix/install/lib/python3.12/site-packages/interbotix_xs_msgs/msg/_joint_temps.py'...
[20.476s] Compiling '/home/derek-dietz/MSAI/ComputerVision/Final_Project/ws/interbotix/install/lib/python3.12/site-packages/interbotix_xs_msgs/msg/_joint_trajectory_command.py'...
[20.476s] Compiling '/home/derek-dietz/MSAI/ComputerVision/Final_Project/ws/interbotix/install/lib/python3.12/site-packages/interbotix_xs_msgs/msg/_locobot_joy.py'...
[20.476s] Compiling '/home/derek-dietz/MSAI/ComputerVision/Final_Project/ws/interbotix/install/lib/python3.12/site-packages/interbotix_xs_msgs/msg/_turret_joy.py'...
[20.476s] Listing '/home/derek-dietz/MSAI/ComputerVision/Final_Project/ws/interbotix/install/lib/python3.12/site-packages/interbotix_xs_msgs/srv'...
[20.477s] Compiling '/home/derek-dietz/MSAI/ComputerVision/Final_Project/ws/interbotix/install/lib/python3.12/site-packages/interbotix_xs_msgs/srv/__init__.py'...
[20.477s] Compiling '/home/derek-dietz/MSAI/ComputerVision/Final_Project/ws/interbotix/install/lib/python3.12/site-packages/interbotix_xs_msgs/srv/_motor_gains.py'...
[20.477s] Compiling '/home/derek-dietz/MSAI/ComputerVision/Final_Project/ws/interbotix/install/lib/python3.12/site-packages/interbotix_xs_msgs/srv/_operating_modes.py'...
[20.477s] Compiling '/home/derek-dietz/MSAI/ComputerVision/Final_Project/ws/interbotix/install/lib/python3.12/site-packages/interbotix_xs_msgs/srv/_reboot.py'...
[20.477s] Compiling '/home/derek-dietz/MSAI/ComputerVision/Final_Project/ws/interbotix/install/lib/python3.12/site-packages/interbotix_xs_msgs/srv/_register_values.py'...
[20.477s] Compiling '/home/derek-dietz/MSAI/ComputerVision/Final_Project/ws/interbotix/install/lib/python3.12/site-packages/interbotix_xs_msgs/srv/_robot_info.py'...
[20.477s] Compiling '/home/derek-dietz/MSAI/ComputerVision/Final_Project/ws/interbotix/install/lib/python3.12/site-packages/interbotix_xs_msgs/srv/_torque_enable.py'...
[20.481s] -- Installing: /home/derek-dietz/MSAI/ComputerVision/Final_Project/ws/interbotix/install/lib/python3.12/site-packages/interbotix_xs_msgs/interbotix_xs_msgs_s__rosidl_typesupport_fastrtps_c.so
[20.482s] -- Set non-toolchain portion of runtime path of "/home/derek-dietz/MSAI/ComputerVision/Final_Project/ws/interbotix/install/lib/python3.12/site-packages/interbotix_xs_msgs/interbotix_xs_msgs_s__rosidl_typesupport_fastrtps_c.so" to ""
[20.482s] -- Installing: /home/derek-dietz/MSAI/ComputerVision/Final_Project/ws/interbotix/install/lib/python3.12/site-packages/interbotix_xs_msgs/interbotix_xs_msgs_s__rosidl_typesupport_introspection_c.so
[20.483s] -- Set non-toolchain portion of runtime path of "/home/derek-dietz/MSAI/ComputerVision/Final_Project/ws/interbotix/install/lib/python3.12/site-packages/interbotix_xs_msgs/interbotix_xs_msgs_s__rosidl_typesupport_introspection_c.so" to ""
[20.483s] -- Installing: /home/derek-dietz/MSAI/ComputerVision/Final_Project/ws/interbotix/install/lib/python3.12/site-packages/interbotix_xs_msgs/interbotix_xs_msgs_s__rosidl_typesupport_c.so
[20.483s] -- Set non-toolchain portion of runtime path of "/home/derek-dietz/MSAI/ComputerVision/Final_Project/ws/interbotix/install/lib/python3.12/site-packages/interbotix_xs_msgs/interbotix_xs_msgs_s__rosidl_typesupport_c.so" to ""
[20.483s] -- Installing: /home/derek-dietz/MSAI/ComputerVision/Final_Project/ws/interbotix/install/lib/libinterbotix_xs_msgs__rosidl_generator_py.so
[20.484s] -- Set non-toolchain portion of runtime path of "/home/derek-dietz/MSAI/ComputerVision/Final_Project/ws/interbotix/install/lib/libinterbotix_xs_msgs__rosidl_generator_py.so" to ""
[20.484s] -- Installing: /home/derek-dietz/MSAI/ComputerVision/Final_Project/ws/interbotix/install/share/interbotix_xs_msgs/msg/ArmJoy.idl
[20.484s] -- Installing: /home/derek-dietz/MSAI/ComputerVision/Final_Project/ws/interbotix/install/share/interbotix_xs_msgs/msg/HexJoy.idl
[20.484s] -- Installing: /home/derek-dietz/MSAI/ComputerVision/Final_Project/ws/interbotix/install/share/interbotix_xs_msgs/msg/JointGroupCommand.idl
[20.485s] -- Installing: /home/derek-dietz/MSAI/ComputerVision/Final_Project/ws/interbotix/install/share/interbotix_xs_msgs/msg/JointSingleCommand.idl
[20.485s] -- Installing: /home/derek-dietz/MSAI/ComputerVision/Final_Project/ws/interbotix/install/share/interbotix_xs_msgs/msg/JointTemps.idl
[20.485s] -- Installing: /home/derek-dietz/MSAI/ComputerVision/Final_Project/ws/interbotix/install/share/interbotix_xs_msgs/msg/JointTrajectoryCommand.idl
[20.485s] -- Installing: /home/derek-dietz/MSAI/ComputerVision/Final_Project/ws/interbotix/install/share/interbotix_xs_msgs/msg/LocobotJoy.idl
[20.485s] -- Installing: /home/derek-dietz/MSAI/ComputerVision/Final_Project/ws/interbotix/install/share/interbotix_xs_msgs/msg/TurretJoy.idl
[20.485s] -- Installing: /home/derek-dietz/MSAI/ComputerVision/Final_Project/ws/interbotix/install/share/interbotix_xs_msgs/srv/MotorGains.idl
[20.485s] -- Installing: /home/derek-dietz/MSAI/ComputerVision/Final_Project/ws/interbotix/install/share/interbotix_xs_msgs/srv/OperatingModes.idl
[20.486s] -- Installing: /home/derek-dietz/MSAI/ComputerVision/Final_Project/ws/interbotix/install/share/interbotix_xs_msgs/srv/Reboot.idl
[20.486s] -- Installing: /home/derek-dietz/MSAI/ComputerVision/Final_Project/ws/interbotix/install/share/interbotix_xs_msgs/srv/RegisterValues.idl
[20.486s] -- Installing: /home/derek-dietz/MSAI/ComputerVision/Final_Project/ws/interbotix/install/share/interbotix_xs_msgs/srv/RobotInfo.idl
[20.486s] -- Installing: /home/derek-dietz/MSAI/ComputerVision/Final_Project/ws/interbotix/install/share/interbotix_xs_msgs/srv/TorqueEnable.idl
[20.486s] -- Installing: /home/derek-dietz/MSAI/ComputerVision/Final_Project/ws/interbotix/install/share/interbotix_xs_msgs/msg/ArmJoy.msg
[20.486s] -- Installing: /home/derek-dietz/MSAI/ComputerVision/Final_Project/ws/interbotix/install/share/interbotix_xs_msgs/msg/HexJoy.msg
[20.486s] -- Installing: /home/derek-dietz/MSAI/ComputerVision/Final_Project/ws/interbotix/install/share/interbotix_xs_msgs/msg/JointGroupCommand.msg
[20.487s] -- Installing: /home/derek-dietz/MSAI/ComputerVision/Final_Project/ws/interbotix/install/share/interbotix_xs_msgs/msg/JointSingleCommand.msg
[20.487s] -- Installing: /home/derek-dietz/MSAI/ComputerVision/Final_Project/ws/interbotix/install/share/interbotix_xs_msgs/msg/JointTemps.msg
[20.487s] -- Installing: /home/derek-dietz/MSAI/ComputerVision/Final_Project/ws/interbotix/install/share/interbotix_xs_msgs/msg/JointTrajectoryCommand.msg
[20.487s] -- Installing: /home/derek-dietz/MSAI/ComputerVision/Final_Project/ws/interbotix/install/share/interbotix_xs_msgs/msg/LocobotJoy.msg
[20.487s] -- Installing: /home/derek-dietz/MSAI/ComputerVision/Final_Project/ws/interbotix/install/share/interbotix_xs_msgs/msg/TurretJoy.msg
[20.487s] -- Installing: /home/derek-dietz/MSAI/ComputerVision/Final_Project/ws/interbotix/install/share/interbotix_xs_msgs/srv/MotorGains.srv
[20.488s] -- Installing: /home/derek-dietz/MSAI/ComputerVision/Final_Project/ws/interbotix/install/share/interbotix_xs_msgs/srv/OperatingModes.srv
[20.488s] -- Installing: /home/derek-dietz/MSAI/ComputerVision/Final_Project/ws/interbotix/install/share/interbotix_xs_msgs/srv/Reboot.srv
[20.488s] -- Installing: /home/derek-dietz/MSAI/ComputerVision/Final_Project/ws/interbotix/install/share/interbotix_xs_msgs/srv/RegisterValues.srv
[20.488s] -- Installing: /home/derek-dietz/MSAI/ComputerVision/Final_Project/ws/interbotix/install/share/interbotix_xs_msgs/srv/RobotInfo.srv
[20.488s] -- Installing: /home/derek-dietz/MSAI/ComputerVision/Final_Project/ws/interbotix/install/share/interbotix_xs_msgs/srv/TorqueEnable.srv
[20.489s] -- Installing: /home/derek-dietz/MSAI/ComputerVision/Final_Project/ws/interbotix/install/share/ament_index/resource_index/package_run_dependencies/interbotix_xs_msgs
[20.489s] -- Installing: /home/derek-dietz/MSAI/ComputerVision/Final_Project/ws/interbotix/install/share/ament_index/resource_index/parent_prefix_path/interbotix_xs_msgs
[20.489s] -- Installing: /home/derek-dietz/MSAI/ComputerVision/Final_Project/ws/interbotix/install/share/interbotix_xs_msgs/environment/ament_prefix_path.sh
[20.489s] -- Installing: /home/derek-dietz/MSAI/ComputerVision/Final_Project/ws/interbotix/install/share/interbotix_xs_msgs/environment/ament_prefix_path.dsv
[20.489s] -- Installing: /home/derek-dietz/MSAI/ComputerVision/Final_Project/ws/interbotix/install/share/interbotix_xs_msgs/environment/path.sh
[20.489s] -- Installing: /home/derek-dietz/MSAI/ComputerVision/Final_Project/ws/interbotix/install/share/interbotix_xs_msgs/environment/path.dsv
[20.489s] -- Installing: /home/derek-dietz/MSAI/ComputerVision/Final_Project/ws/interbotix/install/share/interbotix_xs_msgs/local_setup.bash
[20.489s] -- Installing: /home/derek-dietz/MSAI/ComputerVision/Final_Project/ws/interbotix/install/share/interbotix_xs_msgs/local_setup.sh
[20.490s] -- Installing: /home/derek-dietz/MSAI/ComputerVision/Final_Project/ws/interbotix/install/share/interbotix_xs_msgs/local_setup.zsh
[20.490s] -- Installing: /home/derek-dietz/MSAI/ComputerVision/Final_Project/ws/interbotix/install/share/interbotix_xs_msgs/local_setup.dsv
[20.490s] -- Installing: /home/derek-dietz/MSAI/ComputerVision/Final_Project/ws/interbotix/install/share/interbotix_xs_msgs/package.dsv
[20.490s] -- Installing: /home/derek-dietz/MSAI/ComputerVision/Final_Project/ws/interbotix/install/share/ament_index/resource_index/packages/interbotix_xs_msgs
[20.490s] -- Installing: /home/derek-dietz/MSAI/ComputerVision/Final_Project/ws/interbotix/install/share/interbotix_xs_msgs/cmake/export_interbotix_xs_msgs__rosidl_generator_cExport.cmake
[20.490s] -- Installing: /home/derek-dietz/MSAI/ComputerVision/Final_Project/ws/interbotix/install/share/interbotix_xs_msgs/cmake/export_interbotix_xs_msgs__rosidl_generator_cExport-release.cmake
[20.491s] -- Installing: /home/derek-dietz/MSAI/ComputerVision/Final_Project/ws/interbotix/install/share/interbotix_xs_msgs/cmake/export_interbotix_xs_msgs__rosidl_typesupport_fastrtps_cExport.cmake
[20.491s] -- Installing: /home/derek-dietz/MSAI/ComputerVision/Final_Project/ws/interbotix/install/share/interbotix_xs_msgs/cmake/export_interbotix_xs_msgs__rosidl_typesupport_fastrtps_cExport-release.cmake
[20.491s] -- Installing: /home/derek-dietz/MSAI/ComputerVision/Final_Project/ws/interbotix/install/share/interbotix_xs_msgs/cmake/interbotix_xs_msgs__rosidl_typesupport_introspection_cExport.cmake
[20.491s] -- Installing: /home/derek-dietz/MSAI/ComputerVision/Final_Project/ws/interbotix/install/share/interbotix_xs_msgs/cmake/interbotix_xs_msgs__rosidl_typesupport_introspection_cExport-release.cmake
[20.491s] -- Installing: /home/derek-dietz/MSAI/ComputerVision/Final_Project/ws/interbotix/install/share/interbotix_xs_msgs/cmake/interbotix_xs_msgs__rosidl_typesupport_cExport.cmake
[20.491s] -- Installing: /home/derek-dietz/MSAI/ComputerVision/Final_Project/ws/interbotix/install/share/interbotix_xs_msgs/cmake/interbotix_xs_msgs__rosidl_typesupport_cExport-release.cmake
[20.491s] -- Installing: /home/derek-dietz/MSAI/ComputerVision/Final_Project/ws/interbotix/install/share/interbotix_xs_msgs/cmake/export_interbotix_xs_msgs__rosidl_generator_cppExport.cmake
[20.491s] -- Installing: /home/derek-dietz/MSAI/ComputerVision/Final_Project/ws/interbotix/install/share/interbotix_xs_msgs/cmake/export_interbotix_xs_msgs__rosidl_typesupport_fastrtps_cppExport.cmake
[20.492s] -- Installing: /home/derek-dietz/MSAI/ComputerVision/Final_Project/ws/interbotix/install/share/interbotix_xs_msgs/cmake/export_interbotix_xs_msgs__rosidl_typesupport_fastrtps_cppExport-release.cmake
[20.492s] -- Installing: /home/derek-dietz/MSAI/ComputerVision/Final_Project/ws/interbotix/install/share/interbotix_xs_msgs/cmake/interbotix_xs_msgs__rosidl_typesupport_introspection_cppExport.cmake
[20.492s] -- Installing: /home/derek-dietz/MSAI/ComputerVision/Final_Project/ws/interbotix/install/share/interbotix_xs_msgs/cmake/interbotix_xs_msgs__rosidl_typesupport_introspection_cppExport-release.cmake
[20.492s] -- Installing: /home/derek-dietz/MSAI/ComputerVision/Final_Project/ws/interbotix/install/share/interbotix_xs_msgs/cmake/interbotix_xs_msgs__rosidl_typesupport_cppExport.cmake
[20.492s] -- Installing: /home/derek-dietz/MSAI/ComputerVision/Final_Project/ws/interbotix/install/share/interbotix_xs_msgs/cmake/interbotix_xs_msgs__rosidl_typesupport_cppExport-release.cmake
[20.492s] -- Installing: /home/derek-dietz/MSAI/ComputerVision/Final_Project/ws/interbotix/install/share/interbotix_xs_msgs/cmake/export_interbotix_xs_msgs__rosidl_generator_pyExport.cmake
[20.493s] -- Installing: /home/derek-dietz/MSAI/ComputerVision/Final_Project/ws/interbotix/install/share/interbotix_xs_msgs/cmake/export_interbotix_xs_msgs__rosidl_generator_pyExport-release.cmake
[20.493s] -- Installing: /home/derek-dietz/MSAI/ComputerVision/Final_Project/ws/interbotix/install/share/interbotix_xs_msgs/cmake/rosidl_cmake-extras.cmake
[20.493s] -- Installing: /home/derek-dietz/MSAI/ComputerVision/Final_Project/ws/interbotix/install/share/interbotix_xs_msgs/cmake/ament_cmake_export_dependencies-extras.cmake
[20.493s] -- Installing: /home/derek-dietz/MSAI/ComputerVision/Final_Project/ws/interbotix/install/share/interbotix_xs_msgs/cmake/ament_cmake_export_include_directories-extras.cmake
[20.493s] -- Installing: /home/derek-dietz/MSAI/ComputerVision/Final_Project/ws/interbotix/install/share/interbotix_xs_msgs/cmake/ament_cmake_export_libraries-extras.cmake
[20.493s] -- Installing: /home/derek-dietz/MSAI/ComputerVision/Final_Project/ws/interbotix/install/share/interbotix_xs_msgs/cmake/ament_cmake_export_targets-extras.cmake
[20.493s] -- Installing: /home/derek-dietz/MSAI/ComputerVision/Final_Project/ws/interbotix/install/share/interbotix_xs_msgs/cmake/rosidl_cmake_export_typesupport_targets-extras.cmake
[20.493s] -- Installing: /home/derek-dietz/MSAI/ComputerVision/Final_Project/ws/interbotix/install/share/interbotix_xs_msgs/cmake/rosidl_cmake_export_typesupport_libraries-extras.cmake
[20.493s] -- Installing: /home/derek-dietz/MSAI/ComputerVision/Final_Project/ws/interbotix/install/share/interbotix_xs_msgs/cmake/interbotix_xs_msgsConfig.cmake
[20.494s] -- Installing: /home/derek-dietz/MSAI/ComputerVision/Final_Project/ws/interbotix/install/share/interbotix_xs_msgs/cmake/interbotix_xs_msgsConfig-version.cmake
[20.494s] -- Installing: /home/derek-dietz/MSAI/ComputerVision/Final_Project/ws/interbotix/install/share/interbotix_xs_msgs/package.xml
[20.496s] Invoked command in '/home/derek-dietz/MSAI/ComputerVision/Final_Project/ws/interbotix/build/interbotix_xs_msgs' returned '0': CMAKE_PREFIX_PATH=${CMAKE_PREFIX_PATH}:/opt/ros/kilted DEBUGINFOD_URLS=https://debuginfod.ubuntu.com /usr/bin/cmake --install /home/derek-dietz/MSAI/ComputerVision/Final_Project/ws/interbotix/build/interbotix_xs_msgs
